#种子 0xf00d	NCONF 100
#花样	杂化	元素	双键伙伴	l0	l1	l2	l3	l4	l5	a0	a1	a2	a3	a4	a5	t0	t1	t2	Q	theta	SMILES
222222f1	222222	CCCCCC	-,-,-,N,O,-	1.440086	1.403911	1.421168	1.495559	1.495549	1.352504	121.005391	120.666947	121.424216	118.732792	116.748356	121.422298	-0.000001	0.000002	-0.000006	0.000000	46.3267	COC1=CC(=O)C(=[N+]=[N-])c2c1non2
222222f1	222222	CCCCCC	-,-,O,-,-,C	1.348839	1.488667	1.503892	1.349053	1.467247	1.462177	120.693122	119.155666	118.498558	119.469294	119.934059	119.927780	-13.893083	12.444428	0.346477	0.160146	85.9850	C[CH]1OC=C2C(=C(C(O)=O)C(=O)C(=C2[CH]1C)C)O
222222f1	222222	CCCCCC	-,-,O,-,-,N	1.334404	1.474989	1.483426	1.386841	1.485990	1.490341	122.215029	122.391226	117.193595	120.421623	121.709851	116.066209	0.357167	-0.319077	-0.092914	0.005284	84.3013	OC1=C2N=CC=CC2=C(C=C1)N=C3C=CC(=O)C4=C3C=CC=N4
222222f1	222222	CCCCCC	-,O,-,-,O,-	1.484812	1.474012	1.391280	1.474035	1.491387	1.340076	122.427559	117.526310	120.540170	120.624424	118.084489	120.337930	3.576218	0.309477	-5.914899	0.068570	73.9189	C1(=C(C(C2C=CC=CC(C1=O)=2)=O)Cl)OC3=CC=CC=C3
222222f1	222222	CCCCCC	-,O,-,-,O,-	1.484813	1.474012	1.391280	1.474035	1.491387	1.340076	122.427450	117.526328	120.540185	120.624414	118.084443	120.338044	3.576221	0.309477	-5.914986	0.068571	73.9184	ClC1=C(OC2=CC=CC=C2)C(=O)C3=C(C=CC=C3)C1=O
222222f1	222222	CCCCCC	-,O,-,-,O,-	1.485683	1.468429	1.391762	1.477152	1.490170	1.340949	122.438504	118.206780	120.053824	120.754662	118.559987	119.964832	0.552813	-0.009804	-1.127906	0.014091	67.0492	OC1=C(CCC[CH]2CC[CH]3CCCC[CH]3C2)C(=O)C4=C(C=CC=C4)C1=O
222222f1	222222	CCCCCC	-,O,-,-,O,-	1.486076	1.468870	1.391990	1.476916	1.490118	1.340465	122.318283	118.232257	120.079661	120.716839	118.536601	120.103080	0.484702	0.032094	-0.950322	0.011266	68.8518	OC1=C(CCCC2=CC=C(OC3=CC=CC=C3)C=C2)C(=O)C4=C(C=CC=C4)C1=O
222222f1	222222	CCCCCC	-,O,-,-,O,-	1.486215	1.465866	1.390140	1.477485	1.494915	1.343743	122.891040	118.328140	119.895334	120.846058	118.945271	119.094157	-0.000035	0.000066	-0.000074	0.000001	42.0869	OC1=C(C2CCCCC2)C(=O)C3=C(C=CC=C3)C1=O
222222f1	222222	CCCCCC	-,O,-,-,O,-	1.486775	1.474414	1.391324	1.474414	1.486775	1.338350	121.534130	117.840204	120.625661	120.625659	117.840204	121.534141	-0.000015	0.000010	-0.000012	0.000000	27.1302	ClC1=C(Cl)C(=O)C2=C(C=CC=C2)C1=O
222222f1	222222	CCCCCC	-,O,-,-,O,-	1.487971	1.477287	1.393633	1.473319	1.475221	1.338967	120.510872	118.062542	120.650261	120.329967	117.788744	122.657615	-0.000019	-0.000018	0.000041	0.000000	84.8671	CC1=CC(=O)C2=C(C=CC=C2)C1=O
222222f1	222222	CCCCCC	-,O,-,-,O,-	1.488347	1.472281	1.388998	1.469801	1.501127	1.345557	123.102067	117.771706	120.441135	120.416156	119.472964	118.584395	-1.651735	0.232143	3.327818	0.044167	66.3761	ClC1=C(NC2=CC=CC=C2)C(=O)C3=C(C=CC=C3)C1=O
222222f1	222222	CCCCCC	-,O,-,-,O,-	1.490133	1.476983	1.391822	1.468683	1.486026	1.340675	120.076872	118.541871	120.731549	120.071173	118.238441	122.332621	-0.640190	0.009548	0.245210	0.008102	63.3894	CCCCCC(O)(CCCCC)CCCCCCCCC1=C(O)C(=O)C2=C(C=CC=C2)C1=O
222222f1	222222	CCCCCC	-,O,-,-,O,-	1.493745	1.473061	1.392871	1.475309	1.484309	1.340701	118.910868	118.458839	118.950216	120.528057	117.308152	122.387941	-19.726756	6.521579	8.337013	0.191465	77.1441	CCCOC1=C(Cl)C(=O)C2=CC=CC(=C2C1=O)[N+]([O-])=O
222222f1	222222	CCCCCC	-,O,-,-,O,-	1.494846	1.468743	1.389205	1.473685	1.492502	1.344124	119.796662	119.119314	120.217031	120.519088	118.030430	121.871169	-4.991959	-0.842821	4.164467	0.067988	76.8561	CC(=O)NC1=C(Cl)C(=O)C2=C(C=CC=C2)C1=O
222222f1	222222	CCCCCC	-,O,-,-,O,-	1.495324	1.475283	1.391904	1.473661	1.484483	1.341105	119.785637	118.622116	120.534628	120.553871	117.601390	122.881563	-0.618961	0.028539	-0.222999	0.012180	50.6026	CCOC1=C(Cl)C(=O)C2=C(C=C(C=C2)[N+]([O-])=O)C1=O
222222f1	222222	CCCCCC	-,O,-,-,O,-	1.496291	1.474946	1.390484	1.472591	1.485039	1.341375	119.722515	118.443303	120.770995	120.522582	117.508015	123.005853	-0.939573	-0.036719	0.147082	0.014556	57.2501	COC1=C(Cl)C(=O)C2=C(C=CC=C2)C1=O
222222f1	222222	CCCCCC	-,O,-,-,O,-	1.502467	1.471941	1.390680	1.473698	1.486206	1.343047	118.950846	118.921675	120.514949	120.525380	117.482164	123.255671	5.193732	-0.143377	-3.908260	0.061890	80.5401	NC1=C(Cl)C(=O)C2=C(C=CC=C2)C1=O
222222f1	222222	CCCCCC	-,O,-,-,O,-	1.507291	1.469097	1.387770	1.470489	1.495776	1.348006	119.227908	119.384435	120.423729	120.444406	118.406896	121.977885	-2.626802	0.422007	2.794850	0.037930	80.8801	CCCCCCCNC1=C(OCC)C(=O)C2=C(C=CC=C2)C1=O
222222f1	222222	CCCCCC	-,O,-,-,O,-	1.507323	1.469103	1.387751	1.470490	1.495851	1.348108	119.235718	119.378358	120.422970	120.444710	118.408963	121.962297	-2.781315	0.408223	2.949495	0.039732	81.4745	CCCCNC1=C(OCC)C(=O)C2=C(C=CC=C2)C1=O
222222f1	222222	CCCCCC	-,O,-,-,O,-	1.510825	1.468272	1.386947	1.470490	1.491159	1.346378	117.919856	119.929304	120.400009	120.369089	118.029098	123.273770	-2.401435	0.888753	1.646044	0.029066	86.1410	CCCCCCCCCCCCCCNC1=C(Cl)C(=O)C2=C(C=CC=C2)C1=O
222222f1	222222	CCCCCC	-,O,-,-,O,-	1.513053	1.473868	1.388048	1.469582	1.486247	1.348277	117.986581	119.078266	120.850313	120.409924	117.639696	123.838560	3.943398	-0.307619	-3.164296	0.047039	85.2042	CN(C)C1=C(Cl)C(=O)C2=C(C=CC=C2)C1=O
222222f1	222222	CCCCCC	-,O,-,-,O,-	1.513181	1.475938	1.388662	1.469325	1.484421	1.347236	117.808006	118.977409	121.001562	120.388474	117.452568	124.313049	-2.155977	0.130836	1.711978	0.025753	84.0444	CCNC1=C(Cl)C(=O)C2=C(C=CC=C2)C1=O
222222f1	222222	CCCCCC	O,-,-,O,-,-	1.469166	1.388226	1.470538	1.490036	1.349047	1.501424	119.357436	120.351070	120.384173	118.402145	122.020817	119.121035	-0.728268	0.760928	3.309150	0.054671	60.0512	O=C1C(=C(OC2=CC=CC=C2)C(=O)C3=CC=CC=C13)NC4=CC=CC=C4
222222f1	222222	CCCCCC	O,-,-,O,-,-	1.487894	1.338921	1.475249	1.473560	1.392608	1.477247	118.057213	120.493308	122.655926	117.794012	120.307117	120.692243	0.017187	0.095200	-0.158926	0.001339	71.9812	CC1=CC2=C(C=C1)C(=O)C(=CC2=O)C
222222f1	222222	CCCCCN	-,-,-,-,C,-	1.339999	1.443152	1.344290	1.476902	1.420828	1.395187	123.638770	118.584651	120.328280	121.672664	115.847586	119.914445	0.055977	0.706760	-0.472057	0.010937	77.3257	C1(=C2N(C=CC=C2)CCC1=O)C#N
222222f1	222222	CCCCCN	-,-,-,-,C,-	1.340009	1.443249	1.344460	1.473925	1.426156	1.396737	123.785710	118.553332	120.324676	121.812798	115.876174	119.647310	-0.000005	-0.000009	0.000019	0.000000	70.0173	C12N(C=CC=C1)CC=CC=2Br
222222f1	222222	CCCCCN	-,-,-,-,C,-	1.340075	1.443841	1.345117	1.472346	1.423551	1.396157	123.688859	118.551666	120.403409	121.561141	116.137829	119.657095	-0.000021	0.000023	-0.000007	0.000000	78.6161	C12N(C=CC=C1)CC=CC=2O
222222f1	222222	CCCCCN	-,-,-,-,C,-	1.341900	1.447285	1.344739	1.464241	1.410859	1.396267	123.464173	118.753730	120.146397	120.988251	117.507916	119.139532	-0.000013	-0.000004	0.000022	0.000000	75.6272	C12N(CC=C(C=1)Br)C=CC=C2
222222f1	222222	CCCCCN	-,-,-,-,C,-	1.341911	1.447309	1.344724	1.464025	1.411739	1.396347	123.471330	118.768053	120.152836	120.978054	117.532323	119.097404	-0.000027	0.000000	0.000034	0.000000	79.0159	C12N(CC=C(C=1)Cl)C=CC=C2
222222f1	222222	CCCCCN	-,-,-,-,C,-	1.342025	1.447592	1.344831	1.464264	1.408386	1.395738	123.405204	118.728984	120.128670	120.981792	117.484490	119.266603	0.301100	0.226438	-0.688500	0.006475	75.9488	C12N(CC=C(C=1)NC3C=CC=CC=3)C=CC=C2
222222f1	222222	CCCCCN	-,-,-,-,C,-	1.344269	1.456683	1.348090	1.454803	1.400574	1.379690	121.390543	119.030598	120.778364	119.644664	117.605277	121.550555	-0.000002	-0.000004	0.000003	0.000000	72.3635	C1(=C2N(C=CC=C2)CC1=O)C#N
222222f1	222222	CCCCCN	-,-,-,-,N,-	1.341434	1.449121	1.342670	1.500245	1.398287	1.388726	122.540799	119.462209	121.593528	117.826210	118.880251	119.651410	-0.754781	0.442549	1.160574	0.019845	67.1072	C1CN2C=CC=CC2=NC1=O
222222f1	222222	CCCCCN	-,-,-,-,N,-	1.344219	1.452463	1.343365	1.502099	1.396390	1.393722	123.163391	118.794388	121.643226	118.247645	118.674543	119.476796	0.001672	-0.019150	0.007679	0.000321	74.7269	CC1=NC2=C(CN1C)CN3C=C(C=CC3=N2)Br
222222f1	222222	CCCCNC	-,-,-,-,-,C	1.344901	1.447535	1.341913	1.395830	1.410832	1.464229	120.995797	120.161032	118.742624	123.421203	119.238151	117.441193	0.000028	-0.000034	-0.000019	0.000001	72.4315	N12C(=CC=C(C1)O)C=CC=C2
222222f1	222222	CCCNNC	-,-,-,-,-,-	1.489555	1.419917	1.427603	1.374247	1.379190	1.345322	116.764843	118.722748	119.878400	117.893595	121.215885	123.859231	-3.730379	12.534896	-15.818684	0.113975	59.6898	CC1=CNNc2c1cccc2
222222f1	222222	CCNCCN	-,-,-,-,N,-	1.345989	1.384848	1.304536	1.454806	1.321233	1.375277	118.233385	124.622131	116.406709	121.049561	119.795292	119.892921	0.000164	-0.000362	0.000330	0.000003	70.3960	C1CN2C=CN=C(C2=[NH+]1)Cl
222222f1	222222	CNCCNC	C,-,-,-,-,O	1.392585	1.348638	1.407330	1.374461	1.377655	1.539000	118.102731	122.212474	119.312611	122.837978	120.880785	116.653422	0.000000	0.000014	0.000003	0.000000	65.9990	CCOC(=O)C=C1C(=O)Nc2c(non2)N1
222222f1	222222	CNCCNC	C,-,-,-,-,O	1.399305	1.349615	1.404875	1.372110	1.378341	1.548552	117.512740	122.245637	119.612547	122.739209	121.161031	116.628774	1.340603	0.283883	0.376172	0.028998	55.1163	COC(=O)/C=C/1\\C(=O)Nc2c(non2)N1
222222f1	222222	CNCNCC	C,-,N,-,-,-	1.373161	1.373806	1.378317	1.420555	1.352335	1.451707	115.393007	125.481155	116.172396	122.157291	118.247095	121.615739	7.637586	-11.749102	8.495768	0.088971	66.6614	C=C1C=C(N2[C@@H](N=C(N=C2N1)N3CCOCC3)c4ccccc4)[O-]
222222f1	222222	CNNCCC	C,-,-,-,-,-	1.399953	1.364989	1.299725	1.481129	1.408093	1.499611	112.007522	124.284991	117.829415	122.522390	117.544208	117.916365	-22.521952	-1.416035	9.388494	0.260173	65.1361	c1ccc2c(c1)C(=C(C#N)C#N)NN=C2Cl
222222f1	222222	CNNCNC	-,-,-,N,N,-	1.372475	1.458310	1.336144	1.512774	1.468497	1.364245	126.233048	116.014849	124.425664	117.501383	118.221444	117.603612	0.000164	-0.000081	-0.000060	0.000002	83.4564	CC(C)(C)C1=C([N+](=[NH2+])c2n[nH]c(=S)n2[N-]1)O
222222f1	222222	COCNCC	O,-,C,-,-,-	1.365957	1.423982	1.371632	1.396647	1.395339	1.471937	116.921906	125.044961	115.813524	123.222934	120.354667	118.642008	-0.000303	0.000539	-0.000462	0.000004	63.4423	c1ccc2c(c1)C(=O)O/C(=C\\3/C=CC=CC3=[NH2+])/N2
222222f1	222222	NNCCCC	-,-,-,-,C,-	1.380506	1.421403	1.361988	1.452992	1.486820	1.296605	117.191948	124.033794	118.492985	119.408455	115.851699	123.753492	11.301972	-1.666545	-6.560762	0.111826	82.6870	CC1(C=C2C(=NN(C(=C2C#N)N)c3ccccc3)CO1)C
222222f1	222222	NNCNNC	-,-,N,-,-,-	1.370394	1.370470	1.374420	1.385381	1.392724	1.302975	113.298785	125.394338	118.351787	117.532826	117.462797	126.474094	-2.778913	11.388261	-14.565999	0.108644	59.7751	c1cocc1C2=Nn3c(=S)[nH]nc3NN2
222222f2	222222	CCCCCC	O,-,-,-,-,O	1.475331	1.407260	1.484793	1.407260	1.475331	1.513075	118.713188	120.375355	120.911446	120.911462	120.375370	118.713178	0.000442	-0.000097	-0.000553	0.000007	75.1132	O=C1C(=O)c2ccccc2c3ccccc13
222222f2	222222	CCCCCC	O,-,-,N,-,-	1.480337	1.387707	1.484158	1.492760	1.395528	1.473269	119.498495	120.813412	120.205514	118.852678	120.460560	120.169342	0.000132	-0.000115	-0.000027	0.000002	87.7127	C12=C(C(=O)C3=C(C1=N)C=CC=N3)C(O)=CC=C2O
222222f2	222222	CCCCCC	O,-,-,N,-,-	1.496152	1.417023	1.510265	1.450256	1.415181	1.438469	114.657527	122.332403	120.622625	114.385390	122.708683	123.317152	-5.491068	14.683928	-13.026207	0.146878	77.3002	CC1=C2C(=O)C3=C(C=CC=C3)C(=NNC4=C(C=C(C=C4)[N+]([O-])=O)[N+]([O-])=O)C2=C(C)O1
222222f2	222222	CCCCCC	O,-,-,O,-,-	1.445040	1.427304	1.445040	1.493599	1.407413	1.493598	115.327564	122.695372	122.695272	115.327572	121.963674	121.963670	-2.126782	1.460868	-0.329786	0.014302	55.5307	O=C1C2=C(C=CC=C2)C(=O)C3=C(OC(=C13)C4=CC=CC=C4)C5=CC=CC=C5
222222f2	222222	CCCCCC	O,-,-,O,-,-	1.446653	1.422145	1.440248	1.495650	1.416852	1.509840	115.872808	123.089800	122.523585	115.485344	122.904446	120.087614	2.315691	-1.117787	-0.002966	0.016639	54.3996	CC1=CC=CC2=C1C(=O)C3=C(OC(=C3C2=O)C4=CC=CC=C4)C5=CC=CC=C5
222222f2	222222	CCCCCC	O,-,-,O,-,-	1.449262	1.377806	1.433079	1.492581	1.410878	1.498780	116.955665	118.959911	127.154464	114.019055	121.160831	120.582725	2.226872	4.847228	-3.088700	0.109103	71.6538	[O-][N+](=O)C1=CC=CC2=C1C(=O)C3=C(OC4=C3C5=CC=CC=C5C=C4)C2=O
222222f2	222222	CCCCCC	O,-,-,O,-,-	1.455546	1.388663	1.468096	1.455546	1.388663	1.468096	111.669529	126.223898	122.106575	111.669528	126.223897	122.106574	-0.000172	0.000141	-0.000102	0.000001	24.3532	c1csc2c1C(=O)c3c(ccs3)C2=O
222222f2	222222	CCCCCC	O,-,-,O,-,-	1.458112	1.413874	1.458112	1.458112	1.413875	1.458113	110.304499	124.847757	124.847747	110.304503	124.847769	124.847725	0.000103	-0.000088	0.000032	0.000001	60.2436	c12c(non1)C(=O)c3c(non3)C2=O
222222f2	222222	CCCCCC	O,-,-,O,-,-	1.466049	1.424122	1.466049	1.466049	1.424123	1.466050	110.556565	124.721640	124.721841	110.556538	124.721719	124.721697	0.000784	-0.000540	-0.000360	0.000010	82.1711	c12c(n[nH]n1)C(=O)c3c(n[nH]n3)C2=O
222222f2	222222	CCCCCC	O,-,-,O,-,-	1.468766	1.388901	1.478635	1.492005	1.401621	1.478109	119.482317	119.976168	120.799311	120.022561	118.056070	121.663574	0.000059	-0.000095	0.000055	0.000001	76.4814	CC1=C(Cl)C2=C(C=C1)C(=O)C3=C(C=CC=C3)C2=O
222222f2	222222	CCCCCC	O,-,-,O,-,-	1.469137	1.387117	1.473419	1.489456	1.409822	1.489389	119.529472	119.711571	120.075052	119.670974	118.512047	119.474004	0.273440	-14.354903	13.896839	0.182456	89.9021	NC1=C(Br)C=C(Br)C2=C1C(=O)C3=C(C=CC=C3)C2=O
222222f2	222222	CCCCCC	O,-,-,O,-,-	1.471966	1.390999	1.476602	1.481303	1.397213	1.478626	119.351255	120.063060	120.527234	119.995320	118.877844	121.185286	0.000000	0.000265	-0.000357	0.000003	74.3231	CC1=C(C2=C(C=C1)C(=O)C3=CC=CC=C3C2=O)[N+]([O-])=O
222222f2	222222	CCCCCC	O,-,-,O,-,-	1.472090	1.397444	1.479651	1.480110	1.397269	1.472065	119.962683	117.164266	120.071341	118.719757	120.180356	117.390840	9.917003	10.240022	-13.515811	0.257067	75.6696	OS(=O)(=O)C1=C2C(=O)C3=C(C=CC=C3C(=O)C2=CC=C1)S(O)(=O)=O
222222f2	222222	CCCCCC	O,-,-,O,-,-	1.472767	1.391124	1.476215	1.488318	1.397916	1.477213	119.313531	120.179678	120.481244	119.654968	118.846382	121.116700	-0.369203	5.804280	-6.998467	0.065530	77.0874	Cc1ccc2C(=O)c3ccccc3C(=O)c2c1N
222222f2	222222	CCCCCC	O,-,-,O,-,-	1.473298	1.392140	1.474042	1.478175	1.397606	1.477324	119.811820	120.116437	120.195940	119.991402	119.661467	120.222934	-0.000007	-0.000056	0.000035	0.000001	75.8970	OC1=CC(=C(O)C2=C1C(=O)C3=C(C=CC=C3)C2=O)Cl
222222f2	222222	CCCCCC	O,-,-,O,-,-	1.473708	1.392430	1.473489	1.477650	1.398247	1.477609	119.810645	120.136257	120.130435	120.097243	119.627413	120.197824	0.005891	-0.104949	0.167081	0.001262	61.5820	OC1=CC(=C(O)C2=C1C(=O)C3=C(C=CC=C3)C2=O)S(O)(=O)=O
222222f2	222222	CCCCCC	O,-,-,O,-,-	1.473972	1.391574	1.473972	1.487540	1.344018	1.487540	118.120099	120.560273	120.560257	118.120106	121.316180	121.316199	0.033758	0.209164	-0.763596	0.007046	52.2843	O=C1C2=C(CCCC2)C(=O)C3=C1C=CC=C3
222222f2	222222	CCCCCC	O,-,-,O,-,-	1.475074	1.390318	1.470959	1.477143	1.401871	1.487431	119.953176	120.406660	120.074898	119.933710	120.495342	119.047420	-0.134446	-1.636016	0.829585	0.030127	74.1271	CC1=CC=C(NC2=C3C(=O)C4=CC=CC=C4C(=O)C3=C(O)C=C2)C=C1
222222f2	222222	CCCCCC	O,-,-,O,-,-	1.475556	1.390830	1.471581	1.476584	1.400460	1.487468	119.632234	120.386150	120.094819	119.860591	120.370238	119.272747	-0.388956	-3.679339	2.405193	0.063316	76.6768	NC1=CC=C(O)C2=C1C(=O)C3=C(C=CC=C3)C2=O
222222f2	222222	CCCCCC	O,-,-,O,-,-	1.475999	1.397502	1.482243	1.475999	1.397502	1.482243	120.191574	120.246827	118.885036	120.191594	120.246833	118.885029	2.358357	-10.421839	8.022030	0.121864	89.9997	NC1=CC=C(O)C2=C1C(=O)C3=C(C(=CC=C3O)N)C2=O
222222f2	222222	CCCCCC	O,-,-,O,-,-	1.476029	1.390767	1.472323	1.477458	1.400904	1.488661	119.788187	120.509995	120.173737	119.361661	121.141144	118.674155	-0.324878	-3.576635	2.376519	0.060854	77.1951	CNC1=CC=CC2=C1C(=O)C3=C(C=CC=C3)C2=O
222222f2	222222	CCCCCC	O,-,-,O,-,-	1.476238	1.396441	1.475382	1.472567	1.395584	1.475148	119.852364	120.012459	119.885118	120.226525	119.812951	120.210583	0.000048	0.000071	-0.000082	0.000001	77.2890	Oc1ccc2C(=O)c3c(O)ccc(O)c3C(=O)c2c1O
222222f2	222222	CCCCCC	O,-,-,O,-,-	1.476238	1.396441	1.475382	1.472568	1.395584	1.475149	119.852355	120.012466	119.885121	120.226518	119.812961	120.210578	0.000023	0.000006	-0.000007	0.000000	61.7763	OC1=C(O)C2=C(C=C1)C(=O)C3=C(C(=CC=C3O)O)C2=O
222222f2	222222	CCCCCC	O,-,-,O,-,-	1.476302	1.393871	1.476564	1.476995	1.394447	1.476996	119.171149	120.392712	120.423020	119.248846	120.277264	120.487010	0.000048	-0.000062	0.000034	0.000001	69.1801	OC(=O)C1=CC2=C(C=C1)C(=O)C3=C(C=CC=C3)C2=O
222222f2	222222	CCCCCC	O,-,-,O,-,-	1.476329	1.391636	1.473457	1.477096	1.398933	1.486458	119.527242	120.487910	120.245218	119.308717	120.918795	119.156007	-0.357596	-3.582432	2.392017	0.061241	77.1393	NC1=CC=CC2=C1C(=O)C3=C(C=CC=C3)C2=O
222222f2	222222	CCCCCC	O,-,-,O,-,-	1.476403	1.395713	1.476865	1.476403	1.395713	1.476865	119.326710	120.297702	120.375148	119.326709	120.297702	120.375149	-0.242891	0.240521	-0.240321	0.002156	0.0069	OS(=O)(=O)C1=CC2=C(C=C1)C(=O)C3=C(C=CC(=C3)S(O)(=O)=O)C2=O
222222f2	222222	CCCCCC	O,-,-,O,-,-	1.476477	1.393982	1.476343	1.476569	1.395713	1.477167	119.195209	120.409667	120.409454	119.257605	120.320255	120.399974	0.020943	-0.771907	0.878323	0.009234	83.0611	OS(=O)(=O)C1=CC2=C(C=C1)C(=O)C3=C(C=CC=C3)C2=O
222222f2	222222	CCCCCC	O,-,-,O,-,-	1.476479	1.393995	1.476585	1.476429	1.394626	1.476852	119.157791	120.405998	120.422875	119.217802	120.338386	120.457149	0.000054	0.000019	-0.000033	0.000001	67.6741	BrC1=CC2=C(C=C1)C(=O)C3=C(C=CC=C3)C2=O
222222f2	222222	CCCCCC	O,-,-,O,-,-	1.476479	1.394045	1.476587	1.476245	1.394738	1.476887	119.161791	120.400728	120.419188	119.231045	120.331569	120.455679	-0.000309	0.000175	0.000083	0.000003	79.5777	ClC1=CC2=C(C=C1)C(=O)C3=C(C=CC=C3)C2=O
222222f2	222222	CCCCCC	O,-,-,O,-,-	1.476528	1.394104	1.476243	1.476374	1.394955	1.477154	119.196832	120.394516	120.387509	119.286327	120.309938	120.416272	0.045516	-0.828856	0.947112	0.009636	81.4337	ClS(=O)(=O)C1=CC2=C(C=C1)C(=O)C3=C(C=CC=C3)C2=O
222222f2	222222	CCCCCC	O,-,-,O,-,-	1.476538	1.399759	1.484382	1.479983	1.393386	1.471525	119.620773	120.934615	117.997413	119.564669	120.833034	118.532810	1.846101	-12.901690	10.105666	0.166132	87.0269	[O-][N+](=O)C1=CC=CC2=C1C(=O)C3=C(C(=CC=C3)Cl)C2=O
222222f2	222222	CCCCCC	O,-,-,O,-,-	1.476549	1.392428	1.473043	1.476977	1.399002	1.486221	119.552021	120.507959	120.141157	119.407469	120.899999	119.127726	0.366286	3.640664	-2.466148	0.061917	77.3228	NC1=CC=CC2=C1C(=O)C3=C(C=C(Cl)C=C3)C2=O
222222f2	222222	CCCCCC	O,-,-,O,-,-	1.476556	1.393973	1.476865	1.476551	1.392129	1.476419	119.094629	120.403749	120.431700	119.137914	120.390055	120.538592	0.097292	-0.479342	0.333908	0.006068	86.2540	NC1=CC2=C(C=C1)C(=O)C3=C(C=CC=C3)C2=O
222222f2	222222	CCCCCC	O,-,-,O,-,-	1.476556	1.393973	1.476865	1.476551	1.392129	1.476419	119.094637	120.403749	120.431694	119.137913	120.390050	120.538596	-0.097304	0.479314	-0.333851	0.006068	86.2525	Nc1ccc2C(=O)c3ccccc3C(=O)c2c1
222222f2	222222	CCCCCC	O,-,-,O,-,-	1.476586	1.393877	1.476694	1.476959	1.392937	1.476647	119.122627	120.421711	120.431891	119.135107	120.411246	120.477220	0.019582	0.099649	-0.166449	0.001400	73.1639	CC1=CC2=C(C=C1)C(=O)C3=C(C=CC=C3)C2=O
222222f2	222222	CCCCCC	O,-,-,O,-,-	1.476738	1.394025	1.476481	1.476169	1.395145	1.476880	119.133073	120.437675	120.416082	119.205963	120.373169	120.434038	0.000079	-0.000006	-0.000062	0.000001	82.8565	OC1=CC2=C(C=C1)C(=O)C3=C(C=CC=C3)C2=O
222222f2	222222	CCCCCC	O,-,-,O,-,-	1.476810	1.391728	1.473257	1.478013	1.398144	1.482499	119.398987	120.447083	120.137808	119.238713	120.857777	119.101535	-0.357162	-4.868818	2.316733	0.091289	73.8066	OC(=O)C1=CC=CC2=C1C(=O)C3=C(C=CC=C3)C2=O
222222f2	222222	CCCCCC	O,-,-,O,-,-	1.476883	1.391274	1.476883	1.476604	1.393812	1.476604	119.120760	120.464872	120.464873	119.120757	120.414205	120.414203	-0.226558	0.161753	-0.028944	0.001632	58.4207	O=C1C2=C(C=CC=C2)C(=O)C3=C1C=C4CCCCC4=C3
222222f2	222222	CCCCCC	O,-,-,O,-,-	1.477275	1.395257	1.474055	1.477275	1.395257	1.474055	120.685043	119.068375	120.246566	120.685042	119.068374	120.246562	0.049842	-0.050692	0.050122	0.000449	0.0511	OC1=C(O)C(=C(O)C2=C1C(=O)C3=C(C(=C(O)C(=C3O)S(O)(=O)=O)O)C2=O)S(O)(=O)=O
222222f2	222222	CCCCCC	O,-,-,O,-,-	1.477436	1.398548	1.478961	1.477436	1.398548	1.478961	119.064878	120.240011	117.203540	119.064877	120.240010	117.203538	4.811199	-23.219130	18.483504	0.276670	90.0000	OS(=O)(=O)C1=C2C(=O)C3=CC=CC(=C3C(=O)C2=CC=C1)S(O)(=O)=O
222222f2	222222	CCCCCC	O,-,-,O,-,-	1.477506	1.399633	1.483944	1.478148	1.394943	1.479627	119.528642	121.164074	118.161771	119.688173	120.968704	118.640450	1.851724	-11.776889	9.998913	0.142972	89.9319	NC1=CC=CC2=C1C(=O)C3=C(C(=CC=C3)Cl)C2=O
222222f2	222222	CCCCCC	O,-,-,O,-,-	1.477853	1.391858	1.473139	1.477027	1.396008	1.485185	119.328928	120.612933	120.269698	119.327941	120.856378	119.582149	0.138370	0.373016	0.250317	0.013930	61.6450	OCC1=CC(=C2C(=O)C3=CC=CC=C3C(=O)C2=C1)OC[CH](O)[CH](O)[CH](O)C=O
222222f2	222222	CCCCCC	O,-,-,O,-,-	1.478961	1.398548	1.477435	1.478961	1.398548	1.477435	119.064884	117.203541	120.240009	119.064885	117.203539	120.240010	4.811178	18.483500	-23.219108	0.276670	90.0000	OS(=O)(=O)c1cccc2C(=O)c3c(cccc3C(=O)c12)S(=O)(=O)O
222222f2	222222	CCCCCC	O,-,-,O,-,-	1.488845	1.406435	1.498640	1.451265	1.380238	1.435637	114.100333	120.743270	121.938038	116.730851	118.920765	127.566744	0.000362	-0.000323	0.000018	0.000004	81.2663	O=C1C2=C(C(=O)C3=C1C=CC=C3)C4=C(O2)C=CC5=CC=CC=C45
222222f2	222222	CCCCCC	O,-,-,O,-,-	1.497073	1.412097	1.497074	1.441452	1.414808	1.441452	114.710529	121.981382	121.981383	114.710526	123.308089	123.308092	-0.000051	0.000064	-0.000041	0.000000	60.6216	CC1=C2C(=O)C3=C(C=CC=C3)C(=O)C2=C(C)O1
222222f2	222222	CCCCCC	O,-,-,O,-,-	1.499057	1.412136	1.496787	1.424828	1.374233	1.444775	114.743818	121.747003	121.125968	114.574086	125.178446	122.630679	0.000002	-0.000006	0.000006	0.000000	74.3974	Cn1c2c(nn1)C(=O)c3ccccc3C2=O
222222f2	222222	CCCCCC	O,O,-,-,-,-	1.513229	1.484621	1.416673	1.486670	1.403452	1.470272	116.949804	117.288131	117.469389	121.133181	120.684027	119.019151	-22.043120	-0.395671	14.063797	0.276300	70.8729	CC(C)C1=CC=C2C(=C1)C(=O)C(=O)C3=C2C=CC=C3C
222222f2	222222	NNCCNC	-,-,-,-,-,-	1.408047	1.361739	1.366330	1.339731	1.423752	1.309843	114.855410	122.754559	118.847449	121.672839	116.547306	125.319242	-0.395864	0.005020	0.078311	0.004861	57.9889	COc1ccc(cc1OC)N2C=NN3C2=NNc4c3[nH]c5c4cccc5
222222f2	222222	OCCNCC	-,-,-,-,C,N	1.411206	1.394757	1.389525	1.379323	1.487181	1.390380	122.001468	120.298165	119.456089	122.097462	119.463591	116.667520	0.355066	-1.238089	1.566433	0.010818	55.7016	Cn1c(=O)c(c2c(n1)Oc3ccccc3N2)Cl
222222f2	222222	OCCOCC	-,-,-,-,-,-	1.371114	1.392778	1.370705	1.373764	1.396263	1.373181	115.596483	122.138282	122.232191	115.967580	121.600630	122.464834	-0.000252	0.000127	-0.000112	0.000002	33.8556	Clc1cccc2Oc3ccccc3Oc12
222222f2	222222	OCCOCC	-,-,-,-,-,-	1.375109	1.395171	1.375472	1.369413	1.391845	1.370263	116.948439	121.535675	121.485406	116.564964	122.165218	121.300297	-0.000195	0.000204	-0.000336	0.000003	28.1766	Clc1cc(Cl)c2Oc3c(Cl)c(Cl)c(Cl)c(Cl)c3Oc2c1
222222f2	222222	OCCOCC	-,-,-,-,-,-	1.375311	1.395319	1.374988	1.370496	1.391675	1.369445	116.524567	121.505634	121.554026	116.909825	121.311081	122.194866	0.000030	0.000096	0.000014	0.000003	64.4213	Clc1cccc2Oc3c(Cl)c(Cl)c(Cl)c(Cl)c3Oc12
222222f2	222222	OCCOCC	-,-,-,-,-,-	1.376559	1.396603	1.376559	1.368368	1.389569	1.368368	116.475044	121.570284	121.570281	116.475050	121.954670	121.954671	-0.000414	0.000325	-0.000240	0.000003	19.6634	Clc1cc2Oc3c(Cl)c(Cl)c(Cl)c(Cl)c3Oc2cc1Cl
222222f3	222222	CCCCCC	O,-,-,-,-,-	1.478270	1.405401	1.487808	1.423360	1.411555	1.480607	118.923368	119.842710	120.128429	119.945767	121.037676	120.058604	-0.228349	1.844418	-1.164148	0.026117	81.3157	c1ccc2c(c1)-c3ccc(c4c3c(ccc4)C2=O)[S@@](=O)CC(=O)[O-]
222222f3	222222	CCCCCC	O,-,-,-,-,-	1.479973	1.402230	1.416591	1.487850	1.404733	1.475456	118.804775	121.005397	120.021194	120.738326	120.017031	119.413276	0.000129	0.000178	-0.000514	0.000004	66.1872	O=C1C2=CC=CC=C2C3=CC=C4C5=CC=C6C7=C(C=CC=C7)C(=O)C8=C6C5=C(C=C8)C9=C4C3=C1C=C9
222222f3	222222	CCCCCC	O,-,-,-,-,-	1.479975	1.402229	1.416591	1.487851	1.404734	1.475459	118.804287	121.005690	120.021135	120.738482	120.016733	119.413674	-0.000553	0.000319	-0.000062	0.000004	49.3361	O=C1C2=CC=CC=C2C3=CC=C4C5=CC=C6C7=C(C=CC=C7)C(=O)C8=C6C5=C(C=C8)C9=C4C3=C1C=C9
222222f3	222222	CCCCCC	O,-,-,-,-,-	1.507781	1.419373	1.450919	1.362295	1.378831	1.474590	117.660567	120.015624	116.585699	124.580399	121.359164	119.798547	0.000269	-0.000328	0.000298	0.000002	22.7253	c1ccc2c(c1)-c3c4c(cccc4n[nH]3)C2=O
222222f3	222222	CCCCCC	O,-,-,O,-,-	1.463436	1.352438	1.463439	1.481729	1.400497	1.481730	116.501246	122.519271	122.519470	116.501060	120.979507	120.979446	0.001246	-0.000157	-0.001073	0.000014	89.1960	O=C1C2=C(C=CC=C2)C(=O)C3=C1C4C5=C(C=CC=C5)C3C6=C4C=CC=C6
222222i	222222	CCCCCC	-,-,-,-,N,C	1.339321	1.437444	1.338177	1.492769	1.528546	1.462347	122.138177	121.810446	122.355432	120.165719	117.372003	116.158223	0.000351	0.000030	-0.000581	0.000007	69.8877	c1ccc2c(c1)C(=O)O/C(=C\\3/C=CC=CC3=[NH2+])/N2
222222i	222222	CCCCCC	-,-,-,-,O,C	1.340018	1.440929	1.338840	1.487569	1.509367	1.462100	121.914119	121.324826	121.902762	121.004557	116.683693	117.168669	0.162962	-0.001147	-0.294657	0.003731	67.0177	C[C@@H]1CCCCN1C2=N/C(=C/3\\C=CC=CC3=O)/NC(=C2)C
222222i	222222	CCCCCC	-,-,N,-,-,C	1.339633	1.503266	1.507312	1.345055	1.462138	1.464715	119.822855	117.308664	112.751251	118.467701	118.407973	114.731021	-35.339809	32.730755	1.765322	0.456860	88.2253	CCN(CC1=CC(=CC=C1)S(O)(=O)=O)C2=CC=C(C=C2)C(=C3C=CC(C=C3)=[N+](CC)CC4=CC(=CC=C4)S(O)(=O)=O)C5=C(C=CC=C5)S([O-])(=O)=O
222222i	222222	CCCCCC	-,-,N,-,-,C	1.340001	1.479720	1.482801	1.340629	1.471122	1.470426	122.118357	121.018303	117.193796	120.709840	122.310953	116.648747	0.008056	-0.013137	0.002214	0.000184	82.9025	CC(O)=O.CC1=C(N)C=CC(=C1)C(C2=CC=C(N)C=C2)=C3C=CC(=N)C=C3
222222i	222222	CCCCCC	-,-,N,-,-,C	1.340463	1.498543	1.503319	1.342547	1.464900	1.467260	122.889987	121.478833	115.068061	121.688722	122.520083	116.354157	-0.096505	-0.005410	0.108144	0.001243	87.8644	CC[N+](C)(C)C1=CC=C(C=C1)C(C2=CC=C(C=C2)N(C)C)=C3C=CC(C=C3)=[N+](C)C
222222i	222222	CCCCCC	-,-,N,-,-,C	1.340517	1.499679	1.499678	1.340517	1.465603	1.465604	122.672336	121.422786	115.343820	121.422818	122.672332	116.465789	-0.054585	-0.049692	0.103887	0.001050	89.8995	CN(C)C1=CC=C(C=C1)C(C2=CC=C(C=C2)N(C)C)=C3C=CC(C=C3)=[N+](C)C
222222i	222222	CCCCCC	-,-,N,-,-,C	1.340543	1.501595	1.501885	1.340663	1.464226	1.464443	122.695600	121.723903	114.782456	121.733585	122.678306	116.385897	-0.014995	0.133638	-0.113600	0.001603	88.9990	CCN(CC)C1=CC=C(C=C1)C(C2=CC=CC=C2)=C3C=CC(C=C3)=[N+](CC)CC.OS([O-])(=O)=O
222222i	222222	CCCCCC	-,-,N,-,-,C	1.340685	1.493758	1.488647	1.339664	1.468526	1.469079	122.422320	121.367924	115.671499	121.858979	122.111172	116.567953	-0.086143	0.068743	0.036350	0.001304	83.3495	CC1=C(N)C=CC(=C1)C(C2=CC=C(NC3=CC=CC=C3)C=C2)=C4C=CC(C=C4)=NC5=CC=CC=C5
222222i	222222	CCCCCC	-,-,N,-,-,C	1.341101	1.497519	1.507893	1.342515	1.463931	1.466319	121.409166	118.475697	113.381055	119.788834	119.893211	114.809928	30.074644	-25.738606	-3.461399	0.373225	87.9573	CCN(CC1=CC(=CC=C1)S([O-])(=O)=O)C2=CC=C(C=C2)C(C3=CC=CC=C3)=C4C=CC(C=C4)=[N+](CC)CC5=CC(=CC=C5)S(O)(=O)=O
222222i	222222	CCCCCC	-,-,N,-,-,C	1.341287	1.495814	1.507618	1.342349	1.463810	1.466497	120.765922	117.761972	113.305435	119.017206	119.289216	114.661681	-32.683351	29.823080	1.925760	0.414836	87.9329	CCN(CC)C1=CC=C(C=C1)C(C2=CC=C(C=C2)N(CC)CC3=CC(=CC=C3)S([O-])(=O)=O)=C4C=CC(C=C4)=[N+](CC)CC5=CC(=CC=C5)S(O)(=O)=O
222222i	222222	CCCCCC	-,-,N,-,-,C	1.342864	1.502047	1.510497	1.343381	1.462643	1.463938	118.411813	115.425812	112.732882	116.741743	116.942986	114.476292	40.959351	-37.899148	-2.335805	0.529676	88.3803	CCN(CC1=CC=CC=C1)C2=CC=C(C=C2)C(=C3C=CC(C=C3)=[N+](CC)CC4=CC=CC=C4)C5=C(C=C(C(=C5)O)S(O)(=O)=O)S([O-])(=O)=O
222222i	222222	CCCCCC	-,-,N,-,-,C	1.342989	1.509183	1.500882	1.342846	1.464681	1.462266	116.858970	117.067681	113.297127	115.415786	118.656710	114.711366	-36.104397	39.830695	-4.039546	0.515655	88.9418	CCN(CC)C1=CC=C(C=C1)C(=C2C=CC(C=C2)=[N+](CC)CC)C3=C(C=C(C(=C3)O)S(O)(=O)=O)S([O-])(=O)=O
222222i	222222	CCCCCC	-,-,N,-,-,C	1.343214	1.509336	1.496710	1.339979	1.465966	1.462053	119.971133	120.550393	113.683606	118.989342	121.914967	115.130461	21.191236	-26.561128	5.425196	0.333079	89.3566	CCN(CC1=CC(=CC=C1)S([O-])(=O)=O)C2=CC=C(C=C2)C(=C3C=CC(C=C3)=[N+](CC)CC4=CC(=CC=C4)S(O)(=O)=O)C5=C(Cl)C=CC=C5
222222i	222222	CCCCCC	-,-,O,-,-,C	1.340356	1.480681	1.470990	1.343659	1.471321	1.470563	122.057397	120.811886	117.299968	121.272237	121.652068	116.864623	-1.267913	0.782707	0.990701	0.021041	78.1910	OC(=O)C1=C(C=CC=C1)C(C2=CC=C(O)C(=C2)S(O)(=O)=O)=C3C=CC(=O)C(=C3)S(O)(=O)=O
222222i	222222	CCCCCC	-,-,O,-,-,C	1.344644	1.493110	1.493109	1.344645	1.482069	1.482070	121.184311	120.910317	117.656375	120.910303	121.184313	118.153313	0.157942	0.158090	-0.307079	0.003189	89.9886	ClC1=C(Cl)C(C(=C(Cl)C1=O)Cl)=C2C(=C(Cl)C(=O)C(=C2Cl)Cl)Cl
222222i	222222	CCCCCC	-,-,O,-,-,O	1.336369	1.497397	1.480350	1.340730	1.484693	1.471090	123.357315	118.815628	117.454357	123.389717	118.661467	118.305425	-1.515512	1.027871	-0.037008	0.012427	67.6623	C1C(C(CCl)=CC(C=1OC)=O)=O
222222i	222222	CCCCCC	-,O,-,-,C,-	1.493109	1.493109	1.344644	1.482070	1.482070	1.344644	120.910306	117.656395	120.910303	121.184303	118.153340	121.184284	0.157786	-0.306946	0.159335	0.003190	89.9877	ClC1=C(Cl)C(C(=C(Cl)C1=O)Cl)=C2C(=C(Cl)C(=O)C(=C2Cl)Cl)Cl
222222i	222222	CCCCCC	-,O,-,-,N,-	1.480795	1.471959	1.339085	1.500581	1.493533	1.340070	120.265560	117.403065	122.736215	120.847236	115.520649	123.226466	0.031799	0.124599	-0.295332	0.002653	58.4639	CC1=C/C(=N\\C(=O)c2ccco2)/C(=CC1=O)C
222222i	222222	CCCCCC	-,O,-,-,O,-	1.476176	1.490857	1.340917	1.476176	1.490857	1.340916	123.140965	117.818724	119.024460	123.141018	117.818651	119.024533	1.619281	-1.101343	-0.497925	0.018496	89.9999	COC1=CC=C(C=C1)C2=CC(=O)C(=CC2=O)C3=CC=C(OC)C=C3
222222i	222222	CCCCCC	-,O,-,-,O,-	1.487880	1.477299	1.335383	1.473600	1.475802	1.340444	120.087655	117.592681	121.651105	121.098060	117.430600	122.139898	-0.000009	0.000002	0.000005	0.000000	83.4913	CC1=CC(=O)C=CC1=O
222222i	222222	CCCCCC	-,O,-,-,O,-	1.488676	1.471352	1.334469	1.488676	1.471353	1.334469	121.311383	117.961730	120.726891	121.311378	117.961733	120.726884	0.000009	0.000013	-0.000036	0.000000	67.2783	OC1=CC(=O)C(=CC1=O)O
222222i	222222	CCCCCC	-,O,-,-,O,-	1.490889	1.490889	1.344604	1.490889	1.490889	1.344604	120.501716	118.989977	120.501717	120.501714	118.989978	120.501715	-0.929222	0.943328	-0.929205	0.008287	0.0010	CC1=C(C)C(=O)C(=C(C)C1=O)C
222222i	222222	CCCCCC	-,O,-,-,O,-	1.492586	1.476572	1.338303	1.482204	1.477043	1.341906	118.653181	118.076325	122.672554	119.653258	117.662829	123.278064	0.375433	0.018753	-0.091222	0.005590	59.1216	CC(C)C1=CC(=O)C(=CC1=O)C
222222i	222222	CCCCCC	-,O,-,-,O,-	1.499216	1.479219	1.338327	1.482553	1.472269	1.337149	119.019868	117.413786	122.828769	119.704748	117.660576	123.358287	-0.901354	0.044553	0.326878	0.011181	63.0775	COC1=CC(=O)C(=CC1=O)C
222222i	222222	CCCCCC	N,-,-,N,-,-	1.485614	1.336183	1.482267	1.485613	1.336183	1.482266	115.841364	121.790050	122.368582	115.841367	121.790062	122.368576	0.000047	-0.000079	0.000046	0.000001	80.3207	ON=C1C=CC(C=C1)=NO
222222i	222222	CCCCCC	N,-,-,O,-,-	1.484391	1.336323	1.489241	1.490817	1.338424	1.487478	115.119920	123.378135	120.950421	116.438346	121.533812	122.579365	0.000080	-0.000042	-0.000071	0.000001	76.7048	ClN=C1C=C(Br)C(=O)C(=C1)Br
222222i	222222	CCCCCC	N,-,-,O,-,-	1.491828	1.335674	1.471483	1.472604	1.337326	1.495024	114.806271	122.904671	121.227757	117.107930	121.864312	122.089059	-0.000004	0.000010	-0.000012	0.000000	53.9744	ClN=C1C=CC(=O)C=C1
222222i	222222	CCCCCC	O,-,-,O,-,-	1.473993	1.342910	1.495944	1.478490	1.334438	1.471523	117.576663	122.543747	119.443299	117.606871	121.872689	120.948791	0.998750	-1.030771	0.508938	0.008070	59.0766	O=C1C=CC(=O)C(=C1)C2=CC=CC=C2
222222i	222222	CCCCCC	O,C,-,-,-,-	1.518610	1.469124	1.341366	1.442726	1.339447	1.493733	114.160238	114.010279	120.469884	121.188449	121.328008	119.515657	-23.981719	-0.031070	13.313602	0.308378	66.8482	[H]/[O+]=C\\1/C=CC=C/C1=C\\2/[NH2+][C@H](CS2)C(=O)[O-]
222222i	222222	CCCCCN	-,-,-,O,C,-	1.474055	1.337377	1.483597	1.505748	1.481424	1.281989	123.577208	119.458901	122.018703	116.312066	117.281487	121.351636	-0.000021	0.000022	-0.000004	0.000000	83.9257	CC1=[NH+]C(=C2C(=CC=C(N2)C)O)C(=O)C=C1
222222i	222222	CCCCNC	-,-,-,-,-,C	1.347269	1.449955	1.345691	1.384658	1.396321	1.490830	121.046001	120.860771	119.315793	120.044986	125.033985	113.698464	-0.000015	-0.000017	0.000053	0.000000	67.8347	CC1=[NH+]C(=C2C(=CC=C(N2)C)O)C(=O)C=C1
222222i	222222	CCCCNC	-,-,-,-,-,C	1.347389	1.448220	1.340015	1.373646	1.406600	1.483848	121.877862	120.733205	118.173491	121.958265	124.074752	113.180035	-0.042599	0.412673	-0.635618	0.004217	61.9975	c1ccnc(c1)/C(=C/2\\C=CC=CN2)/N=O
222222i	222222	CCCCNC	-,-,-,-,O,C	1.347135	1.444365	1.337483	1.445219	1.454367	1.480147	119.279385	122.756979	121.421810	115.923484	122.998054	112.484663	-9.426841	-0.866117	20.127776	0.217608	66.6328	C1=CN(C(=C2C(=CC=C[N+]2=O)N)C(=C1)N)[O-]
222222i	222222	CCCCNC	-,-,-,C,-,-	1.440090	1.352914	1.526190	1.438939	1.384219	1.335918	118.030314	122.470888	119.413686	113.904288	121.317766	123.764349	-2.653256	10.249431	-11.170565	0.106269	72.1794	C1=CN(C(=C2C(=CC=C[N+]2=O)N)C(=C1)N)[O-]
222222i	222222	CCCNCC	-,-,-,-,C,-	1.450482	1.341407	1.375262	1.394874	1.474855	1.347139	120.472084	118.324685	121.940211	123.290390	114.593796	121.378835	0.000007	-0.000048	0.000057	0.000000	69.8183	C1=C/C(=C\\2/C=CN=N2)/NC=C1
222222i	222222	CCNCCC	-,-,-,N,N,-	1.488007	1.291116	1.380088	1.534026	1.487721	1.340227	117.954892	126.744740	115.180685	119.924899	112.529874	118.911929	1.606828	-26.040790	35.182449	0.291500	67.4230	CC1=C/C(=N\\O)/C(=N\\O)/N=C1
222222i	222222	CCNCCC	N,O,-,-,-,O	1.513826	1.363861	1.368630	1.335095	1.472606	1.514809	119.218875	114.706376	126.585923	122.836461	120.380427	116.271623	-0.005413	0.102984	-0.034536	0.001795	70.1017	[H]/N=C\\1/C(=O)C=C(NC1=O)ONCCO
222222i	222222	CCNCNC	C,O,-,O,-,O	1.481015	1.367030	1.360819	1.360592	1.367463	1.480897	119.695546	115.033836	126.719358	116.759547	126.701592	114.988331	-0.698233	1.236104	-2.988323	0.025168	40.1848	C1(C(NC(NC1=O)=O)=O)=CNCCBr
222222i	222222	CNCCNN	-,-,O,C,-,-	1.376638	1.366210	1.502977	1.379350	1.359830	1.298426	124.093066	123.226600	114.266114	116.079071	126.174102	116.161047	0.000174	-0.000213	0.000132	0.000002	66.0802	CCOC(=O)C1=NNC(=CC(=O)c2cccs2)C(=O)N1
222222i	222222	CNCCOC	-,-,-,-,-,-	1.494381	1.286063	1.452387	1.376862	1.395521	1.347758	121.607822	115.477926	123.561864	120.400101	117.395271	121.551769	-0.094726	0.238423	-0.594305	0.005769	44.0761	c1cc(ccc1C2=C[N+](=C([CH-]O2)O)c3ccc(cc3)Cl)[N+](=O)[O-]
222222i	222222	CNCNCC	-,-,-,-,O,C	1.277178	1.347163	1.276402	1.369007	1.492357	1.470072	126.386758	114.574810	128.668302	120.774278	116.977871	112.512604	-1.532176	-0.237187	2.943213	0.032154	67.8125	c1cc([nH]c1)/C=C\\2/C(=NC(=NC2=O)O)O
222222i	222222	CNNCCC	-,-,-,O,C,-	1.381477	1.330855	1.546883	1.479208	1.454293	1.349305	124.775266	119.829835	120.885622	116.912514	115.809457	121.781867	-0.377267	-0.262179	0.721557	0.007556	79.3886	CC1=C/C(=C/2\\NCC=[NH+]2)/C(=O)[NH+]=N1
222222i	222222	CNNCCC	O,-,-,O,-,-	1.374197	1.253656	1.374197	1.469061	1.328561	1.469061	117.266495	123.415694	123.415679	117.266533	119.317762	119.317812	-0.000477	-0.040598	0.038974	0.000510	89.6857	O=c1ccc(=O)nn1
222222i	222222	CNNCNN	O,-,-,O,-,-	1.371984	1.395316	1.371984	1.371985	1.395316	1.371985	115.999246	121.784307	121.784305	115.999248	121.784274	121.784277	7.847251	-7.419215	7.419530	0.064346	0.0029	C1(=O)NNC(=O)NN1
222222i	222222	NCCCNC	-,O,C,O,-,O	1.383856	1.476551	1.476726	1.383337	1.386776	1.386297	125.252083	115.313406	120.739588	115.372352	125.349117	116.958006	4.878197	-3.728344	6.466020	0.074368	30.3206	N1(C(N(C(=O)C(C1=O)=CNCCBr)C)=O)C
222222i	222222	NCCCNC	-,O,N,O,-,O	1.386549	1.496949	1.499619	1.385316	1.392446	1.394093	124.913599	112.948623	115.668917	112.338854	123.839342	117.316521	-36.407245	40.963287	-27.325082	0.319691	48.3983	N1(C(N(C(=O)C(C1=O)=NO)C)=O)C
222222i	222222	NCNCCC	-,C,-,-,-,-	1.387758	1.382620	1.369055	1.339802	1.506140	1.313178	118.180772	120.042117	122.759017	119.458490	116.978538	122.422153	4.244898	-3.171911	-0.352335	0.038825	83.8898	C[C@@H]1CCCCN1C2=N/C(=C/3\\C=CC=CC3=O)/NC(=C2)C
222222i	222222	NCNOCC	-,O,-,-,-,-	1.380016	1.349884	1.396584	1.387761	1.352529	1.391967	120.210348	116.715794	126.096960	114.432815	122.107087	120.420451	-0.419782	1.280141	-1.001021	0.012698	84.3448	C=CCN1C(=C(ONC1=O)N)C#N
222223f1	222223	CCCCCC	-,-,O,-,-,-	1.335777	1.472435	1.498141	1.357217	1.534480	1.515651	124.462702	120.800086	118.028600	120.581785	122.589522	112.601150	-5.677169	4.011641	4.331072	0.102810	76.7732	C[CH]1[CH]2CC[C]3(C)C=CC(=O)C(=C3[CH]2OC1=O)C
222223f1	222223	CCCCCC	-,-,O,-,-,-	1.338488	1.471464	1.477334	1.347388	1.549773	1.530098	125.454801	120.807700	117.345034	122.756602	122.481520	111.146856	0.717157	-0.602124	-0.165892	0.009496	87.0569	CC1CC2C3CCC(O)(C(=O)C)C3(C)CC(O)C2(F)C4(C)C=CC(=O)C=C14
222223f1	222223	CCCCCC	O,-,-,-,-,-	1.483233	1.341055	1.448835	1.343809	1.506173	1.521399	117.645129	118.207951	122.847744	120.941170	120.461186	112.402715	-4.521933	11.987162	4.268397	0.277567	67.2582	c1ccc2=[NH+][C@@H]3C(=O)C=CC=C3C=c2c1
222223f1	222223	CCCCNC	-,-,-,-,-,-	1.340150	1.438988	1.339038	1.385954	1.463037	1.501968	122.870639	119.329408	120.703116	122.014408	121.143116	112.683589	-5.323806	1.361602	8.417529	0.111427	69.6018	CCc1c(nnc(n1)SCC2=N[C@@H]3C=CC=CN3C(=O)C2)CC
222223f1	222223	CCCCNC	-,-,-,-,-,-	1.344413	1.446308	1.342527	1.391021	1.487924	1.513497	124.184722	120.426364	118.553573	124.221212	121.473885	111.124658	-0.897578	0.535243	0.626677	0.013125	79.3487	N12C(C=CC(=C1)Br)C(=O)CCC2
222223f1	222223	CCNCNC	-,-,-,-,-,-	1.355518	1.416377	1.393147	1.350560	1.464859	1.527686	122.755529	117.646278	122.689261	120.826615	121.379725	113.111367	3.868389	1.941418	-12.093314	0.119230	63.3565	c1ccc(cc1)[C@@H]2C(=C(n3c(ncn3)N2)N)C#N
222223f1	222223	CNCCOC	O,-,-,-,-,-	1.365371	1.393508	1.396414	1.366261	1.418677	1.528379	115.476339	121.697506	120.268056	123.983708	115.085603	120.844892	-3.450350	-0.685781	12.105569	0.150124	60.0145	O=C1COc2ccccc2N1
222223f1	222223	COCCCC	O,-,O,-,-,-	1.346993	1.350897	1.475105	1.388896	1.488112	1.500058	119.342271	123.091980	118.810644	119.671190	118.896136	113.692958	8.995005	-14.938692	-1.523603	0.261852	75.2322	O=C1CC2=C(C=CC=C2)C(=O)O1
222223f1	222223	NCCCCC	-,-,-,-,-,-	1.387799	1.338389	1.459625	1.402758	1.526123	1.492680	118.885141	123.090491	120.564062	119.017526	119.418977	112.394112	-5.140500	9.730709	6.239547	0.258143	67.0725	N1(C(CC(=O)O)C2C=CC=CC(C=C1)=2)C(=O)C
222223f1	222223	NCCCCC	-,-,-,-,-,-	1.404419	1.411811	1.474741	1.345178	1.500388	1.464505	116.680601	121.001380	117.963243	118.334283	123.112480	111.254651	-2.392998	-12.912020	0.331591	0.333538	66.9692	N1C(C=C(C=O)C2=C1C=CC=C2)C3=CC=C(C=C3)F
222223f1	222223	NCCCNC	-,-,-,-,-,-	1.401761	1.396858	1.460581	1.281083	1.474383	1.465825	114.355104	120.589725	114.900937	128.021296	113.982550	117.146253	-4.211243	-10.024014	-2.003375	0.312535	62.5746	Cc1ccc(o1)[C@@H]2Nc3ccccc3C(=N2)O
222223f1	222223	NCNCCC	-,-,-,-,-,-	1.280788	1.541862	1.268314	1.426851	1.481235	1.452882	119.680554	122.798719	116.024161	123.980856	116.804804	114.237494	-10.058430	2.999696	16.604346	0.252935	67.7362	CC1[C@@-]2[C@@H](N=C[NH+]=C2O)N=C1C
222223f1	222223	NCNCNC	-,-,-,-,-,-	1.288323	1.365830	1.299136	1.378317	1.459588	1.476482	117.137830	123.815927	117.934287	125.372988	112.371709	115.518553	16.006842	-4.882838	-18.223553	0.279217	71.7242	C=C1C=C(N2[C@@H](N=C(N=C2N1)N3CCOCC3)c4ccccc4)[O-]
222223f1	222232	CCCNCC	-,-,-,-,-,-	1.478719	1.410740	1.401839	1.465523	1.509870	1.345110	117.597022	118.772951	121.677358	118.853191	111.670463	124.978222	3.453511	-23.778806	29.558352	0.245887	65.2107	CC1=CC(C)(C)NC2=C1C=CC=C2
222223f1	222232	CCCOCC	-,-,-,-,-,-	1.469433	1.400337	1.365416	1.437805	1.509148	1.340436	116.837118	119.489168	124.415413	119.013959	115.895716	124.348626	0.000074	-0.004503	0.006150	0.000052	69.1467	CC1=CC(C)(C)OC2=C1C=C(O)C=C2
222223f1	222232	CNCCCC	-,-,-,-,-,-	1.394094	1.362471	1.338920	1.494020	1.551706	1.363442	120.433849	121.423155	122.362084	123.012496	110.764167	121.547289	4.328859	1.463639	-6.254375	0.071002	78.4806	CC1=C([C@@H](C2=C(N1)c3ccccc3C2=O)c4ccco4)C#N
222223f1	222232	NCCOCC	-,-,-,-,-,O	1.393508	1.396414	1.366261	1.418677	1.528379	1.365371	121.697505	120.268053	123.983710	115.085590	120.844892	115.476338	0.685781	-12.105599	19.557828	0.150125	60.0145	N1C(=O)COC2C1=CC=CC=2
222223f1	222232	NCNCCC	-,-,-,O,-,-	1.360277	1.290307	1.370667	1.521999	1.513403	1.293862	118.554831	125.036064	119.009442	115.921529	107.864369	121.623530	1.186220	27.963089	-38.531867	0.346388	67.1833	C[C@H](C(=O)C1=N[C@@H]2C(=NC(=NC2=O)N)NC1)O
222223f1	222322	CCCCNC	-,-,-,-,-,-	1.443102	1.342243	1.516790	1.478968	1.410832	1.345104	120.677788	120.241882	122.824059	113.094248	120.940305	122.221719	0.000025	-0.000008	-0.000012	0.000000	78.1173	N12C(=CC=C(C1)O)C=CC=C2
222223f1	222322	CCCSCN	-,-,-,-,C,-	1.487613	1.388807	1.770103	1.745842	1.370241	1.298326	125.476753	119.761068	122.934868	98.253252	124.440466	120.953618	0.499329	18.016768	-32.081898	0.314733	67.4825	CCCCC1=N/C(=C\\C#N)/Sc2c1ccc(n2)C
222223f1	222322	CCCSNN	-,-,-,O,-,-	1.424458	1.416040	1.735147	1.676984	1.462700	1.339407	121.756698	123.748305	120.514769	105.424961	119.274611	126.059019	-3.092819	15.495053	-19.066954	0.203793	67.1459	CCOC(=O)CNC1=[NH+]N=[S@](=O)(c2c1cccc2)O
222223f1	222322	NCCSNC	-,-,-,O,-,-	1.399294	1.381489	1.749394	1.612747	1.282182	1.364950	121.773055	121.260685	119.019967	108.374977	118.884388	130.686927	0.000038	-0.000332	0.000346	0.000005	79.3617	CN1C=NS(=O)(=O)c2c1nccc2
222223f1	222322	NCNCCC	-,N,-,-,-,-	1.370939	1.352117	1.475486	1.478720	1.367778	1.377982	118.243718	122.872170	123.033975	110.799438	123.039070	121.903099	-4.125433	3.464747	-1.230141	0.028930	58.9848	c1cc(c(cc1O)O)[C@@H]2c3c([nH]cn3)NC(=[NH2+])N2
222223f1	222322	OCNCCC	-,O,-,-,-,-	1.396344	1.396848	1.446931	1.482144	1.377350	1.402491	120.510083	117.075484	119.050321	111.257407	118.424155	119.959201	-24.139555	42.171069	-30.469243	0.362634	71.0277	c1ccc2c(c1)cc3c(n2)OC(=O)N(C3)C4CC4
222223f1	223222	CNCCCC	-,-,-,-,-,-	1.392518	1.449048	1.495774	1.345622	1.485174	1.357259	120.809711	124.634578	111.161092	123.537705	120.191088	118.352480	-13.774043	8.631559	-0.342563	0.110232	66.6897	CC1=C2C=CC=CC2=CCN1
222223f1	223222	CNCCCN	-,-,-,-,-,-	1.385796	1.452497	1.487385	1.338429	1.365381	1.295823	125.193644	119.493566	111.541674	121.692592	122.769733	118.073869	12.601567	-8.314220	-0.361410	0.109294	68.3486	CC1=NC2=C(CN1C)CN3C=C(C=CC3=N2)Br
222223f1	223222	CNCNCC	-,-,-,-,-,-	1.272800	1.473048	1.461651	1.372535	1.340569	1.461749	130.936902	115.317958	114.627119	123.647508	120.605221	113.965969	7.668049	-11.494770	7.267314	0.091970	67.7655	C[NH+]1CCC2=C(C1)C(=NC3(N2)CCCCC3)O
222223f1	223222	CNCNCC	-,-,-,-,-,-	1.402136	1.441185	1.470426	1.286933	1.504324	1.353445	121.346232	122.623048	111.633505	123.738932	122.022409	115.852462	20.059078	-13.327950	2.065637	0.155109	61.3826	CCC1=c2ccc(cc2=[NH+][C@@H](N1)[NH+]=C(N)N)C
222223f1	223222	NCCCCC	-,-,-,O,-,-	1.297035	1.490024	1.489932	1.474284	1.403488	1.419787	119.186476	125.471167	113.515168	116.803473	118.926400	121.798044	-12.513735	22.954391	-18.257940	0.210820	70.6127	c1cc2ccc3c(c2nc1)N=C[C@H](C3=O)C(=O)[O-]
222223f1	223222	NCCCCC	-,O,-,-,-,-	1.536035	1.501890	1.498449	1.346897	1.502324	1.280926	120.552945	120.170093	112.039550	126.148304	118.444550	122.644559	0.000005	-0.000002	-0.000001	0.000000	58.1344	c1cc2=[NH+]C(=O)CC=c2c(c1)O
222223f1	232222	CCCCOC	-,-,-,-,-,-	1.509765	1.520530	1.398600	1.374469	1.387771	1.347087	121.382568	111.426388	119.837680	122.516733	118.419189	123.311674	-14.853823	1.791370	12.688257	0.185778	82.7979	C1(=C(OC2C=CC=CC(C1C3C=CC=CC=3)=2)C4=CC(OC)=C(C=C4)OC)C=O
222223f1	232222	CCCCOC	-,-,-,-,-,-	1.513169	1.522767	1.398429	1.373834	1.386642	1.347273	121.595465	111.372767	119.989441	122.684932	118.582897	123.386925	-13.047462	1.692459	11.126592	0.163113	82.9154	C1(=C(OC2C=CC=CC(C1C3=C(C)C=CC=C3)=2)C4=CC=C(C=C4)OCC)C=O
222223f1	232222	CSCNCC	-,-,N,-,O,-	1.733386	1.721789	1.372549	1.370407	1.476365	1.339605	123.009375	104.018451	120.577068	129.689715	117.139522	125.565868	0.000003	0.000047	-0.000074	0.000001	73.4076	CC1=CC(=O)N2CCN=C2S1
222223f1	322222	CCCCCN	-,-,-,-,-,-	1.498980	1.339978	1.451407	1.356636	1.426156	1.474795	112.829450	123.451775	120.992231	119.422792	121.730964	121.572788	0.000006	-0.000004	-0.000009	0.000000	66.8779	C12N(C=CC=C1)CC=CC=2Br
222223f1	322222	CCCCCN	-,-,-,-,-,-	1.500026	1.339312	1.441933	1.356854	1.423551	1.476884	113.085933	123.257087	120.667190	120.400744	121.181868	121.407178	-0.000013	0.000001	-0.000006	0.000000	50.9317	C12N(C=CC=C1)CC=CC=2O
222223f1	322222	CCCCCN	-,-,-,-,-,-	1.500658	1.338885	1.439622	1.344566	1.411739	1.474679	113.002851	122.969863	120.757316	120.012054	122.100472	121.157445	-0.000008	-0.000022	0.000014	0.000000	71.3802	C12N(CC=C(C=1)Cl)C=CC=C2
222223f1	322222	CCCCCN	-,-,-,-,-,-	1.500986	1.340814	1.443386	1.344761	1.410859	1.473472	112.996467	123.414565	120.026876	120.335456	122.149463	121.077174	-0.000015	0.000036	-0.000011	0.000000	79.7247	C12N(CC=C(C=1)Br)C=CC=C2
222223f1	322222	CCCCCN	-,-,-,-,-,-	1.503073	1.345080	1.453261	1.344481	1.408386	1.470268	113.134348	124.627288	117.658365	121.605445	122.132394	120.585113	3.664305	-4.647079	1.084769	0.051836	89.8417	C12N(CC=C(C=1)NC3C=CC=CC=3)C=CC=C2
222223f1	322222	CCCNCC	-,-,-,-,-,-	1.498430	1.342232	1.385913	1.402108	1.356357	1.501525	113.124073	120.263399	123.589670	120.103424	119.945224	122.699974	1.989564	2.872707	-4.113043	0.054729	82.2617	C1C(=C(N2C(=O)CSC2=C1C(=O)N)N)C#N
222223f1	322222	CCCNCC	-,N,-,-,-,-	1.476710	1.457673	1.292322	1.373719	1.345639	1.502968	108.992907	121.006599	125.333149	115.782382	125.710212	123.174751	0.000158	-0.000098	0.000137	0.000002	31.1872	C1C(=CN=C2C1=NN=N2)O
222223f1	322222	CNCCCN	-,-,O,-,-,-	1.459285	1.397447	1.484606	1.397561	1.398900	1.459852	109.822941	118.897270	116.261559	118.807344	121.076785	115.111882	-22.733884	-2.245764	-0.601330	0.405191	56.2582	CC1Nc2cc(Cl)c(cc2C(=O)N1c3ccccc3C)S(=O)(=O)N
222223f1	322222	CNCNNC	-,-,-,-,-,-	1.421828	1.365725	1.286061	1.411744	1.303726	1.541347	108.093734	120.563516	128.567278	116.993467	118.431458	126.807612	-3.825516	-2.400492	3.079382	0.074613	70.1392	COC1(C=NN=C2N1C=NN2)OC
222223f1	322222	COCNCC	-,-,O,-,-,-	1.461815	1.371099	1.377638	1.361120	1.388796	1.471077	113.171574	124.009640	118.970894	121.484827	121.964639	120.398426	0.000006	0.000007	-0.000006	0.000000	69.8032	Cc1c2c(n[nH]1)COC(=O)N2
222223f2	222223	CCCCCC	C,-,-,O,C,-	1.484367	1.406055	1.481032	1.492126	1.519829	1.528256	113.521545	119.920561	120.092965	118.778191	116.357619	109.893280	-0.997696	11.614474	12.019114	0.455700	61.7428	CN(C)C1C2C(O)C3C(=C)c4cccc(O)c4C(=O)C3=C(O)C2(O)C(=O)C(=C1O)C(=O)N
222223f2	222223	CCCCNC	-,-,-,-,-,-	1.339999	1.449989	1.355191	1.413826	1.483870	1.503373	123.299627	120.734496	120.011240	120.792094	122.044988	111.693765	-4.759843	-1.461123	11.478981	0.116766	66.8018	C1CCN2[C@@H](C1)C=CC3=C2CCCC3=O
222223f2	222223	NCCCNC	-,-,-,-,-,-	1.289037	1.442442	1.374996	1.356056	1.464892	1.462317	117.614980	123.410614	118.760746	122.405709	117.044796	119.801236	-3.928083	3.907789	3.156245	0.096944	71.6139	C1C[C@@H]2N=Cc3c(c(sc3N2C1)C(=O)N)N
222223f2	222322	CCCCCC	O,-,-,-,-,-	1.478228	1.401063	1.520332	1.521100	1.403312	1.478935	119.641729	119.595915	121.655285	113.924694	121.425716	119.673788	-5.436409	20.077647	-20.269397	0.212766	76.2537	OCC1OC(C(O)C(O)C1O)C2c3cccc(O)c3C(=O)c4c(O)cc(CO)cc24
222223f2	222322	CCCCCC	O,-,-,-,-,-	1.480973	1.399786	1.505049	1.505049	1.399786	1.480973	119.039716	120.448336	122.090722	115.882180	122.090716	120.448330	-0.000026	0.000389	-0.000454	0.000005	80.2685	O=C1C2=C(CC3=C1C=CC=C3)C=CC=C2
222223f2	222322	CCCSCC	N,-,-,O,-,-	1.496126	1.393618	1.754757	1.753749	1.391200	1.492395	117.423632	121.099579	118.741153	105.892878	118.550488	121.539440	3.102746	26.562582	-27.504219	0.473061	88.7957	ON=C1C2=C(C=CC=C2)S(=O)(=O)C3=CC=CC=C13
222223f2	222322	CCCSCC	O,-,-,O,-,-	1.481912	1.387775	1.747678	1.747678	1.387775	1.481912	122.775207	123.621382	120.530645	108.920741	120.530640	123.621386	0.000084	-0.000294	0.000286	0.000004	75.6045	O=C1C2=C(C=CC=C2)S(=O)(=O)C3=CC=CC=C13
222223f2	222322	NCCCCC	-,N,C,-,-,-	1.313594	1.561998	1.517113	1.519538	1.402062	1.360297	123.003281	120.280495	114.999229	113.692300	121.008991	122.603758	-24.580693	20.658952	-7.515572	0.208333	62.2184	CC1=NC(=C2[C@@H](C1C#N)c3ccccc3NC2=[NH2+])C
222223f2	222322	NCCSCC	-,-,-,-,-,-	1.402651	1.402903	1.782611	1.788674	1.410383	1.411677	127.893114	122.216397	122.533616	103.134793	123.331653	120.642227	1.667186	1.365416	-1.192087	0.047785	74.3133	COC(=O)C1=C2NC3=CC=CC=C3SC2=CC=C1
222223f2	222322	NCCSCC	-,-,-,-,-,-	1.406277	1.405106	1.785114	1.785114	1.405106	1.406277	126.583506	122.281719	122.820745	102.916009	122.820745	122.281725	2.443352	0.842816	-0.842836	0.049870	68.7932	N1C2=CC=CC=C2SC3=C1C=CC=C3
222223f2	222322	NCCSCC	-,-,-,-,-,-	1.407748	1.412027	1.805658	1.778659	1.400705	1.403343	127.171551	123.273214	120.314360	104.293360	122.625359	122.030541	2.205795	1.144758	-1.146275	0.050637	71.9941	N1C2=CC=CC=C2SC3=C1C=CC4=C3C=CC=C4
222223f2	222322	NCCSCC	-,-,-,-,-,-	1.407964	1.401091	1.778396	1.778396	1.401091	1.407964	126.282431	122.096503	123.387085	102.502406	123.387085	122.096505	-2.404760	-0.535611	0.535624	0.044786	66.0262	c1cncc2c1Nc3ccncc3S2
222223f2	222322	NCCSCC	-,-,-,-,-,-	1.408128	1.409519	1.790729	1.790777	1.408284	1.407475	129.226021	121.430519	121.197961	105.418219	120.930055	121.797226	0.000387	-0.000638	0.000591	0.000007	57.8103	ClC1=C2NC3=C(Cl)C(=CC(=C3SC2=C(Cl)C=C1)Cl)C#N
222223f2	222322	NCCSCC	-,-,-,-,-,-	1.417344	1.409904	1.782774	1.782774	1.409904	1.417344	124.911178	121.298655	122.697244	101.617485	122.697251	121.298651	-1.936583	17.430532	-17.430420	0.270958	82.3232	CN1C2=C(SC3=C1C=CC=C3)C=CC=C2
222223f2	222322	NCCSCC	-,-,-,-,-,-	1.425951	1.409815	1.776601	1.776601	1.409816	1.425952	125.357583	121.737556	123.611135	102.291541	123.611137	121.737548	-2.042164	10.440971	-10.440861	0.150813	79.4076	CCN1C2=C(SC3=C1C=CC=C3)C=CC=C2
222223f2	222322	NCCSCC	-,-,-,-,-,-	1.444771	1.411659	1.791638	1.775294	1.406098	1.443554	116.020586	123.310985	118.753323	98.702264	121.395846	121.030860	-1.829359	32.640378	-33.932500	0.538664	83.1774	CC(=O)N1C2=C(SC3=C1C=CC4=C3C=CC=C4)C=CC=C2
222223f2	222322	NCCSCC	-,-,-,-,-,-	1.447354	1.407305	1.777174	1.773401	1.404373	1.440538	116.117697	121.580795	122.090345	98.256585	121.671317	122.412654	1.343882	-29.811289	29.577396	0.495884	84.9509	CC(=O)N1C2=C(SC3=C1C=C(C=C3)C(=O)CCl)C=CC=C2
222223f2	222322	NCCSCC	-,-,-,O,-,-	1.414610	1.406150	1.798280	1.797713	1.405968	1.413279	122.940736	121.093408	121.235760	97.691741	121.234811	121.165876	-10.416992	33.463444	-33.335105	0.455275	74.0575	CC[N+]([O-])(CC)CCCN1C2=C(C=CC=C2)S(=O)C3=C1C=CC=C3
222223f2	222322	NCCSCC	-,-,-,O,-,-	1.416603	1.409010	1.800527	1.800527	1.409010	1.416604	121.641751	120.177922	120.866607	96.785290	120.866566	120.177919	8.437792	-35.972159	35.972469	0.522824	77.4053	CN1C2=C(C=CC=C2)S(=O)C3=C1C=CC=C3
222223f2	222322	NCCSCC	-,-,-,O,-,-	1.420853	1.410018	1.793462	1.791439	1.407509	1.422731	123.557833	121.000406	121.882153	98.117519	121.932396	121.032248	11.141618	-32.006949	32.246436	0.419628	72.0379	CCN1C2=C(C=CC=C2)[S](=O)C3=C1C=CC(=C3)[N+]([O-])=O
222223f2	222322	NCCSCC	-,-,-,O,-,-	1.443643	1.407642	1.797535	1.791448	1.402698	1.438630	114.207558	120.852899	120.540614	93.774525	120.410829	121.594240	8.267491	-41.998945	40.922089	0.641013	80.1863	CC(=O)N1C2=C(C=CC=C2)S(=O)C3=C1C=CC=C3
222223f2	222322	OCCCCC	-,-,-,-,-,-	1.373757	1.400728	1.517276	1.517275	1.400728	1.373756	118.202622	123.284928	119.019204	112.094418	119.019208	123.284958	3.125399	-19.857198	19.857027	0.237344	80.7477	CC(=O)OC1=CC2=C(C=C1)C3(OC(=O)C4=C3C=CC=C4)C5=C(O2)C=C(OC(C)=O)C=C5
222223f2	222322	OCCCCC	-,-,-,-,-,-	1.374480	1.399840	1.516575	1.517124	1.399353	1.373967	118.058790	123.162399	119.059928	111.985108	119.018931	123.223357	-2.628551	20.150486	-20.247672	0.246359	81.8005	Oc1ccc2c(Oc3cc(O)ccc3C42OC(=O)c5ccccc54)c1
222223f2	222322	OCCSCC	-,-,-,-,-,-	1.371973	1.394401	1.769914	1.769914	1.394401	1.371973	121.428091	126.091915	122.889173	100.609707	122.889180	126.091935	0.000313	-0.000075	0.000145	0.000004	45.9397	O1C2=CC=CC=C2SC3=C1C=CC=C3
222223f2	232222	NCCCCC	-,-,C,-,-,-	1.480992	1.506173	1.453500	1.346343	1.506135	1.285267	123.128039	111.750839	116.543872	121.564575	117.990914	120.976748	32.449473	-20.629040	-0.864405	0.282075	64.6002	c1ccc2=[NH+][C@@H]3C(=O)C=CC=C3C=c2c1
222223f2	322222	CCCCCC	-,-,-,N,-,-	1.528085	1.405495	1.490524	1.493662	1.407351	1.529042	109.577835	120.047882	118.817790	114.739931	118.222462	120.477516	-3.579182	-30.667219	30.634384	0.462822	86.0329	CC(C)(C1c2ccccc2C(=NO)c3c1cccc3)[N+](=O)[O-]
222223f2	322222	CCCCCN	-,-,-,-,-,-	1.507839	1.410557	1.480245	1.416683	1.413266	1.461610	112.827541	119.011966	118.141024	118.619506	121.014936	114.474446	3.259054	13.083105	1.759942	0.384790	65.0890	CC(O)=O.C1NC2=CC=CC=C2C3=C1C=CC=C3
222223f2	322222	CCCOCC	-,-,-,-,-,-	1.503118	1.395764	1.373235	1.373819	1.396245	1.501612	113.403617	120.246070	123.634862	118.751665	123.654290	120.226670	0.514630	1.611915	-1.311518	0.029800	74.3736	OC1C2=C(OC3=C1C=CC=C3)C=CC=C2
222223f2	322222	CCCOCC	-,-,-,-,-,-	1.527626	1.398685	1.374408	1.374408	1.398685	1.527626	112.300969	120.806095	122.676928	120.717927	122.676928	120.806087	0.160591	0.875569	-0.875646	0.012943	81.4738	CC1(CCC(O)=O)C2=C(OC3=C1C=CC4=C3C=CC=C4)C5=C(C=CC=C5)C=C2
222223f2	322222	CCNNCC	-,O,-,-,-,-	1.519429	1.388560	1.431547	1.396808	1.348527	1.497393	114.717983	117.549956	120.423887	120.352000	122.046902	119.846088	-14.503042	-4.441000	12.084097	0.228516	71.1857	COc1ccc2c(c1)CCC3=C2CC(=O)N4N3CCCC4
222223f2	322222	CNCNCC	-,-,-,-,-,-	1.454974	1.396390	1.299770	1.366428	1.338429	1.488401	112.114161	119.187227	125.861181	117.749236	123.015418	122.070863	-0.325653	-0.022107	0.139904	0.004259	63.6752	CC1=NC2=C(CN1C)CN3C=C(C=CC3=N2)Br
222223f2	322222	COCCNC	-,-,-,-,-,N	1.420231	1.370624	1.403119	1.392921	1.344530	1.502289	118.707883	116.799202	124.525786	117.934055	122.440099	118.571730	8.334323	-0.585019	-3.265247	0.095157	63.9699	CCn1c(=O)n-2c(n1)COc3c2cccc3
222223f2	322222	SCCCCC	O,-,-,S,-,-	1.803297	1.401440	1.478544	1.478205	1.400703	1.803392	95.877853	121.329387	118.480099	117.722173	118.521018	121.379503	-7.249960	-38.144412	38.726579	0.618733	81.2501	S1(C2=C(C=CC=C2)C(C3=C1C=CC=C3)=S=O)=O
222223f2	322222	SCCNCC	-,-,-,-,-,-	1.772850	1.350499	1.378428	1.377774	1.350108	1.743695	103.147090	119.376633	126.627825	124.565215	122.211895	124.069090	0.005767	-0.178113	-0.082927	0.005021	61.9065	CC1(CC2=C(C(=O)C1)Sc3c(c(=O)[nH]cn3)N2)C
222223f2	322222	SCCNCC	-,-,-,-,-,-	1.775705	1.408795	1.425612	1.426502	1.409779	1.776330	102.324498	123.691644	121.749764	125.378959	121.741837	123.622646	-1.809670	-9.409381	9.284110	0.143150	79.4698	CN1CCN(CCCN2c3ccccc3Sc4ccc(cc24)C(F)(F)F)CC1
222223f2	322222	SCCNCC	-,-,-,-,-,-	1.776582	1.409879	1.425360	1.426133	1.409874	1.776643	102.342452	123.628610	121.677009	125.497535	121.670917	123.619384	1.934757	9.648665	-9.684594	0.146489	79.7014	NC1=CC=C(C=C1)C(O)=O.C2CCN(C2)CCN3C4=C(SC5=C3C=CC=C5)C=CC=C4
222223f2	322222	SCCNCC	-,-,-,-,-,-	1.776643	1.409873	1.426134	1.425360	1.409879	1.776580	102.342486	123.619316	121.670861	125.497512	121.677006	123.628511	1.866522	9.685269	-9.649011	0.146499	79.7009	NC1=CC(=C(C=C1)C(O)=O)O.C2CCN(C2)CCN3C4=C(SC5=C3C=CC=C5)C=CC=C4
222223f2	322222	SCCNCC	-,-,-,-,-,-	1.783821	1.409701	1.420491	1.430633	1.406611	1.781773	100.820945	122.297369	122.092714	121.684837	122.295189	122.086026	0.718060	25.407212	-24.554413	0.343790	83.4918	CCN1CCC[CH](C1)N2C3=C(SC4=C2C=CC=C4)C=CC=C3
222223f2	322222	SCCNCC	-,-,-,-,-,-	1.785264	1.405198	1.406522	1.405802	1.403201	1.783869	102.910083	122.772466	122.261169	126.600515	122.256994	122.906173	-2.386497	6.540988	-6.557414	0.049791	69.2082	ClCC(=O)C1=CC2=C(SC3=CC=CC=C3N2)C=C1
222223f2	322222	SCCNCC	O,-,-,-,-,-	1.799144	1.401975	1.409439	1.409439	1.401975	1.799144	98.991090	122.003687	121.813905	123.174065	121.813906	122.003687	5.921305	23.025125	-23.025076	0.378279	77.5989	O=S1C2=C(NC3=C1C=CC=C3)C=CC=C2
222223f2	322222	SCCOCC	O,-,-,-,-,-	1.742305	1.385325	1.368684	1.368684	1.385325	1.742305	106.013994	118.993007	126.851387	122.297217	126.851390	118.993006	-0.000032	-0.000046	0.000102	0.000001	85.2606	O=S1(=O)C2=CC=CC=C2OC3=C1C=CC=C3
222223f2	322222	SCCOCC	O,-,-,-,-,-	1.791886	1.395499	1.374783	1.374782	1.395499	1.791885	95.068609	120.900351	123.635490	116.687849	123.635536	120.900325	-4.422839	-33.858293	33.858320	0.514092	80.3548	O=S1C2=C(OC3=C1C=CC=C3)C=CC=C2
222223f2	322222	SNCCCC	O,-,-,-,-,-	1.687561	1.428942	1.415331	1.488462	1.407667	1.761725	101.038201	114.203388	120.132279	120.805523	121.225266	118.011121	-42.826237	1.650095	21.389017	0.540767	65.9021	c1ccc2c(c1)-c3ccccc3S(=O)(=O)N2
222223f3	322222	COCCCC	-,-,-,-,-,-	1.443199	1.372648	1.400618	1.456482	1.401759	1.506410	115.496720	114.861818	122.213918	119.640074	118.255977	117.387122	-26.234982	-0.310870	11.252813	0.331755	64.8776	COc1c(cc2c-3c1COc4c3c(cc(c4)O)CC2)O
222223i	222223	CCNCCC	-,-,-,-,-,-	1.351547	1.386224	1.387390	1.353333	1.527742	1.523760	121.789391	119.374457	124.582569	119.648302	121.319830	112.978658	-4.977615	4.317720	0.832349	0.057401	86.8600	C1(C(C(C(=O)OCC)=C(NC=1C)C)C2=CC=CC=C2)C(=O)OCC
222223i	222223	CCNCNC	-,-,-,-,-,-	1.345212	1.374428	1.288623	1.360923	1.458819	1.514420	123.009264	122.530065	115.660340	127.675576	120.427678	108.080961	-8.600764	-0.505426	15.031967	0.160139	71.5594	C1C(NC=NC=1C2=CC=CC=C2)(C3=CC=CC=C3)C4=CC=CC=C4
222223i	222223	CNCNCC	O,-,O,-,O,-	1.368723	1.357709	1.357709	1.368724	1.536215	1.536215	116.143444	123.753306	117.048051	123.753361	116.143463	108.610778	19.847683	-19.847526	30.369989	0.305953	29.1155	CCC1(C(=O)NC(=O)NC1=O)c2ccccc2
222223i	222223	CNCNCC	O,-,S,-,-,-	1.363191	1.369099	1.367356	1.291395	1.487636	1.491009	115.938478	126.087902	119.261908	120.116185	125.026133	113.569394	0.000001	-0.000002	-0.000001	0.000000	67.6539	O=C1CC=NC(=S)N1
222223i	222223	CNCNCC	O,-,S,-,O,-	1.366321	1.358319	1.358319	1.366320	1.496724	1.496724	117.379701	125.945404	117.306379	125.945398	117.379709	116.043409	0.000034	0.000032	-0.000067	0.000001	84.8814	O=C1CC(=O)NC(=S)N1
222223i	222223	NCCCCC	-,-,-,-,-,-	1.382682	1.343181	1.456658	1.350583	1.507878	1.476131	121.342939	122.303151	121.169636	118.162391	123.652838	112.418244	0.525338	-2.398388	-3.214808	0.093997	62.0867	CCN1CC(=C(C=C1O)C)C(=O)N
222223i	222232	CCCCCC	-,O,-,-,-,-	1.491261	1.491261	1.342678	1.517659	1.517659	1.342678	121.119911	117.250320	121.119910	123.639887	113.230085	123.639886	0.000001	0.000001	-0.000010	0.000000	55.5580	ClC1=C(Cl)C(Cl)(Cl)C(=C(Cl)C1=O)Cl
222223i	222232	CNCNCC	-,-,N,-,-,-	1.365914	1.354466	1.364612	1.483034	1.502145	1.331607	114.666337	124.735340	122.151100	120.029145	110.234603	128.183474	-0.000030	-0.000006	0.000042	0.000000	73.8603	CC1=CC(N(C(=[NH2+])N1)C)(C)C
222223i	222232	CNCNCC	-,-,O,-,-,-	1.375975	1.362350	1.354205	1.449056	1.501391	1.345159	118.038543	125.468617	116.388469	124.653966	111.307087	122.329425	0.446188	-12.121913	16.283035	0.126563	64.8093	CC1=C([C@@H](NC(=O)N1)c2ccco2)C(=O)C
222223i	222232	CNCNCC	-,-,S,-,-,-	1.370982	1.360837	1.357968	1.459468	1.509253	1.340434	118.854930	124.274574	117.168080	124.564587	109.695825	122.879870	0.053243	-13.876362	19.164607	0.151827	64.1859	CC1=CC(C)(C)NC(=S)N1
222223i	222232	CNCNCC	-,-,S,-,-,-	1.404541	1.404064	1.366137	1.448668	1.496226	1.342923	119.711556	120.661713	116.566291	124.923254	108.117474	123.336268	-1.034571	-21.795284	30.825567	0.246564	66.8850	CC1=CC(C)(C)NC(=S)N1CCO
222223i	222232	CNCNCC	-,-,S,-,-,-	1.406125	1.413214	1.372649	1.450648	1.496467	1.343325	120.131636	120.361281	116.304039	124.290843	108.157335	123.210447	2.516984	-25.593361	33.106322	0.255779	63.2585	CC1=CC(C)(C)NC(=S)N1C2=CC=C(C=C2)[N+]([O-])=O
222223i	222232	CNCNCN	N,-,-,-,-,-	1.349824	1.365978	1.292074	1.469397	1.448298	1.347418	113.168657	126.957139	122.190292	114.571749	117.209037	120.002549	-7.995390	-2.484765	20.014026	0.223002	62.2411	N=C1N[CH](N=C(N1)NC2=CC=CC=C2)C3=CC=CC=C3
222223i	222232	CNNCSC	-,-,-,S,-,-	1.396532	1.397278	1.370114	1.744261	1.745669	1.352884	123.259888	121.614233	122.636904	119.358733	104.754118	120.667921	-34.120669	18.363193	4.349447	0.278568	80.9927	CC1=C(SC(=S)NN1c2ccccc2)C
222223i	222232	NCNCCC	-,O,-,O,-,O	1.358390	1.358390	1.366729	1.512244	1.512244	1.366729	125.708108	116.814028	125.708093	117.058222	113.883134	117.058218	11.803064	-15.908721	18.000499	0.148517	23.2036	N1C(C(C2=CC=CC=C2)C(NC1=O)=O)=O
222223i	222232	NCNCCC	-,O,-,O,-,O	1.358415	1.358383	1.366738	1.512215	1.512278	1.366797	125.706140	116.817509	125.660357	117.044966	113.853301	117.047297	-12.060664	16.327696	-18.339890	0.150522	23.2561	N1C(C(C2=CC=C(C=C2)C)C(NC1=O)=O)=O
222223i	222232	NCNCCC	-,O,-,O,-,O	1.378939	1.361367	1.362751	1.503537	1.512392	1.387573	124.095316	116.951553	126.570523	116.632220	114.320119	117.174151	9.509410	-16.110457	20.667805	0.167068	32.9337	N1(C(C(C2=CC=CC=C2)C(NC1=O)=O)=O)C
222223i	222232	NNCCCC	-,-,O,N,-,-	1.353685	1.369719	1.508785	1.492068	1.502139	1.298616	119.870289	127.768495	116.004001	117.337767	115.839598	123.179851	-0.000312	-0.000699	0.001319	0.000012	68.5895	c1ccc(cc1)C2=NNC(=O)/C(=N/N=c/3\\c4ccccc4nc[nH]3)/C2
222223i	222322	CCNCNN	-,O,-,-,-,-	1.520368	1.394980	1.452851	1.446640	1.368234	1.301714	123.217241	116.345418	117.774454	111.410006	121.833274	116.419350	-13.210543	34.768415	-43.331714	0.326067	58.8083	CC1=NN[C@@H](N(C1=O)N)SC
222223i	222322	CNCCCN	O,-,O,-,O,-	1.358583	1.362952	1.495798	1.495798	1.362952	1.358583	116.645405	126.355334	117.406480	115.830969	117.406480	126.355333	-0.000019	0.000014	-0.000040	0.000001	41.6961	C1(NC(=O)CC(N1)=O)=O
222223i	222322	CNCCCN	O,-,O,-,O,-	1.361310	1.369878	1.492385	1.492385	1.369878	1.361310	116.304117	126.475252	117.195048	116.253302	117.195046	126.475257	2.683027	-2.740877	2.740854	0.023172	13.2048	O=C1NC(=O)C(C(=O)N1)N(=O)=O
222223i	222322	CNCCCN	O,-,O,-,O,-	1.391337	1.379883	1.485222	1.485222	1.379883	1.391338	117.352563	121.868684	116.494686	116.350005	116.494707	121.868700	28.962807	-13.664143	-13.663890	0.302793	89.9999	C1(N(C(=O)CC(N1C(C)C)=O)C(C)C)=O
222223i	222322	NCNCCC	-,-,-,-,-,-	1.291204	1.359067	1.443089	1.512147	1.355901	1.387102	117.027477	125.866303	119.102764	110.319184	119.924061	122.255942	20.106087	-26.610806	16.970632	0.229252	68.5752	N1C(=C(SC2C=CC=CC=2)CNC=1SC)CCl
222223i	223222	CCCCCN	-,-,-,-,-,-	1.360896	1.507667	1.499567	1.345412	1.407719	1.424939	119.040622	122.389919	114.296306	120.715061	122.068345	121.230524	4.143189	-3.748045	-0.317362	0.053167	88.4515	c1ccc(c(c1)N2C(=C([C@@H](C(=C2O)C#N)O)C#N)N)Br
222223i	223222	CNCCNC	-,-,-,O,-,C	1.276696	1.482732	1.540054	1.369060	1.369303	1.480091	128.120913	116.430114	116.072361	117.465604	123.610460	115.105020	-16.794848	20.672723	-10.826617	0.180954	67.4218	Cc1ccc(cc1)/C=C\\2/C(=N[C@@H](C(=O)N2)C)O
222223i	223222	CNCNCC	-,-,-,-,O,-	1.380896	1.435744	1.419895	1.364612	1.480067	1.341212	119.685195	120.993857	106.968207	120.985892	116.841968	118.172204	42.926047	-44.757171	25.695406	0.358370	56.2451	CC1=CC(=O)N[C@@H](N1)NN
222223i	223222	COCOCC	-,-,-,-,O,-	1.371805	1.431890	1.434324	1.345351	1.459799	1.335307	122.991056	114.679403	116.086645	118.969972	116.533491	120.525255	34.377495	-36.840488	17.701864	0.288088	59.1881	CC1=CC(=O)OC(C)(C)O1
222223i	223222	COCOCC	O,-,-,-,O,C	1.346890	1.426065	1.426026	1.346483	1.465893	1.466317	115.422613	118.994654	113.850455	118.810253	115.531744	121.283961	43.863799	-44.199252	17.988256	0.371306	66.2434	CCOC(=O)c1ccc(cc1)NC=C2C(=O)OC(OC2=O)(C)C
222223i	223222	NCCCCC	-,O,-,-,-,-	1.374836	1.529833	1.493271	1.334752	1.477582	1.287523	119.849980	120.115303	114.593790	121.794560	117.021227	126.276024	-6.932798	3.898681	0.483704	0.058920	68.0470	N1=C(C=CCC1=O)Cl
222223i	223222	NCCCNC	-,O,-,O,-,O	1.366505	1.509353	1.509353	1.366505	1.359301	1.359301	124.909438	115.891742	113.422333	115.891743	124.909439	116.934889	26.866839	-26.866852	22.698388	0.220446	26.1219	N1C(NC(=O)C(C1=O)CC)=O
222223i	223222	NCCCNC	-,O,-,O,-,O	1.367752	1.508455	1.508455	1.367752	1.360325	1.360325	123.814849	115.231534	111.883556	115.231533	123.814823	116.986160	34.219514	-34.219575	28.580102	0.282371	26.9383	N1C(NC(=O)C(C1=O)C)=O
222223i	223222	NCCCNC	-,O,-,O,-,O	1.383891	1.495898	1.486929	1.358363	1.360993	1.379851	124.202641	117.841403	116.525892	117.049542	127.188442	116.905422	-5.108093	2.472942	-0.898304	0.043552	42.9107	N1(C(NC(=O)CC1=O)=O)CC
222223i	223222	NCCCNC	-,O,-,O,-,O	1.388419	1.512824	1.516499	1.389735	1.390930	1.391658	123.895554	113.926869	110.095785	113.550704	123.759752	116.742536	-44.569990	45.402682	-28.050909	0.384656	48.8680	N1(C(N(C(=O)C(C1=O)NC(=O)OCC)C)=O)C
222223i	223222	NNCNNC	-,-,-,-,-,-	1.391998	1.464994	1.495378	1.384522	1.389556	1.300389	117.998585	120.573937	113.471722	115.175389	119.956513	125.294308	-27.297395	31.102820	-22.301554	0.242095	48.0833	c1ccc(cc1)C2=NN(CN(N2)c3ccccc3)c4[n-]nnn4
222223i	232222	CCCCCC	-,-,-,-,O,-	1.516155	1.516155	1.351359	1.498911	1.498912	1.351359	122.202614	114.072221	122.202627	119.525631	118.020970	119.525641	18.115033	-1.899165	-15.364598	0.228308	86.1744	CC1=C(C(=O)C(=C(C1[NH+]=C(C)C)C)C)C
222223i	232222	CCCCNC	-,-,-,-,-,-	1.513968	1.514962	1.352691	1.387465	1.386889	1.352002	121.102287	114.183661	120.885122	119.541660	124.669106	119.367236	-4.397713	0.507848	3.142612	0.051389	75.0551	CCOC(=O)C1=C(C)NC(=C(C1)C(=O)OCC)C
222223i	232222	CCNCNC	-,-,-,O,-,-	1.501508	1.452219	1.354565	1.362685	1.376533	1.345967	122.466472	111.384007	125.034661	116.449871	125.473352	118.149918	-12.222792	9.113717	0.068701	0.097139	67.5612	CCOC(=O)C1=C(C)NC(=O)N[CH]1C2=CC=CC=C2
222223i	232222	CCOCNN	-,-,-,O,-,-	1.529063	1.433612	1.357593	1.374185	1.358804	1.296275	121.977600	112.800884	119.506576	116.897807	127.108966	115.993664	26.477205	-14.372758	-7.032102	0.234236	70.8215	CC1=NNC(=O)OC1(C)C
222223i	232222	NCNCCC	-,-,-,-,-,O	1.419895	1.435744	1.380896	1.341212	1.480067	1.364612	120.985901	106.968195	120.993797	119.685200	118.172199	116.841966	42.926179	-22.082398	-1.680969	0.358371	56.2452	N1C(C=C(C)NC1NN)=O
222223i	322222	CCCCCC	-,-,-,O,-,-	1.500049	1.342219	1.483394	1.483394	1.342219	1.500049	114.299488	123.259221	120.709981	117.741488	120.709979	123.259224	-0.468671	1.519761	-1.519752	0.014741	73.9899	CC(=O)NC1(C=CC(=O)C=C1)OC
222223i	322222	CCNCNC	-,O,-,-,-,O	1.520682	1.401594	1.407859	1.295571	1.362413	1.513526	108.823879	115.633596	121.139744	121.054711	120.746505	116.056558	-3.082175	-14.759245	-1.307429	0.397299	64.3543	CCC1(CC)C(=O)N=C(NC2=CC=CC=C2)N(C1=O)C3=CC=CC=C3
222223i	322222	CCNCNC	-,O,-,O,-,O	1.511872	1.366887	1.361187	1.379072	1.394213	1.521046	115.496202	117.033986	127.760102	116.720064	124.893279	117.476485	-2.780434	0.782289	6.023063	0.072369	64.2332	C1(C(N(C)C(NC1=O)=O)=O)(Cl)Cl
222223i	322222	CCNCNC	-,O,-,O,-,O	1.518341	1.364955	1.358271	1.358271	1.364955	1.518341	114.537339	117.329309	126.480660	117.025512	126.480659	117.329302	-6.020214	1.394964	-1.394980	0.082237	48.6985	NC1C(=O)NC(=O)NC1=O
222223i	322222	CCNCNC	-,O,-,O,-,O	1.520982	1.371802	1.358698	1.358698	1.371802	1.520982	114.773119	117.363107	126.979433	116.541800	126.979434	117.363107	-0.000007	-0.000008	0.000005	0.000000	65.4601	C1(C(NC(NC1=O)=O)=O)(Cl)Cl
222223i	322222	CCNCNC	-,O,-,O,-,O	1.522139	1.366660	1.359171	1.359060	1.366365	1.524735	111.345987	116.387088	125.143992	116.974765	123.855061	116.113960	21.585331	-15.469425	19.473284	0.251902	28.3117	CCC1(CCSC(N)=N)C(=O)NC(=O)NC1=O
222223i	322222	CCNCNC	-,O,-,O,-,O	1.522965	1.368133	1.359666	1.359168	1.367629	1.522319	110.474657	116.057444	124.243232	116.904064	123.348496	115.896239	26.613793	-19.425554	21.922319	0.282226	25.7842	CCC1(CC=C)C(=O)NC(=O)NC1=O
222223i	322222	CCNCNC	-,O,-,O,-,O	1.523615	1.368106	1.361052	1.360584	1.367031	1.522144	109.580950	115.680008	123.772801	116.975501	122.848405	115.581493	-29.067792	20.170368	-22.448710	0.311557	27.6633	CCC1(CCSC#N)C(=O)NC(=O)NC1=O
222223i	322222	CCNCNC	-,O,-,O,-,O	1.523714	1.366154	1.358805	1.359483	1.366688	1.521738	111.433252	116.131635	123.773230	116.962036	125.247477	116.425678	-29.588108	19.700615	-14.992585	0.250063	28.6820	CCCC1(CCS)C(=O)NC(=O)NC1=O
222223i	322222	CCNCNC	-,O,-,O,-,O	1.529626	1.367714	1.359187	1.359187	1.367714	1.529626	108.722494	115.786682	123.141749	116.974961	123.141715	115.786668	32.457923	-22.486252	22.486341	0.319522	26.5681	CCC1(C(C)C)C(=O)NC(=O)NC1=O
222223i	322222	CNCNCC	-,-,O,-,O,N	1.445477	1.363278	1.364503	1.374954	1.519730	1.502297	106.131795	120.976787	115.941437	126.288446	113.940602	112.104675	23.496133	3.390592	2.899848	0.456704	54.1491	Cc1ccc(cc1)/N=C\\2/CNC(=O)NC2=O
222223i	322222	CNCNCN	-,-,-,-,-,-	1.452033	1.308960	1.333204	1.289623	1.360779	1.438172	106.992057	120.869600	123.182371	117.767532	121.214043	119.605421	2.481425	14.301106	-3.269191	0.310522	67.6274	CC1(NC(=NC(=[NH+]1)N)Nc2ccccc2)C
222223i	322222	CNCNCN	-,-,N,-,N,-	1.472271	1.382410	1.357976	1.350203	1.354075	1.453802	111.221153	118.333859	114.466985	129.848359	113.960695	120.698520	-18.079322	-3.872799	4.113134	0.309736	57.8626	CCCCCC[CH]1NC(=N)NC(=N)N1C2=CC(=CC=C2)Cl
222223i	322222	CNCNCN	-,-,N,-,N,-	1.474077	1.381746	1.360412	1.352213	1.351072	1.446736	110.683204	118.447560	115.064333	129.078807	113.813541	121.146085	-16.685754	-3.467098	1.419978	0.309749	56.3329	CCCCCC[CH]1NC(=N)NC(=N)N1C2=CC=C(Cl)C=C2
222223i	322222	CNCNCN	-,-,N,-,N,-	1.475317	1.382213	1.360202	1.352185	1.351193	1.446025	110.669476	118.329738	115.076905	129.093541	113.806730	121.145502	16.975297	3.266468	-1.391540	0.311020	56.1650	CC[CH]1NC(=N)NC(=N)N1C2=CC(=C(Cl)C=C2)Cl
222223i	322222	CNCNCN	-,-,N,-,N,-	1.485520	1.383011	1.358527	1.349346	1.349038	1.452319	110.465845	119.727265	115.044802	129.359861	114.006068	122.151130	12.722890	4.325923	-0.453765	0.276272	56.9044	CC1(C)NC(=N)NC(=N)N1C2=C(Cl)C=CC=C2
222223i	322222	CNCNCN	-,-,N,-,N,-	1.490696	1.386152	1.358059	1.348513	1.348690	1.452953	110.604102	118.980555	115.406681	129.400953	113.898215	121.984279	-12.701320	-4.437402	0.215032	0.283440	56.7674	CC1(C)NC(=N)NC(=N)N1C2=CC=C(Cl)C=C2
222223i	322222	CNCNCN	-,-,N,-,N,-	1.490807	1.386206	1.358020	1.348460	1.348611	1.452986	110.627590	118.978793	115.426179	129.403227	113.894839	122.003955	12.579602	4.478957	-0.203252	0.282610	56.8098	CC1(C)NC(=N)NC(=N)N1C2=CC=C(C=C2)C(O)=O
222223i	322222	CNCNCN	-,-,N,-,N,-	1.490985	1.386262	1.358011	1.348441	1.348570	1.452972	110.624706	118.968992	115.425307	129.410178	113.895764	122.019340	-12.668925	-4.392798	0.188732	0.282382	56.7298	CC1(C)NC(=N)NC(=N)N1C2=CC(=CC=C2)Br
222223i	322222	CNCNCN	-,-,N,-,N,-	1.491350	1.386459	1.357975	1.348415	1.348528	1.452791	110.634114	118.939499	115.436963	129.415909	113.888636	122.027166	12.636583	4.423836	-0.205099	0.282455	56.7601	CC1(C)NC(=N)NC(=N)N1C2=CC(=CC=C2)Cl
222223i	322222	CNCNCN	-,-,N,-,N,-	1.492449	1.386983	1.357879	1.348416	1.348517	1.452046	110.638481	118.860286	115.452499	129.425886	113.868992	122.021720	-12.541024	-4.589643	0.292441	0.283753	56.9162	CC1(C)NC(=N)NC(=N)N1C2=CC(=C(Cl)C=C2)Cl
222223i	322222	SNCCCN	O,-,-,N,-,-	1.621383	1.289755	1.520187	1.507300	1.292606	1.629571	105.344276	113.934121	118.139027	114.813439	117.174985	114.937355	10.004615	37.337769	-37.948053	0.667935	80.9709	S1(N=C(C(=NO)C(=N1)N)N)(=O)=O
222233f1	222233	CCCCCC	-,-,-,-,-,-	1.336980	1.435342	1.337065	1.522129	1.549290	1.521776	122.934530	121.854469	121.861245	122.852325	115.289557	115.153588	1.004926	-1.281977	-0.367135	0.024085	72.9943	C12C(C(O)=CC=C1O)C(=O)C=CC2=O
222233f1	222233	CCCCCC	-,-,-,-,-,-	1.341515	1.443169	1.341418	1.496563	1.573214	1.497152	122.345138	121.992795	122.010124	122.507918	115.420167	115.696811	0.795709	0.664758	-1.742669	0.017057	74.8515	CCCCNC(=O)NCC1=[NH+][C@@H]2C=CC=C[C@@H]2N1
222233f1	222233	CCCCCC	-,-,-,-,-,-	1.350101	1.458979	1.342262	1.503319	1.561417	1.514166	121.900213	118.897048	121.409339	121.960606	111.351205	112.725838	-19.080140	2.923268	25.301394	0.363455	71.0465	C1CO[C@@H]2C=C(C=C[C@@H]2O1)[C@@H](C[NH3+])O
222233f1	222233	CCCCCC	O,-,-,O,-,-	1.468035	1.329287	1.467952	1.521094	1.549290	1.521594	121.162348	122.273286	122.266751	121.191682	116.185121	116.371260	0.265861	6.463211	-7.362855	0.077654	82.3827	C12C(C(O)=CC=C1O)C(=O)C=CC2=O
222233f1	222233	CCCCCC	O,-,-,O,-,-	1.511025	1.351985	1.504687	1.488430	1.536607	1.492825	112.702163	120.362047	119.786970	113.927108	104.089018	104.550449	7.241228	14.202405	-54.239066	0.625935	54.7484	CC1=C([C@@]2([C@@H]3[C@@H]([C@]1(O2)C)C(=O)C=CC3=O)[NH3+])C#N
222233f1	222233	CNCCSC	O,-,-,-,-,-	1.367372	1.401999	1.401264	1.779521	1.804686	1.511622	119.028619	126.309571	122.192977	121.913446	98.856723	113.856407	-10.996036	-2.800264	28.053506	0.468886	58.5308	O=C1CSC2=C(N1)C=CC=C2
222233f1	222233	CNCNCC	O,-,O,-,-,-	1.382590	1.385066	1.381736	1.442190	1.517658	1.502924	116.959083	124.698532	117.579326	122.732880	117.553653	112.838331	-14.191601	7.850669	-14.634099	0.229432	37.6170	CN1CN[CH]2[CH]1C(=O)N(C)C(=O)N2C
222233f1	222233	CNCNCC	O,-,O,-,-,-	1.388654	1.379927	1.371868	1.423176	1.501735	1.486297	112.947749	126.414159	115.145419	115.586874	109.269151	102.885100	2.795957	19.015097	-56.825143	0.555043	52.4442	c1ccc(cc1)C2=NO[C@@H]3[C@@H]2C(=O)NC(=O)N3
222233f1	222233	CNCNCC	O,-,O,-,-,-	1.401840	1.395199	1.388159	1.448245	1.562046	1.528079	110.080453	126.572014	115.265075	116.552998	103.597735	104.190807	18.306084	12.467496	-56.621607	0.647052	60.8082	CC1=C([C@@H]2[C@@H]1C(=O)NC(=O)N2)C
222233f1	222233	CNNCCC	O,-,-,O,-,-	1.387337	1.417676	1.394158	1.527005	1.528230	1.509990	114.351530	118.440492	118.797277	114.552827	106.839043	110.660918	-43.394531	8.408859	41.104123	0.624710	77.3852	O=C1C[CH](C(=O)N2N1C(=O)[CH](CC2=O)C3=CC=CC=C3)C4=CC=CC=C4
222233f1	222233	CNNCCC	O,-,-,O,-,-	1.392086	1.424917	1.392086	1.509517	1.514869	1.509517	113.974857	118.583790	118.583789	113.974854	109.074477	109.074473	43.611498	-14.573598	-36.566781	0.622526	77.4351	O=C1CCC(=O)N2N1C(=O)CCC2=O
222233f1	222233	COCCCC	N,-,-,-,-,-	1.353158	1.346384	1.377576	1.492965	1.557062	1.520435	118.959191	118.523496	122.427616	124.117823	103.483607	112.115056	-12.612542	-0.144812	30.844967	0.453975	61.1002	[H]/N=C/1\\CC2(CC[NH+](CC2)C)c3c(nc([nH]3)COC)O1
222233f1	222233	NCNCCC	-,-,-,O,-,-	1.299494	1.386227	1.389834	1.512308	1.512249	1.466455	110.756953	123.554180	123.680351	111.024336	103.398649	111.085711	11.960276	9.801471	-46.009591	0.570525	57.5364	CCCC1=NN([C@@H]2[C@@H]1N=C(NC2=O)Cc3ccc(cc3)N)C
222233f1	222233	NCNCCC	-,O,-,-,-,-	1.411844	1.384074	1.310318	1.515278	1.517498	1.415896	111.072495	118.692488	123.737165	115.073028	101.579024	109.070447	-18.939426	-2.544142	44.308263	0.610620	61.6693	CN1[C@@H]2[C@@H](C(=NC1=O)[O-])N=C(N2)Cl
222233f1	222233	NCNCCC	-,O,-,O,-,-	1.352389	1.358770	1.367675	1.522177	1.523270	1.422286	123.715165	117.101999	126.612385	116.983016	111.242659	116.284873	8.502530	-17.727616	27.213314	0.243011	39.1142	O=C1NC2NC(=O)NC(=O)C2N1
222233f1	222332	CCCCCC	-,-,-,-,-,-	1.442059	1.340006	1.504835	1.559916	1.504921	1.340924	121.675287	121.315745	123.342630	114.397691	115.458496	122.531713	-0.313822	-8.742475	12.750664	0.118171	67.5356	C1=C[C@H]2[C@@H](C(=C1)Cl)[NH+]=C(S2)N
222233f1	222332	CCCCCC	-,-,-,-,-,-	1.448621	1.343070	1.514241	1.559761	1.501975	1.343371	119.279913	122.753238	123.602604	112.778219	116.626991	123.722665	-0.144055	-8.863505	12.324783	0.117631	69.6272	CC(C)C1=CC[CH]2C(=C1)CC[CH]3[C]2(C)CCC[C]3(C)C(O)=O
222233f1	222332	CCCCCC	-,-,-,-,-,-	1.451469	1.342830	1.513486	1.558889	1.503045	1.343612	118.938374	122.935509	123.560715	112.641740	116.714092	123.755074	-0.456943	-9.469094	13.232004	0.128221	71.0183	CC(C)C1=CCC2C(=C1)CCC3C2(C)CCCC3(C)C(O)=O.CC(C)(N)CO
222233f1	222332	CCCCNC	-,-,-,-,-,-	1.487397	1.408388	1.499117	1.466970	1.406425	1.350956	120.224232	117.799627	117.413378	111.102886	113.688629	118.805558	0.852580	-33.245551	53.283140	0.436722	64.4614	CC1=C([NH2+]Cc2c1cccc2)/N=C(/NC(=O)c3ccccc3)\\[S-]
222233f1	222332	NCCCSC	-,-,-,-,-,-	1.372551	1.352972	1.534527	1.847618	1.732475	1.290655	120.772075	124.680989	121.966156	107.681399	97.839133	125.333052	3.168687	35.259425	-45.885629	0.554614	65.9970	N1=C(SC2(CCCCC2)C3=C1CCCC3)N
222233f1	222332	NNCSCC	-,-,-,-,-,-	1.490679	1.277761	1.720534	1.791212	1.517090	1.305018	114.046627	127.129583	125.138243	97.017865	111.701629	127.691690	0.219067	-28.049180	42.469017	0.474649	62.6384	Cc1ccc(cc1)C2=N[N+]3=C(SC2)SCC3=O
222233f1	223322	CCCCCC	-,-,-,-,-,-	1.357308	1.521106	1.527304	1.504814	1.409378	1.489396	119.942079	119.771608	113.136846	111.184367	119.445611	119.687755	-30.931863	46.423995	-32.875615	0.419473	67.3058	C1(C2=C(C=CC=C2)CCC=1N)C#N
222233f1	223322	CCCCNC	-,O,-,-,-,-	1.487382	1.505993	1.511366	1.468762	1.420828	1.351981	117.515191	118.326356	109.530102	110.101106	119.607464	122.768113	-42.031696	52.979314	-40.023134	0.439913	53.6587	C1(=C2N(C=CC=C2)CCC1=O)C#N
222233f1	223322	CNCCCC	C,-,-,-,-,-	1.392180	1.468496	1.550622	1.509430	1.405867	1.494387	114.964665	124.429000	110.037219	111.040192	118.944830	118.372249	22.029775	-47.633111	37.008541	0.505493	77.7155	C1(=C/C(=O)OCC)/C2=C(C=C(C(=C2)OC)OC)CC(N1)(C)C
222233f1	223322	COCCCC	O,-,-,-,-,-	1.365213	1.436485	1.516508	1.497235	1.399953	1.504912	116.473318	119.636916	110.664584	108.004319	119.454741	119.551643	-50.522216	57.004135	-32.957908	0.493035	62.1680	Cc1c2cc3c(nc2n(n1)C)C(=O)OCC3
222233f1	223322	COCCCC	O,-,-,-,-,-	1.374492	1.455227	1.533762	1.480375	1.378828	1.439309	113.116103	120.079815	113.232840	107.631804	119.640921	126.102562	-49.270807	48.775747	-26.376965	0.420075	56.8900	c1ccc2c(c1)c3c([nH]2)C(=O)OCC3
222233f1	223322	NCCSCC	-,O,-,-,-,-	1.367733	1.511506	1.805123	1.779878	1.402404	1.401264	126.398918	119.056763	113.822012	98.977999	121.817783	122.192301	-41.619573	44.961439	-28.033680	0.467637	58.5061	ClC1=CC2=C(NC(=O)CS2)C=C1
222233f1	223322	NCCSCN	-,-,-,-,-,-	1.302133	1.519434	1.799594	1.719997	1.372424	1.367575	116.558375	126.719155	112.539841	97.957157	121.137917	129.848322	-37.498398	40.327135	-26.616597	0.442594	61.1459	Cc1nnc2n1N=C(CS2)C
222233f1	233222	CCCCCN	-,-,-,-,-,-	1.509551	1.550973	1.517113	1.352048	1.375691	1.298124	122.758127	107.824287	109.648522	118.561551	122.258118	118.837204	46.828967	-29.173580	-7.902395	0.469847	70.1329	CC1=NC(=C2[C@@H](C1C#N)c3ccccc3NC2=[NH2+])C
222233f1	233222	CCCCNN	O,-,-,O,-,-	1.509517	1.514869	1.509517	1.392086	1.424917	1.392086	113.974850	109.074467	109.074473	113.974851	118.583788	118.583791	62.139586	-36.566812	-14.573579	0.622526	77.4351	O=C1CCC(=O)N2N1C(=O)CCC2=O
222233f1	233222	CCCCNN	O,-,-,O,-,-	1.527409	1.526743	1.508472	1.391820	1.417676	1.395071	113.345395	108.343550	108.884707	114.011458	118.122610	119.062997	-62.632004	37.897357	14.379296	0.637595	77.6742	O=C1C[CH](C(=O)N2N1C(=O)[CH](CC2=O)C3=CC=CC=C3)C4=CC=CC=C4
222233f1	233222	CCCCNN	O,-,-,O,-,-	1.528027	1.537751	1.528027	1.394989	1.417720	1.394989	113.614818	107.080372	107.080366	113.614819	118.473132	118.473132	65.664420	-39.323257	-14.387204	0.669002	76.2250	C[CH]1[CH](C)C(=O)N2N(C1=O)C(=O)[CH](C)[CH](C)C2=O
222233f1	233222	NCCNCC	-,-,-,-,-,-	1.466161	1.535171	1.466160	1.420188	1.419787	1.420188	112.284243	110.935867	110.935859	112.284131	122.225217	122.225281	61.618387	-46.707083	21.309266	0.470180	44.1188	N1C2C(=CC=CC=2)NCC1
222233f1	233222	NCCNCC	-,-,-,-,-,-	1.482691	1.522904	1.486929	1.303970	1.493061	1.318918	122.474825	109.227822	108.022487	121.244319	120.189155	116.071937	-51.910758	36.589520	0.212777	0.490798	68.1489	c1cc(oc1)C2=[N+]([C@@H]3CCCC[C@@H]3[N+](=C2)[O-])[O-]
222233f1	233222	NCCNCC	-,-,-,-,-,-	1.489867	1.538928	1.451224	1.402661	1.399780	1.443015	117.048260	111.529200	109.769158	112.312766	121.768055	120.367227	54.620621	-57.151074	32.649301	0.473474	52.4050	NC1=NC2=C(N(C=O)[CH](CNC3=CC=C(C=C3)C(=O)N[CH](CCC(O)=O)C(O)=O)CN2)C(=N1)O
222233f1	233222	OCCOCC	-,-,-,-,-,-	1.431895	1.518823	1.431895	1.373882	1.418656	1.373882	111.546471	110.624124	110.624124	111.546472	122.749371	122.749371	-64.610197	46.215840	-15.436157	0.490164	51.4912	c1c2c(cc3c1OCCO3)[nH]c(=O)[nH]2
222233f1	233222	OCCOCC	-,-,-,-,-,-	1.432881	1.519793	1.432523	1.371185	1.400342	1.371038	111.352088	110.635269	110.712369	111.490772	123.161995	123.181006	-63.796865	45.378818	-15.005481	0.485161	51.3188	S(C1=CC2OCCOC(C=C1)=2)(OC3C=CC(C=O)=CC=3)(=O)=O
222233f1	322223	CCCCOC	-,O,-,-,-,-	1.515990	1.470781	1.393839	1.366505	1.438775	1.532752	108.680882	117.416195	118.572268	123.829979	114.254524	111.796601	-3.669227	-1.370388	-24.218067	0.462721	53.9148	O[CH]1[CH](OC2=C(C(=CC(=C2)O)O)C1=O)C3=CC=C(O)C(=C3)O
222233f1	322223	CCNCNC	-,O,-,-,-,-	1.503981	1.372450	1.300762	1.398287	1.456052	1.509396	107.047574	117.057781	117.755723	125.081629	117.973694	109.255153	25.602543	0.280451	4.780158	0.470085	52.0620	C1CN2C=CC=CC2=NC1=O
222233f1	322223	CCNNCC	-,O,-,-,O,-	1.528026	1.394989	1.417720	1.394989	1.528027	1.537751	107.080351	113.614830	118.473127	118.473128	113.614820	107.080346	-14.387205	45.218017	-14.387168	0.669002	76.2249	C[CH]1[CH](C)C(=O)N2N(C1=O)C(=O)[CH](C)[CH](C)C2=O
222233f1	322223	CNCCCC	-,-,-,-,-,-	1.473626	1.292239	1.471168	1.398075	1.501462	1.528615	113.227378	116.515874	124.833311	117.760617	118.100877	110.127206	4.585957	14.925661	1.529322	0.437316	63.7186	C1CC2=C(C=CC=C2)C=N1
222233f1	322223	COCCOC	-,-,-,-,-,-	1.441396	1.371634	1.398705	1.371512	1.434614	1.526421	109.854028	111.368587	123.208118	123.210912	111.252785	110.259401	-15.549484	-1.240950	-15.837382	0.498886	51.3043	OC[CH]1COC2=C(O1)C=CC=C2
222233f1	322223	COCCOC	-,-,-,-,-,-	1.442157	1.370356	1.397292	1.370083	1.434071	1.528414	109.708264	111.793659	123.175013	123.198054	111.604673	110.739585	15.870930	1.209589	15.142815	0.491041	51.3006	ClC[CH]1COC2=C(O1)C=CC=C2
222233f1	322223	NCCCCC	-,-,-,-,-,-	1.442325	1.341439	1.465026	1.404555	1.500463	1.518065	111.481506	118.842331	121.965906	118.170955	117.630245	111.429336	5.461176	15.381522	0.537246	0.445890	64.3990	C[NH+]1Cc2ccccc2C=C1
222233f1	322223	NNCCNC	-,-,O,-,-,-	1.436258	1.390582	1.434204	1.370740	1.474299	1.500934	112.594439	122.780640	113.970088	121.544769	123.173813	106.841539	-12.902452	-7.861960	-3.981684	0.414286	58.9384	Cc1cc2n(n1)C3(CCCC3)N(NC2=O)C
222233f1	332222	CCCCCC	-,-,-,-,-,-	1.542268	1.508333	1.343811	1.431314	1.436992	1.506447	113.171611	115.213348	122.533000	121.193456	120.409854	120.849256	-20.659488	0.201617	10.138774	0.263249	65.4029	CSc1c2c(c(s1)C(=O)NN)CCC=C2
222233f1	332222	CCCCCO	-,-,C,-,-,-	1.543271	1.522573	1.467247	1.348737	1.374068	1.435212	111.869030	108.478351	115.064070	118.891110	127.027523	113.287927	37.427590	-8.439667	-4.324358	0.469789	53.8025	C[CH]1OC=C2C(=C(C(O)=O)C(=O)C(=C2[CH]1C)C)O
222233f1	332222	CCNCCC	-,-,-,-,-,-	1.543264	1.489889	1.292426	1.432693	1.376107	1.483753	109.483867	115.404179	117.782077	121.790356	122.432239	118.950844	-34.284182	5.947012	11.957755	0.373908	62.4682	C12NC3C=CC=CC(C=1CCN=C2)=3
222233f1	332222	CCNCCN	-,-,-,-,-,-	1.529872	1.482455	1.292628	1.434689	1.368868	1.448264	109.514016	114.327559	117.077635	122.368436	120.481766	119.971963	35.623079	-5.659774	-12.524237	0.396765	62.5308	c1cc2n(c1)CCN=C2
222233f1	332222	CCOCCN	-,-,-,-,-,-	1.518822	1.425420	1.375647	1.411578	1.439569	1.467231	111.039509	110.963245	111.780123	124.120373	119.634726	114.497721	-52.167469	21.719964	2.701151	0.479089	53.9687	c1ccc2c(c1)N(CCO2)C(=O)c3ccco3
222233f2	222233	CCCCCC	-,-,-,-,-,-	1.340372	1.468375	1.413813	1.537927	1.580603	1.516060	122.076014	120.225441	120.528065	118.591747	110.253871	111.011610	17.182929	2.966370	-34.215719	0.435609	66.0665	CC(C)C1=CC2=C(C=C1)[C]3(C)CCC[C](C)(COC(=O)C4=CC=CC=C4)[CH]3C=C2
222233f2	222233	CCCCCC	-,-,-,-,-,-	1.346002	1.451337	1.346002	1.476019	1.512166	1.476019	122.908032	120.679585	120.679581	122.908031	116.403237	116.403223	-0.000031	-1.140796	1.095405	0.013300	89.9999	C1C(C[C@@]23[C@@]1(O2)C=CC=C3)O
222233f2	222233	CCCCCC	O,-,-,O,-,-	1.471162	1.329571	1.468104	1.514885	1.556396	1.523237	120.757615	122.774908	122.096389	120.233324	117.923844	114.711415	0.937604	7.009092	-4.055820	0.126544	74.3845	CC(C)C1=C[C]23CC[CH]4[C](C)(CCC[C]4(C)C(O)=O)[CH]2C[CH]1[CH]5[CH]3C(=O)C=CC5=O
222233f2	223322	CCCCCC	-,-,-,-,-,-	1.347969	1.501686	1.547156	1.503717	1.421500	1.483379	120.208012	118.457241	108.612189	109.304380	115.431262	119.734522	40.453441	-59.963298	42.225308	0.536222	64.9592	c1ccc2c(c1)C=C[C@@H]3[C@@H]2SC(=C3)C=O
222233f2	322223	CNCCCC	-,-,C,-,-,-	1.468940	1.389914	1.463496	1.408128	1.512904	1.556947	109.965409	122.730823	121.025702	118.475501	119.900762	114.198284	-6.985708	-9.071713	-4.050687	0.367705	60.7046	CC1(Cc2ccccc2-c3n1c(=O)[nH]c3)C
222233f2	332222	CCCCCC	-,-,-,-,-,-	1.528905	1.517294	1.348527	1.483726	1.405732	1.504270	111.600216	113.043689	119.981674	120.642613	119.305507	119.489483	-29.069667	-2.615977	17.431486	0.408923	67.6159	COc1ccc2c(c1)CCC3=C2CC(=O)N4N3CCCC4
222233f2	332222	CCCCCC	-,-,-,-,-,-	1.529201	1.511804	1.416557	1.485180	1.414768	1.510199	111.317228	111.409257	119.232971	119.241431	119.324441	119.360282	-35.313156	1.037754	17.480519	0.455314	66.3686	[O-][N+](=O)C1=CC2=C(C=C1)C3=C(CC2)C=CC=C3
222233f2	332222	CCCCCC	-,-,-,-,-,-	1.529208	1.512182	1.414839	1.485684	1.413530	1.510308	111.233056	111.353500	119.214770	119.335556	119.148998	119.467078	-35.248014	0.751804	17.785738	0.457448	66.5773	CC(=O)C1=CC2=C(C=C1)C3=C(CC2)C=C(O)C(=C3)C(C)=O
222233f2	332222	CCCCCC	-,-,-,-,-,-	1.529319	1.510861	1.413129	1.484727	1.414834	1.510575	111.380468	111.373164	119.355300	119.322407	119.288854	119.330808	-35.216910	1.107552	17.346905	0.453377	66.2995	CC(=O)C1=CC2=C(C=C1)C3=C(CC2)C=CC=C3
222233f2	332222	CCCCCC	-,-,-,-,-,-	1.529329	1.510010	1.415207	1.485016	1.414853	1.510592	111.403003	111.358698	119.347325	119.270677	119.303695	119.303073	-35.241021	1.092126	17.374244	0.454020	66.3154	OC1=CC2=C(C=C1)C3=C(CC2)C=CC=C3
222233f2	332222	CCCCCC	-,-,-,-,-,-	1.529335	1.510678	1.413540	1.484999	1.414771	1.510310	111.375098	111.404174	119.255391	119.354135	119.309865	119.263444	35.246861	-1.070751	-17.375630	0.454200	66.2860	OC(=O)CCC1=CC2=C(C=C1)C3=C(CC2)C=CC=C3
222233f2	332222	CCCCCC	-,-,-,-,-,-	1.529739	1.510361	1.412259	1.483873	1.414573	1.510438	111.414178	111.475090	119.316156	119.423905	119.291945	119.226702	34.591030	-0.420437	-17.634599	0.452760	66.5416	NC1=CC2=C(C=C1)C3=C(CC2)C=CC=C3
222233f2	332222	CCCCCC	-,-,-,-,-,-	1.540051	1.498032	1.383215	1.470043	1.417466	1.520902	113.576286	111.264125	120.504666	123.049126	117.020820	120.178509	30.031935	-1.858761	-12.687865	0.383086	63.8149	c1ccc-2c(c1)CCc3c2sc(c3)C(=O)NN
222233f2	332222	CCCCCC	-,-,-,-,-,-	1.542956	1.491526	1.389036	1.469807	1.417169	1.522819	113.716268	110.426627	121.352403	122.335501	116.816929	119.904880	28.650002	1.847112	-16.565223	0.403613	67.1266	Cc1c(c2c(n1C)-c3ccccc3CC2)C(=O)[O-]
222233f2	332222	CCCCCC	-,-,-,-,-,-	1.544490	1.491148	1.439356	1.439844	1.417825	1.526574	115.004926	110.617815	120.265753	124.146555	116.193180	121.000363	27.797487	-2.025523	-10.833541	0.358111	62.4968	c1ccc(cc1)n2nc3c([n+]2[O-])-c4ccccc4CC3
222233f2	332222	CCCCCC	-,-,-,-,-,-	1.555391	1.482307	1.370097	1.438787	1.419155	1.531839	115.925173	110.697542	121.541479	126.595181	115.281979	120.614664	-24.000094	2.304618	8.425372	0.305975	61.0016	c1ccc-2c(c1)CCc3c2oc(n3)C[NH3+]
222233f2	332222	CSCCCC	-,-,-,-,-,-	1.822900	1.793503	1.410093	1.468675	1.346978	1.486536	112.131082	100.653388	122.789602	120.290100	122.658233	126.968077	-26.956381	0.083513	19.143980	0.451837	66.5760	[H]/N=c/1\\[nH]c-2c(s1)CSc3c2cccc3
222233f3	233222	CCCCCC	-,-,-,-,-,-	1.504894	1.515079	1.504894	1.410314	1.491077	1.410314	121.561689	117.892955	117.892842	121.561770	120.510963	120.511006	0.000011	2.123144	-2.178157	0.026869	89.9992	c1cc2c(nc1)-c3c(cccn3)[C@@H]4[C@H]2O4
222233f3	332222	CCCCCC	-,-,-,-,-,-	1.536968	1.510447	1.408962	1.456482	1.406978	1.510132	112.740445	112.762123	118.915336	120.940067	120.610100	119.008912	-31.601208	3.678305	10.936160	0.385024	61.6928	COc1c(cc2c-3c1COc4c3c(cc(c4)O)CC2)O
222233i	222233	CCCCCC	N,-,-,N,-,-	1.494415	1.337452	1.465954	1.492943	1.521285	1.526180	118.166828	121.498465	119.638558	121.666673	110.870588	112.253641	-4.207897	-10.483062	35.829978	0.378951	54.4539	C[N+](=C1CCC(=[N+]=[N-])C=C1)C
222233i	222233	CNNCSC	C,-,-,-,-,-	1.399930	1.358692	1.297358	1.741340	1.810680	1.516537	115.152279	127.616700	119.753424	124.419718	96.058356	110.804977	-26.234536	0.049473	35.304241	0.589347	64.9762	CCOC(=O)/C(=C/1\\CSC(=NN1)N)/N=O
222233i	222332	CCNCSC	-,O,-,-,-,-	1.490329	1.362409	1.442735	1.808131	1.765753	1.355703	123.228357	119.146961	124.856505	107.900890	99.455822	120.021400	14.668070	-49.517645	52.395819	0.556520	59.4990	Cc1cccc(c1)NC2=C(C(=O)NC3(S2)CCCC3)C#N
222233i	222332	CNCCCC	-,-,N,-,-,-	1.382295	1.318477	1.481389	1.533484	1.516753	1.350361	120.092806	124.732032	119.408620	111.874886	112.566490	119.646476	-5.509156	30.542010	-38.554386	0.342254	62.4720	COC1=C([C@@H](CC(=[NH2+])N1)c2ccccc2)C#N
222233i	222332	CNCCCN	-,-,O,-,-,-	1.360593	1.371251	1.494109	1.512248	1.459915	1.280009	123.011443	123.560662	116.670745	109.636056	115.343880	117.370462	0.698174	-27.396906	43.567169	0.370828	62.3476	C(#N)NC1=N[C@@H]([C@@H](C(=O)N1)[N+](=O)[O-])O
222233i	222332	CNCSCC	-,-,S,-,-,-	1.371020	1.370664	1.740472	1.817116	1.505241	1.339849	121.235682	128.461431	118.198031	101.728486	111.710113	125.423129	9.078667	-31.144469	38.385340	0.420111	59.2311	CC1=CC(C)(C)SC(=S)N1
222233i	222332	NCNCSC	-,O,-,-,-,-	1.361102	1.360999	1.446212	1.824134	1.740739	1.286595	122.588488	119.518242	122.431347	105.626068	94.269478	125.394762	17.334437	-55.749214	53.353318	0.606212	61.3274	C1(=NC(NC(S1)C(Cl)(Cl)Cl)=O)[C-]([P+](C2C=CC=CC=2)(C3C=CC=CC=3)C4C=CC=CC=4)C#N
222233i	222332	NNCSCC	-,-,-,-,-,-	1.405578	1.299463	1.753157	1.805697	1.504197	1.301021	119.852144	122.136644	123.027088	94.753952	108.129584	123.089382	-6.222502	-33.330691	52.326949	0.630234	68.1793	c1cc(oc1)C2=NN=C(SC2)NC3CC3
222233i	222332	NNCSCC	-,-,N,-,-,-	1.415845	1.323558	1.716373	1.802687	1.514353	1.303716	116.446507	130.109349	120.042615	97.833921	111.925660	124.412178	-1.985500	-28.630257	45.332323	0.501657	63.5915	c1ccc(cc1)C2=NNC(=[NH2+])SC2
222233i	223322	NCCCCN	-,-,-,-,O,-	1.301221	1.513756	1.512757	1.501888	1.371946	1.362109	118.052833	121.723460	109.683906	110.506004	115.252160	126.033825	-34.505568	48.189241	-34.692352	0.433048	63.3118	N1NC(=O)CCC=1C2=CC=CC=C2
222233i	223322	NCSCCN	-,-,-,-,-,-	1.297114	1.741488	1.802130	1.504719	1.299593	1.402667	121.426942	124.298610	94.239192	107.752035	123.779297	119.362492	-34.074386	52.198868	-43.493577	0.631921	68.0417	N1N=C(CC(=O)OCC)CSC=1N
222233i	233222	CCCCCN	O,-,-,-,-,-	1.516046	1.543213	1.508561	1.339500	1.367872	1.370305	117.516085	113.131025	113.605191	122.203433	120.212474	125.617370	31.169245	-18.772674	-0.204715	0.275577	58.8469	O=C1NC(=C[CH]([CH]1C#N)C2=CC=CC=C2)C3=CC=CC=C3
222233i	233222	CCCNCC	-,-,-,-,O,-	1.508328	1.545170	1.434660	1.371068	1.489288	1.344793	119.921234	110.821823	110.760084	123.128239	116.531375	121.111716	-47.190826	37.030120	-5.917365	0.424642	65.3105	C1=CC(=O)N[C@@H]([C@@H]1[N+](=O)[O-])[NH3+]
222233i	233222	CCCNCN	-,-,-,-,S,-	1.512539	1.532854	1.452946	1.372493	1.608070	1.292773	119.552774	113.472121	108.141938	122.340763	116.445595	119.308449	-52.083920	40.888299	-11.934041	0.440821	59.4588	CC1=[N+](C(=S)NC(C1)(C)C)c2ccccc2
222233i	233222	CSCCCN	-,-,-,-,-,-	1.738969	1.822096	1.502157	1.342530	1.369816	1.293437	126.298924	98.786950	110.012289	124.432552	124.288527	120.924889	-38.904548	30.539461	2.084691	0.460830	65.5937	C1(=NC(=CC(S1)(C)C)C)N
222233i	233222	CSCCNN	N,-,-,-,-,-	1.748417	1.800428	1.512463	1.302781	1.368669	1.373409	118.315213	96.716272	109.927223	123.875737	116.843003	128.498992	-50.106736	45.533570	-3.977414	0.579003	67.0660	[H]/N=C/1\\NN=C(CS1)CC(=O)OCC
222233i	233222	CSCCOC	-,-,-,O,-,-	1.722205	1.803757	1.504435	1.364080	1.416141	1.342151	122.138478	98.122884	112.515910	117.150932	123.964438	124.031670	-49.754614	46.192773	-12.085625	0.518445	60.0237	c1ccc(cc1)C2=CSCC(=O)O2
222233i	233222	CSCNCC	-,-,-,-,O,-	1.764836	1.814124	1.440907	1.363268	1.491023	1.355774	120.129589	99.458603	107.494770	123.341855	118.988128	123.262353	53.168615	-53.765512	17.663585	0.572096	61.6322	COCCCNC1=C(C(=O)N[C@@H](S1)[C@@H]2CCC=CC2)C#N
222233i	322223	CCCCCC	-,-,-,-,-,-	1.508452	1.340839	1.441553	1.340496	1.506166	1.544068	114.695782	122.268978	121.269331	121.425170	122.407255	114.517035	0.509778	-9.172275	1.027657	0.192756	68.5782	CS(=O)(=O)N/N=C/[C@@H]1CC=CC=C1
222233i	322223	CCCCCC	-,-,-,-,-,-	1.514088	1.340919	1.448460	1.343669	1.504663	1.554725	112.524855	122.944833	121.860565	120.047830	122.621938	115.293401	-0.459668	10.666776	-1.139660	0.227664	68.5468	CC(C)[CH]1CC=C(C)C=C1
222233i	322223	CCCCCC	-,-,-,-,-,-	1.523836	1.341040	1.440533	1.341818	1.507662	1.560354	111.984103	121.711843	121.836574	120.864182	121.526322	113.971270	-0.869986	12.942345	0.449206	0.297071	66.9522	CC1(C)CC(=CC(=C1)O)O
222233i	322223	CCCCOC	-,O,-,-,-,-	1.502377	1.475417	1.335296	1.369913	1.440752	1.523363	107.629088	117.241490	117.827128	126.143807	114.070785	111.828823	7.000493	4.610832	17.056749	0.466571	54.4950	c1ccc(cc1)[C@@H]2CC(=O)C=CO2
222233i	322223	CCCNCC	-,-,-,-,-,-	1.512072	1.353691	1.382822	1.289116	1.493999	1.527263	112.476357	119.657576	122.280286	117.724843	127.311455	107.954431	2.414898	-16.608628	-1.064279	0.367485	67.5682	C1C(C(=NC(=C1C#N)S)O)C#N
222233i	322223	CCNCNC	-,O,-,O,-,-	1.515381	1.371964	1.367343	1.375079	1.458256	1.536543	109.395021	116.304695	127.268564	116.102189	120.388404	111.402404	-1.307458	11.984487	11.852851	0.426624	60.6477	C[C@@]1([C@@H](N(C(=O)NC1=O)[C@H]2C=C[C@@H](O2)CO)N=[N+]=[N-])Br
222233i	322223	CNCCCC	-,-,O,C,O,-	1.458137	1.365503	1.489572	1.497879	1.508757	1.530659	109.212663	124.844887	115.861447	119.435109	117.640086	111.383997	-12.678924	-11.876341	0.323802	0.456169	62.6859	CC1(CC(=O)/C(=C/[C@@H]2CCN=C2S)/C(=O)N1)C
222233i	322223	COCCOC	-,-,-,-,-,-	1.435273	1.375584	1.342639	1.390636	1.437267	1.523454	110.950739	111.669732	125.110974	123.090572	111.125343	111.041148	11.733214	2.948229	15.340935	0.470175	52.2432	C1COC(=CO1)C(=O)NC(=S)N
222233i	322223	COCCOC	-,-,-,-,-,-	1.437173	1.373315	1.337169	1.373315	1.437173	1.524939	111.308180	111.171331	124.596049	124.596050	111.171331	111.308181	12.918866	3.415853	12.918860	0.461508	52.5073	C1COC=CO1
222233i	332222	CSCCNC	-,-,-,-,-,O	1.808729	1.724765	1.336412	1.368034	1.371352	1.514919	114.275998	100.528612	123.020500	124.288649	126.555892	118.489157	-24.939321	3.250858	9.150640	0.397850	57.7682	C1C(=O)NC=CS1
222323f1	232322	CCCCCN	O,-,O,-,-,-	1.496765	1.503768	1.510320	1.482527	1.381316	1.404121	113.847088	115.501468	117.180768	109.837152	122.111203	127.059127	-44.862451	39.560204	-17.719852	0.347591	51.9816	Cc1cc2n(n1)C(=O)CC(=O)C2
222323f2	232322	CCNCCC	O,-,-,-,-,-	1.544713	1.460790	1.459077	1.480043	1.378312	1.450529	114.933589	114.207285	122.832917	106.475357	128.768171	120.562758	42.523547	-37.802240	15.709863	0.309161	53.3635	c1coc2c1C(=O)[C@@H]3CCC(=O)N3C2
222323f2	322232	CNCCCN	-,-,-,-,-,-	1.449852	1.399720	1.406622	1.500498	1.433879	1.425359	108.143861	118.441705	121.209495	118.675189	111.849186	119.843819	-21.547617	6.253600	-14.407532	0.386226	44.6371	c1ccc2c(c1)[C@@H]3CCC(=O)N3CN2
222323i	323222	CCCCNC	-,O,-,-,-,C	1.506485	1.503714	1.501512	1.283262	1.494559	1.506876	107.210135	116.023069	112.709537	121.531570	123.173512	118.508633	-44.917053	17.845995	-2.001286	0.411849	48.2223	c1ccc(cc1)/C=C\\2/CC(=O)[C@H](C=[NH+]2)C(=O)N
222333f1	222333	CCCCCC	C,-,-,-,-,-	1.458637	1.346049	1.521119	1.545300	1.527625	1.517691	112.826832	123.729225	123.187835	111.976448	112.131846	110.785232	-5.147260	-5.269829	36.529758	0.475084	54.3718	CC(C)=C1CC[CH]2C(=C1)CC[CH]3[C]2(C)CCC[C]3(C)C(O)=O
222333f1	222333	CCCCCC	C,-,-,-,-,-	1.458874	1.346244	1.523416	1.544618	1.527539	1.517866	112.898555	123.791541	123.009809	112.053198	112.022977	110.806347	5.083692	5.682895	-36.936616	0.475380	54.2700	CC(C)=C1CCC2C(=C1)CCC3C2(C)CCCC3(C)C(O)=O.CC(N)(CO)CO
222333f1	222333	CCCCCC	N,-,-,-,-,-	1.497833	1.404579	1.503185	1.520201	1.520668	1.522931	117.578237	120.478814	121.169432	110.456253	110.925392	113.011333	0.044248	31.184987	-57.147564	0.489095	56.9678	CCOC(=O)NN=C1CCCC2=C1C=CC=C2
222333f1	222333	CCCCOC	-,-,O,-,-,-	1.344279	1.494414	1.545181	1.438947	1.434484	1.514088	121.552447	116.114302	114.864593	105.926843	100.779037	107.272266	-1.871625	42.067292	-77.288272	0.650144	54.7026	C1[C@@H]2C=CC(=O)[C@H](O1)O2
222333f1	222333	COCCCC	O,-,O,-,-,-	1.354450	1.351740	1.509727	1.536336	1.551392	1.532437	117.850704	121.981166	117.535721	110.630355	96.176396	109.350194	-2.138694	39.969073	-68.990403	0.651901	52.2287	C12(C(OC(=O)C(C1(CBr)C)CC2)=O)C
222333f1	222333	COCCCC	O,-,O,-,-,-	1.355395	1.351653	1.509626	1.532119	1.543267	1.532474	117.923811	121.889594	117.615236	110.478856	96.795003	109.536718	2.906656	-40.281346	68.820050	0.643185	51.9264	CC1(C)[CH]2CC[C]1(C)C(=O)OC2=O
222333f1	222333	NCNCCC	-,O,-,-,-,-	1.351850	1.354467	1.450268	1.534651	1.524509	1.429733	123.027117	116.819968	125.644463	111.877727	108.241038	112.600505	9.552498	-26.095451	44.157745	0.414741	43.2614	c1ccc(cc1)[C@H]2[C@@H]3CCCO[C@@H]3NC(=O)N2
222333f1	222333	NCNNCC	-,-,-,-,-,-	1.321079	1.324781	1.400137	1.459521	1.537848	1.475564	117.247961	125.186459	120.591545	111.831511	108.045616	109.089515	-0.746450	28.259072	-54.897287	0.487721	51.7149	C1[C@@H]2[C@@H](CS1(=O)=O)[NH+]=C(NN2)O
222333f1	223332	CCCCCC	-,O,-,-,-,-	1.478261	1.501850	1.522403	1.560518	1.540845	1.345209	121.942860	117.778518	110.597120	114.547918	109.223544	124.208331	-35.115937	54.750971	-43.540121	0.440236	54.1877	CC(=O)[CH]1CC[CH]2[CH]3CCC4=CC(=O)CC[C]4(C)[CH]3[CH](O)C[C]12C
222333f1	223332	CCCCCC	-,O,-,-,-,-	1.478266	1.501888	1.522383	1.560534	1.540800	1.345188	121.925464	117.767172	110.566877	114.532705	109.244266	124.215689	35.309199	-54.817614	43.475120	0.440571	54.1458	CC(=O)OCC(=O)[C]1(O)CC[CH]2[CH]3CCC4=CC(=O)CC[C]4(C)[CH]3[CH](O)C[C]12C
222333f1	223332	CCCCCC	-,O,-,-,-,-	1.479231	1.503499	1.522418	1.560187	1.536015	1.345826	121.958181	117.981608	110.552694	114.215549	109.077928	124.012837	-33.376407	54.838010	-45.691885	0.445915	54.0941	C[C]1(O)CC[CH]2[CH]3CCC4=CC(=O)CC[C]4(C)C3=CC[C]12C
222333f1	223332	CCCCCC	-,O,-,-,-,-	1.480517	1.505223	1.521769	1.559300	1.534590	1.344825	121.625724	117.898991	110.253971	113.868155	109.766144	124.044609	-35.881762	55.448090	-44.375788	0.448923	54.0635	C[C]1(O)CC[CH]2[CH]3CCC4=CC(=O)CC[C]4(C)[CH]3[CH](O)C[C]12C
222333f1	223332	CCCCCC	-,O,-,-,-,-	1.480548	1.505267	1.521941	1.558740	1.534155	1.345054	121.798401	117.996073	110.438699	113.833202	109.875990	123.793686	34.780343	-54.947251	44.851939	0.446486	54.0646	CC1(O)CCC2C3CCC4=CC(=O)CCC4(C)C3CCC21C
222333f1	223332	CCCCCC	-,O,-,-,-,-	1.480572	1.505449	1.521836	1.559312	1.535502	1.344892	121.646307	117.916662	110.272348	113.827164	109.817009	123.977308	-35.871227	55.426355	-44.414026	0.448890	54.0151	CC(=O)OCC=C1CC[CH]2[CH]3CCC4=CC(=O)CC[C]4(C)[CH]3[CH](O)C[C]12C
222333f1	223332	CCCCCC	-,O,-,-,-,-	1.480584	1.505233	1.521969	1.558766	1.534351	1.345065	121.823029	118.011166	110.461174	113.845717	109.864612	123.768018	34.605102	-54.882880	44.921286	0.446207	54.0901	C[CH]([CH]1CC[CH]2[CH]3CCC4=CC(=O)CC[C]4(C)[CH]3CC[C]12C)C(O)=O
222333f1	223332	CCCCCC	-,O,-,-,-,-	1.480631	1.505266	1.521970	1.558739	1.534355	1.345036	121.811504	118.003145	110.430706	113.834620	109.892025	123.766873	34.786789	-54.939125	44.856325	0.446411	54.0415	CC(=O)OCC(=O)C1CCC2C3CCC4=CC(=O)CCC4(C)C3CCC12C
222333f1	223332	CCCCCC	-,O,-,-,-,-	1.480647	1.506061	1.519800	1.544592	1.523516	1.344124	121.065582	117.555358	110.249296	112.911754	111.689181	123.693010	39.007449	-55.699575	42.194026	0.451637	54.5272	C[C]12CC[CH]3[CH](CCC4=CC(=O)CC[CH]34)[CH]1CC[CH]2O
222333f1	223332	CCCCCC	-,O,-,-,-,-	1.480676	1.505247	1.521824	1.559009	1.534417	1.344903	121.656649	117.896969	110.241950	113.858068	109.781670	123.993634	-35.809935	55.462456	-44.485635	0.449187	54.0536	CC12CC(O)C3C(CCC4=CC(=O)CCC34C)C1CC[C@@]2(O)C(=O)CO
222333f1	223332	CCCCCC	-,O,-,-,-,-	1.480745	1.505459	1.522876	1.560663	1.540744	1.345386	122.071385	118.310684	110.807052	113.997502	108.974954	123.600606	-30.788375	54.191659	-47.352717	0.448811	54.6893	C[C]1(O)CC[CH]2[CH]3CCC4=CC(=O)CC[C]4(C)[C]35O[CH]5C[C]12C
222333f1	223332	CCCCCC	-,O,-,-,-,-	1.481222	1.505389	1.521980	1.558678	1.538666	1.345091	121.778517	117.944368	110.243471	113.771306	109.671980	123.762402	-35.374831	55.665781	-45.224670	0.451735	54.0167	COC(=O)C=C1CC[CH]2[CH]3CCC4=CC(=O)CC[C]4(C)[CH]3C(=O)C[C]12C
222333f1	223332	CCCCCC	-,O,-,-,-,-	1.501617	1.519040	1.525366	1.532640	1.498350	1.342846	117.389757	119.597798	112.653825	111.236100	110.170485	126.469594	23.522955	-50.594655	51.070650	0.457834	56.6548	CC1=C2C(=O)O[C@H]([C@@]2(CCC1=O)C)c3ccoc3
222333f1	223332	NCCCCC	-,O,-,-,-,N	1.372791	1.510521	1.527533	1.547413	1.529009	1.369558	127.631172	116.756537	111.770582	111.043114	105.756378	117.458944	-22.932107	53.373717	-60.204909	0.504205	48.7270	c1ccc(cc1)[C@@]23CCCN=C2NC(=O)CC3
222333f1	233322	CCCCCC	O,-,-,-,-,-	1.518947	1.533517	1.574861	1.514525	1.387657	1.451999	115.261558	111.234432	114.580263	107.060636	124.358589	124.064022	57.008510	-46.821740	16.686229	0.460140	54.2108	N1(C2C(=NON=2)N)C3=C(C(=O)CCC3(C)C)N=N1
222333f1	233322	CCCCCC	O,-,-,-,-,-	1.526473	1.536602	1.541794	1.488883	1.379690	1.446609	115.536212	112.233439	113.123967	109.121496	125.095278	122.586775	-54.732664	46.444135	-19.328629	0.444544	52.4518	Cc1cc(nc(n1)n2c3c(cn2)C(=O)CCC3)C
222333f1	233322	CCCCCC	O,-,-,-,-,-	1.531936	1.540160	1.539890	1.479719	1.379388	1.460580	114.925029	113.067733	112.789098	108.359334	126.636724	121.666704	54.683417	-47.497854	21.616866	0.446557	52.0619	c1[nH]c2c(n1)C(=O)CCC2
222333f1	233322	CCCSCC	N,-,-,-,-,-	1.521417	1.519861	1.816679	1.756721	1.382489	1.464115	119.644376	112.095454	111.454955	98.556062	125.721383	122.932651	-63.339333	50.753381	-20.396115	0.541636	52.0384	c1csc2c1/C(=N/O)/CCS2
222333f1	233322	CCSCCC	O,-,-,-,-,-	1.510832	1.804945	1.803768	1.500421	1.401479	1.485549	120.183154	113.253936	97.145492	112.155340	122.728178	123.326394	-55.006693	56.343474	-35.169735	0.624570	53.7192	C12C(=O)CSCC1=CC=NC=2
222333f1	233322	NCCCCC	-,-,-,-,-,-	1.447763	1.523672	1.536451	1.514605	1.346632	1.395245	121.219975	108.224432	111.341115	114.103884	120.197839	121.516490	-54.229387	40.026108	-12.333026	0.444562	50.6466	c1cc2c(cc1N)c3c(c(=O)o2)NCCC3
222333f1	233322	NCCCCC	-,-,-,-,-,-	1.466330	1.521412	1.524355	1.504531	1.401802	1.421657	113.568599	110.959325	109.549644	111.406192	120.740930	123.035854	63.326165	-46.530234	19.457833	0.490415	45.6663	C12NCCCC=1C=CC=C2O
222333f1	233322	NCCCCC	N,-,-,-,-,-	1.478255	1.521408	1.528513	1.511243	1.409486	1.489481	116.047345	107.520672	110.955921	113.368031	122.415544	117.881345	-62.968558	42.240245	-12.442731	0.506497	48.3336	[N+]1(=N/O)/C2=C(C=CC=C2)CCC1
222333f1	233322	NCCCNC	-,-,-,-,-,-	1.469673	1.526905	1.525794	1.455722	1.304011	1.301089	120.683368	111.780219	110.426525	109.852235	124.030972	123.585147	47.834333	-45.989337	23.553867	0.423326	53.4105	C1COC2=[NH+]C[C@@H](CN21)Br
222333f1	233322	NCCSCC	-,-,-,-,-,-	1.458928	1.533419	1.833543	1.726861	1.349928	1.399234	120.312927	110.862102	112.407033	100.089750	123.753869	126.473451	-59.567493	42.548404	-14.431020	0.489729	48.9349	c1ccc2c(c1)C3=C(S2(=O)=O)NCCS3
222333f1	322233	CCCCCC	-,-,-,O,-,-	1.505276	1.347056	1.497133	1.512240	1.528067	1.536855	111.949752	124.073469	119.612330	118.199065	110.661429	110.579898	-2.592704	-5.578486	35.286050	0.472022	53.3372	c1cc(sc1)[C@@H]2Cc3c(ccc(=O)[nH]3)C(=O)C2
222333f1	322233	CCCCCC	-,-,-,O,-,-	1.530561	1.352167	1.488395	1.539569	1.527964	1.562144	113.706954	124.448827	118.751920	118.702964	109.558311	111.034502	-2.071820	-14.588976	43.788769	0.460700	51.7163	CN(C)C1C2C(O)C3C(=C)c4cccc(O)c4C(=O)C3=C(O)C2(O)C(=O)C(=C1O)C(=O)N
222333f1	322233	CCNCSC	-,O,-,N,-,-	1.508490	1.381107	1.377945	1.722666	1.805030	1.512515	111.558786	116.197346	130.445631	120.289384	99.055889	109.865605	-4.555248	-0.549613	-22.479802	0.563428	50.9381	C1CSC2=NCCN2C1=O
222333f1	322233	CNCNCC	-,-,N,-,-,-	1.456490	1.365850	1.356696	1.459861	1.522438	1.524495	111.165617	122.231800	120.428556	120.601493	110.020283	107.159160	2.093067	4.239946	-35.690330	0.503932	53.6020	CC1([C@@H]2[C@@H](C[NH+]1C)[C@@H](NC(=[NH2+])N2)[NH3+])C
222333f1	322233	NNCNCC	-,-,O,-,-,-	1.426024	1.382317	1.366934	1.441017	1.558901	1.463855	109.845425	120.725126	115.412647	119.538750	114.245383	113.458556	20.732390	26.182377	-35.754648	0.511764	80.9245	CN1[C@@H]2[C@@H](NNC(=O)N2)N(C1=O)C
222333f1	322233	POCCCO	S,-,-,-,-,-	1.615849	1.364819	1.395818	1.501232	1.412795	1.614334	102.485805	121.676719	122.033673	121.653246	112.298546	116.671391	-9.498915	1.545291	-22.207771	0.445066	49.6168	COP1(=S)OCc2ccccc2O1
222333f1	332223	CCCCCC	-,-,-,-,C,-	1.531802	1.510882	1.346762	1.453002	1.522295	1.541221	111.280842	112.687213	121.007317	123.605315	117.543700	109.731892	-19.340158	-2.423718	-6.116007	0.465163	52.6722	COC(=O)[C]1(C)CCC[C]2(C)[CH]3CCC(=CC3=CC[CH]12)C(C)C
222333f1	332223	CCCCCC	-,-,O,-,-,-	1.532971	1.515656	1.504304	1.350108	1.514032	1.539952	108.879273	112.931910	118.276050	120.044285	122.525526	114.190441	-31.889412	3.146773	1.714299	0.458440	53.6169	CC1(CC2=C(C(=O)C1)Sc3c(c(=O)[nH]cn3)N2)C
222333f1	332223	CCCCOC	-,-,-,-,-,-	1.522528	1.489988	1.376399	1.369243	1.435123	1.529924	108.841451	110.395773	122.629506	122.738713	114.635603	111.102180	15.279085	-1.478325	19.048401	0.490682	49.1770	c1ccc(cc1)[C@@H]2CCc3c(nc(nc3O2)S)O
222333f1	332223	CCOCCC	-,-,-,-,-,-	1.542502	1.442760	1.370825	1.400436	1.507537	1.530309	108.673712	109.877981	114.116176	123.248296	120.873564	111.677014	53.696380	-21.877721	-0.086120	0.511562	50.9019	O[CH]1CC2=C(O)C=C(O)C=C2O[CH]1C3=CC=C(O)C(=C3)O
222333f1	332223	CCOCNC	-,-,-,O,-,-	1.521746	1.439738	1.358661	1.366573	1.448384	1.516120	105.121325	110.767101	120.571269	117.186005	124.911106	108.458887	-39.641874	10.909933	-7.775048	0.521830	47.5595	c1ccc2c(c1)C[C@@H]3C[C@H]2OC(=O)N3
222333f1	332223	CNNCNC	-,-,-,-,-,-	1.467753	1.359491	1.326807	1.319342	1.471634	1.539267	110.621700	111.737078	123.933353	123.235571	118.759319	110.558639	-27.833374	2.593682	-1.919568	0.424259	51.8060	C1C[NH+]=C2N=NNN2N1
222333f1	332223	NCNCNC	-,-,-,-,-,-	1.454208	1.423909	1.358528	1.331762	1.441904	1.449768	111.436963	105.914690	121.793409	122.094805	117.742785	107.534964	-23.802520	-6.095019	1.726596	0.521922	56.8376	CC(C)N1C[NH+]=C2Nc3ccccc3N2C1
222333f1	332223	OCCCOC	-,-,-,-,-,-	1.425709	1.502329	1.390072	1.364606	1.434645	1.428533	109.696159	111.026814	118.400342	123.555571	113.193635	113.643628	20.680848	-0.580637	11.314737	0.471071	50.1777	c1ccc(cc1)[C@@H]2OCc3c(ccc(n3)CO)O2
222333f1	333222	CCCCCC	-,-,-,N,-,-	1.538990	1.536952	1.533562	1.456896	1.405372	1.480359	109.853888	112.304892	112.312872	115.048259	122.046351	124.581222	56.403171	-34.498854	6.823914	0.456110	51.3357	C12=NON=C1CCCC/2=N/O
222333f1	333222	CCCCCC	-,-,-,N,-,-	1.540738	1.538461	1.531486	1.454674	1.402259	1.480690	109.947772	112.540517	112.033196	115.082192	122.385043	124.386428	-56.267513	34.984110	-7.475846	0.453787	51.1219	C12=NON=C1CCCC/2=N/N
222333f1	333222	CCCCCC	-,-,-,O,-,-	1.524691	1.513738	1.508349	1.501117	1.355191	1.518301	113.879850	110.947614	110.061549	118.032240	120.951569	121.017801	-57.009882	36.848257	-6.180246	0.470855	54.1712	C1CCN2[C@@H](C1)C=CC3=C2CCCC3=O
222333f1	333222	CCCCCC	-,-,-,O,-,-	1.539654	1.538416	1.527458	1.441771	1.381139	1.490654	110.057940	112.597605	112.661616	114.506743	125.381969	122.056985	54.144228	-30.391531	3.779584	0.447038	51.7921	C12NC3C=CC=CC(C=1CCCC2=O)=3
222333f1	333222	CCCCCC	-,-,-,O,-,-	1.542117	1.529819	1.509951	1.500672	1.350745	1.519453	114.798736	108.898987	111.981110	119.406892	119.314341	122.360455	53.792488	-34.326312	4.818325	0.459462	53.7268	C12=C(N(C)C(C(=C1O)CC)=O)CC(CC2=O)(C)C
222333f1	333222	CCCCCC	-,-,-,O,-,-	1.542278	1.538300	1.529059	1.451684	1.377553	1.483446	108.819437	113.156199	112.560954	114.952473	122.655895	125.626996	-54.703900	32.346774	-5.069431	0.443692	52.3232	N1(C2C(=NON=2)N)N=NC3=C1CCCC3=O
222333f1	333222	CCCCCC	-,-,-,O,-,-	1.542408	1.536067	1.514695	1.495817	1.346398	1.506468	113.436639	109.215650	112.758566	119.174906	118.500445	124.639808	52.540891	-32.131093	3.801594	0.451161	53.5470	C12C(=C(C(=O)NC=1CC(CC2=O)(C)C)CC)O
222333f1	333222	CCCCCC	-,-,-,O,-,-	1.542896	1.530759	1.510124	1.498923	1.352348	1.518898	114.735847	109.041729	112.035120	119.286613	119.598989	122.221579	-53.624624	34.053803	-4.729645	0.457858	53.6646	C12=C(N(C)C(C=C1O)=O)CC(CC2=O)(C)C
222333f1	333222	CCCCCC	-,-,-,O,-,-	1.543063	1.536728	1.514707	1.494502	1.347861	1.506409	113.430912	109.319527	112.774584	119.074683	118.775191	124.438750	52.448094	-31.972557	3.737095	0.450284	53.5286	C12=C(NC(C=C1O)=O)CC(CC2=O)(C)C
222333f1	333222	CCCCCN	-,-,-,-,-,-	1.517732	1.518212	1.507837	1.411756	1.395901	1.465433	110.661125	108.993838	111.402838	121.148833	120.835023	117.755698	-48.929652	20.380694	-1.591789	0.490721	49.4679	COC1=CC2=C(C=C1)N(CCCCCCCN3CCCCC3)CCC2
222333f1	333222	CCCNCC	-,-,-,-,-,-	1.529768	1.525623	1.448365	1.390299	1.383389	1.496991	112.244661	110.354320	108.954837	116.214387	120.922928	121.899168	-60.129984	53.458381	-26.636145	0.479432	46.3103	c1nc2c(c(n1)O)CCCN2
222333f1	333222	CCCNCN	-,-,-,-,-,-	1.515184	1.524035	1.470930	1.283651	1.353099	1.436887	108.613183	108.771117	112.973056	118.153777	124.013647	123.516747	52.711106	-27.595212	0.372609	0.462219	52.9945	c1cc(ccc1N2C(=O)N3CCCN=C3N2)F
222333f1	333222	CCCNCN	-,-,-,-,-,-	1.524077	1.525900	1.468533	1.338741	1.356381	1.446647	110.353318	111.059548	112.395484	119.362346	123.295794	122.932082	49.560031	-25.368637	-1.606165	0.434712	55.5761	CN1C(=O)N2CCC[NH+]=C2N1
222333f1	333222	CCCNCN	-,-,-,-,-,-	1.527939	1.530141	1.459157	1.355425	1.368884	1.448665	111.045928	110.429785	110.165720	118.874114	121.260425	123.903617	-55.685819	41.284404	-14.800255	0.449608	48.0758	Cn1cccc1c2cc3n(n2)CCCN3
222333f1	333222	CCCOCC	-,-,-,-,-,-	1.515194	1.504867	1.413912	1.401533	1.354397	1.513364	108.025665	106.735671	111.856458	110.082692	123.165797	123.184854	-71.594634	54.739022	-17.062897	0.543300	52.4405	C1C=C(O[C@@H]2[C@@H]1OC(=O)N2)C#N
222333f1	333222	CCCOCC	-,-,-,-,-,-	1.518842	1.532975	1.436913	1.371478	1.395560	1.500489	110.618058	110.866167	111.428752	117.921757	122.666768	121.452853	57.809897	-40.988138	12.736641	0.456744	49.9184	C12C(=C(C(NN)=CC=1CCC(O2)(C)C)C)C
222333f1	333222	CCCOCC	-,-,-,-,-,-	1.521284	1.519165	1.430275	1.370019	1.399741	1.501491	110.567696	108.864276	112.024146	114.609571	123.617013	120.801951	63.069375	-47.572670	16.439721	0.488188	49.5385	c1ccc2c(c1)CCCO2
222333f1	333222	COCCCC	-,-,-,N,-,-	1.430798	1.416873	1.516464	1.486820	1.345357	1.512058	111.226571	114.840870	112.149923	117.258208	116.704140	125.146522	56.098077	-33.737905	5.080622	0.418000	54.1109	CC1(C=C2C(=NN(C(=C2C#N)N)c3ccccc3)CO1)C
222333f1	333222	COCNCC	-,-,-,-,-,-	1.423547	1.421188	1.453319	1.399022	1.403366	1.504443	112.868918	113.505420	110.817920	117.737346	120.254581	118.439939	59.127586	-41.925923	16.047758	0.427830	45.7021	Cc1c2c(c(cn1)CO)COC(N2)(C)C
222333f1	333222	COCNCC	-,-,-,-,-,-	1.425355	1.421979	1.448895	1.399476	1.401597	1.503371	112.128471	110.361889	109.720821	114.289709	120.173795	118.837772	-67.377993	51.821918	-21.476058	0.489431	46.1218	c1ccc2c(c1)CO[C@@H](N2)c3ccc[nH]3
222333f1	333222	COCOCC	-,-,-,-,-,-	1.423562	1.422791	1.428443	1.367149	1.394017	1.495995	110.356404	109.694811	114.168159	112.997633	122.592779	119.407832	65.486149	-43.948776	12.007754	0.469231	49.4828	c1cc2c(cc1N)COCO2
222333f2	222333	CCCCCC	O,-,-,-,-,-	1.484874	1.347202	1.542455	1.631518	1.568341	1.539022	118.417227	123.550346	121.753544	109.183967	108.662080	108.570685	0.741388	25.308389	-55.237178	0.536886	52.4477	CC1(C)[CH](CC[C]2(C)[CH]1CC[C]3(C)[CH]2C(=O)C=C4[CH]5C[C](C)(CC[C]5(C)CC[C]34C)C(O)=O)O[CH]6O[CH]([CH](O)[CH](O)[CH]6O[CH]7O[CH]([CH](O)[CH](O)[CH]7O)C(O)=O)C(O)=O
222333f2	233322	CCCCCC	-,-,-,-,C,-	1.494071	1.544841	1.580007	1.547103	1.474195	1.346143	124.337634	112.306418	109.703764	114.540479	119.311479	119.670465	50.559022	-40.768320	10.313670	0.455400	62.2343	CC(C)CCCC(C)C1CCC2(C)C3=CCC4C(C)(C)C(O)CCC4(C)C3=CCC12C.CC(CCC=C(C)C)C5CCC6(C)C7=C(CCC56C)C8(C)CCC(O)C(C)(C)C8CC7
222333f2	233322	CCCCCC	-,-,-,-,C,-	1.496382	1.542279	1.572364	1.547804	1.474195	1.348787	125.755332	114.411312	109.898682	111.036812	117.167620	119.692052	-40.550271	53.356111	-40.990686	0.448238	50.5957	CC(C)CCCC(C)C1CCC2(C)C3=CCC4C(C)(C)C(O)CCC4(C)C3=CCC12C.CC(CCC=C(C)C)C5CCC6(C)C7=C(CCC56C)C8(C)CCC(O)C(C)(C)C8CC7
222333f2	233322	CCCCCC	O,-,-,-,-,-	1.505905	1.528204	1.581046	1.550654	1.355437	1.506896	119.577497	113.232108	108.553606	112.111425	125.764699	117.005919	55.711988	-44.611140	14.228081	0.476332	57.2187	CC(C)CCC[CH](C)[CH]1CC[C]2(C)C3=C(C(=O)C[C]12C)[C]4(C)CC[CH](O)C(C)(C)[CH]4CC3=O
222333f2	233322	CCCCNC	O,-,-,-,-,C	1.527869	1.540922	1.545082	1.496088	1.411757	1.520968	110.474218	106.433370	110.021763	108.768644	112.460266	110.649925	58.966635	-3.555847	-58.507870	0.803172	87.2193	C1(\C(C2CCN1CC2)=O)=C/C3C=NC=CC=3
222333f2	233322	CCCCNC	O,-,-,-,-,C	1.527869	1.542608	1.546364	1.495275	1.411757	1.520968	110.474218	106.562744	110.123792	108.568242	112.153868	110.649925	-59.289529	4.359840	58.325531	0.804440	87.6145	C1(\C(C2CCN1CC2)=O)=C/C3C=NC=CC=3
222333f2	233322	CCCCNC	O,-,-,-,-,C	1.527968	1.540200	1.544651	1.495035	1.414262	1.520109	110.410933	106.374751	109.981364	108.885006	112.518586	110.719791	58.783506	-3.015193	-58.618761	0.803255	87.0510	C1(=C/C2=C(C(OC)=C(C=C2)OC)OC)\C(C3CCN1CC3)=O
222333f2	233322	CCCCNC	O,-,-,-,-,C	1.527968	1.543094	1.546632	1.494350	1.414262	1.520109	110.410933	106.653028	110.152246	108.531287	111.889947	110.719791	-59.533225	4.776758	58.128734	0.805785	87.8309	C1(=C/C2=C(C(OC)=C(C=C2)OC)OC)\C(C3CCN1CC3)=O
222333f2	233322	CCCCNC	O,-,-,-,-,C	1.528185	1.540103	1.544604	1.494119	1.414544	1.520351	110.381952	106.321013	109.954880	108.889728	112.617815	110.669220	-58.654715	2.684017	58.815682	0.803550	86.9534	C1(=C/C2=C(OC)C=CC=C2)\C(C3CCN1CC3)=O
222333f2	233322	CCCCNC	O,-,-,-,-,C	1.528185	1.543362	1.546751	1.493632	1.414544	1.520351	110.381952	106.719336	110.152824	108.474831	111.799158	110.669220	59.628653	-4.982500	-58.139574	0.806460	87.9660	C1(=C/C2=C(OC)C=CC=C2)\C(C3CCN1CC3)=O
222333f2	322233	CCCCCC	-,-,-,-,-,-	1.510555	1.354385	1.354385	1.510555	1.570280	1.570280	109.823721	120.323165	123.383956	120.323137	109.823761	113.912323	-27.679469	27.679685	9.752464	0.490795	74.2415	C[C@@H]1C[C@@H](C2=NOS3=C2C1=NO3)C
222333f2	322233	CCCCCC	-,O,-,-,-,-	1.503624	1.510214	1.355437	1.546873	1.577206	1.525973	112.282674	119.427405	117.340003	125.418443	111.417712	108.993419	2.331297	8.120550	14.954961	0.489273	57.5119	CC(C)CCC[CH](C)[CH]1CC[C]2(C)C3=C(C(=O)C[C]12C)[C]4(C)CC[CH](O)C(C)(C)[CH]4CC3=O
222333f2	322233	CCCCCC	-,O,-,-,-,-	1.506891	1.485783	1.408506	1.545597	1.571588	1.535203	111.075659	118.352768	121.398505	121.553291	108.693104	111.015435	-1.825094	-0.447009	-25.858971	0.503505	53.5143	COC(=O)[C]1(C)CCC[C]2(C)[CH]1CC(=O)C3=C2C=CC(=C3)C(C)=O
222333f2	322233	CCCCCC	-,O,-,-,-,-	1.507338	1.486383	1.407282	1.544567	1.571312	1.534941	111.068341	118.166247	121.475295	121.594749	108.689924	110.966196	-1.941155	-0.591142	-25.658566	0.504464	53.5203	COC(=O)[C]1(C)CCC[C]2(C)[CH]1CC(=O)C3=C2C=CC(=C3)C(C)C
222333f2	322233	CCCCCC	-,O,-,-,-,-	1.508236	1.486034	1.409983	1.545108	1.572092	1.536284	112.000744	118.878258	121.323467	120.875345	107.810389	110.784892	4.457882	0.512104	-31.342774	0.516701	56.0026	CC(=O)C1=CC2=C(C=C1C(C)=O)[C]3(C)CCC[C](C)(C#N)[CH]3CC2=O
222333f2	322233	CCCCCC	-,O,-,-,-,-	1.508776	1.486788	1.407795	1.543134	1.571292	1.535644	112.045867	118.716086	121.305087	121.039776	107.730776	110.725281	4.160971	0.777713	-31.507253	0.516840	55.7858	CC(=C)C1=CC2=C(C=C1)[C]3(C)CCC[C](C)(C#N)[CH]3CC2=O
222333f2	322233	CCCCCC	-,O,-,-,-,-	1.508814	1.486304	1.405828	1.542670	1.571532	1.536012	112.136664	118.694160	121.395309	120.997450	107.659921	110.761996	5.011818	0.549623	-31.741151	0.517756	56.2667	CC(=O)OC(C)(C)C1=CC2=C(C=C1)[C]3(C)CCC[C](C)(C#N)[CH]3CC2=O
222333f2	322233	CCCCCC	-,O,-,-,-,-	1.509655	1.486923	1.409617	1.530931	1.569035	1.537179	114.873186	118.993444	121.129899	120.700440	110.500088	110.792791	-6.724117	-1.637681	32.149369	0.471325	57.3761	COC1=CC2=C(C=C1)[C]3(C)CCC[C](C)(C#N)[CH]3CC2=O
222333f2	322233	CCCCCC	-,O,-,-,-,-	1.518432	1.485503	1.407239	1.527963	1.573319	1.548009	116.582651	117.748178	120.584771	119.494891	109.204710	112.378619	-24.630481	-2.730332	41.513968	0.517140	70.9657	COC(=O)[C]1(C)CCC[C]2(C)[CH]1[CH](Br)C(=O)C3=C2C=CC(=C3)C(C)C
222333f2	322233	COCCCC	-,-,-,-,-,-	1.444895	1.378152	1.407303	1.491663	1.504468	1.499772	111.167733	117.424721	123.661127	116.892563	106.661617	106.587704	-1.001075	-3.974733	37.451726	0.564041	52.9335	c1ccc2c(c1)[C@@H]3[C@@H](CO2)C=NO3
222333f2	322233	SNCCCC	O,-,-,-,-,-	1.703464	1.408862	1.407544	1.512905	1.549976	1.799886	97.246510	116.953734	121.033988	120.663939	119.104922	115.262773	41.608153	4.863578	-20.460271	0.604970	64.8897	Cc1ccc2c(c1)[C@@H]3[C@@H]4CC[C@@H](C4)[C@@H]3[S@@](=O)N2
222333f2	333222	CCCCCC	-,-,-,C,-,-	1.531791	1.524694	1.505582	1.468876	1.409034	1.514263	113.435933	109.695033	109.719043	118.129902	119.018259	121.929826	60.002543	-44.662421	15.109767	0.485767	49.3105	COc1ccc2c(c1)CC[C@@H]3C2=CC(=O)C3
222333f2	333222	CCCNCC	-,-,-,-,-,-	1.518832	1.519065	1.458378	1.420888	1.409598	1.505082	110.766097	109.611355	112.918840	119.078530	120.512369	121.222114	-56.610250	32.536884	-4.062157	0.472446	52.2868	C1(C(N2C3C(=CC=CC(C=1O)=3)CCC2)=O)C4C=CC=CC=4
222333f2	333222	CCCNCC	-,-,-,-,-,-	1.518969	1.518937	1.457885	1.418400	1.410211	1.505228	110.758924	109.581789	112.902137	119.228920	120.416894	121.258285	-56.550487	32.535970	-4.057477	0.472277	52.3081	C1(C(N2C3C(=CC=CC(C=1O)=3)CCC2)=O)NC(=O)C
222333f2	333222	SCCNCC	-,-,-,-,-,-	1.805139	1.513406	1.490741	1.371926	1.412864	1.786204	98.217596	109.062704	111.851666	121.525021	123.153922	123.279868	66.455450	-41.837141	4.705910	0.569812	52.8221	c1cc2ccc[n+]3c2c(c1)SCC3
222333f3	222333	OCCCCC	-,-,-,-,-,-	1.372924	1.341462	1.508677	1.546335	1.533566	1.440051	115.538497	125.028701	119.992301	109.313711	104.562434	111.579337	1.482868	25.027768	-54.685800	0.547827	52.0782	C[C@@H]1[C@H]2[C@H]3C[C@@H](O1)O[C@@H]2OC=C3C(=O)OC
222333i	222333	CCCCCC	C,-,-,-,-,-	1.450750	1.341347	1.501235	1.530306	1.528355	1.511959	116.695735	122.217514	123.358478	112.483260	111.300988	111.489263	-2.398192	-15.997132	43.853309	0.444692	52.2139	C=C1CCCC=C1
222333i	222333	NCCCCC	-,-,-,-,-,-	1.386705	1.339755	1.494010	1.524859	1.521458	1.465246	118.775919	122.361844	122.766773	111.621074	110.362514	112.363585	2.362074	18.377288	-44.654472	0.437766	52.8792	CCOC(=O)N1CC[C@@H](C=C1)O
222333i	223332	CCCCCC	-,O,-,-,-,-	1.501056	1.514913	1.533012	1.538674	1.507479	1.350089	117.743625	119.672971	112.960652	108.690832	113.718314	124.488252	-29.862211	52.452608	-48.472648	0.462625	56.3832	C1(=C(CC(C)(C)CC1=O)O)C(C(=O)C)CC(=O)O
222333i	223332	CCCCCC	O,C,-,-,-,C	1.502083	1.501660	1.519938	1.519938	1.501660	1.502083	117.713630	119.343609	112.097394	109.889666	112.097344	119.343588	-33.100818	58.205795	-58.205930	0.488844	48.2238	O=C1C(CCCC1=CC2=CC=CC=C2)=CC3=CC=CC=C3
222333i	223332	CNCCCN	-,-,-,-,-,-	1.287827	1.460640	1.515483	1.515643	1.456243	1.384735	126.000272	118.156512	112.219845	108.337696	109.327250	118.765537	-28.463535	54.954264	-55.109739	0.483870	51.2911	C1(N(CCCN=1)C)SC
222333i	223332	CNCCCN	-,-,-,-,-,-	1.389637	1.461189	1.514393	1.514415	1.460047	1.291514	124.642560	118.842854	108.941750	108.271031	112.411144	119.384818	-34.692082	56.390619	-53.604711	0.483365	50.1136	CCCCCCCCCCCCCCCCCC1=NCCCN1CCO
222333i	223332	CNCCCN	-,-,-,-,-,-	1.391296	1.460072	1.514868	1.514828	1.460005	1.291890	125.167378	118.982090	109.418235	108.124035	111.960106	118.592557	30.398963	-55.250582	55.928387	0.489632	51.6912	CCCCCCCCCCCC1=NCCCN1CCCC
222333i	223332	CNCNCN	S,-,-,-,-,-	1.366257	1.427312	1.444816	1.461795	1.456452	1.393428	115.561630	124.725284	107.735175	107.342173	109.939920	118.268600	-37.424790	60.042109	-63.983462	0.508707	42.8246	N1(C(NCN(C1)CCCO)=S)C2=CC=CC=C2
222333i	223332	CNCNCN	S,-,-,-,-,-	1.367147	1.425264	1.445783	1.461960	1.456263	1.393964	115.511998	124.509003	107.385453	107.362252	109.778492	118.447236	38.877427	-60.968841	63.895370	0.511453	42.4251	N1(C(NCN(C1)CCO)=S)C2C=CC=CC=2
222333i	223332	COCCCC	-,-,-,-,-,-	1.387318	1.430076	1.516913	1.523207	1.503593	1.350805	122.811014	115.841117	111.409855	109.059244	111.572678	121.808382	47.231294	-60.588974	42.201993	0.478121	51.7016	CC1=C(CCCO1)C(O)=O
222333i	223332	CONCCC	-,-,-,-,-,-	1.391016	1.464927	1.474020	1.551610	1.516131	1.345613	122.762031	110.779087	105.532489	109.183141	109.823378	121.284635	-64.170086	69.625743	-40.762029	0.566075	50.6868	CC1=CC(CN(O1)O)(C)C
222333i	233322	CCCCCC	-,-,-,-,C,-	1.504020	1.528600	1.528599	1.521132	1.463383	1.344159	123.706576	112.830430	111.334056	110.462681	114.190436	122.047430	-40.722082	57.702457	-46.517007	0.461779	48.4278	C[N+](=CC1=C(/C(=C/c2ccccc2)/CCC1)O)C
222333i	233322	CCCCCC	-,-,-,-,O,-	1.503285	1.522620	1.517972	1.514952	1.504104	1.347133	123.954023	111.979813	110.765800	111.535835	118.049669	119.325173	50.052477	-55.320633	31.010181	0.470669	56.1541	C1(SC2=CC(=C(Cl)C=C2Cl)Cl)=C(O)CCCC1=O
222333i	233322	CCCCCC	-,-,-,-,O,-	1.505692	1.540872	1.533815	1.517102	1.505353	1.345763	124.334095	113.319453	108.904132	113.214678	118.521919	118.787198	48.688560	-52.889177	30.076828	0.462664	55.7698	C1(=C(CC(C)(C)CC1=O)Cl)SC2C=CC=CC=2
222333i	233322	CCCCCC	-,-,-,-,O,-	1.506346	1.520039	1.515018	1.512481	1.501301	1.350601	124.348149	112.089910	110.217954	111.445678	119.627775	117.592637	-50.934660	54.668230	-28.589342	0.480617	58.7435	c1ccc2c(c1)[C@@H](OC2=O)C3=C(CCCC3=O)O
222333i	233322	CCCCCC	-,-,-,-,O,-	1.509264	1.525502	1.519608	1.510537	1.483914	1.344386	122.083298	112.646004	111.176310	110.928447	118.761935	120.927751	49.788627	-53.929697	30.904373	0.457975	54.2917	CCOC1=CC(=O)CCC1
222333i	233322	CCCCCC	-,-,-,-,O,-	1.509813	1.546551	1.538983	1.513512	1.482748	1.342797	122.619094	113.904548	109.877093	112.601602	118.572397	121.078925	-46.616469	51.482556	-31.234046	0.441923	53.4458	CC1=CC(=O)CC(C)(C)C1
222333i	233322	CCCCCC	-,-,-,-,O,-	1.510623	1.540488	1.530616	1.510542	1.484491	1.343324	122.556240	112.461875	111.002649	110.425980	118.444208	121.175410	48.369199	-55.167639	34.086220	0.464294	53.5979	CC1=CC(=O)C[CH](C1)C2=CC=CC=C2
222333i	233322	CCCCCC	O,-,-,-,O,C	1.517017	1.540806	1.540806	1.517071	1.492078	1.492052	117.323419	114.690272	109.928139	114.689018	117.308199	114.668288	48.429523	-48.561641	6.604664	0.601157	83.0613	C1(C(CC(CC1=O)(C)C)=O)=C2SCCS2
222333i	233322	NCCCNC	-,-,-,-,-,-	1.471154	1.523575	1.518478	1.439308	1.358307	1.283490	116.543497	113.640428	109.135287	107.575039	119.722845	127.465183	50.496289	-55.216251	37.233850	0.467258	48.8288	c1ccc2c(c1)nnn2CSC3=NCCCN3
222333i	233322	NCCCNC	-,-,-,-,-,-	1.473829	1.528045	1.527874	1.469800	1.323072	1.321884	121.957291	110.177762	107.896373	110.080842	122.274116	121.904805	53.119969	-53.009294	26.993870	0.489032	55.1894	c1ccc(cc1)CC2=[NH+]C[C@@H](CN2)O
222333i	322233	CCCCCC	-,O,-,-,-,-	1.529597	1.486386	1.343016	1.506710	1.529840	1.533440	109.375587	117.980094	121.374794	122.565492	112.584272	111.422303	5.676356	3.084853	19.000100	0.470640	53.3767	CC(C)[CH]1CCC(=CC1=O)C
222333i	322233	CCCOCC	-,-,-,-,-,-	1.497689	1.337683	1.368740	1.434203	1.520162	1.529556	110.029165	121.867771	125.340953	114.656228	112.451820	109.476522	-2.257308	-11.786234	42.891810	0.469937	51.6402	CC(=O)O[CH]1CCOC=C1
222333i	322233	CCNCCC	-,O,-,O,-,-	1.508902	1.371367	1.371265	1.511210	1.532377	1.528894	111.448173	116.054556	126.766403	116.508545	112.099107	108.381832	-17.201031	14.960731	-33.617199	0.470587	39.9744	C[CH]1C[CH](C)C(=O)[CH](C1)[CH](O)CC2CC(=O)NC(=O)C2
222333i	322233	CNCNCC	-,-,S,-,-,-	1.437710	1.354835	1.358131	1.454583	1.528339	1.522734	111.418358	123.003573	117.250970	123.779941	110.086125	106.881947	13.181635	-12.920071	34.898638	0.468319	43.5456	CCS[C@@H]1C[C@@H](NC(=S)N1)C
222333i	332223	CCCCCC	-,-,O,-,-,-	1.528441	1.511646	1.483845	1.343377	1.509063	1.535810	110.828417	110.987182	118.351715	121.067710	122.615132	112.554487	32.751181	-3.684683	-2.936755	0.461196	53.9269	C[CH]1CC(=CC(=O)C1)C
222333i	332223	CCCCCC	-,-,O,C,O,-	1.536152	1.512460	1.489816	1.492158	1.516204	1.536235	109.594938	113.576952	117.828130	120.364914	117.896561	114.933554	-26.847023	-8.373377	13.047503	0.506603	63.8758	CC1(CC(=O)C(=C/N=C(/c2ccccc2)\\S)C(=O)C1)C
222333i	332223	CCCCNC	-,-,-,-,-,-	1.594545	1.531838	1.340370	1.374973	1.448410	1.563983	110.454832	113.413322	118.949715	124.494285	123.105531	109.147024	17.342054	-0.622207	11.839193	0.430017	49.7610	CC1([C@@H](NC(=C(C1(C#N)C#N)C#N)Cl)[O-])C
222333i	332223	CCCNCC	-,-,O,-,O,-	1.524709	1.504513	1.367800	1.373273	1.551390	1.550402	112.439091	111.294935	116.515772	125.332266	116.968427	105.180624	-34.695982	24.713497	-31.089877	0.476770	30.9365	CCC1(CCC(=O)NC1=O)c2ccccc2
222333i	332223	CCCOCC	-,-,O,-,O,-	1.520920	1.500702	1.345500	1.345500	1.500702	1.520920	106.358139	112.620285	119.542995	123.404669	119.542992	112.620282	-29.447570	1.425121	-1.425140	0.480335	52.2187	CC1(C)CC(=O)OC(=O)C1
222333i	332223	CCNCNC	-,-,-,C,-,-	1.517983	1.449291	1.384796	1.396161	1.455262	1.518096	108.349830	109.861462	124.395799	115.246120	123.288508	110.473663	36.348748	-14.340695	13.807785	0.468643	42.6745	C1CNC(=C(/C=C(/[N+](=O)[O-])\\Cl)[N+](=O)[O-])NC1
222333i	332223	CCNNCC	-,-,-,-,-,-	1.532972	1.478970	1.378182	1.297546	1.506303	1.523655	110.366499	108.238336	121.638981	119.286776	125.809951	109.858731	-39.336316	10.999908	0.510940	0.465989	50.7785	CN(C)C1=CC=C(C=C1)[CH]2C[CH](N(N=C2)C3=CC=CC=C3)C4=CC=C(C=C4)N(C)C
222333i	332223	CCOCCC	-,-,-,-,-,-	1.523097	1.434230	1.369236	1.337750	1.494835	1.525447	109.839997	112.589709	114.505701	125.438525	121.784511	110.762999	43.441168	-12.795170	-2.675714	0.460049	51.9627	C1CC=COC1
222333i	332223	CCOCNC	-,-,-,O,-,-	1.506743	1.436584	1.367357	1.388309	1.445315	1.506710	106.794336	112.464802	124.058252	117.376808	118.443071	110.201364	25.468454	-9.641856	21.282846	0.482366	43.2376	C1CN(C(=O)OC1)C(=O)N(CCCl)N=O
222333i	332223	NCNCNC	-,-,-,O,-,-	1.449206	1.425865	1.351809	1.351809	1.425865	1.449206	108.747514	108.087469	122.651721	115.809411	122.651726	108.087472	-37.745310	13.986311	-13.986298	0.491508	43.3886	CN1CNC(=O)NC1
222333i	333222	CCCCCO	-,-,-,-,-,-	1.543011	1.543840	1.489450	1.336535	1.366949	1.443642	113.338844	111.268286	112.028872	122.076747	125.694833	116.542261	36.649763	-10.574874	-4.674616	0.412245	53.8284	OC[CH]1OC=C[CH](O)[CH]1O[CH]2O[CH](CO)[CH](O)[CH](O)[CH]2O
222333i	333222	CCCCCO	-,-,-,-,-,-	1.547887	1.550112	1.499702	1.336245	1.366534	1.441555	112.980907	108.008922	111.330376	122.410791	125.278073	114.426273	-40.162384	11.885398	3.833449	0.473339	52.7274	CC(=O)OC[CH]1OC=C[CH](OC(C)=O)[CH]1O[CH]2O[CH](COC(C)=O)[CH](OC(C)=O)[CH](OC(C)=O)[CH]2OC(C)=O
222333i	333222	COCNCC	-,-,-,-,-,-	1.435766	1.426622	1.471170	1.393839	1.340044	1.501874	110.990206	114.191388	111.507302	116.864970	123.201859	119.600356	-56.114593	32.528968	-5.197354	0.423051	51.8417	C[C@@H]1C(=CN(CO1)C(C)(C)C)C(=O)C
222333i	333222	COCNCN	-,-,-,-,-,-	1.401964	1.402653	1.438480	1.351669	1.352369	1.438496	107.562040	110.749682	107.609266	119.555248	119.650650	119.419006	-63.710399	27.813551	5.174099	0.521768	57.9730	C1NC(=[NH+]CO1)NC#N
223223f1	223223	CCCCCC	-,-,-,-,-,-	1.363935	1.543256	1.491079	1.371690	1.479351	1.558989	122.741427	124.385976	112.167944	122.494692	127.710067	110.458351	1.990407	-2.290765	1.201577	0.021191	70.4508	Cc1c2c(on1)[C@@H](C(=C([C@@H]2c3ccccc3)C#N)[NH3+])c4cccc(c4)O
223223f1	223223	NCCCNC	-,O,-,-,-,-	1.357687	1.498702	1.508200	1.292392	1.467804	1.441112	122.964146	115.935746	112.606719	124.486003	119.449703	110.236957	-4.331132	19.108186	-1.518862	0.368502	72.8810	C[NH+]1CCC2(CC1)NC(=O)C3CC[NH+](CC3=N2)C
223223f1	232232	CCCCSC	-,-,-,-,O,-	1.514449	1.505191	1.396997	1.770484	1.808609	1.356420	124.376171	114.707138	120.994205	118.856553	103.425486	116.364402	-39.429196	2.788714	31.351682	0.552316	85.5950	CC1=C(N2CCCCC2)S(=O)(=O)C3=CC=CC=C3C1
223223f1	232232	CCNCCN	-,-,-,N,-,-	1.514415	1.445463	1.369524	1.513403	1.488555	1.292433	126.182117	110.237420	122.345291	118.691519	112.317791	117.577285	19.807747	8.242847	-33.854400	0.383100	82.9076	C[C@H](C(=O)C1=N[C@@H]2C(=NC(=NC2=O)N)NC1)O
223223f1	232232	NCNCCC	-,-,-,O,-,-	1.463154	1.463037	1.388930	1.504326	1.508144	1.293875	114.318050	111.389789	117.685693	113.593324	110.685792	121.475358	51.471612	-11.320999	-32.252465	0.581498	86.3765	CCc1c(nnc(n1)SCC2=N[C@@H]3C=CC=CN3C(=O)C2)CC
223223f1	322322	CCCCCC	-,-,-,-,-,-	1.500168	1.339476	1.500168	1.512271	1.410697	1.512271	115.164030	123.366533	123.366530	115.164027	121.469442	121.469438	0.000003	0.000017	-0.000013	0.000000	79.3588	OC1=C2CC=CCC2=C(O)C=C1
223223f1	322322	CNCCCC	-,-,N,-,-,-	1.482728	1.340022	1.536270	1.537705	1.402309	1.495759	112.770377	123.789210	121.780750	112.844228	120.633893	121.981543	-8.224744	-11.997680	13.575262	0.265017	79.4299	c1ccc2c(c1)CN(C(=[NH2+])C23CCOCC3)N
223223f2	232232	CCOCCC	-,-,-,O,-,-	1.510899	1.454919	1.374485	1.529421	1.517660	1.347462	113.707854	107.172614	114.236973	112.131479	104.934427	113.065846	-53.918579	-1.553823	56.170261	0.787153	88.2644	COC(=O)C1=C[C@H]2[C@@H](C[C@@H]1OC2=O)C#N
223223f2	322322	CCCCCC	-,-,-,-,-,-	1.511327	1.408195	1.512110	1.512314	1.406676	1.511604	114.754549	120.407207	120.621534	114.275333	120.621883	120.461171	-0.679801	24.139591	-24.286312	0.324226	88.7558	C12=C(C(Br)C3=C(C1)C=CC=C3)C=CC(/C=C/C4C=CC(C)=CC=4)=C2
223223f2	322322	CCCCCC	-,-,-,-,-,-	1.525316	1.415052	1.525314	1.525315	1.415051	1.525316	114.924875	122.535119	122.535257	114.924834	122.535214	122.535134	0.835526	-0.778548	0.779294	0.007276	0.1741	C1=CC=[N+](C=C1)C2C3=C(C=CC=C3)C(C4=C2C=CC=C4)[N+]5=CC=CC=C5
223223f2	322322	CNCCCC	-,-,-,-,-,-	1.486787	1.361968	1.508544	1.504900	1.399999	1.502914	113.022274	121.038045	120.534861	112.986807	119.664982	119.948903	0.917632	27.293302	-26.921986	0.387705	89.0871	COc1cc2c(cc1OC)C[n+]3ccccc3C2
223223f2	322322	SCCSCC	-,-,-,-,-,-	1.785072	1.403156	1.785072	1.785072	1.403156	1.785072	101.952430	123.469665	123.469663	101.952433	123.469667	123.469661	-0.000018	35.340592	-35.340564	0.626229	90.0000	S1C2=CC=CC=C2SC3=C1C=CC=C3
223223f3	223223	CCCCCC	-,-,-,-,-,-	1.418935	1.527822	1.530822	1.421250	1.530822	1.527822	113.649801	113.649777	107.078808	113.553354	113.553348	107.078839	-53.778360	53.720865	-0.000039	0.775506	90.0000	C1[CH]2[CH](CC3=CC=CC=C13)C4C5=C(C=CC=C5)C2C6=C4C=CC=C6
223223f3	223223	CCCCCC	-,-,-,-,-,-	1.433722	1.544217	1.544215	1.433723	1.544220	1.544216	112.826218	112.826180	105.470912	112.826101	112.826215	105.470931	56.412245	-56.412062	0.000165	0.828964	89.9999	O=C1C2=C(C=CC=C2)C(=O)C3=C1C4C5=C(C=CC=C5)C3C6=C4C=CC=C6
223223f3	232232	CCCCCC	-,-,-,-,-,-	1.527418	1.526882	1.418545	1.525389	1.525340	1.418607	113.642801	107.900744	113.619020	113.704771	108.155032	113.671888	53.270730	-0.568274	-52.510276	0.756415	89.7824	c1ccc2c(c1)C3C[C@@]4(C2c5c3cccc5)C=CS4(=O)=O
223223f3	232232	CCCCCC	-,-,-,-,-,-	1.534242	1.544215	1.433723	1.544220	1.534240	1.352438	114.642126	105.118223	112.826101	112.826215	105.118223	114.642152	54.387061	0.000165	-54.387178	0.809743	89.9999	O=C1C2=C(C=CC=C2)C(=O)C3=C1C4C5=C(C=CC=C5)C3C6=C4C=CC=C6
223223f3	232232	CCCCCC	-,-,-,-,-,-	1.534242	1.544217	1.433722	1.544216	1.534240	1.352438	114.642126	105.118155	112.826180	112.826218	105.117894	114.642152	-54.386927	-0.000281	54.387543	0.809745	89.9998	O=C1C2=C(C=CC=C2)C(=O)C3=C1C4C5=C(C=CC=C5)C3C6=C4C=CC=C6
223223f3	232232	CCNCCC	-,-,-,-,-,-	1.518049	1.502311	1.365117	1.515625	1.522800	1.419189	113.219361	106.317113	115.426690	113.837118	106.746488	113.413932	54.328450	-0.434340	-53.315165	0.767558	89.8677	c1ccc2c(c1)[C@@H]3CC[C@H]2[n+]4c3cccc4
223223i	223223	CNCNCC	O,-,-,-,O,-	1.370004	1.420547	1.420547	1.370004	1.548191	1.548191	116.527090	121.054696	108.588959	121.054707	116.527083	108.735157	46.778485	-46.778462	6.938504	0.553513	86.5125	CCC1(C(=O)NCNC1=O)c2ccccc2
223223i	232232	CCCCCC	-,-,-,-,-,-	1.515106	1.503566	1.341243	1.499792	1.504073	1.348306	121.670565	114.402384	123.135458	123.029951	113.967830	123.793811	-0.000036	-0.000018	0.000069	0.000001	78.3468	COC1=CCC=CC1
223223i	232232	CCNCCN	O,-,-,O,-,-	1.544489	1.465217	1.378898	1.544489	1.465218	1.378899	114.920339	109.564164	119.878422	114.920382	109.564190	119.878483	-50.425693	19.877901	29.296849	0.583498	89.9999	O=C1N[CH](CC2=CC=CC=C2)C(=O)N[CH]1CC3=CC=CC=C3
223223i	232232	CSCCCC	-,-,-,-,-,-	1.747360	1.758630	1.351926	1.518576	1.519360	1.349703	121.335920	101.644578	120.023962	124.507954	113.346408	123.463984	31.745679	-4.467908	-28.320127	0.479662	82.3468	CC1=C([C@@H](C(=C(S1)N)C#N)c2ccco2)C#N
223223i	232232	CSCCSC	-,-,-,-,-,-	1.759693	1.751845	1.347750	1.759693	1.751845	1.347749	121.800517	95.673699	122.422941	121.800507	95.673697	122.422938	-46.409447	0.497083	45.850748	0.830947	90.0000	C1(=C(SC(=C(S1)C(=O)N)C(=O)N)C(=O)N)C(=O)N
223223i	232232	NCCNCC	-,-,-,-,-,-	1.489390	1.493359	1.290171	1.480251	1.542841	1.299872	116.793732	111.516749	127.319742	114.789493	111.203438	123.407793	-27.078301	-4.034713	32.517787	0.420817	85.1383	c1ccc(cc1)[C@@H]2C(=N[C@@H](C(=N2)C#N)C(=O)N)c3ccccc3
223223i	232232	NCCNCC	-,-,O,-,-,O	1.461089	1.532731	1.394704	1.461089	1.532730	1.394703	117.673737	112.805087	114.452354	117.673755	112.805116	114.452367	-27.504507	-21.186245	50.049945	0.565157	90.0000	N1(C(CN(C(C1)=O)C)=O)C
223223i	322322	CCCCCC	-,-,-,-,-,-	1.508024	1.344281	1.504806	1.504806	1.344281	1.508024	113.429213	123.241600	123.200424	113.674791	123.200422	123.241601	-0.241937	-0.616107	0.616101	0.011806	80.1216	C=NC1C=CCC=C1
223223i	322322	CCNCCN	-,O,-,-,O,-	1.547821	1.379518	1.464927	1.547674	1.378987	1.463990	108.717020	114.942525	119.967852	108.414990	114.878961	120.312528	18.962442	-51.677132	32.295283	0.601417	89.3373	ClCC[CH]1NC(=O)[CH](CCCl)NC1=O
223223i	322322	CNCCNC	-,-,-,-,-,-	1.473974	1.284486	1.513392	1.474504	1.287403	1.527811	113.085937	117.106882	126.825385	113.620138	116.792058	126.627052	0.272976	-20.046895	18.330420	0.265189	89.7496	CC(C)[C@H]1C(=N[C@@H](C(=N1)OC)Cc2cc(ccc2F)F)OC
223223i	322322	CNCCNC	-,-,-,-,-,-	1.474360	1.289652	1.514807	1.474360	1.289652	1.514807	111.996844	114.230519	125.206914	111.996843	114.230517	125.206918	-1.199308	34.073806	-30.421097	0.446283	90.0000	C1C(=NCC(=N1)S)S
223233f1	232233	CSCCCC	N,-,-,-,-,-	1.757302	1.707564	1.335029	1.495344	1.555102	1.515126	118.791516	102.119978	124.882847	129.092746	108.551641	113.398888	-5.591720	2.303273	26.807050	0.462356	57.9039	[H]/N=C\\1/[C@H]([C@H](C2=C(S1)C=C(C2=O)C)C(C)C)C#N
223233f1	232332	CCCCCN	-,-,C,-,-,-	1.516974	1.496572	1.483730	1.532786	1.477199	1.288979	124.355845	109.120139	115.415026	107.028780	115.023583	122.392108	46.766801	-60.004718	42.405571	0.460804	48.0540	CC1=NCCC2=c3ccc(cc3=[NH+][C@@H]12)OC
223233f1	233223	NCCCCC	-,-,-,-,-,-	1.467641	1.527272	1.501358	1.406203	1.527220	1.487044	119.290831	114.067214	109.058906	118.093439	120.023133	112.269949	-53.923430	39.625307	3.867210	0.555831	79.1761	N1(C(CC(=O)O)C2=CC=CC=C(CC1)2)C(=O)C
223233f1	322332	CCCCCC	-,-,-,-,-,O	1.536755	1.408127	1.503748	1.511767	1.508382	1.540650	113.957900	121.251322	121.009124	111.631237	111.500133	118.560997	-1.020848	34.484242	-54.010856	0.458501	61.8800	CN(C)CCC1(CCN(C)C)C(=O)CCC2=C1C=CC=C2.OCl(=O)(=O)=O
223233f1	332322	CCCCCC	-,-,N,-,-,-	1.524566	1.498381	1.503091	1.505012	1.344389	1.506512	111.398206	109.750933	118.826318	109.702000	124.819762	123.188458	-55.904439	33.947970	-4.232332	0.433235	52.3402	C1C=CCC2=N[C@@H]([NH2+][C@@H]21)C(=O)[O-]
223233f2	332232	CCCCCN	-,-,-,-,-,-	1.523320	1.515111	1.412314	1.534194	1.450783	1.443239	109.093118	111.730759	121.226633	121.165765	111.534786	121.647837	25.128622	-1.597803	3.004938	0.433668	52.2036	C12(N(C(=O)OC31CCCCC3)CCC4=C2C=C(C(OC)=C4)OC)C
223233f2	332232	CCCCCN	-,-,-,-,-,-	1.523468	1.514290	1.416114	1.533914	1.451275	1.443672	109.222969	111.751089	121.230739	121.095948	111.593229	121.542446	25.111267	-1.959309	3.535757	0.432033	51.7663	C12(N(C(=O)OC1(CC)C)CCC3=C2C=CC=C3)C
223233f2	332232	CCCCCN	-,-,-,-,-,-	1.523854	1.515400	1.410967	1.532621	1.451127	1.443451	109.203912	111.875953	121.131467	121.431217	111.363300	121.554556	24.791601	-2.266776	4.307111	0.429000	51.1472	C12(N(C(=O)OC1(CC)C)CCC3=C2C=C(C(OC)=C3)OC)C
223233f2	332232	CCCCCN	-,-,-,-,-,-	1.524024	1.515402	1.410742	1.531562	1.450620	1.443430	109.193833	111.833771	121.102656	121.439085	111.434822	121.541874	-24.912289	2.197366	-4.068984	0.429747	51.3055	C12(N(C(=O)OC1(C)C)CCC3=C2C=C(C(OC)=C3)OC)C
223233f2	332322	CCNCCC	-,-,C,-,-,-	1.538571	1.515274	1.510293	1.488132	1.339014	1.497367	112.925028	110.195078	116.801817	113.348982	125.244226	121.159738	50.039776	-26.445533	-0.283804	0.425675	53.9832	Cc1cc(=O)c2c(o1)C[C@@H]3CCCC=[N+]3C2
223233f3	223323	CCCCCC	-,-,-,-,C,-	1.344998	1.539306	1.596978	1.551280	1.547315	1.532466	115.410997	115.155942	108.031248	107.252266	113.877115	104.646461	56.754920	-50.499531	-5.261204	0.815682	88.9746	CC(=O)O[CH]1CC[C]2(C)C3=CC[C]4(C)[CH](CC[CH]4[C]35C=C[C]2(C1)[CH]6[CH]5C(=O)OC6=O)C(C)=O
223233i	232233	CSCCCC	N,-,-,-,-,-	1.750383	1.762463	1.356206	1.524168	1.538536	1.502733	115.852020	105.151208	121.291307	125.029130	111.524046	109.096024	6.800671	-3.544156	-31.210498	0.541428	58.9948	[H]/N=C/1\\[C@@H]([C@@H](C(=C(S1)N)C#N)C)C#N
223233i	232332	CCNSCC	-,-,-,O,-,-	1.528239	1.453892	1.713869	1.828147	1.522095	1.358465	123.707205	111.491005	114.804168	95.334117	115.126294	123.866830	-60.037046	66.199756	-40.187803	0.596796	51.3095	CC1=C(C[S@@](=O)N(C1)c2nc(sn2)SC)C
223233i	322332	CCCCON	-,-,-,-,-,-	1.509049	1.342444	1.500605	1.437011	1.417014	1.474598	109.603376	121.963660	120.237227	110.460942	108.018100	111.755066	3.253444	20.670232	-56.577232	0.531418	52.8927	c1ccc(cc1)N2CC=CCO2
223233i	332232	CCCCCN	-,-,-,-,-,-	1.537214	1.500226	1.342029	1.507588	1.473141	1.474597	109.881914	112.585329	121.129947	124.349709	110.418828	113.718169	13.720849	0.992988	14.604837	0.472185	50.6282	COC(=O)Nc1cc(nc([n+]1[O-])N)N2CCC=CC2
223333f1	223333	NCCCCC	-,O,-,-,-,-	1.389401	1.548003	1.555507	1.535636	1.524807	1.459989	122.549552	115.947828	111.993737	110.068919	99.747892	107.779799	20.656201	-47.875860	71.772186	0.624115	39.0773	c1ccc(cc1)[C@@H]2[C@@H]3C[C@@H](C=C3)N(C2=O)O
223333f1	223333	OCCCCC	-,O,-,-,-,-	1.353754	1.498984	1.527310	1.523688	1.510889	1.433829	123.059264	117.589724	112.442297	111.446383	115.976804	118.816176	-41.897333	51.799708	-30.094886	0.452180	64.5024	C12(C(OC(CC1(C3C=CC=CC=3)O)=O)O2)C4C=CC=CC=4
223333f1	223333	OCCSCC	-,O,-,-,-,-	1.359159	1.509831	1.817342	1.830394	1.532236	1.441140	119.253025	116.771042	113.437015	99.738581	110.944428	110.307456	53.147261	-37.172497	-16.116057	0.743561	86.5728	C1CC[C@@H]2[C@@H](C1)OC(=O)CS2
223333f1	233332	CCCCCC	-,-,-,-,-,-	1.504066	1.527671	1.524356	1.541011	1.512603	1.345275	123.580350	113.070719	110.872629	111.208468	112.650511	122.359718	-43.580024	59.599568	-44.086906	0.475786	50.9834	C12(C(C3=CCCCC(CC1)3)CC2C#N)[N+]4(C)CCCC4
223333f1	233332	CCCCCC	-,-,-,-,-,-	1.517421	1.535013	1.531113	1.540119	1.498554	1.346556	120.680050	115.636750	111.983472	110.792351	111.533881	124.803862	35.013861	-56.343756	48.837215	0.464256	51.4101	CC1=C2C(=O)O[C@@H]([C@@]2(CCC1)C)c3ccoc3
223333f1	322333	CCCCCC	-,-,-,-,-,-	1.502073	1.340964	1.502073	1.535702	1.532654	1.535702	112.638407	123.156739	123.156749	112.638425	110.446419	110.446407	1.695793	14.083214	-44.690219	0.489481	51.0595	O=C1[CH]2CC=CC[CH]2C(=O)[CH]3CC=CC[CH]13
223333f1	322333	CCCCCC	-,-,-,-,-,-	1.502073	1.340964	1.502073	1.535702	1.532654	1.535702	112.638408	123.156740	123.156745	112.638417	110.446411	110.446399	-1.695800	-14.083243	44.690264	0.489482	51.0595	O=C1[CH]2CC=CC[CH]2C(=O)[CH]3CC=CC[CH]13
223333f1	322333	CCCCCC	-,-,-,-,-,-	1.502758	1.338295	1.503419	1.544246	1.521513	1.530638	114.254540	124.208042	124.170165	113.852016	115.700325	116.389461	0.768988	10.450012	-30.591595	0.313387	50.5920	N1(C(C2C(C=CC(C(C1=O)2)C)C(=O)OC)=O)C3=CC=CC=C3
223333f1	322333	CCCCCC	-,-,-,-,-,-	1.518760	1.346395	1.521335	1.547353	1.528694	1.550817	108.863574	124.858267	123.180641	113.045429	112.443145	112.355437	-3.704862	-3.297669	33.622159	0.475375	53.9308	C[C]1(CC[CH]2C(=C1)CC[CH]3[C]2(C)CCC[C]3(C)C(O)=O)C=C
223333f1	322333	CCCCCC	-,-,-,-,-,-	1.519063	1.345892	1.521050	1.546961	1.527017	1.547555	109.609551	124.674880	123.246509	112.912910	112.542129	112.482097	4.425169	4.333946	-34.819019	0.468075	54.0295	CC[C]1(C)CC[CH]2C(=C1)CC[CH]3[C]2(C)CCC[C]3(C)C(O)=O
223333f1	322333	CCCCCN	-,-,-,-,-,-	1.488709	1.339613	1.498532	1.548370	1.533914	1.500869	114.307029	123.846250	122.374212	114.160054	110.799631	113.954109	0.462892	14.986402	-40.332808	0.421315	50.3159	C1CN2C[NH+]3CC=CC[C@@H]3[C@@H]1O2
223333f1	322333	CCCCCN	-,-,-,-,-,-	1.528904	1.406137	1.502768	1.526610	1.481587	1.503049	114.086171	120.172739	118.292953	108.455411	111.083595	117.286693	4.661713	39.139124	-61.731387	0.567469	71.4191	S(N1C(CC(=O)O)C2C=CC=CC(CC1)=2)(C3C=CC(Cl)=CC=3)(=O)=O
223333f1	322333	CCCCCN	-,-,-,-,-,-	1.529464	1.406366	1.503196	1.526677	1.480510	1.503047	114.102143	120.231257	118.376294	108.451259	110.852531	117.270550	4.763584	38.729125	-61.994688	0.566158	70.7253	S(N1C(CC(=O)O)C2C=CC=CC(CC1)=2)(C3SC=CC=3)(=O)=O
223333f1	322333	CCCCCN	-,-,-,-,-,-	1.529670	1.406204	1.502817	1.526581	1.481322	1.503302	114.151606	120.237251	118.334094	108.470370	110.935988	117.153707	4.801360	38.743337	-62.006817	0.566340	70.8305	S(N1C(CC(=O)O)C2C=CC=CC(CC1)=2)(=O)(=O)C3C=CC=CC=3
223333f1	322333	SCCCCC	O,-,-,-,-,-	1.773476	1.408105	1.517031	1.526312	1.511122	1.769629	104.634828	122.308678	122.139838	116.644140	111.085048	110.006187	1.302741	18.569359	-54.793403	0.538192	50.8023	O=S1(=O)CCCC2=C1C=CC3=CC=CC=C23
223333f1	332233	CCCCCC	-,-,-,-,-,-	1.523335	1.510257	1.408381	1.519935	1.527794	1.518271	109.610639	113.260395	122.468348	119.420946	114.810689	110.523824	-19.224453	1.761448	-15.087939	0.497927	49.0197	C1CCC2=C3C=CC=CC3=C(CCC4=C5C=CC=CC5=C6CCCCC6=C4)C=C2C1
223333f1	332233	CCCCCC	-,-,-,-,-,-	1.524494	1.510346	1.411595	1.516632	1.527351	1.519835	109.925707	113.412651	122.140326	119.922776	114.232877	110.363382	18.444255	-2.708768	17.200715	0.496477	48.1688	C1CCC2=C(C1)C=CC3=C2CCCC3
223333f1	332233	CCCCCC	-,-,-,-,-,-	1.527758	1.506513	1.403893	1.512179	1.548708	1.536052	112.019561	113.203178	121.586058	121.747156	114.311182	108.827159	-18.120368	3.427240	-17.685282	0.485863	47.4764	C[CH]1CC[C]2(CCC3=C(C2)C=C(C)C=C3)C1
223333f1	332233	CCCCSC	-,-,-,-,-,-	1.524886	1.516520	1.409768	1.789407	1.808372	1.513041	111.438589	116.497780	121.338829	124.990876	100.933492	109.793080	-16.657996	-0.490325	-13.859044	0.555997	49.9209	C1CSC2=C(C1)C3=C(C=CC=C3)C=C2
223333f1	332233	CCCNCC	-,-,-,-,-,-	1.535108	1.481282	1.363194	1.441380	1.531712	1.534672	111.406954	111.187419	122.045561	126.235609	111.392119	111.289587	19.100868	-4.720936	16.670004	0.466887	46.3201	C1CCn2c(nnn2)C1
223333f1	332233	NCCCCC	-,-,-,-,-,-	1.523719	1.483184	1.340569	1.508479	1.534954	1.513678	110.949695	112.485434	125.096696	120.710619	113.025332	110.124423	12.570282	1.516816	15.701604	0.485553	50.9905	C[NH+]1CCC2=C(C1)C(=NC3(N2)CCCCC3)O
223333f1	332233	OCCCCC	-,-,-,-,-,-	1.429595	1.509333	1.342104	1.478731	1.547256	1.435469	110.985623	109.258097	120.060911	121.157892	115.031178	110.274594	-30.441765	-2.569880	4.602273	0.514140	56.8602	CNC(=O)[CH](C)[CH]1N([CH]2CC[CH](O)[CH](C)O2)C(=O)C(=C(O)C=CC(C)=C[CH](C)[CH]3O[C]4(C)O[CH](C=C[C]45CO5)[CH]3C)C1=O
223333f1	332233	SCCCCC	-,-,-,-,-,-	1.822020	1.508417	1.344403	1.508698	1.541605	1.831170	95.457561	110.056377	125.384190	124.233758	116.955386	109.692990	32.124513	-0.404653	6.013308	0.692073	51.7438	S1C2C(O)CCC1C=CC2
223333f1	333223	CCCCCC	-,-,-,-,-,-	1.539104	1.550410	1.510359	1.343859	1.525014	1.541573	107.084260	109.702270	114.429039	122.642012	121.732773	109.977760	37.392410	-4.814822	-0.141285	0.553060	51.9849	C12([N+]([O-])=O)CC([N+]([O-])=O)(CC=C1)CN(C2)CC(=O)O
223333f1	333223	CCCCNC	-,-,-,-,-,-	1.516733	1.516270	1.498443	1.291202	1.515274	1.529499	110.880302	108.659522	113.632292	121.289597	124.864956	111.573571	49.292732	-20.583875	2.232089	0.491469	48.1266	Cc1cc(=O)c2c(o1)C[C@@H]3CCCC=[N+]3C2
223333f1	333223	CCCNCC	-,-,-,-,-,-	1.522320	1.519386	1.462931	1.282124	1.529009	1.542452	109.952496	110.484971	115.039150	121.201204	126.994307	107.378237	41.393442	-13.788639	5.656701	0.489668	46.2659	c1ccc(cc1)[C@@]23CCCN=C2NC(=O)CC3
223333f1	333223	CCSCNC	-,-,-,-,-,-	1.509265	1.804049	1.723027	1.339552	1.515738	1.529336	112.969797	110.838072	104.383165	126.814708	121.874655	111.642678	-28.847422	0.927805	-2.335247	0.512722	51.7030	Cc1c(=O)[nH]c2[n+](n1)[C@@H]([C@@H](CS2)Br)c3ccccc3
223333f1	333223	CNCCNC	-,-,-,-,-,-	1.475048	1.466069	1.501104	1.295175	1.483371	1.554417	116.083250	110.832883	108.287189	125.718131	110.187788	112.921981	48.965834	-50.613103	1.089910	0.637553	87.0196	C1CN=C2[C@@H](N1)C(=O)NC2=O
223333f1	333223	COCCCC	-,-,-,-,-,-	1.446655	1.444406	1.490025	1.382370	1.494187	1.555660	110.907378	115.310404	112.974902	121.417158	123.112349	109.672038	-42.946442	12.457329	-1.975738	0.451421	48.8408	CC1(Cc2c(c3c(s2)c(=O)[nH]cn3)CO1)C
223333f1	333223	NCCCCC	-,-,-,-,-,-	1.469831	1.532818	1.507947	1.407740	1.529395	1.488256	111.230820	115.040206	113.928935	120.803785	121.086615	112.049976	-35.545825	10.181158	-7.214166	0.442103	45.7879	N1(C(C2=CC=CC=C(CC1)2)C3CCNCC3)C
223333f1	333223	NCCCCC	-,-,-,-,-,-	1.484685	1.537424	1.509598	1.407462	1.511004	1.470702	109.073848	111.602603	112.457722	120.311197	121.010764	113.523643	45.701316	-15.355974	4.064854	0.497574	47.2974	N1CC2=CC=CC=C(CC1CO)2
223333f1	333322	CCCCCC	-,-,-,-,-,-	1.523403	1.519963	1.528392	1.510129	1.391817	1.507088	113.267228	109.573778	110.510722	114.399695	120.607437	121.994542	61.995813	-45.093796	15.891667	0.493005	47.6020	COC1=C2N=C3CCCCC3=C(NCCCN(CCC(C)C)CCC(C)C)C2=CC=C1.OP(O)(O)=O
223333f1	333322	CCCCCC	-,-,-,-,-,-	1.524026	1.520836	1.528010	1.513376	1.394224	1.506768	113.274549	109.734533	110.534777	114.146539	120.782919	121.868528	-62.068945	45.293277	-16.306943	0.492287	47.3322	ClC1=CC2=C(N3CCOCC3)C4=C(CCCC4)N=C2C=C1
223333f1	333322	CCCCCC	-,-,-,-,-,-	1.524129	1.520930	1.528036	1.513032	1.394230	1.506760	113.270119	109.748779	110.547457	114.105452	120.878444	121.806391	-62.061217	45.227837	-16.260870	0.492171	47.3306	ClC1=CC2=C(N3CCCCC3)C4=C(CCCC4)N=C2C=C1
223333f1	333322	CCCCCC	-,-,-,-,-,-	1.524350	1.517313	1.528192	1.517950	1.352972	1.515312	114.130174	109.990370	110.642189	115.081375	120.778854	122.498719	59.698507	-43.018433	11.596454	0.483327	52.4118	N1=C(SC2(CCCCC2)C3=C1CCCC3)N
223333f1	333322	CCCCCC	-,-,-,-,-,-	1.527351	1.519835	1.524494	1.510346	1.411595	1.516632	114.232896	110.363429	109.925703	113.412656	122.140323	119.922790	62.768270	-47.897369	18.444222	0.496476	48.1689	C1CCC2=C(C1)C=CC3=C2CCCC3
223333f1	333322	CCCCCC	-,-,-,-,-,-	1.527462	1.523232	1.527462	1.510113	1.406521	1.510113	113.231047	110.462153	110.462171	113.231069	121.503148	121.503146	-62.451372	47.174106	-18.379337	0.491369	47.2214	O=C1C2=C(C=CC=C2)C(=O)C3=C1C=C4CCCCC4=C3
223333f1	333322	CCCCCC	-,-,-,-,-,-	1.527521	1.523218	1.527477	1.509531	1.405193	1.509706	113.254290	110.450451	110.453065	113.226215	121.583817	121.462032	62.396035	-47.098941	18.330608	0.491142	47.2203	CCOC(=O)CCC(=O)C1=CC2=C(CCCC2)C=C1
223333f1	333322	CCCCCC	-,-,-,-,-,-	1.527535	1.523222	1.527488	1.509191	1.404999	1.508854	113.246915	110.448900	110.448701	113.235532	121.533420	121.531645	62.370110	-47.137520	18.385331	0.491000	47.2031	OC(=O)C1=C(CC2=CC3=C(CCCC3)C=C2)C=CC=C1
223333f1	333322	CCCCCC	-,-,-,-,-,-	1.527579	1.519736	1.523244	1.510438	1.403234	1.513057	114.393588	110.508420	109.593884	113.494005	121.249211	120.826294	-62.300395	49.895965	-21.023673	0.494845	47.6391	Cn1c2c(cn1)nc3c(c2Cl)CCCC3
223333f1	333322	CCCCCC	-,-,-,-,-,-	1.527794	1.518271	1.523336	1.510257	1.408382	1.519935	114.810634	110.523762	109.610555	113.260367	122.468328	119.420958	62.647646	-49.028665	19.224439	0.497929	49.0197	C1CCC2=C3C=CC=CC3=C(CCC4=C5C=CC=CC5=C6CCCCC6=C4)C=C2C1
223333f1	333322	CCCCCC	-,-,-,-,-,-	1.527836	1.520675	1.528385	1.514363	1.351152	1.512067	113.920476	110.851793	110.771754	113.772199	121.960828	122.473766	-59.274118	44.736505	-14.806364	0.474230	50.9380	C[C]12CCCC[CH]1C3=C(CCCC3)CC2
223333f1	333322	CCCCCC	-,-,-,-,-,-	1.527884	1.518239	1.523315	1.510170	1.407096	1.519997	114.838624	110.530374	109.599903	113.224125	122.569503	119.356738	-62.608965	49.012158	-19.260032	0.497684	48.9845	CCN(CC)C[CH](O)C1=C2C=CC=CC2=C3CCCCC3=C1
223333f1	333322	CCCCCC	-,-,-,-,-,-	1.527913	1.520349	1.523541	1.507592	1.398112	1.511049	114.327949	110.490578	109.673319	113.353653	121.821986	120.591713	62.116999	-49.161859	20.567963	0.492898	47.3637	CCCCCN(CCCCC)CCCNC1=C2C=C(Cl)C=CC2=NC3=C1CCCC3.OP(O)(O)=O
223333f1	333322	CCCCCC	-,-,-,-,-,-	1.528124	1.519923	1.523406	1.507459	1.398368	1.510460	114.528038	110.558983	109.600664	113.271674	121.801455	120.558948	-62.018620	49.689571	-21.031187	0.493087	47.6290	CC(C)CCN(CCCNC1=C2CCCCC2=NC3=C1C=CC=C3)CCC(C)C.OP(O)(O)=O
223333f1	333322	CCCCCC	-,-,-,-,-,-	1.528228	1.521381	1.524340	1.507380	1.395246	1.510503	113.726577	110.188067	109.870808	113.629302	121.798455	120.947194	-62.502614	47.397349	-17.958670	0.496160	48.1509	CCN(CC)CCC[CH](C)NC1=C2CCCCC2=NC3=CC=CC=C13.OP(O)(O)=O
223333f1	333322	CCCCCC	-,-,-,-,-,-	1.528265	1.521260	1.524293	1.507110	1.394979	1.511001	113.947679	110.554842	109.817488	113.265462	121.651475	121.048562	61.977542	-49.156991	21.209515	0.490292	46.4009	CCN(CC)CCCNC1=C2C=C(Cl)C=CC2=NC3=C1CCCC3
223333f1	333322	CCCCCC	-,-,-,-,-,-	1.528266	1.519950	1.523616	1.507498	1.398184	1.511551	114.431341	110.522991	109.569338	113.272188	121.814579	120.557544	-62.184332	49.665704	-20.950965	0.494224	47.5852	CCCCCN(CCCCC)CCCNC1=C2C=C(OC)C=CC2=NC3=C1CCCC3.OP(O)(O)=O
223333f1	333322	CCCCCC	-,-,-,-,-,-	1.528396	1.520088	1.523341	1.507641	1.398585	1.511054	114.397701	110.548469	109.602971	113.286004	121.848737	120.547474	62.146033	-49.479673	20.810021	0.493576	47.5445	CC(C)CCN(CCCNC1=C2C=C(Cl)C=CC2=NC3=C1CCCC3)CCC(C)C.OP(O)(O)=O
223333f1	333322	CCCCCC	-,-,-,-,-,-	1.528421	1.520019	1.523309	1.507484	1.398525	1.511002	114.430384	110.562484	109.587241	113.274159	121.854852	120.535547	-62.124766	49.562848	-20.887230	0.493585	47.5885	CCCCN(CCCC)CCCNC1=C2CCCCC2=NC3=C1C=CC=C3.OP(O)(O)=O
223333f1	333322	CCCCCC	-,-,-,-,-,-	1.528551	1.521370	1.524339	1.506505	1.388135	1.510514	113.919513	110.560429	109.800499	113.209443	121.813226	121.127184	-61.787654	49.056414	-21.250586	0.489220	46.3289	CCCCCN(CCCCC)CCCNC1=C2CCCCC2=NC3=C(OC)C=CC=C13.OP(O)(O)=O
223333f1	333322	CCCCCC	-,-,-,-,-,-	1.528745	1.522680	1.525618	1.507330	1.393987	1.504453	113.626109	110.612795	110.007369	113.164629	121.416398	121.786278	-61.910788	48.695177	-20.323780	0.489770	47.0740	CC1=C2CCCCC2=NC(=N1)O
223333f1	333322	CCCCCC	-,-,-,-,-,-	1.528905	1.520884	1.524041	1.507417	1.392320	1.510064	114.175089	110.641575	109.696982	113.145573	121.874674	120.962548	-61.955833	49.366382	-20.711195	0.492118	47.6819	ClC1=CC2=NC3=C(CCCC3)C(=C2C=C1)Cl
223333f1	333322	CCCCCC	-,-,-,-,-,-	1.528907	1.520870	1.524045	1.507269	1.392490	1.509915	114.178462	110.640909	109.694924	113.150122	121.867003	120.965405	-61.952845	49.374811	-20.718796	0.492121	47.6846	ClC1=C2CCCCC2=NC3=C1C=CC=C3
223333f1	333322	CCCCCC	-,-,-,-,-,-	1.530227	1.523128	1.530226	1.507548	1.344018	1.507548	113.318679	111.032969	111.032959	113.318690	122.745677	122.745651	59.010420	-43.511657	13.564144	0.471820	51.2519	O=C1C2=C(CCCC2)C(=O)C3=C1C=CC=C3
223333f1	333322	CCCCCC	-,-,-,-,-,-	1.530671	1.525175	1.531591	1.506889	1.344756	1.505862	112.926130	111.169240	111.259740	113.066604	122.764113	123.175552	-58.944190	43.256427	-13.601369	0.469729	50.9271	C1(C(NC2CCCCC(C=1)=2)=S)C#N
223333f1	333322	CCCCCC	-,-,-,-,-,-	1.530718	1.524224	1.530433	1.515812	1.347596	1.501248	112.926528	111.289178	110.930900	113.076059	121.193472	124.442514	59.282515	-46.037859	16.717204	0.472159	50.2613	C[N+]1(C2=C(CCCC2)C(=S)S1)CC=C
223333f1	333322	CCCCCC	-,-,-,-,-,-	1.534866	1.533025	1.523137	1.494860	1.336873	1.494330	115.513121	115.508435	117.179699	114.306604	124.403964	123.848755	36.384221	-28.614950	10.596754	0.281225	49.7894	C1C=C(C[C@@H]2[C@H]1C(=O)NC2=O)Cl
223333f1	333322	CCCCCC	-,-,-,-,-,-	1.536823	1.535075	1.536189	1.498306	1.383953	1.503626	111.877803	111.702144	111.711333	110.474027	125.360450	121.616694	-61.103032	44.472036	-16.437278	0.476508	47.9417	C1(N2C(=CC(=C2C)C=O)C)=C(C3CCCCC(S1)=3)C#N
223333f1	333322	CCCCCC	-,-,-,-,-,-	1.537253	1.536170	1.537048	1.499126	1.381670	1.497673	110.476356	111.846429	111.678884	111.670854	122.162442	125.133140	-60.914161	45.052789	-16.731353	0.475387	48.1224	Cc1nnnn1c2cc3c(s2)CCCC3
223333f1	333322	CCCCCC	-,-,-,-,-,-	1.537813	1.541310	1.542914	1.499063	1.384736	1.503793	112.529307	111.966641	110.573251	110.485723	125.708812	121.047482	-61.422661	45.881599	-17.379278	0.485795	49.1184	C12=C(SC3=C1CCC(C)C3)N=C(N=C2Cl)C
223333f1	333322	CCCCCC	-,-,-,-,-,-	1.540155	1.539427	1.539287	1.490855	1.379295	1.490234	110.073357	112.165517	111.980387	111.110286	123.046892	125.301259	60.316833	-44.149277	16.290484	0.469901	48.0466	Cc1nc2c(s1)CCCC2
223333f1	333322	CCCCCC	-,-,-,-,-,-	1.540507	1.541126	1.541656	1.491141	1.383184	1.487026	109.626061	112.268758	112.248583	111.061944	122.373442	126.333892	-60.239707	44.195060	-16.193107	0.468547	48.2585	N1C2=C(C=CC=N2)C3=C1CCCC3
223333f1	333322	CCCCCC	-,-,-,-,-,-	1.541495	1.540839	1.540312	1.487195	1.379706	1.491491	111.091072	112.214481	112.225237	109.669229	126.320972	122.412904	60.176732	-43.199661	15.553640	0.468429	48.2525	N1C2=C(CCCC2)C3=C1C=CC=C3
223333f1	333322	CCCCCC	-,-,-,-,-,-	1.543139	1.517451	1.521768	1.493912	1.337412	1.502477	113.890033	116.445578	116.099471	114.866762	124.011880	124.170630	-38.985106	29.364609	-10.078429	0.298816	50.0894	C[CH]1C=CC[CH]2[CH]1C(=O)OC2=O
223333f1	333322	CCCCCC	-,-,-,-,-,-	1.548123	1.515773	1.520847	1.510358	1.345123	1.515806	112.492263	110.990484	98.582263	110.564657	119.761333	120.759121	-71.351812	68.691321	-35.736773	0.643481	54.1367	C1C=C[C@@H]2C[C@H]1OC2=O
223333f1	333322	CCCCCN	-,-,-,-,C,-	1.518370	1.514444	1.522491	1.519124	1.404451	1.462232	115.285223	109.287128	109.199216	114.785059	118.881201	121.937328	61.775758	-48.429947	20.590681	0.493925	45.4193	C1(=C2N(CCCC2)C(C=C1Cl)=O)C(=O)OC
223333f1	333322	CCCCNN	-,-,-,-,-,-	1.526428	1.523225	1.523083	1.459043	1.431547	1.476450	110.052495	110.364586	110.523927	111.775922	114.936462	112.563366	53.806097	-50.949181	51.934150	0.539444	5.1472	COc1ccc2c(c1)CCC3=C2CC(=O)N4N3CCCC4
223333f1	333322	CCCSCC	-,-,-,O,-,-	1.533267	1.529155	1.783922	1.728853	1.377837	1.495485	111.900317	112.227503	111.589228	103.943434	122.284320	127.467546	64.519995	-39.475296	10.060462	0.512422	48.3953	NS(=O)(=O)c1cc2c(s1)C(O)CCS2(=O)=O
223333f1	333322	CCCSCN	-,-,-,-,-,-	1.512090	1.511393	1.808453	1.787409	1.361017	1.478215	112.097090	109.966257	111.702548	103.067033	124.174662	122.114248	-63.541252	28.552191	0.693791	0.551928	53.1201	c1cc(c2[n+](c1)CCCS2)O
223333f1	333322	CCNCCC	-,-,-,-,-,-	1.529450	1.460082	1.476794	1.531242	1.410167	1.508015	111.941187	110.449147	110.953320	113.605565	120.613770	120.176305	65.769969	-46.874878	15.917006	0.496309	47.8086	C1(C2C(=CC=CC=2)CCN1)C3C=CN=CC=3
223333f1	333322	CCNCCC	-,-,-,-,-,-	1.547227	1.479012	1.482274	1.501930	1.380514	1.500589	111.220561	111.867751	111.162159	110.761383	124.820925	120.180028	-64.305742	47.954158	-18.040527	0.484960	48.3296	C1(=C(SC2=C1CCN(C)C2)N)C#N
223333f1	333322	CCNCCC	-,-,-,-,-,-	1.547288	1.477003	1.481231	1.501955	1.381930	1.504463	111.859101	112.160925	110.687652	110.841881	125.239050	119.305870	-64.139731	48.670534	-18.606371	0.485709	49.0579	C1(=C(SC2=C1CCN(C)C2)N)C(=O)OCC
223333f1	333322	CNCCCC	-,-,-,-,-,-	1.474604	1.501883	1.551138	1.489195	1.377633	1.483386	110.704492	113.099754	113.246840	110.612618	120.802253	126.572821	59.436659	-43.330327	15.825921	0.445810	47.9949	C12=C(NC3=C1C=CC=C3)CNC(C2)C(=O)O
223333f1	333322	CNCCCC	-,-,-,-,-,-	1.478771	1.469265	1.545080	1.517950	1.415351	1.528627	114.117006	113.471840	109.878538	114.283051	118.943221	121.748814	61.224808	-47.689036	18.091248	0.469608	50.4465	C12=C(C(CCl)NC(C1)(C)C)C=CC3=C2C=CC=C3
223333f1	333322	CNCCCC	-,-,-,-,-,-	1.484837	1.467156	1.530077	1.508508	1.409173	1.525558	111.601010	111.153625	112.207313	113.183995	120.761799	121.006013	63.184739	-42.308280	14.044647	0.475696	46.0984	C1(CC(=O)O)C2C(=CC=CC=2)CCN1
223333f1	333322	CNCCCC	-,-,-,-,-,-	1.488893	1.464582	1.529203	1.508777	1.411198	1.526044	113.188198	109.887986	111.163297	112.171691	120.624645	120.531405	66.013462	-48.766185	17.285485	0.499573	48.0198	C12C(NCCC=1C=CC=C2)CN
223333f1	333322	CNCCCC	-,-,-,-,-,-	1.493605	1.464778	1.529559	1.507648	1.408256	1.521749	113.402418	110.572523	110.983719	112.196926	120.255020	121.179966	64.939152	-50.078547	19.236422	0.492410	47.8984	C1(C2=C(C=CC=C2)CCN1)C(=O)O
223333f2	233332	CCCCCC	-,-,-,-,-,-	1.486638	1.557495	1.591015	1.625227	1.527764	1.338031	125.298366	118.366806	111.775432	110.784363	113.139613	121.384302	-27.312147	47.427623	-46.232824	0.433338	51.4136	C[CH]1CC[C]2(CC[C]3(C)C(=CC[CH]4[C]5(C)CC[CH](O)C(C)(C)[CH]5CC[C]34C)[CH]2[CH]1C)C(O)=O
223333f2	233332	CCCCCC	-,-,-,-,-,-	1.500280	1.546561	1.572134	1.584954	1.522295	1.342973	124.089279	113.497094	110.950586	107.430238	113.691750	122.122132	44.708129	-60.211291	46.279539	0.507533	50.0236	COC(=O)[C]1(C)CCC[C]2(C)[CH]3CCC(=CC3=CC[CH]12)C(C)C
223333f2	233332	CCCCCC	-,-,-,-,-,-	1.501380	1.549582	1.545050	1.547481	1.528406	1.350057	125.512128	114.615158	109.786451	114.071109	115.360541	119.857675	-41.845768	52.522080	-37.270753	0.429765	50.5458	C[C]1(O)CC[CH]2[CH]3CCC4=CC(=O)CC[C]4(C)C3=CC[C]12C
223333f2	233332	CCCCCC	-,-,-,-,-,-	1.509648	1.572564	1.564343	1.543663	1.515481	1.349546	115.482364	109.972870	84.622096	109.699163	109.233211	120.896244	80.403188	-82.460978	48.429488	0.807584	54.8265	CC(=O)OCCC1=CC[CH]2C[CH]1C2(C)C
223333f2	233332	CCCCCC	-,-,-,-,-,-	1.509648	1.594649	1.592189	1.543663	1.515481	1.349546	115.482364	113.727315	82.998546	115.595342	109.233211	120.896244	-77.199564	77.060520	-46.948586	0.762262	53.3133	CC(=O)OCCC1=CC[CH]2C[CH]1C2(C)C
223333f2	233332	CCCCCC	-,-,-,-,-,-	1.510899	1.541182	1.554972	1.543823	1.517660	1.347462	113.707854	109.145520	108.480182	109.125437	108.510309	113.065846	54.731197	1.953040	-57.251669	0.806598	89.5992	COC(=O)C1=C[C@H]2[C@@H](C[C@@H]1OC2=O)C#N
223333f2	322333	CCCCCC	-,-,-,-,-,-	1.494522	1.344005	1.533554	1.584943	1.547283	1.543271	114.475276	124.680354	122.666505	111.023003	112.279827	109.815478	-1.104921	-14.639749	44.222857	0.473427	50.5647	CC(=O)[CH]1CC[CH]2[CH]3CC=C4C[CH](O)CC[C]4(C)[CH]3CC[C]12C
223333f2	322333	CCCCCC	-,-,-,-,-,-	1.495179	1.344194	1.535053	1.586133	1.547764	1.538784	113.915237	124.714540	122.854137	111.277946	111.950857	110.736082	0.640556	14.052729	-42.783990	0.467166	50.1821	CC(C)CCC[CH](C)[CH]1CC[CH]2[CH]3CC=C4C[CH](Cl)CC[C]4(C)[CH]3CC[C]12C
223333f2	322333	CCCCCC	-,-,-,-,-,-	1.505603	1.418144	1.528103	1.544809	1.519068	1.516681	112.761413	120.517844	121.779498	115.829967	116.823292	114.282849	0.910452	10.550957	9.101420	0.413920	61.7748	COc1cc(cc(OC)c1OC)C2C3C(COC3=O)C(O)c4cc5OCOc5cc24
223333f2	322333	CCCCCC	-,-,-,-,-,-	1.516138	1.349349	1.510466	1.594609	1.591848	1.543947	109.246607	120.890184	115.471757	113.879016	83.010712	115.559408	-2.035761	49.072738	-77.065897	0.761466	53.3198	CC1(C)[CH]2CC=C(CCO)[CH]1C2
223333f2	322333	CCCCCC	-,-,-,-,-,-	1.518670	1.422304	1.542240	1.527918	1.514686	1.512777	110.486169	122.050323	121.688044	109.492694	109.909826	109.367423	-0.726942	-15.883332	50.459740	0.551106	50.6804	CC(=O)OC1=CC=C(C=C1OC(C)=O)[CH]2[CH]3COC(=O)[CH]3CC4=C2C=C(OC(C)=O)C(=C4)OC(C)=O
223333f2	322333	CCCCCC	-,-,-,-,-,-	1.519247	1.415204	1.538887	1.529359	1.513292	1.512394	110.101575	122.162638	121.612071	109.996492	110.208555	108.981973	-1.016645	15.154473	-48.866981	0.547534	49.5263	COC1=CC=C(C=C1OC)[CH]2[CH]3COC(=O)[CH]3CC4=C2C=C(OC)C(=C4)OC
223333f2	322333	CCCCCC	-,-,-,-,-,-	1.519299	1.424155	1.538726	1.529547	1.513117	1.512244	110.112172	121.935783	121.600351	110.009680	110.279361	109.026309	-1.086739	15.021814	-48.743389	0.547822	49.5326	OC1=CC=C(C=C1O)[CH]2[CH]3COC(=O)[CH]3CC4=CC(=C(O)C=C24)O
223333f2	322333	CCCCCC	-,-,-,-,-,-	1.519848	1.421010	1.538085	1.529764	1.513205	1.512248	110.125257	121.931219	121.709386	109.948606	110.234845	109.019923	1.043700	-15.117879	48.847495	0.547959	49.5346	COC1=C(O)C=C2[CH]([CH]3COC(=O)[CH]3CC2=C1)C4=CC=C(O)C(=C4)OC
223333f2	332233	CCCCCC	-,-,-,-,-,-	1.520345	1.499646	1.407524	1.551950	1.587336	1.544135	110.485341	112.380565	121.976796	121.981516	112.824743	109.691954	23.059584	-0.591414	9.316889	0.513966	50.4841	C[C]1(CCC[C]2(C)[CH]1CCC3=C2C=C(O)C=C3)C(O)=O
223333f2	332233	CCCCCC	-,-,-,-,-,-	1.520463	1.499671	1.404155	1.550768	1.587109	1.544217	110.499939	112.408673	121.926428	122.156319	112.769361	109.675127	-22.999704	0.637384	-9.408797	0.513140	50.4071	CC(C)C1=CC2=C(C=C1)[C]3(C)CCC[C](C)([CH]3CC2)C(O)=O
223333f2	332233	CCCCCC	-,-,-,-,-,-	1.520553	1.500716	1.401763	1.550927	1.586626	1.544289	110.497964	112.489005	121.956733	122.211894	112.664214	109.638865	22.494200	-0.527778	9.809515	0.513134	50.3650	COC(=O)[C]1(C)CCC[C]2(C)[CH]1CCC3=C2C=C(C(C)=O)C(=C3)C(C)C
223333f2	332233	CCCCCC	-,-,-,-,-,-	1.520640	1.513617	1.355337	1.554264	1.586619	1.537844	113.485506	115.062251	121.447723	123.207072	113.652121	108.759136	-11.860881	-3.759852	-11.843417	0.468774	52.8795	C[CH](CCC(Br)=C(C)C)[CH]1CC[C]2(C)C3=C(CC[C]12C)[C]4(C)CC[CH](O)C(C)(C)[CH]4CC3
223333f2	332233	CCCCCC	-,-,-,-,-,-	1.520643	1.500201	1.400543	1.550444	1.586832	1.544382	110.488051	112.452598	121.986658	122.257198	112.648178	109.650663	22.474184	-0.368339	9.583892	0.513338	50.4982	COC(=O)[C]1(C)CCC[C]2(C)[CH]1CCC3=C2C=C(Br)C(=C3)C(C)C
223333f2	332233	CCCCCC	-,-,-,-,-,-	1.523027	1.510050	1.410853	1.539508	1.571339	1.537555	111.792927	114.175093	122.835122	121.154811	110.961127	109.759815	-12.254787	3.048109	-22.640969	0.499178	48.3456	C[CH]1CCC[C]2(C)[CH]1CCC3=C2C=CC(=C3)C(C)C
223333f2	332233	CCCCCC	-,-,-,-,-,-	1.524124	1.507390	1.409195	1.534398	1.575501	1.541495	115.019752	116.070402	122.916212	120.454612	111.439226	109.810859	-2.588771	4.119758	-29.646309	0.466390	51.0204	CC(C)C1=CC2=C(C=C1)[C]3(C)CCC[C](C)([CH](O)C4=CC=CC=C4)[CH]3CC2
223333f2	332233	CCCCCC	-,-,-,-,-,-	1.524551	1.507101	1.408825	1.533985	1.574295	1.540606	115.055452	116.092827	122.983170	120.494387	111.339445	110.135383	1.985790	-3.890877	29.560515	0.463331	51.3962	CC(C)C1=CC2=C(C=C1)[C]3(C)CCC[C](C)(COCCC#N)[CH]3CC2
223333f2	332233	CCCCCC	-,-,-,-,-,-	1.524967	1.509060	1.412283	1.528754	1.549199	1.530814	109.743891	113.478605	122.319753	120.770464	111.589066	109.589655	-16.432649	3.476561	-21.020794	0.519162	47.7040	C[C]12CC[CH]3[CH](CCC4=C3C=CC(=C4)O)[CH]1CC[CH]2OC(=O)CCC5CCCC5
223333f2	332233	CCCCCC	-,-,-,-,-,-	1.525402	1.508938	1.407072	1.546761	1.576247	1.538075	110.329195	114.977623	122.862849	121.113734	108.923416	110.067833	10.644984	-4.016177	25.992445	0.520411	48.3543	CC(C)C1=CC2=C(C=C1C(C)=O)[C]3(C)CCC[C](C)(C#N)[CH]3CC2
223333f2	332233	CCCCCC	-,-,-,-,-,-	1.525600	1.508014	1.409320	1.545987	1.575977	1.538203	110.376756	115.008255	122.875590	121.061491	108.873226	110.068664	10.329366	-4.000825	26.229614	0.520788	48.4580	CC(C)C1=CC2=C(C=C1)[C]3(C)CCC[C](C)(C#N)[CH]3CC2
223333f2	332233	CCCCCC	-,-,-,-,-,-	1.525682	1.507875	1.409120	1.533180	1.573647	1.540296	115.457712	116.386754	122.955232	120.249695	110.955435	110.397669	2.007563	3.267014	-31.418073	0.467535	53.8939	CC(C)C1=CC2=C(C=C1)[C]3(C)CCC[C](C)(CN)[CH]3CC2
223333f2	332233	CCCCCC	-,-,-,-,-,-	1.525980	1.505002	1.408016	1.551895	1.586179	1.547452	111.211833	112.076332	122.202519	122.222159	112.826136	109.524056	21.197284	0.364478	9.483077	0.510463	50.9544	COC(=O)[C]1(C)CCC[C]2(C)[CH]1C[CH](OO)C3=CC=CC=C23
223333f2	332233	CCCCCC	-,-,-,-,-,-	1.526189	1.508687	1.409775	1.548658	1.575972	1.537032	110.428605	115.154984	122.828750	120.947755	108.425331	109.971100	-9.647678	4.695244	-27.769360	0.524649	48.3476	CC(C)C1=CC2=C(C=C1)[C]3(C)CCC[C](C)(CO)[CH]3CC2
223333f2	332233	CCCCCC	-,-,-,-,-,-	1.528197	1.523469	1.357198	1.560229	1.572877	1.530799	111.287130	117.101113	121.272122	122.333933	108.824097	109.487772	-4.318693	2.939585	-29.046096	0.513860	50.9833	CC(C)CCCC(C)C1CCC2(C)C3=CCC4C(C)(C)C(O)CCC4(C)C3=CCC12C.CC(CCC=C(C)C)C5CCC6(C)C7=C(CCC56C)C8(C)CCC(O)C(C)(C)C8CC7
223333f2	332233	CCCCCC	-,-,-,-,-,-	1.528408	1.515050	1.408880	1.550037	1.575313	1.534395	110.732869	114.983639	122.675017	121.081696	108.487343	109.721845	7.906161	-3.060279	27.196789	0.528659	49.6974	CC(C)(O)C1=CC2=C(C=C1)[C]3(C)CCC[C](C)(CO)[CH]3C[CH]2O
223333f2	332233	CCCCCC	-,-,-,-,-,-	1.529426	1.512715	1.411642	1.550055	1.574955	1.540511	110.787405	115.150695	122.866221	120.960003	108.381785	109.896163	7.366767	-3.374220	27.899720	0.527038	49.7058	C[CH](O)C1=CC2=C(C=C1)[C]3(C)CCC[C](C)(CO)[CH]3C[CH]2O
223333f2	332233	CCCCCC	-,-,-,-,-,-	1.530785	1.513164	1.408632	1.547391	1.570242	1.541803	110.510437	113.337096	122.770023	121.711929	110.383361	109.905959	14.445400	-1.936793	20.033820	0.517538	48.7944	CC(=C)C1=CC2=C(C=C1)[C]3(C)CCC[C](C)(COC(=O)C4=CC=CC=C4)[CH]3C[CH]2OC(=O)C5=CC=CC=C5
223333f2	332233	CCCCCC	-,-,-,-,-,-	1.541527	1.479673	1.397209	1.480985	1.564553	1.545782	113.437014	110.267559	125.255090	125.201984	110.256460	115.547186	17.577767	-0.734208	8.546551	0.415554	49.7203	CC1=[N+]([C@@]2(CCc3c(non3)[C@@]2(C1)O)[NH3+])[O-]
223333f2	332233	CCCCCC	-,-,-,-,-,-	1.561400	1.519829	1.352916	1.514743	1.527964	1.552958	112.427827	112.254839	124.035996	121.710624	112.338527	107.932785	6.790627	-0.892019	25.502218	0.507119	50.5910	CN(C)C1C2C(O)C3C(=C)c4cccc(O)c4C(=O)C3=C(O)C2(O)C(=O)C(=C1O)C(=O)N
223333f2	332233	CCCCCN	-,-,-,-,-,-	1.533353	1.487503	1.340323	1.510850	1.548770	1.527203	110.750866	111.204828	124.053301	125.054370	109.522423	113.111420	15.857939	2.128271	10.297476	0.476636	51.3305	C[C@@]12CCCC[NH+]1CCC3=C2CCC3
223333f2	333223	CCCCCC	-,-,-,-,-,-	1.553106	1.549327	1.517845	1.342947	1.517845	1.549327	109.785797	109.785798	106.227712	114.503898	114.503898	106.227711	-55.683091	58.660327	0.000000	0.826705	90.0000	O=C1OC(=O)[CH]2[CH]3CC[CH](C=C3)[CH]12
223333f2	333223	CCCCCC	-,-,-,-,-,-	1.564584	1.543947	1.516138	1.349349	1.510466	1.572866	84.604059	109.760266	109.246607	120.890184	115.471757	109.877801	48.250743	0.830520	-2.035761	0.807993	54.8109	CC1(C)[CH]2CC=C(CCO)[CH]1C2
223333f2	333223	CCCOCC	-,-,-,-,O,-	1.554972	1.541182	1.454919	1.374485	1.529421	1.543823	109.125437	108.480182	106.024228	114.236973	112.131479	106.427253	-60.411965	62.562517	-1.553823	0.842491	89.5140	COC(=O)C1=C[C@H]2[C@@H](C[C@@H]1OC2=O)C#N
223333f2	333322	CCCCCC	-,-,-,-,-,-	1.521653	1.535819	1.589034	1.559368	1.357198	1.514179	116.321963	114.368393	108.350710	113.307173	122.643410	121.366438	55.437120	-45.336726	20.221704	0.456086	49.3657	CC(C)CCCC(C)C1CCC2(C)C3=CCC4C(C)(C)C(O)CCC4(C)C3=CCC12C.CC(CCC=C(C)C)C5CCC6(C)C7=C(CCC56C)C8(C)CCC(O)C(C)(C)C8CC7
223333f2	333322	CCCCCC	-,-,-,-,-,-	1.524754	1.542115	1.578758	1.547690	1.355337	1.519477	114.592891	111.957350	108.974511	114.327723	123.338098	120.835675	-58.502327	38.675756	-8.561785	0.483363	53.0374	C[CH](CCC(Br)=C(C)C)[CH]1CC[C]2(C)C3=C(CC[C]12C)[C]4(C)CC[CH](O)C(C)(C)[CH]4CC3
223333f2	333322	CCCCCC	-,-,-,-,-,-	1.531438	1.545919	1.561115	1.526592	1.351152	1.510682	114.801466	113.053833	108.993883	112.650437	122.367778	122.881968	56.870250	-48.636910	22.494065	0.471435	49.7325	C[C]12CCCC[CH]1C3=C(CCCC3)CC2
223333f2	333322	CCCCCC	-,-,-,-,-,-	1.538181	1.513445	1.509798	1.500702	1.412022	1.521016	115.249820	109.016535	109.256839	110.090712	118.695196	121.979225	64.129513	-63.680447	33.674670	0.538231	49.2532	COc1ccc2c(c1)CC[C@@H]3[C@@H]2O[C@@H](O3)c4cccnc4
223333f2	333322	CCCCCC	-,-,-,-,-,-	1.541709	1.516120	1.521746	1.513826	1.407690	1.511678	113.966095	110.725455	105.121325	112.253117	120.068530	120.710377	67.137170	-59.801141	28.975833	0.558209	49.9603	c1ccc2c(c1)C[C@@H]3C[C@H]2OC(=O)N3
223333f3	223333	CCCCCC	-,-,-,-,-,-	1.342947	1.517845	1.544320	1.527867	1.544320	1.517845	114.503898	114.503898	108.801392	110.351211	110.351211	108.801393	56.018697	-53.588016	0.000002	0.776986	90.0000	O=C1OC(=O)[CH]2[CH]3CC[CH](C=C3)[CH]12
223333f3	223333	CCCCCC	-,-,-,-,-,-	1.344530	1.541904	1.545632	1.554774	1.599540	1.526336	114.782705	115.736014	107.892005	114.332392	106.231151	106.522523	-55.058114	45.101770	10.136480	0.807635	85.9864	CC(=O)OC1CCC2(C)C3(C1)C=CC4(C5CCC(C(C)=O)C5(C)CC6OC246)C7C3C(=O)OC7=O
223333f3	223333	CCCCCC	-,-,-,-,-,-	1.344530	1.541904	1.559197	1.539983	1.574598	1.526336	114.782705	115.736014	104.958996	110.095200	111.438752	106.082069	56.855942	-57.704829	5.190717	0.826237	88.8481	CC(=O)OC1CCC2(C)C3(C1)C=CC4(C5CCC(C(C)=O)C5(C)CC6OC246)C7C3C(=O)OC7=O
223333f3	223333	CCCCCC	-,-,-,-,-,-	1.344998	1.539306	1.558054	1.540392	1.567317	1.532466	115.410997	115.155942	105.714476	110.268181	111.593123	105.354237	-57.840778	54.872218	-0.415811	0.823432	89.7194	CC(=O)O[CH]1CC[C]2(C)C3=CC[C]4(C)[CH](CC[CH]4[C]35C=C[C]2(C1)[CH]6[CH]5C(=O)OC6=O)C(C)=O
223333f3	233332	CCCCCC	-,-,-,-,-,-	1.497820	1.551981	1.558033	1.560499	1.547315	1.345885	124.646894	113.716062	110.245427	115.382538	112.189550	123.114912	-43.587942	52.762550	-33.860997	0.432633	51.6750	CC(=O)O[CH]1CC[C]2(C)C3=CC[C]4(C)[CH](CC[CH]4[C]35C=C[C]2(C1)[CH]6[CH]5C(=O)OC6=O)C(C)=O
223333f3	233332	CCCCCC	-,-,-,-,-,-	1.523601	1.547526	1.559523	1.570718	1.531039	1.346895	113.278123	107.713272	110.745017	109.060124	107.458689	116.011200	55.450255	0.073861	-53.624024	0.806866	89.6441	CC(C)C1=C[C]23CC[CH]4[C](C)(CCC[C]4(C)C(O)=O)[CH]2C[CH]1[CH]5[CH]3C(=O)C=CC5=O
223333f3	233332	CCCCCC	-,-,-,-,-,-	1.523601	1.549613	1.556396	1.586144	1.531039	1.346895	113.278123	106.751053	109.849447	109.829818	104.201077	116.011200	-56.404848	-0.351189	55.493292	0.843674	89.2948	CC(C)C1=C[C]23CC[CH]4[C](C)(CCC[C]4(C)C(O)=O)[CH]2C[CH]1[CH]5[CH]3C(=O)C=CC5=O
223333f3	322333	CCCCCC	-,-,-,-,-,-	1.506794	1.405800	1.506794	1.538118	1.588152	1.538118	110.696480	118.308318	118.308308	110.696504	113.908799	113.908641	-0.000399	-45.925967	43.780310	0.632587	89.9999	C1[CH]2[CH](CC3=CC=CC=C13)C4C5=C(C=CC=C5)C2C6=C4C=CC=C6
223333f3	322333	CCNCCC	-,O,-,-,-,-	1.525239	1.376419	1.468248	1.530189	1.530172	1.535752	118.677750	116.420190	123.371122	107.818079	108.380974	112.077695	18.763272	-47.928919	63.260183	0.516558	46.3685	CCC(C)OC(=O)C1=C(C=CC=C1)C(O)=O.COC2=CC3=C(C=C2OC)C45CCN6CC7=CCOC8CC(=O)N3C4C8C7C6C5
223333f3	322333	CCNCCC	-,O,-,-,-,-	1.525240	1.376420	1.468247	1.530189	1.530172	1.535754	118.677805	116.420164	123.371059	107.818001	108.380926	112.077597	18.763029	-47.929097	63.260580	0.516561	46.3689	CCC(C(O)=O)C1=CC=C(C=C1)[N+]([O-])=O.COC2=CC3=C(C=C2OC)C45CCN6CC7=CCOC8CC(=O)N3C4C8C7C6C5
223333f3	322333	CCNCCC	-,O,-,-,-,-	1.525430	1.383463	1.471026	1.535197	1.544801	1.550189	116.421278	114.563692	121.340194	104.435479	106.983490	111.856288	4.038499	48.681304	-71.510775	0.690894	73.0226	COC1=CC2=C(C=C1OC)C34CCN5CC6=CCOC7CC(=O)N2C3C7C6CC45.CC(C)CC(NC=O)C(O)=O
223333f3	322333	CCNCCC	-,O,-,-,-,-	1.525430	1.383465	1.471028	1.535199	1.544803	1.550189	116.420714	114.563090	121.339805	104.435458	106.983612	111.856149	-4.041193	-48.680799	71.510736	0.690914	73.0252	COC1=CC2=C(C=C1OC)[C]34CCN5CC6=CCO[CH]7CC(=O)N2[CH]3[CH]7[CH]6C[CH]45.OS(O)(=O)=O
223333f3	322333	CCNCCC	-,O,-,-,-,-	1.525430	1.383466	1.471029	1.535198	1.544803	1.550188	116.420743	114.563208	121.339870	104.435476	106.983690	111.856251	-4.041040	-48.680596	71.510541	0.690911	73.0249	CCC(C(O)=O)C1=CC=C(C=C1)[N+]([O-])=O.COC2=CC3=C(C=C2OC)C45CCN6CC7=CCOC8CC(=O)N3C4C8C7CC56
223333f3	322333	CCNCCC	-,O,-,-,-,-	1.530188	1.383475	1.453897	1.522605	1.528473	1.555558	116.632972	114.362649	120.547659	105.877437	106.976663	111.677952	-3.242878	-49.403237	72.038764	0.678949	73.0167	COC1=CC2=C(C=C1OC)[C]34CCN5C[CH]3[CH]6[CH]7[CH](CC(=O)N2[CH]47)OCC=C6C5.OC[CH](O)[CH](O)[CH](O)[CH](O)[CH](O)C(O)=O
223333f3	332233	CCCCCC	-,-,-,-,-,-	1.563642	1.527822	1.418935	1.527822	1.563641	1.588152	109.745708	107.069585	113.649777	113.649801	107.069551	109.745662	58.648472	0.000110	-58.648692	0.830172	90.0000	C1[CH]2[CH](CC3=CC=CC=C13)C4C5=C(C=CC=C5)C2C6=C4C=CC=C6
223333f3	332233	CCCCCC	-,-,-,-,-,-	1.563642	1.530822	1.421250	1.530822	1.563641	1.588152	109.745708	105.213017	113.553354	113.553348	105.213047	109.745662	-59.968320	-0.000039	59.968437	0.861427	90.0000	C1[CH]2[CH](CC3=CC=CC=C13)C4C5=C(C=CC=C5)C2C6=C4C=CC=C6
223333f3	333223	CCCCCC	-,-,-,-,-,-	1.561003	1.547237	1.518049	1.419189	1.522800	1.551056	110.255823	109.822172	107.374415	113.219361	113.413932	106.138387	-55.832762	58.234599	0.668128	0.829819	89.3493	c1ccc2c(c1)[C@@H]3CC[C@H]2[n+]4c3cccc4
223333f3	333223	CCCCCC	-,-,-,-,-,-	1.577312	1.560043	1.526882	1.418545	1.525389	1.553174	109.043998	111.006866	104.652624	113.619020	113.704771	105.807721	57.881487	-58.702926	-0.568274	0.853551	89.8010	c1ccc2c(c1)C3C[C@@]4(C2c5c3cccc5)C=CS4(=O)=O
223333f3	333223	CCCCCC	-,-,-,-,-,-	1.577312	1.560043	1.527418	1.418607	1.525340	1.553174	109.043998	111.006866	105.470050	113.642801	113.671888	105.712073	-55.822222	58.490374	-0.042876	0.848010	89.4906	c1ccc2c(c1)C3C[C@@]4(C2c5c3cccc5)C=CS4(=O)=O
223333f3	333223	CCCNCC	-,-,-,-,-,-	1.561003	1.547237	1.502311	1.365117	1.515625	1.551056	110.255823	109.822172	104.782271	115.426690	113.837118	105.095534	56.936921	-59.190201	-0.434340	0.840102	89.9094	c1ccc2c(c1)[C@@H]3CC[C@H]2[n+]4c3cccc4
223333f3	333322	CCCCCC	-,-,-,-,-,-	1.519439	1.542879	1.522607	1.547343	1.436728	1.547004	108.186545	101.538018	100.206977	103.938265	119.859887	120.620463	-90.369839	70.596793	-27.889000	0.736659	50.9428	c1ccc(cc1)N2C(=O)N[C@@H]3c4ccccc4[C@H]5CC[C@@H]3[C@@H]5NC2=O
223333i	223333	CCCCCC	N,N,-,-,-,-	1.509349	1.508849	1.527118	1.529832	1.527118	1.508849	114.317267	114.317259	109.659815	111.765657	111.765750	109.659715	51.011499	-54.483708	57.989404	0.542323	5.6980	ON=C1CCCCC1=NO
223333i	223333	CNCCCC	O,-,-,-,-,-	1.368284	1.444727	1.519080	1.522529	1.522331	1.514177	117.187662	123.416855	112.355596	109.163898	110.325958	113.519479	36.516888	-51.717053	59.141689	0.480327	29.4916	O=C1CCCCN1
223333i	223333	NCCCSC	-,O,-,-,O,-	1.393990	1.514654	1.507358	1.765223	1.816534	1.485223	120.903777	118.054828	113.278249	109.497480	99.051597	118.280889	53.080509	-66.086607	54.825408	0.556475	27.8985	CN1C(c2ccc(Cl)cc2)S(=O)(=O)CCC1=O
223333i	233332	CCCCCC	-,-,-,-,-,-	1.504425	1.530207	1.523208	1.529966	1.502988	1.349996	122.395392	113.614955	110.961271	110.833807	113.249594	122.894070	-42.845908	59.376962	-43.913778	0.478330	52.9277	CCOC(=O)C1=C(CCCC1)S(=O)(=O)[O-]
223333i	233332	CCCCCC	-,-,-,-,-,-	1.509447	1.531067	1.524674	1.529226	1.500812	1.344697	121.962169	113.292839	111.078101	111.170131	113.352043	123.662762	-44.435714	58.611923	-42.122938	0.468608	51.0217	CCCC=C(C)C#CC1=CCCCC1
223333i	233332	CCCCCC	-,-,-,-,-,-	1.511615	1.531084	1.524035	1.528518	1.501135	1.346233	121.600424	113.509505	111.137369	111.043139	113.246171	123.873880	43.984939	-58.799244	42.618791	0.470527	51.4867	OC(=O)CCCCCC1=CCCCC1
223333i	233332	CCCCCC	-,-,-,-,-,-	1.513882	1.531152	1.523809	1.528292	1.502537	1.347547	121.433325	113.517121	111.101518	111.028956	113.316474	123.899001	-44.290789	58.949260	-42.387584	0.472224	51.8004	[O-][N+](=O)CC1=CCCCC1
223333i	233332	CCCCCC	-,-,-,-,-,-	1.515082	1.521282	1.518465	1.552413	1.547657	1.358507	123.020103	114.602084	110.270922	112.343032	111.553830	121.727312	-43.008930	59.906247	-45.607813	0.473391	49.9410	C1(OC(=C)C(O1)(CCC2=C(CCCC2(C)C)C)C)=O
223333i	233332	CCCCCN	N,-,-,-,-,-	1.517522	1.524102	1.527094	1.524658	1.447751	1.376562	118.096544	111.319435	110.837253	110.321918	110.564469	121.239641	48.803847	-58.584589	53.223778	0.488600	21.4468	C1(/NCCCC1)=N/O
223333i	233332	NCCCCC	-,-,-,-,-,-	1.448623	1.521053	1.519165	1.516618	1.504743	1.286671	118.888345	113.290817	108.124767	109.663581	111.754519	127.077137	55.914383	-61.053159	39.226159	0.503832	46.5801	c1c(nc([nH]c1=O)SC2=N[C@@H](C[C@@H](C2)O)N)N
223333i	322333	CCCCCC	-,-,-,-,-,-	1.500888	1.340547	1.500040	1.531955	1.538379	1.542696	113.349796	123.039073	123.128969	113.327501	111.390388	110.005492	1.499286	12.867109	-42.842993	0.475497	50.9817	N1C=C(CNCC2CC=CCC2)C=CC=1
223333i	322333	CCCCCC	-,-,-,-,-,-	1.513145	1.341345	1.499038	1.528513	1.527013	1.542434	111.931038	123.696928	123.252515	112.681219	111.283264	111.766860	-1.912575	-14.528319	44.212840	0.468720	51.2504	OC(=O)CCCCC[CH]1CCCC=C1
223333i	332233	CCCCCC	-,-,-,-,-,-	1.528342	1.503297	1.346222	1.513721	1.531014	1.523964	111.018239	113.178092	123.843579	121.578707	113.561622	111.193767	-13.057703	-2.091247	-13.586413	0.470750	51.4910	C1CCC(=CC1)CC/[NH+]=c/2\\c(c(c2=O)O)[O-]
223333i	332233	CCCCCC	-,-,-,-,-,-	1.533107	1.500225	1.340872	1.501882	1.544134	1.541230	111.074076	113.144790	123.291356	123.155470	112.827430	110.064864	12.753301	1.575401	15.175313	0.482338	51.0103	COCCCNC1=C(C(=O)N[C@@H](S1)[C@@H]2CCC=CC2)C#N
223333i	332233	CCCCCC	-,-,-,-,-,-	1.537527	1.501529	1.346472	1.506060	1.532640	1.532588	110.314708	113.256887	123.395528	122.355804	113.347211	111.182975	14.203046	1.468546	13.685357	0.477082	50.9837	C[CH]1CCC(=CC1)C(O)=O
223333i	332233	CCCCCC	-,-,-,-,-,-	1.538615	1.500488	1.339609	1.500488	1.538615	1.546299	110.672724	113.591738	123.117653	123.117645	113.591729	110.672731	13.713805	1.634886	13.713833	0.472790	51.0627	C(C1C(C(N(C)C)=O)CC=CC1)(N(C)C)=O
223333i	332233	CCCCCC	-,-,-,-,-,-	1.545073	1.503775	1.344390	1.507941	1.532268	1.540126	109.318940	113.823790	123.751864	121.782518	113.394233	111.293871	-12.874872	-2.061237	-14.626403	0.484920	51.4164	CC(=C)[CH]1CCC(=CC1)C
223333i	332233	CCCCCC	-,-,-,-,-,-	1.546749	1.504481	1.343060	1.500786	1.533262	1.541677	109.515535	113.945460	122.802213	123.265468	112.629659	111.332053	12.480136	2.051892	14.879231	0.484126	51.4000	CC(=C)[CH]1CCC(=CC1)C=NO
223333i	332233	CCCCCC	-,-,-,-,-,-	1.563235	1.509941	1.340918	1.501775	1.551591	1.559862	109.151500	112.653152	123.465872	123.552666	113.602978	111.735523	-18.160174	-1.083000	-10.117582	0.483849	50.8701	C1(C(C2C=CC=CC=2)CC=CC1OC)(C#N)C#N
223333i	332233	CCCCCC	-,-,N,N,-,-	1.540487	1.510436	1.507592	1.507520	1.529145	1.545470	109.974597	109.427885	114.201891	114.167692	109.609560	111.867453	-52.979185	51.817807	-51.080439	0.557940	6.6060	CC(C)C1CCC(=N/O)\C(=N\O)C1
223333i	332233	CCCCCP	-,-,-,-,-,-	1.529053	1.520231	1.358536	1.515985	1.830733	1.838771	108.962437	115.721221	124.439942	126.716492	106.407846	96.428583	-6.356534	1.464580	-33.421521	0.719353	51.4652	c1ccc(cc1)[P@@]2CCC(=C(C2)C#N)[NH3+]
223333i	332233	NCNCSC	-,-,-,S,-,-	1.448752	1.450354	1.398722	1.755041	1.782427	1.451428	108.690173	110.358667	120.979544	117.391626	101.514574	111.728013	55.252493	-36.175660	27.892220	0.552786	25.6025	CN1CSC(=S)N(C)C1
223333i	333223	CCCCCC	-,-,-,-,-,-	1.522872	1.533331	1.537335	1.346695	1.504775	1.526642	110.865812	111.036961	113.866756	120.726287	124.036557	113.178787	43.001976	-13.349574	-0.658071	0.473636	50.4345	C1CC=C([C@@H](C1)S(=O)(=O)CC#N)[NH+]2CCOCC2
223333i	333223	CCCCCC	-,-,-,-,-,-	1.527702	1.530694	1.500676	1.342330	1.515937	1.541489	111.210939	111.400159	113.077004	123.159775	123.310927	112.261955	43.294450	-13.547560	-1.477078	0.470290	50.9188	NC1=NC(=NC(=N1)N)[CH]2CCCC=C2
223333i	333223	COCCCC	-,-,-,-,-,-	1.447965	1.431001	1.499758	1.339828	1.501115	1.543110	108.275165	114.110949	112.698709	123.089834	120.286984	111.683900	-43.895140	9.818370	1.619306	0.486061	51.6577	COC(=O)[C@@]1(CC=CCO1)C(F)(F)F
223333i	333322	CCCCCC	-,-,-,-,-,-	1.544896	1.540591	1.532335	1.506718	1.343922	1.511943	112.760890	111.166731	110.967364	113.333113	122.005030	124.335217	58.514601	-45.489434	15.641559	0.473602	51.6112	C[CH]1C=C(C)C[CH]([CH]1C(O)=O)C(O)=O
223333i	333322	CCCCCC	-,-,-,-,-,-	1.555987	1.559091	1.553500	1.510518	1.340524	1.506745	112.270299	110.515044	111.842342	112.611639	124.133353	123.791196	-57.803171	39.903991	-10.456754	0.473313	51.1632	C[CH]1C=C[CH](C)[CH](COC(C)=O)[CH]1COC(C)=O
232323i	323232	PNPNPN	-,-,-,-,-,-	1.674573	1.681664	1.678081	1.678081	1.681664	1.674573	107.542650	107.724457	108.053307	106.984944	108.053299	107.724453	-76.090629	35.107501	35.107542	0.987225	90.0000	ClP1(=NP(=NP(=N1)(Cl)Cl)(Cl)Cl)Cl
232333f1	233323	CCCCNC	O,-,-,-,-,-	1.516956	1.521932	1.524151	1.460139	1.487924	1.544520	116.033715	111.553912	110.892917	108.600216	115.657388	110.205249	-52.901528	60.255752	-60.966323	0.531932	12.9187	N12C(C=CC(=C1)Br)C(=O)CCC2
232333f2	332323	CCCCCC	-,-,C,-,C,-	1.519008	1.507989	1.536015	1.557265	1.528406	1.534937	110.976829	110.594987	116.977613	111.414285	116.840684	111.745922	52.976170	-41.355950	37.737553	0.508571	15.4021	C[C]1(O)CC[CH]2[CH]3CCC4=CC(=O)CC[C]4(C)C3=CC[C]12C
232333i	232333	CCCCCC	O,-,O,-,-,-	1.497342	1.497342	1.513201	1.530604	1.530604	1.513201	118.426110	115.660789	118.426108	109.951772	110.673556	109.951774	29.238144	-44.265096	59.039848	0.497224	27.4993	O=C1CC(CC(=O)C1N(=O)=O)c2ccccc2
232333i	323332	CNCOCN	-,-,-,-,-,-	1.462916	1.449188	1.423468	1.423468	1.449188	1.462916	112.203194	110.973299	111.493789	111.347567	111.493783	110.973300	-54.584709	58.277923	-58.277924	0.530196	3.5299	C1N(COCN1[N+](=O)[O-])[N+](=O)[O-]
233233f2	233233	CCCCCC	O,-,-,O,-,-	1.523128	1.532654	1.523128	1.523128	1.532654	1.523128	115.492715	110.168475	110.168483	115.492710	110.168469	110.168465	51.437035	-54.404475	54.404499	0.541862	0.0000	O=C1[CH]2CC=CC[CH]2C(=O)[CH]3CC=CC[CH]13
233233i	233233	NCCNCC	-,-,-,-,-,-	1.466986	1.558522	1.486675	1.466986	1.558523	1.486674	116.592991	110.519469	109.873668	116.592931	110.519508	109.873616	38.891171	19.095799	-60.189528	0.702343	90.0000	N1(C(CN(C(C1)C(C)(C)C)C=O)C(C)(C)C)C=O
233233i	233233	NCCNCC	-,-,-,-,-,-	1.468252	1.534423	1.458929	1.462775	1.531290	1.463815	115.543124	112.987943	112.935059	115.464936	112.129537	113.206830	-45.892190	49.051562	-49.760357	0.464671	2.3936	C(C(=O)NN)(N1CCN(CC1)C(=O)OCC)=O
233233i	233233	NCCNCC	-,-,-,-,-,-	1.472760	1.537758	1.476972	1.472760	1.537758	1.476972	109.591410	111.700022	111.463517	109.591373	111.700001	111.463495	-57.027191	55.830048	-55.968251	0.565385	0.0001	O=NN1CCN(CC1)N=O
233233i	323323	CCCCCC	-,O,-,-,O,-	1.510513	1.513655	1.519526	1.510488	1.513691	1.519504	110.990491	118.342648	111.430737	110.959241	118.340845	111.462619	49.583391	-45.902865	49.371830	0.477668	0.1250	CCOC(=O)[CH]1CC(=O)[CH](CC1=O)C(=O)OCC
233333f1	233333	CCCCCC	C,-,-,-,-,-	1.508259	1.529994	1.532777	1.545517	1.533075	1.510889	116.618560	110.955833	111.514874	111.600387	114.253176	114.327704	-56.241973	56.150945	-48.019735	0.503434	13.4460	[C@]12(C(OCC1C(=C)CC[C@@H]2O)=O)C
233333f1	233333	CCCCOC	O,-,-,-,-,-	1.517156	1.539703	1.554384	1.442695	1.434205	1.535810	114.185900	108.986601	112.831402	106.438758	101.512892	106.559655	-39.646365	59.885511	-77.117503	0.650451	23.0161	N1([C@@H]2C3O[C@@H](C(C2)=O)OC3)C(CCC1=O)=O
233333f1	323333	CCCCCC	-,O,-,-,-,-	1.540604	1.508007	1.520804	1.546063	1.564891	1.568458	108.993133	116.044325	110.458824	112.498748	110.480965	109.044684	-52.360597	52.465630	-57.538569	0.574462	6.3631	CC(=CC[C@@H]1[C@]([C@]2([C@@H](C(=O)CC[C@@]2(CS1)O)OC)O)(C)O)C
233333f1	333233	CCCCCC	-,-,-,C,-,-	1.544257	1.527326	1.543709	1.552221	1.539500	1.546449	112.962345	108.914020	109.219536	124.088389	106.393519	113.805800	50.753323	-46.126900	41.460291	0.531424	14.6026	C1CCC2=CS(=O)(=O)[C@@H]2C1
233333f1	333233	CCCNCC	-,-,-,-,-,-	1.530901	1.536584	1.483870	1.468861	1.527549	1.529719	111.438238	111.143043	108.669985	112.177753	109.138729	110.949820	55.594727	-62.216071	62.890221	0.581316	5.4191	C1CCN2[C@@H](C1)C=CC3=C2CCCC3=O
233333f1	333233	NCCCCC	-,-,-,O,-,-	1.529393	1.523965	1.506183	1.506183	1.523965	1.529393	111.778945	110.559452	112.401041	118.053671	112.401038	110.559450	49.454620	-43.829517	43.829525	0.523149	12.9437	C[NH+]1[C@H]2CC(=O)C[C@@H]1CSC2
233333f1	333323	CCCCCC	-,-,-,-,N,-	1.537426	1.534258	1.527749	1.480203	1.501201	1.542250	112.258681	111.450698	112.827547	108.765497	124.963882	109.004463	57.758495	-47.463775	42.995763	0.503446	14.4623	C[C@@]12CCCCC1=[N+](CN2O)[O-]
233333f1	333323	CCNCCC	-,-,-,-,N,-	1.518471	1.508240	1.511298	1.523853	1.508200	1.535506	113.199581	108.733389	112.020086	112.104192	116.267600	110.648063	59.359128	-52.762352	45.789811	0.535892	11.4329	C[NH+]1CCC2(CC1)NC(=O)C3CC[NH+](CC3=N2)C
233333f1	333332	CCCCCC	-,-,-,-,-,C	1.528117	1.526299	1.531163	1.558782	1.535053	1.517302	111.541558	111.303887	110.851905	114.519740	108.889287	117.098603	56.517351	-55.246330	48.507281	0.530618	6.8409	CC(C)CCC[CH](C)[CH]1CC[CH]2[CH]3CC=C4C[CH](Cl)CC[C]4(C)[CH]3CC[C]12C
233333f1	333332	CCCCCC	-,-,-,-,-,C	1.532566	1.529825	1.531097	1.529535	1.499359	1.504695	110.662355	112.306753	111.427240	110.621674	111.339417	114.233781	54.147704	-54.836104	54.625302	0.547043	2.4837	[H]/N=C/1\\C(=C2CCCC[C@H]2S1)c3[n-]nnn3
233333f1	333332	CCCCCC	-,-,-,-,-,C	1.532610	1.524825	1.532395	1.558923	1.533554	1.516871	112.704879	111.279796	111.622841	114.542536	109.204215	117.183001	-54.797964	54.823022	-48.298283	0.516813	6.6492	CC(=O)[CH]1CC[CH]2[CH]3CC=C4C[CH](O)CC[C]4(C)[CH]3CC[C]12C
233333f1	333332	CNSCCC	-,-,O,-,-,O	1.463022	1.670205	1.785284	1.527976	1.524567	1.512913	115.522821	118.253659	100.721984	111.061404	117.473250	118.551342	-53.949911	54.728089	-16.058732	0.722682	76.5886	C1C(=O)[C@@H]2[C@@H](C=CS2)S(=O)(=O)N1
233333f2	233333	CCCCCC	O,-,-,-,-,-	1.504888	1.541512	1.584942	1.576219	1.541716	1.530791	115.541090	110.224651	110.712222	112.935306	115.746968	106.777406	53.354317	-46.267261	46.333201	0.546199	9.0132	C[CH](CCC(O)=O)[CH]1CC[C]2(C)[CH]3[CH](C(=O)C[C]12C)[C]4(C)CC[CH](O)C(C)(C)[CH]4CC3=O
233333f2	233333	CCCCCC	O,-,-,-,-,-	1.506001	1.541281	1.583760	1.580470	1.553880	1.529116	115.318182	111.057130	111.064802	113.633846	114.508365	108.555303	52.572472	-46.172886	45.497763	0.534027	8.1700	C[CH](CCC(O)=O)[CH]1CC[C]2(C)[CH]3CC[CH]4C(C)(C)[CH](O)CC[C]4(C)[CH]3C(=O)C[C]12C
233333f2	233333	CCCCCC	O,-,-,-,-,-	1.510124	1.537631	1.550934	1.547456	1.546404	1.530117	115.782949	111.165684	111.981210	114.554141	113.755924	108.218635	-49.289273	46.522118	-48.252509	0.523372	6.2734	COC(=O)C=C1CC[CH]2[CH]3CCC4=CC(=O)CC[C]4(C)[CH]3C(=O)C[C]12C
233333f2	233333	CCCCCC	O,-,-,-,-,-	1.515709	1.535230	1.536071	1.535152	1.545232	1.537613	114.646791	107.752159	109.418040	110.317979	111.103704	106.384179	-61.118549	57.151366	4.522259	0.830530	89.8491	C1(C2(CCC(C1)(CC2)O)CCCC)=O
233333f2	233333	CCCCCC	O,-,-,-,-,-	1.515709	1.535230	1.536347	1.534729	1.550320	1.537613	114.646791	107.752159	109.253697	110.217827	111.241391	104.896384	57.437040	-60.054481	0.024514	0.842843	89.3105	C1(C2(CCC(C1)(CC2)O)CCCC)=O
233333f2	233333	CCCCCC	O,-,-,-,-,-	1.532715	1.576726	1.604912	1.504189	1.591509	1.465688	111.469497	115.424788	115.772721	104.968654	106.757502	100.511099	-38.831829	7.030245	53.253670	0.819258	72.4522	[C@H]12[C@@H](C(CC3[C@]1(C4C(C5CCC([C@](CC4)(C)5)=O)CC3)C)=O)O2
233333f2	323333	CCCCCC	-,C,-,-,-,-	1.525650	1.549773	1.586839	1.554207	1.541676	1.534891	108.864584	114.650966	108.093055	112.146496	111.658789	112.636305	-56.377422	52.109478	-52.812528	0.570445	2.4393	CC1CC2C3CCC(O)(C(=O)C)C3(C)CC(O)C2(F)C4(C)C=CC(=O)C=C14
233333f2	323333	CCCCCC	-,O,-,-,-,-	1.501779	1.520147	1.541716	1.596468	1.592468	1.545598	111.015893	115.349446	105.701599	115.093277	110.205140	110.369772	-59.793153	54.352631	-51.864746	0.570121	4.6844	C[CH](CCC(O)=O)[CH]1CC[C]2(C)[CH]3[CH](C(=O)C[C]12C)[C]4(C)CC[CH](O)C(C)(C)[CH]4CC3=O
233333f2	332333	CCCCCC	-,-,C,-,-,-	1.518583	1.507655	1.540845	1.595073	1.556674	1.534200	110.965269	111.086933	116.906699	109.909481	112.419730	111.092632	52.930474	-46.883079	46.381993	0.544626	8.2759	CC(=O)[CH]1CC[CH]2[CH]3CCC4=CC(=O)CC[C]4(C)[CH]3[CH](O)C[C]12C
233333f2	332333	CCCCCC	-,-,C,-,-,-	1.518620	1.507744	1.540800	1.594645	1.556622	1.534597	110.969327	111.064794	116.877793	109.895948	112.456028	111.162933	-53.094392	47.025721	-46.354480	0.544241	8.1160	CC(=O)OCC(=O)[C]1(O)CC[CH]2[CH]3CCC4=CC(=O)CC[C]4(C)[CH]3[CH](O)C[C]12C
233333f2	332333	CCCCCC	-,-,C,-,-,-	1.519359	1.506553	1.534590	1.586351	1.550480	1.545051	112.326855	111.257528	116.027734	109.437617	113.587734	109.892008	53.561794	-49.214406	48.995240	0.542399	5.0252	C[C]1(O)CC[CH]2[CH]3CCC4=CC(=O)CC[C]4(C)[CH]3[CH](O)C[C]12C
233333f2	332333	CCCCCC	-,-,C,-,-,-	1.519973	1.508613	1.535502	1.586482	1.552684	1.538365	111.924981	111.095944	116.127612	109.568604	113.279123	110.850775	54.075888	-49.206881	47.944320	0.540142	5.1371	CC(=O)OCC=C1CC[CH]2[CH]3CCC4=CC(=O)CC[C]4(C)[CH]3[CH](O)C[C]12C
233333f2	332333	CCCCCC	-,-,C,-,-,-	1.520271	1.506621	1.534417	1.585686	1.551273	1.546116	112.256793	111.396386	116.125567	109.267478	113.541795	109.371112	52.991511	-48.990100	49.752001	0.546423	5.5857	CC12CC(O)C3C(CCC4=CC(=O)CCC34C)C1CC[C@@]2(O)C(=O)CO
233333f2	332333	CCCCCC	-,-,C,-,-,-	1.521898	1.509956	1.534155	1.580484	1.550100	1.536034	111.351724	111.574352	116.568995	109.821332	113.181782	110.684891	-52.174609	47.353586	-47.822302	0.538927	7.0403	CC1(O)CCC2C3CCC4=CC(=O)CCC4(C)C3CCC21C
233333f2	332333	CCCCCC	-,-,C,-,-,-	1.522145	1.509952	1.534351	1.580410	1.550830	1.536063	111.296249	111.601405	116.620111	109.815542	113.148984	110.615652	-52.035595	47.218685	-47.857110	0.539656	7.2611	C[CH]([CH]1CC[CH]2[CH]3CCC4=CC(=O)CC[C]4(C)[CH]3CC[C]12C)C(O)=O
233333f2	332333	CCCCCC	-,-,C,-,-,-	1.522162	1.510372	1.538666	1.574366	1.546404	1.536881	111.625291	111.522229	116.533185	108.986960	113.576261	110.290752	52.308228	-48.378759	49.370786	0.542191	5.9093	COC(=O)C=C1CC[CH]2[CH]3CCC4=CC(=O)CC[C]4(C)[CH]3C(=O)C[C]12C
233333f2	332333	CCCCCC	-,-,C,-,-,-	1.522197	1.509910	1.534355	1.580305	1.549786	1.535904	111.324290	111.589480	116.595816	109.747291	113.172461	110.579474	-52.063922	47.330178	-48.018446	0.540056	7.1404	CC(=O)OCC(=O)C1CCC2C3CCC4=CC(=O)CCC4(C)C3CCC12C
233333f2	332333	CCCCCC	-,-,C,-,-,-	1.523389	1.508175	1.523516	1.562209	1.547843	1.535504	110.858996	111.904566	116.184664	111.410801	111.381474	110.384723	-49.673745	46.790910	-49.542272	0.545910	9.2149	C[C]12CC[CH]3[CH](CCC4=CC(=O)CC[CH]34)[CH]1CC[CH]2O
233333f2	332333	CCCCCC	-,-,C,-,-,-	1.528568	1.513831	1.540744	1.554335	1.513453	1.532237	110.100883	112.570549	117.007496	111.158901	115.975102	109.566323	46.505987	-38.251918	43.051824	0.523407	15.8136	C[C]1(O)CC[CH]2[CH]3CCC4=CC(=O)CC[C]4(C)[C]35O[CH]5C[C]12C
233333f2	332333	CCNCCC	-,-,-,-,-,-	1.544651	1.495035	1.494350	1.546632	1.543094	1.540200	109.981364	108.885006	107.893119	108.531287	110.152246	109.009681	65.296482	-66.165437	4.776758	0.840233	87.8764	C1(=C/C2=C(C(OC)=C(C=C2)OC)OC)\C(C3CCN1CC3)=O
233333f2	332333	CCNCCC	-,-,-,-,-,-	1.545082	1.496088	1.495275	1.546364	1.542608	1.540922	110.021763	108.768644	107.814956	108.568242	110.123792	109.008792	65.648056	-66.015033	4.359840	0.841437	87.8187	C1(\C(C2CCN1CC2)=O)=C/C3C=NC=CC=3
233333f2	332333	CCNCCC	-,-,-,-,-,-	1.546751	1.493632	1.494119	1.544604	1.540103	1.543362	110.152824	108.474831	107.999680	108.889728	109.954880	109.010216	66.295145	-65.127020	2.684017	0.839611	87.9279	C1(=C/C2=C(OC)C=CC=C2)\C(C3CCN1CC3)=O
233333f2	333233	CCCCCC	-,-,-,C,-,-	1.525391	1.545504	1.534480	1.517911	1.525758	1.533817	111.602956	112.903704	109.372723	115.723368	116.108625	113.386704	-55.966219	47.686002	-41.894724	0.505700	13.3676	C[CH]1[CH]2CC[C]3(C)C=CC(=O)C(=C3[CH]2OC1=O)C
233333f2	333233	CCCCCC	-,-,-,C,-,-	1.532491	1.560703	1.542455	1.534329	1.551698	1.544844	112.577813	114.996753	112.097493	120.464802	113.325253	109.529584	38.503067	-31.825787	39.063960	0.492505	21.0040	CC1(C)[CH](CC[C]2(C)[CH]1CC[C]3(C)[CH]2C(=O)C=C4[CH]5C[C](C)(CC[C]5(C)CC[C]34C)C(O)=O)O[CH]6O[CH]([CH](O)[CH](O)[CH]6O[CH]7O[CH]([CH](O)[CH](O)[CH]7O)C(O)=O)C(O)=O
233333f2	333233	CCCCCC	-,-,-,C,-,-	1.539229	1.573236	1.527764	1.530021	1.555803	1.561749	114.863468	115.726638	107.961266	115.045471	107.320787	110.155804	-31.594061	-27.768459	71.085822	0.735920	82.5073	C[CH]1CC[C]2(CC[C]3(C)C(=CC[CH]4[C]5(C)CC[CH](O)C(C)(C)[CH]5CC[C]34C)[CH]2[CH]1C)C(O)=O
233333f2	333323	CCCCCC	-,-,-,-,C,-	1.530785	1.561598	1.585769	1.490799	1.512603	1.531731	112.626247	113.984830	113.320328	117.504603	119.049326	110.832856	39.492045	-27.811101	31.781410	0.462391	23.8788	C12(C(C3=CCCCC(CC1)3)CC2C#N)[N+]4(C)CCCC4
233333f2	333332	CCCCCC	-,-,-,-,-,C	1.520509	1.555771	1.594394	1.588028	1.514241	1.494157	109.284372	113.573671	111.867729	110.647903	111.416108	114.226567	51.783468	-46.679780	48.899704	0.549851	5.4577	CC(C)C1=CC[CH]2C(=C1)CC[CH]3[C]2(C)CCC[C]3(C)C(O)=O
233333f2	333332	CCCCCC	-,-,-,-,-,C	1.520718	1.555421	1.595607	1.587383	1.513486	1.494053	109.182738	113.598570	111.967403	110.608267	111.325242	114.187072	51.507589	-46.482289	48.986225	0.550605	5.7629	CC(C)C1=CCC2C(=C1)CCC3C2(C)CCCC3(C)C(O)=O.CC(C)(N)CO
233333f2	333332	CCCCCC	-,-,-,-,-,C	1.526844	1.544621	1.577526	1.586463	1.521050	1.507655	113.046787	111.513679	110.631914	108.031779	111.980506	115.869294	58.638349	-58.741597	53.477885	0.559030	10.3942	CC[C]1(C)CC[CH]2C(=C1)CC[CH]3[C]2(C)CCC[C]3(C)C(O)=O
233333f2	333332	CCCCCC	-,-,-,-,-,C	1.527368	1.544053	1.577067	1.585609	1.521119	1.507172	113.115734	111.514973	110.448971	107.944070	112.160674	115.929590	-59.018724	59.099559	-53.460918	0.559420	11.0984	CC(C)=C1CC[CH]2C(=C1)CC[CH]3[C]2(C)CCC[C]3(C)C(O)=O
233333f2	333332	CCCCCC	-,-,-,-,-,C	1.527512	1.544388	1.577626	1.586137	1.521335	1.507125	112.913777	111.553508	110.540300	107.935445	111.800118	115.767254	-58.647064	58.942356	-53.970687	0.562167	10.1779	C[C]1(CC[CH]2C(=C1)CC[CH]3[C]2(C)CCC[C]3(C)C(O)=O)C=C
233333f2	333332	CCCCCC	-,-,-,-,-,C	1.529525	1.543492	1.575767	1.585131	1.523416	1.509480	113.715765	111.151550	110.249180	107.120284	111.753963	116.242577	59.749309	-61.713942	55.162730	0.568257	13.8388	CC(C)=C1CCC2C(=C1)CCC3C2(C)CCCC3(C)C(O)=O.CC(N)(CO)CO
233333f3	323333	CCCCCN	-,C,-,-,-,-	1.511341	1.516107	1.536764	1.528028	1.486734	1.467155	111.859176	115.921821	109.560077	108.428759	112.636709	114.430462	-0.745026	53.431759	-60.130957	0.726045	84.8761	COC1=CC2=C(C=C1OC)[C]34CCN5CC6=CCO[CH]7CC(=O)N2[CH]3[CH]7[CH]6C[CH]45.OS(O)(=O)=O
233333f3	323333	CCCCCN	-,C,-,-,-,-	1.511341	1.516107	1.536765	1.528027	1.486733	1.467155	111.859393	115.921896	109.560095	108.428747	112.636762	114.430467	-0.745079	53.431701	-60.131234	0.726042	84.8759	CCC(C(O)=O)C1=CC=C(C=C1)[N+]([O-])=O.COC2=CC3=C(C=C2OC)C45CCN6CC7=CCOC8CC(=O)N3C4C8C7CC56
233333f3	323333	CCCCCN	-,C,-,-,-,-	1.511342	1.516109	1.536765	1.528028	1.486735	1.467155	111.858990	115.921671	109.560009	108.428663	112.636558	114.430376	0.744292	-53.431640	60.131431	0.726051	84.8763	COC1=CC2=C(C=C1OC)C34CCN5CC6=CCOC7CC(=O)N2C3C7C6CC45.CC(C)CC(NC=O)C(O)=O
233333f3	333233	CCCCCN	-,-,-,C,-,-	1.519591	1.574223	1.519939	1.515726	1.465608	1.462036	109.299311	112.974520	113.879357	117.036086	113.118722	108.603133	-33.594039	25.914074	-39.915498	0.534734	28.7490	COC1=CC2=C(C=C1OC)[C]34CCN5C[CH]3[CH]6[CH]7[CH](CC(=O)N2[CH]47)OCC=C6C5.OC[CH](O)[CH](O)[CH](O)[CH](O)[CH](O)C(O)=O
233333f3	333332	CCCCCC	-,-,-,-,-,C	1.596978	1.558054	1.540392	1.567317	1.547315	1.551280	107.252266	107.286088	110.268181	111.593123	107.975657	113.877115	-60.235655	-0.415811	57.300310	0.855513	87.5009	CC(=O)O[CH]1CC[C]2(C)C3=CC[C]4(C)[CH](CC[CH]4[C]35C=C[C]2(C1)[CH]6[CH]5C(=O)OC6=O)C(C)=O
233333i	233333	CCCCCC	C,-,-,-,-,-	1.511291	1.530235	1.528208	1.528115	1.528639	1.513518	113.681652	110.905161	111.965774	111.441910	111.691072	111.025758	53.226570	-54.257894	54.360601	0.546904	1.1361	C1(=CCCC(=O)C)CCCCC1
233333i	233333	CCCCCC	N,-,-,-,-,-	1.516455	1.516778	1.521654	1.526127	1.539298	1.529254	117.856138	111.188140	110.643019	111.188462	115.796201	113.729862	-57.853656	59.921274	-48.785754	0.502247	20.8307	C(N\N=C1/C(C2=NC=CC=C2)CCCC1)(=S)N
233333i	233333	CCCCCC	N,-,-,-,-,-	1.518639	1.522844	1.528001	1.528403	1.526777	1.517235	115.377334	109.727380	111.476640	111.292213	112.048949	109.425180	-53.938140	56.238676	-55.997581	0.554775	2.3809	NC(=S)NN=C1CCCCC1
233333i	233333	CCCCCC	N,-,-,-,-,-	1.538328	1.534214	1.530384	1.529936	1.529893	1.532828	115.034876	108.053977	111.770372	111.064124	111.516851	109.156837	55.225950	-58.056281	57.098447	0.573176	2.0020	NC(=S)NN=C1[CH](O)[CH](O)[CH](O)[CH](O)[CH]1O
233333i	233333	CCCCCC	O,-,-,-,-,-	1.513960	1.531878	1.530954	1.526424	1.521722	1.514533	117.184417	110.029183	113.103058	111.110497	111.750568	110.384641	-49.669173	55.107606	-56.443686	0.531527	5.9989	O=C1CCCC[CH]1C#N
233333i	233333	CCCCCC	O,-,-,-,-,-	1.520537	1.534735	1.528235	1.526034	1.521405	1.513452	116.107684	109.696478	111.814734	111.048680	111.624527	110.537068	52.587289	-57.016654	56.945341	0.547338	4.9792	O=C1CCCC[CH]1COC[CH]2CCCCC2=O
233333i	233333	CCCCCC	O,-,-,-,-,-	1.525108	1.539443	1.539276	1.539439	1.534622	1.513944	116.971340	109.588983	110.926957	112.411167	108.908263	111.837079	51.793415	-59.033420	58.125254	0.552583	7.3085	C1(C[C@H](C[C@@H]([C@H]1C)C#N)C(=C)C)=O
233333i	233333	CCCPCC	C,-,-,-,-,-	1.523677	1.534969	1.855736	1.859796	1.534011	1.520836	113.618714	112.026990	111.206601	96.854345	110.889171	111.971819	62.263185	-56.109041	56.354428	0.673342	7.4069	CCOC(=O)C=C1CCP(CC1)C
233333i	233333	NCCCCC	-,-,-,-,-,-	1.455757	1.524541	1.526625	1.526602	1.525279	1.457601	117.142647	111.886016	111.282092	110.486847	111.406487	111.822025	-51.497435	54.804759	-54.704387	0.523954	6.7920	O=CN1CCCCC1
233333i	233333	NCCCCC	-,-,-,-,-,-	1.461201	1.525835	1.524664	1.524699	1.524861	1.458002	116.753096	112.232872	111.516504	110.204546	111.306955	112.313225	-51.058605	55.043234	-55.238222	0.523095	7.7195	CCOC(=O)N1CCCCC1
233333i	233333	NCCCCC	-,-,-,-,-,-	1.463972	1.525763	1.524053	1.524022	1.525022	1.462669	115.964972	112.344050	111.491510	110.145593	111.334707	112.400013	51.669202	-55.018099	55.145573	0.526512	6.9414	CC(=O)N1CCCCC1
233333i	233333	NCCCCC	-,-,-,-,-,-	1.471530	1.525470	1.522018	1.521835	1.526519	1.475023	114.212188	112.692167	111.361454	109.921409	111.560380	112.617910	-53.235466	55.228327	-55.036724	0.533959	5.6472	CC(=S)N1CCCCC1
233333i	233333	NCCCCC	-,-,-,-,-,-	1.475718	1.535290	1.523739	1.522148	1.524584	1.467553	116.536415	111.786930	112.711973	109.944319	111.576373	112.546456	-49.864508	54.498555	-55.273868	0.519681	7.7531	CCCOP(=S)(OCCC)SCC(=O)N1CCCCC1C
233333i	233333	NCCCCC	-,-,-,-,-,-	1.475750	1.526862	1.520535	1.520558	1.525811	1.474936	113.998292	112.973716	111.625239	109.690884	111.392846	113.013121	52.600685	-55.365240	55.578064	0.532703	6.5145	SC(=S)N1CCCCC1.C2CCNCC2
233333i	233333	NCCCCC	-,-,-,-,-,-	1.476571	1.530746	1.522984	1.522940	1.530046	1.472198	110.661300	111.453971	111.464923	110.289004	111.321427	111.571432	55.796670	-52.512288	52.583313	0.563013	2.5084	O=NN1CCCCC1
233333i	233333	NCCCCC	-,-,-,-,-,-	1.477629	1.526044	1.524442	1.524516	1.527100	1.474006	113.711079	110.496204	111.302840	110.383982	111.476584	110.482367	54.884824	-54.381937	54.275828	0.557424	0.4668	[N+](/C=C/N1CCCCC1)([O-])=O
233333i	233333	NCCCCC	-,-,-,-,-,-	1.489868	1.523026	1.525009	1.526703	1.535754	1.500227	114.339710	110.278038	111.291260	110.680060	113.009801	109.458717	55.875144	-54.587082	53.415276	0.553503	2.1207	C(N1C(CC)CCCC1)#N
233333i	233333	NCCNCC	-,-,-,-,-,-	1.457473	1.539890	1.480839	1.481558	1.538801	1.458731	115.703554	112.147297	112.170184	109.177679	112.529357	112.074123	-52.286235	57.054474	-56.873013	0.521853	9.0952	N1(C=O)CCN(CC2C=C(Cl)C(=CC=2)Cl)CC1
233333i	233333	NCCNCC	-,-,-,-,-,-	1.459598	1.539579	1.478474	1.480126	1.539510	1.464814	116.594660	112.978555	114.978237	108.274667	115.154272	112.731391	48.920644	-53.708245	53.732305	0.481266	10.8646	CCOC(=O)N1CCN(CN2CCN(CC2)C(=O)OCC)CC1
233333i	233333	NCCNCC	-,-,-,-,-,-	1.467577	1.540779	1.475129	1.477373	1.538913	1.465963	114.633097	112.666595	112.134677	109.196432	112.142851	112.827484	-52.307078	57.744002	-57.613814	0.523457	9.8261	N1(C(=O)CCl)CCN(CC1)C
233333i	233333	NCCNCC	-,-,-,-,-,-	1.467614	1.545831	1.479686	1.482493	1.542604	1.463490	111.948326	111.123622	112.041113	109.745952	111.550557	111.753535	-55.283990	55.764710	-55.507468	0.551550	1.8178	CCN(CC)C(=O)N1CCN(C)CC1
233333i	233333	NCCOCC	-,-,-,-,-,-	1.465969	1.529886	1.435294	1.433269	1.531907	1.467263	114.354026	111.948388	111.160241	110.168319	111.305092	111.794315	53.014187	-60.822989	60.810380	0.531177	10.3245	CCCCCCCCCCCCCC(=O)N1CCOCC1
233333i	233333	NCCOCC	-,-,-,-,-,-	1.465975	1.529877	1.435292	1.433260	1.531931	1.467180	114.369281	111.952261	111.157557	110.165435	111.308184	111.799484	-53.004876	60.835374	-60.816601	0.531072	10.3644	CCCCCCCC(=O)N1CCOCC1
233333i	233333	NCCOCC	-,-,-,-,-,-	1.466054	1.529927	1.435293	1.433318	1.531889	1.467354	114.272756	111.931325	111.170287	110.179107	111.291412	111.770380	-53.064245	60.756668	-60.775597	0.531730	10.1184	CCCCCCCCCC(=O)N1CCOCC1
233333i	233333	NCCOCC	-,-,-,-,-,-	1.466097	1.529774	1.435212	1.433111	1.532017	1.467089	114.430325	111.998921	111.140402	110.139042	111.333822	111.853012	52.965766	-60.926530	60.858024	0.530390	10.6352	CCCCCCCCCCCCCCCC(=O)N1CCOCC1
233333i	233333	NCCOCC	-,-,-,-,-,-	1.466098	1.529772	1.435210	1.433110	1.532018	1.467089	114.430991	111.999537	111.140124	110.138645	111.334051	111.853736	52.965466	-60.927819	60.858630	0.530383	10.6387	CCCCCCCCCCCC(=O)N1CCOCC1
233333i	233333	NCCOCC	-,-,-,-,-,-	1.466710	1.531854	1.433514	1.435498	1.529961	1.465424	114.435424	111.736135	111.285907	110.199515	111.162295	111.885731	-52.885069	60.791442	-60.785941	0.531280	10.2481	CC(=O)N1CCOCC1
233333i	233333	NCCOCC	-,-,-,-,-,-	1.467180	1.531935	1.433260	1.435291	1.529880	1.465983	114.368494	111.799804	111.308223	110.165347	111.157612	111.952717	52.846092	-60.816629	60.835141	0.531073	10.3642	CCCC(=O)N1CCOCC1
233333i	233333	NCCOCC	-,-,-,-,-,-	1.467263	1.531908	1.433269	1.435293	1.529886	1.465973	114.353092	111.794862	111.305145	110.168170	111.160152	111.948726	52.868346	-60.810084	60.823068	0.531178	10.3242	CCCCCCCCC(=O)N1CCOCC1
233333i	233333	NCCOCC	-,-,-,-,-,-	1.468664	1.532350	1.433488	1.434539	1.529541	1.465293	114.437071	111.900868	111.448686	110.153443	111.101130	112.041840	52.295667	-60.684518	61.001488	0.529400	10.7383	C[CH](O)C(=O)N1CCOCC1
233333i	233333	NCCOCC	-,-,-,-,-,-	1.475785	1.532344	1.431764	1.432143	1.532878	1.480346	109.131791	110.704322	111.002109	110.223904	111.143085	110.624715	58.123654	-58.977806	58.857887	0.573310	0.6052	O=NN1CCOCC1
233333i	233333	NCCOCC	-,-,-,-,-,-	1.476359	1.531646	1.433357	1.432617	1.530981	1.475294	112.562099	111.997411	111.423901	110.098387	111.284017	112.008408	53.923784	-60.276153	60.449258	0.538297	8.0736	C(N1CCOCC1)(=S)N
233333i	233333	NCCOCC	-,-,-,-,-,-	1.478975	1.532193	1.430986	1.431364	1.530902	1.478215	112.729622	112.563398	111.369191	109.849795	111.146414	112.610186	-53.267896	61.137424	-61.337357	0.534095	10.4619	SC(=S)N1CCOCC1.C2COCCN2
233333i	233333	NCCOCC	-,-,-,-,-,-	1.480603	1.530878	1.435025	1.432414	1.532971	1.476328	112.076392	111.704816	110.836521	110.112718	111.471855	111.796472	-55.554106	60.846779	-60.272736	0.545988	7.1519	NC(=O)CCSC(=S)N1CCOCC1
233333i	323333	CCCCCC	-,N,-,-,-,-	1.539870	1.520759	1.524562	1.528962	1.531549	1.544108	104.787322	116.130823	109.049198	111.983076	111.189356	112.829745	57.264510	-52.325094	54.211850	0.576312	3.7090	CCN(CC)[CH]1CCCCC1=NO
233333i	323333	CCCCCC	-,O,-,-,-,-	1.513684	1.512545	1.522206	1.527182	1.529043	1.532629	108.822888	116.048933	110.048739	111.713812	111.186454	111.720421	-53.297359	52.544085	-55.890483	0.553666	3.3053	COC(=O)C(=O)[CH]1CCCCC1=O
233333i	323333	CCCCCC	-,O,-,-,-,-	1.513713	1.512546	1.522197	1.527172	1.529033	1.532620	108.826623	116.049621	110.050746	111.712526	111.185718	111.722699	53.290653	-52.547668	55.895643	0.553629	3.3100	CCOC(=O)C(=O)[CH]1CCCCC1=O
233333i	323333	CCCCCC	-,O,-,-,-,-	1.523924	1.513123	1.521331	1.525977	1.527608	1.531150	109.528343	116.383936	110.692017	111.640486	110.914428	111.891757	50.731929	-52.395256	57.068488	0.546289	5.7821	OC[CH]1CCCCC1=O
233333i	323333	CCCCCC	-,O,-,-,-,-	1.525611	1.513791	1.521664	1.526364	1.528042	1.531805	109.537461	115.983459	110.555835	111.684001	111.014557	111.799939	-51.510493	52.747257	-56.864689	0.548891	4.8963	C[CH]1CCCCC1=O
233333i	323333	CNCCCC	-,-,-,-,-,-	1.479561	1.474296	1.525126	1.521833	1.523928	1.535281	110.512873	115.101585	111.036115	111.533045	110.017314	112.860764	-54.497161	54.824244	-54.751765	0.540590	3.2224	C[C@@H]1CCCCN1C2=N/C(=C/3\\C=CC=CC3=O)/NC(=C2)C
233333i	332333	CCCCCC	-,-,O,-,-,-	1.528115	1.515650	1.532052	1.543107	1.531493	1.533749	110.715753	110.221247	115.466836	107.172825	111.886409	111.291376	-55.631976	55.444639	-55.380271	0.571774	2.4767	C[CH]1CC[CH](C(=O)C1)C(C)(C)NO
233333i	332333	CCCCCC	-,-,O,-,-,-	1.530536	1.512642	1.511421	1.521719	1.527893	1.535670	110.991095	110.700478	116.490514	110.532809	111.807058	111.014413	50.458292	-50.148253	52.282461	0.544035	6.4089	C[CH]1CCCC(=O)C1
233333i	332333	CCCCCC	-,-,O,-,-,-	1.542415	1.525770	1.509568	1.528033	1.536386	1.542212	112.013790	109.653246	116.218162	108.674990	110.244715	111.844035	-52.548710	56.768493	-57.293230	0.561786	5.5518	[C@@H]1(C[C@@H](C(=C)C)CC([C@@H]1C)=O)C(=O)N
233333i	332333	CCCCCC	-,-,O,-,-,-	1.561996	1.529066	1.509311	1.522630	1.537797	1.566473	110.636912	109.940514	116.118084	110.666060	113.627760	113.328815	55.073078	-53.457546	49.798308	0.530957	3.1091	C1(C(C(=O)O)CCC(C1C)=O)(C)C
233333i	332333	CCNCCC	-,-,-,-,-,-	1.522770	1.465537	1.460500	1.521639	1.528412	1.528752	111.406923	112.088383	115.388993	112.403271	110.947178	108.906418	50.132162	-50.673502	53.717515	0.542171	7.6859	c1ccc2c(c1)c(nnn2)OC3CCN(CC3)C(=O)CCC(=O)[O-]
233333i	332333	CCNCCN	-,-,-,-,-,-	1.538539	1.458687	1.457229	1.540054	1.478655	1.481262	112.556000	112.058767	115.630382	112.242600	112.248492	109.296191	-46.857100	47.114050	-52.047429	0.520120	8.8555	C1(CN2CCN(C=O)CC2)=C(Cl)C=CC=C1Cl
233333i	332333	CCNCCN	-,-,-,-,-,-	1.539583	1.459538	1.464835	1.539496	1.480153	1.478485	114.977236	112.974771	116.598978	112.726743	115.151914	108.278745	-42.109763	41.942666	-48.677157	0.481280	10.8542	CCOC(=O)N1CCN(CN2CCN(CC2)C(=O)OCC)CC1
233333i	332333	CCNCCN	-,-,-,-,-,-	1.548383	1.481967	1.476527	1.545393	1.483539	1.483934	113.157312	110.683716	111.958665	110.375599	112.617416	108.144176	53.595563	-54.761724	57.435475	0.560493	2.3783	N1(C(=C(C(=O)OCC)N=N1)CN2CCN(C3=CC=CC=C3)CC2)C4C(=NON=4)N
233333i	333233	CCCCCC	-,-,-,O,-,-	1.535649	1.523133	1.511421	1.511421	1.523133	1.535649	110.165284	111.812671	110.656009	116.474097	110.656021	111.812681	52.540695	-49.956062	49.956038	0.544282	6.8776	CC1CCC(=O)CC1
233333i	333233	CCCCCC	-,-,-,O,-,-	1.538422	1.537045	1.526170	1.524467	1.532044	1.537213	110.673614	111.601989	107.279002	115.227860	108.617712	111.839595	56.496210	-57.766156	56.788458	0.580567	1.9197	C[CH]1C[CH](C)C(=O)[CH](C1)[CH](O)CC2CC(=O)NC(=O)C2
233333i	333233	CCCNCC	-,-,-,-,-,-	1.527540	1.529732	1.474265	1.480344	1.535165	1.535195	110.706496	111.581458	109.499385	113.301655	109.822526	110.322759	55.302282	-58.868680	59.741601	0.572869	1.7487	CC(C)c1nc(on1)[C@@H]2CCCN(C2)c3cc(nc(n3)N)OC
233333i	333233	CCCNCC	-,-,-,-,-,-	1.531957	1.525412	1.457950	1.464527	1.542527	1.543536	111.841780	111.059335	110.163954	113.769528	110.304780	109.924741	-54.690747	59.806960	-59.943356	0.560847	2.6411	CN(CCCC[CH]1CCCN(C1)C(=O)C2=CC=CC=C2)C(=O)C3=CC=CC=C3
233333i	333233	NCCCCC	-,-,-,N,-,-	1.472856	1.536659	1.506410	1.508235	1.537974	1.473433	119.185112	112.817451	109.355368	114.965095	109.071525	112.890507	47.255941	-56.796095	56.837696	0.501345	11.6815	N1C(CC(CC1(C)C)=NO)(C)C
233333i	333323	CCCCCC	-,-,-,-,O,-	1.528285	1.527178	1.522399	1.512750	1.514695	1.529885	111.714323	111.150539	111.735512	110.173903	116.004659	109.477985	-56.246251	52.674447	-52.486537	0.549700	3.8556	COC1=CC(=C(C=C1)N=C[CH]2CCCCC2=O)[N+]([O-])=O
233333i	333323	CCCCCC	-,-,-,-,O,-	1.528703	1.527585	1.522674	1.512789	1.514746	1.529842	111.629932	111.202617	111.781180	110.052191	115.875040	109.278533	-55.994246	52.641716	-52.986877	0.552085	3.3584	CC(=O)C1=CC=C(C=C1)N=C[CH]2CCCCC2=O
233333i	333323	CCCCCC	-,-,-,-,O,-	1.528739	1.527607	1.522687	1.512790	1.514684	1.529897	111.626888	111.209133	111.782149	110.038023	115.861288	109.252514	-55.965730	52.647843	-53.055302	0.552348	3.2966	CCOC(=O)C1=CC=C(C=C1)N=C[CH]2CCCCC2=O
233333i	333323	CCCCCC	-,-,-,-,O,-	1.530160	1.527768	1.522448	1.513774	1.525886	1.532974	111.596920	111.393929	111.764247	109.682990	115.231110	107.797350	55.195551	-52.916561	55.413592	0.565896	2.3041	O=C1CCCC[CH]1COC[CH]2CCCCC2=O
233333i	333323	CCCSCC	-,-,-,-,O,-	1.531008	1.524193	1.811496	1.760298	1.520212	1.536714	112.490927	112.984125	111.786665	97.571689	114.319836	109.313727	59.838683	-53.974818	57.874245	0.648425	5.4233	c1cc(cc(c1)C(=O)N)C[C@@H]2CCCSC2=O
233333i	333323	CCSCCC	-,-,-,-,N,-	1.525238	1.819492	1.819980	1.515424	1.515483	1.523222	112.675528	111.985855	99.164614	109.570721	116.379551	110.328411	-54.492858	52.355257	-61.551417	0.640567	4.9241	C1C/C(=N/O)/CSC1
233333i	333323	COCCNC	-,-,-,-,-,-	1.435907	1.435525	1.539395	1.476549	1.481098	1.539950	110.575799	110.607041	110.444239	110.615475	109.027081	110.531102	-59.293855	58.379258	-56.414811	0.580173	0.3893	CC1CN(CC(C)O1)N=O
233333i	333323	COCCNC	-,-,-,-,-,-	1.436715	1.436945	1.536797	1.478664	1.484258	1.538216	111.831374	109.878564	111.330670	109.837117	111.657820	109.960844	60.136903	-57.492660	53.967152	0.565809	3.0160	C1CN(CCO1)C2=CC=CC=C2
233333i	333332	CCCCCC	-,-,-,-,-,N	1.523054	1.528208	1.528624	1.526631	1.517001	1.518474	109.654399	111.508136	111.327560	112.003948	109.359741	115.372157	-56.135462	55.965873	-53.209547	0.555416	2.1567	O=C(NN=C1CCCCC1)C(=O)NN=C2CCCCC2
233333i	333332	CCCCCC	-,-,-,-,-,N	1.524000	1.529572	1.529969	1.525825	1.515016	1.514533	109.103928	111.612963	111.509954	111.786592	108.999316	115.629416	-55.812527	55.700638	-53.474241	0.558275	1.2670	O=S(=O)(NN=C1CCCCC1)C2=CC=CC=C2
233333i	333332	CCCCCC	-,-,-,-,-,N	1.525723	1.529268	1.528983	1.523578	1.514820	1.516339	109.253505	111.885969	111.407610	111.612242	109.477524	115.875728	-56.020551	56.087061	-53.471906	0.553616	2.3787	O=C(NC1=CC=CC=C1)ON=C2CCCCC2
233333i	333332	CCCCCC	-,-,-,-,-,N	1.526630	1.528627	1.528210	1.523056	1.518472	1.517001	109.359997	112.004579	111.327785	111.507315	109.653046	115.371601	55.963530	-56.136360	53.892483	0.555425	2.1553	O=C(NN=C1CCCCC1)C(=O)NN=C2CCCCC2
233333i	333332	CCCCCN	-,-,-,-,-,-	1.524021	1.522568	1.522135	1.527307	1.465309	1.462506	112.929730	111.127429	109.809540	111.863502	112.839559	116.432223	56.183476	-55.423146	50.136117	0.520927	9.6182	N1(C2C(=NON=2)N)N=NC(=C1C)C(N3CCCCC3)=O
233333i	333332	CCCCCN	-,-,-,-,-,-	1.525311	1.525281	1.524878	1.525834	1.461094	1.465604	111.823996	111.210954	110.396643	111.481328	112.007822	115.176561	54.526018	-54.130731	52.332982	0.533912	4.3195	N1(C2C(=NON=2)N)C(=C(C(N3CCCCC3)=O)N=N1)C4C=CC=CC=4
233333i	333332	CCCCCN	-,-,-,-,-,-	1.525553	1.525210	1.525523	1.525154	1.465980	1.461318	111.938762	111.428705	110.434077	111.219181	111.773446	115.111265	54.127630	-54.440084	53.105235	0.534892	4.0581	C(N1CCCCC1)(=O)C2C=CC=CC=2
233333i	333332	CCCCCN	-,-,-,-,-,-	1.525553	1.525211	1.525523	1.525153	1.465980	1.461318	111.938765	111.428694	110.434057	111.219174	111.773427	115.111269	54.127663	-54.440148	53.105280	0.534892	4.0581	O=C(N1CCCCC1)C2=CC=CC=C2
233333i	333332	CCCCCN	-,-,-,-,-,-	1.526331	1.523686	1.523479	1.527024	1.476577	1.481823	110.707990	111.280534	110.271613	111.437365	110.564897	112.659117	54.147429	-54.276620	55.511145	0.562746	0.4379	C[n+]1ccc(cc1)/C=C(/N2CCCCC2)\\SC
233333i	333332	CCCCCN	-,-,-,-,-,-	1.526393	1.521150	1.521483	1.525738	1.475101	1.473623	112.696658	111.516348	109.848117	111.388939	112.796707	113.833911	-55.161641	55.129164	-53.207799	0.535489	5.4127	S=C(SSSSC(=S)N1CCCCC1)N2CCCCC2
233333i	333332	CCCCCN	-,-,-,-,-,-	1.526428	1.524349	1.524145	1.526874	1.475262	1.474963	110.435988	111.254226	110.334234	111.385564	110.455579	112.755761	53.992586	-53.845745	55.283463	0.563750	0.9586	C1(=NC(NC2C=CC=CC=2)=N\C(N1)=N/N)N3CCCCC3
233333i	333332	CCCCCN	-,-,-,-,-,-	1.526565	1.525538	1.525513	1.527100	1.481648	1.484037	110.002872	111.210867	110.619807	111.221974	109.909438	111.280235	53.198807	-53.320323	56.658231	0.577661	3.6166	C1(N=C2N(C=CC=C2C)C(C=1C=O)=O)N3CCCCC3
233333i	333332	CCCCCN	-,-,-,-,-,-	1.526706	1.526252	1.525970	1.526958	1.469788	1.468434	109.910780	111.139188	110.647777	111.383434	109.989247	113.282886	53.499772	-53.187310	54.899191	0.564262	1.8646	N(=C/N1CCCCC1)/C2C(C#N)=CC=CC=2
233333i	333332	CCCCCN	-,-,-,-,-,-	1.526931	1.525481	1.525081	1.527111	1.478674	1.476127	110.051649	111.172324	110.584390	111.436761	110.159042	112.442138	53.674471	-53.299422	55.269641	0.568224	2.2417	CC(=O)/N=C\\1/NC(=O)/C(=C/N2CCCCC2)/S1
233333i	333332	CCCCCN	-,-,-,-,-,-	1.527622	1.526141	1.526057	1.526941	1.478419	1.479647	109.612690	111.093794	110.680634	111.328226	109.945928	111.902403	-53.525767	52.994533	-55.724959	0.575427	3.4117	CC1=C(N2CCCCC2)S(=O)(=O)C3=CC=CC=C3C1
233333i	333332	CCCCCN	-,-,-,-,-,-	1.527875	1.529202	1.529258	1.530623	1.464596	1.459493	111.301561	110.791613	111.146704	111.311273	110.669545	113.837929	52.570288	-52.740042	53.862627	0.549315	0.6168	O=C(N1CCCCC1)N2CCCCC2
233333i	333332	CCCCCN	-,-,-,-,-,-	1.528273	1.530321	1.530407	1.529290	1.472354	1.471378	110.005539	110.970392	111.514371	111.068323	109.708759	111.700218	51.345285	-51.575421	55.886098	0.572547	5.2722	C(SC1C(=NN=C(C=1)Cl)C2=CC=CC=C2)(N3CCCCC3)=S
233333i	333332	CCCCCN	-,-,-,-,-,-	1.528345	1.525301	1.525344	1.528787	1.477162	1.472491	109.848990	111.227749	110.508120	111.488534	109.893496	113.831330	-54.338792	53.979935	-54.591426	0.563045	0.8065	N1(C2=CC(Br)=CN=C2)CCCCC1
233333i	333332	CCCCCN	-,-,-,-,-,-	1.528399	1.525355	1.525393	1.528942	1.476506	1.471976	109.830790	111.211958	110.510601	111.497003	109.878865	113.861854	54.327652	-53.943288	54.553346	0.563010	0.8484	N1(C2=CN=CC=C2)CCCCC1
233333i	333332	CCCCCN	-,-,-,-,-,-	1.528448	1.525416	1.525435	1.528866	1.476708	1.471478	109.813932	111.208729	110.519302	111.496550	109.873541	113.869429	54.320113	-53.913653	54.524821	0.563036	0.8884	N1(C2=CC=NC=C2)CCCCC1
233333i	333332	CCCCCN	-,-,-,-,-,-	1.528555	1.523682	1.523624	1.528472	1.467890	1.466500	110.495747	111.496555	110.100042	111.487591	110.482991	116.068974	-55.354903	55.358030	-53.334980	0.545228	3.8841	C1(=NC(OC2=CC(C=O)=CC=C2)=NC(=N1)OC)N3CCCCC3
233333i	333332	CCCCCN	-,-,-,-,-,-	1.528647	1.525206	1.525134	1.528267	1.474076	1.477896	109.934274	111.477797	110.492857	111.248427	109.887463	113.711332	-54.032757	54.353194	-55.500502	0.563442	0.7804	[N+]1(C=C(N2CCCCC2)C=CC=1)[O-]
233333i	333332	CCCCCN	-,-,-,-,-,-	1.528710	1.527834	1.527931	1.528922	1.473109	1.476625	109.181214	111.357069	110.925899	111.109084	109.045346	113.451201	53.203255	-53.602826	55.997785	0.572208	2.9013	[N+](C1C(N2CCCCC2)=CC=NC=1)([O-])=O
233333i	333332	CCCCCN	-,-,-,-,-,-	1.528714	1.523751	1.523759	1.528828	1.465759	1.464827	110.475904	111.490408	110.095745	111.487417	110.446963	116.281272	55.338098	-55.354649	53.232930	0.544312	4.0436	N1=C(N=C(C)C(=C1N2CCCCC2)C=O)N3CCCCC3
233333i	333332	CCCCCN	-,-,-,-,-,-	1.528751	1.523700	1.523711	1.528839	1.465203	1.465792	110.474175	111.487920	110.086910	111.502855	110.479905	116.309233	55.386762	-55.373348	53.186690	0.544035	4.1400	N1=C(N2CCCCC2)N=CC=C1Cl
233333i	333332	CCCCCN	-,-,-,-,-,-	1.528797	1.523714	1.523714	1.528797	1.466904	1.466904	110.443697	111.482988	110.105183	111.482988	110.443694	115.974465	55.287476	-55.287481	53.444814	0.546205	3.6310	NC1=NC(=NC(=N1)N)N2CCCCC2
233333i	333332	CCCCCN	-,-,-,-,-,-	1.528892	1.525515	1.525504	1.528467	1.471393	1.476641	109.848198	111.496872	110.533526	111.200095	109.784899	113.857806	-53.877406	54.295421	-55.572295	0.563341	0.9627	N1(C2C=C(C)N=CC=2)CCCCC1
233333i	333332	CCCCCN	-,-,-,-,-,-	1.529022	1.525591	1.525596	1.528498	1.471824	1.476888	109.813975	111.511310	110.551232	111.165549	109.731395	113.721307	-53.776725	54.256140	-55.746492	0.564589	1.2248	C1(=CC(N2CCCCC2)=CC=N1)N3CCCCC3
233333i	333332	CCCCCN	-,-,-,-,-,-	1.529071	1.525607	1.525720	1.529591	1.472372	1.472236	109.648000	111.187984	110.543527	111.458801	109.734598	113.767509	54.106291	-53.760833	54.796567	0.565151	1.2640	C1(N=C(C=CC=1F)Br)N2CCCCC2
233333i	333332	CCCCCN	-,-,-,-,-,-	1.529072	1.527572	1.527671	1.529019	1.469651	1.474526	109.284467	111.438660	110.874752	111.076585	109.116110	113.805752	-53.175708	53.740771	-55.943032	0.568990	2.4834	N1(C2C(Cl)=CN=CC=2)CCCCC1
233333i	333332	CCCCCN	-,-,-,-,-,-	1.529250	1.526052	1.526058	1.529593	1.472756	1.472949	109.504816	111.124548	110.604316	111.447411	109.655103	113.430973	-53.951038	53.505378	-54.954567	0.568269	1.9383	C1(N2CCCCC2)=CC(Br)=CC=N1
233333i	333332	CCCCCN	-,-,-,-,-,-	1.529252	1.527918	1.527924	1.529525	1.476098	1.478346	109.040420	111.239727	110.961507	111.054609	108.922079	111.942682	-52.600151	52.899915	-56.838571	0.582905	4.8828	C1(=C(C(N)=NC(=N1)Cl)[N+]([O-])=O)N2CCCCC2
233333i	333332	CCCCCN	-,-,-,-,-,-	1.529299	1.530281	1.530231	1.528060	1.471026	1.472978	109.759952	111.135113	111.496119	110.933892	110.051122	111.845928	51.629835	-51.508076	55.676572	0.571169	4.9842	S=C(SSSSC(=S)N1CCCCC1)N2CCCCC2
233333i	333332	CCCCCN	-,-,-,-,-,-	1.529347	1.526218	1.526219	1.529785	1.472086	1.472457	109.446269	111.098374	110.625356	111.451009	109.605226	113.415602	-53.897430	53.417339	-54.949320	0.568857	2.1075	C1(=NC(C)=CC=C1)N2CCCCC2
233333i	333332	CCCCCN	-,-,-,-,-,-	1.529366	1.528144	1.527982	1.529866	1.476689	1.469750	108.896886	110.970214	110.949894	111.471229	109.052318	113.373993	-53.557297	52.859520	-54.794169	0.573912	3.4251	N1(C2C(N)=CC=CC=2)CCCCC1
233333i	333332	CCCCCN	-,-,-,-,-,-	1.529490	1.528754	1.528748	1.529583	1.465790	1.465575	108.868002	111.292381	110.935403	111.304778	108.884656	116.314046	54.269107	-54.228970	53.892435	0.557655	0.1784	ClC1=CC2=C(N3CCCCC3)C4=C(CCCC4)N=C2C=C1
233333i	333332	CCCCCN	-,-,-,-,-,-	1.529563	1.526920	1.526954	1.529323	1.472793	1.472837	109.408407	111.388940	110.753225	111.067746	109.253874	113.073743	53.123581	-53.566973	56.228876	0.572606	2.9462	CC1=NC2=C(C=NN2C3=CC=C(C=C3)[N+]([O-])=O)C(=N1)N4CCCCC4
233333i	333332	CCCCCN	-,-,-,-,-,-	1.529570	1.527906	1.527789	1.529774	1.478027	1.475896	108.877516	110.948402	110.931044	111.342515	109.061283	112.016953	53.105524	-52.554944	55.852996	0.582804	4.8047	N1=C(N=C(C)C(=C1N2CCCCC2)C=O)N3CCCCC3
233333i	333332	CCCCCN	-,-,-,-,-,-	1.529770	1.526191	1.526191	1.529351	1.472470	1.472153	109.613980	111.450758	110.621107	111.103500	109.456858	113.422345	53.430683	-53.904497	55.994885	0.568721	2.0758	N1(C2N=CC=CC=2)CCCCC1
233333i	333332	CCCCCN	-,-,-,-,-,-	1.529782	1.526232	1.526236	1.529367	1.472411	1.472181	109.598574	111.449207	110.628622	111.099617	109.440990	113.406270	53.409757	-53.886819	56.014906	0.568959	2.1301	C1(N2CCCCC2)N=CC=C(C=1)C
233333i	333332	CCCCCN	-,-,-,-,-,-	1.529809	1.526250	1.526239	1.529244	1.472368	1.472547	109.588019	111.453822	110.631275	111.086174	109.444353	113.375578	-53.401836	53.889073	-56.058388	0.569213	2.1705	N1=C(N2CCCCC2)C=CC=C1N3CCCCC3
233333i	333332	CCCCCN	-,-,-,-,-,-	1.529809	1.526250	1.526239	1.529244	1.472368	1.472547	109.588023	111.453822	110.631286	111.086196	109.444354	113.375576	-53.401793	53.889019	-56.058352	0.569212	2.1705	N1=C(N2CCCCC2)C=CC=C1N3CCCCC3
233333i	333332	CCCCCN	-,-,-,-,-,-	1.529823	1.526374	1.526394	1.529405	1.472574	1.472607	109.544913	111.446539	110.657227	111.081991	109.382841	113.304623	53.327427	-53.824182	56.120895	0.570091	2.3682	C1(=CC(N2CCCCC2)=CC=N1)N3CCCCC3
233333i	333332	CCCCCN	-,-,-,-,-,-	1.529858	1.527947	1.528005	1.529871	1.472117	1.473482	109.058101	111.307694	110.931745	110.996854	108.873291	112.486979	-52.562153	53.036536	-56.721638	0.579532	4.4335	C1(=C(C(Br)=CC=N1)Br)N2CCCCC2
233333i	333332	CCCCCN	-,-,-,-,-,-	1.529964	1.527900	1.527947	1.529933	1.471679	1.472921	109.068551	111.315098	110.919536	110.997518	108.889208	112.542691	-52.574423	53.047797	-56.687745	0.579036	4.3573	C1(N2CCCCC2)N=CC=CC=1Br
233333i	333332	CCCCCN	-,-,-,-,-,-	1.530027	1.529173	1.529175	1.530026	1.466529	1.466529	108.685548	111.245728	111.027587	111.245799	108.685683	115.502453	53.776850	-53.776657	54.505560	0.564007	1.3208	C1(=C2C(C=CC=C2)=NC=C1Br)N3CCCCC3
233333i	333332	CCCCCN	-,-,-,-,-,-	1.530222	1.527960	1.528059	1.529972	1.472111	1.473520	109.025637	111.353046	110.928826	110.950420	108.835040	112.496192	-52.528315	53.088917	-56.846763	0.579914	4.4831	C1(N2CCCCC2)=C3C(C=CC=C3)=CC=N1
233333i	333332	CCCCCN	-,-,-,-,-,-	1.530356	1.527818	1.527848	1.529831	1.473261	1.476397	109.001557	111.360873	110.924946	110.962589	108.878474	112.283326	-52.563258	53.076384	-56.950091	0.581203	4.6223	C1(N=C(C=CC=1N)Br)N2CCCCC2
233333i	333332	CCCCCN	-,-,-,-,-,-	1.530623	1.529258	1.529202	1.527875	1.459493	1.464596	110.669529	111.311299	111.146722	110.791667	111.301570	113.837954	-52.739982	52.570191	-54.186987	0.549315	0.6168	O=C(N1CCCCC1)N2CCCCC2
233333i	333332	CCCCCN	-,-,-,-,-,-	1.530665	1.528902	1.528904	1.530663	1.475198	1.475197	108.593508	111.088013	111.049607	111.087797	108.593418	112.122217	-52.643314	52.643621	-56.573850	0.586033	5.3146	[N+]1(C(N2CCCCC2)=CC=CC=1)[O-]
233333i	333332	CCCCCN	-,-,-,-,-,C	1.524625	1.528988	1.528763	1.523951	1.508191	1.501259	108.598560	111.814967	111.006002	111.771026	108.601437	113.625368	54.379113	-54.331819	55.324994	0.574399	2.4750	C1CC[NH+](CC1)/C=C/C=C/C=[N+]2CCCCC2
233333i	333332	CCCCCN	-,-,-,-,-,C	1.524728	1.529245	1.529231	1.525046	1.499180	1.493467	108.580932	111.832193	110.994710	111.843231	108.492805	115.034165	-54.514308	54.508178	-54.501284	0.565747	1.1324	C1CC[NH+](CC1)c2c(c(=[N+]3CCCCC3)c2=O)[O-]
233333i	333332	CCNCCC	-,-,-,-,-,C	1.535795	1.468064	1.467824	1.537378	1.524511	1.525632	111.447041	112.448064	110.267491	112.755022	111.411440	109.880661	57.207008	-56.970134	55.385781	0.555213	1.5079	C1(C2=C(CCC3=C1C=CC=C3)C=CC=C2)=C4CCNCC4
233333i	333332	CCNCCC	-,-,-,-,-,N	1.538176	1.484336	1.477996	1.529556	1.516620	1.515395	109.921616	110.805206	110.419591	112.931417	108.016761	116.173834	-59.803843	61.411432	-54.128606	0.555377	6.8964	C1(=N/C2C(C)=CC=CC=2)/CC(N(C)CC1C)C
233333i	333332	CCNCCN	-,-,-,-,-,-	1.545743	1.475744	1.475736	1.547149	1.483932	1.478411	110.385673	113.270311	108.920542	113.835161	110.491527	111.928930	55.069285	-54.306140	54.394485	0.549016	1.1653	N1(C2=CC=CC=C2)CCNCC1
233333i	333332	CCNCCN	-,-,-,-,-,C	1.534869	1.475656	1.486798	1.531809	1.498650	1.492575	108.493863	111.697017	109.909280	111.062775	108.692074	114.268564	-59.649353	59.680911	-56.188757	0.575423	3.1441	Cc1c(ccc2c1oc(c2[O-])C=[N+]3CCN(CC3)C)O
233333i	333332	CCOCCN	-,-,-,-,-,-	1.530245	1.435661	1.433894	1.531468	1.469724	1.465638	111.652993	111.219958	110.392429	111.172502	111.437365	113.565211	-60.108017	60.310910	-53.976907	0.537498	7.9653	[O-][N+](=O)C1=CC=C(C=C1)C(=O)N2CCOCC2
233333i	333332	CCOCCN	-,-,-,-,-,-	1.530428	1.435069	1.434629	1.531261	1.469345	1.464572	111.675564	111.173830	110.300817	111.041981	111.421172	113.695272	60.354281	-60.656743	54.075196	0.538326	8.3941	N1(C2C(=NON=2)N)C(=C(C(N3CCOCC3)=O)N=N1)C4C=CC=CC=4
233333i	333332	CCOCCN	-,-,-,-,-,-	1.531120	1.431121	1.430723	1.531861	1.480215	1.478542	112.517864	111.246004	109.945069	111.395267	112.469781	112.474652	-60.995652	60.867345	-53.573743	0.534981	9.6365	S=C(S[CH]1CCC=C1)N2CCOCC2
233333i	333332	CCOCCN	-,-,-,-,-,-	1.531142	1.433349	1.433281	1.533161	1.478653	1.474851	111.811867	110.905118	110.046266	111.452385	111.841273	112.335328	60.986315	-60.322729	53.800695	0.543789	7.7214	S=C(CC1=CC2=C(C=CC=C2)C=C1)N3CCOCC3
233333i	333332	CCOCCN	-,-,-,-,-,-	1.531359	1.434432	1.435869	1.530208	1.464612	1.469372	111.392407	111.236883	110.347925	111.270604	111.605286	113.639716	60.211702	-60.041323	53.689562	0.537203	7.9157	O=C(N1CCOCC1)C2=CC=CC=C2
233333i	333332	CCOCCN	-,-,-,-,-,-	1.533190	1.432390	1.433500	1.528676	1.465327	1.468361	112.239896	111.682138	110.019344	110.937599	112.335850	114.722606	60.743113	-61.559032	53.188781	0.525301	12.3149	Cc1c(nnn1c2nc3ccccc3s2)C(=O)N4CCOCC4
233333i	333332	CCOCCN	-,-,-,-,-,-	1.534167	1.434621	1.434850	1.536308	1.483298	1.484991	110.950765	111.457898	109.732746	111.818098	110.928670	111.839209	60.446309	-60.122922	55.259705	0.553595	5.4040	c1c[n+](cc(c1[N+](=O)[O-])/C=C/N2CCOCC2)[O-]
233333i	333332	CCOCCN	-,-,-,-,-,-	1.534624	1.439250	1.437275	1.536180	1.483414	1.488090	109.938736	111.123950	109.808800	111.602756	109.948385	109.768920	-59.494527	59.207845	-57.693240	0.578784	0.8681	C1(N=C2N(C=CC=C2C)C(C=1C=O)=O)N3CCOCC3
233333i	333332	CCOCCN	-,-,-,-,-,-	1.534690	1.435858	1.435332	1.536824	1.490877	1.492274	110.393711	111.097362	110.004139	111.545367	110.309780	110.046171	60.056010	-59.782117	57.051267	0.572471	2.0641	C(=C(N1CCOCC1)C2=CC=CC=C2)(C#N)C#N
233333i	333332	CCOCCN	-,-,-,-,-,-	1.534844	1.436265	1.436302	1.533062	1.477566	1.479366	110.698684	111.507037	109.734285	111.192646	110.314119	111.193289	59.526582	-60.398178	57.579091	0.564279	3.6469	CCn\\1ccnc(/c1=N\\c2ccc(cc2)OC)N3CCOCC3
233333i	333332	CCOCCN	-,-,-,-,-,-	1.536349	1.436378	1.436506	1.536302	1.471581	1.471079	110.064679	111.614267	109.828697	111.613805	110.073869	113.932163	60.451461	-60.428105	54.904205	0.550652	6.1336	N1=C(N2CCOCC2)N=CC=C1I
233333i	333332	CCOCCN	-,-,-,-,-,-	1.536352	1.437299	1.435248	1.538353	1.480283	1.482503	109.818280	111.395892	110.082041	111.657829	109.871245	111.676826	59.822409	-59.540097	56.292216	0.565659	2.6300	N1C(C(=O)O)=CN=CC=1N2CCOCC2
233333i	333332	CCOCCN	-,-,-,-,-,-	1.536377	1.437097	1.435456	1.538259	1.481763	1.482524	109.769917	111.386907	110.090032	111.688780	109.838075	111.393394	-59.713395	59.352905	-56.403925	0.567578	2.1855	N1C(=CC(=NC=1N)F)N2CCOCC2
233333i	333332	CCOCCN	-,-,-,-,-,-	1.536380	1.435636	1.435814	1.535106	1.480900	1.482445	110.229175	111.687791	109.958251	111.494742	110.232206	111.362513	59.469197	-59.703063	56.824602	0.562983	2.9095	C1(C(=NSN=1)OCC(=O)OCC)N2CCOCC2
233333i	333332	CCOCCN	-,-,-,-,-,-	1.536438	1.436058	1.436065	1.536193	1.472252	1.472673	110.127159	111.597101	109.866779	111.533155	110.108895	113.811207	-60.469424	60.566190	-55.083940	0.551141	6.1382	C1(N=C(N=C(N=1)CCl)N)N2CCOCC2
233333i	333332	CCOCCN	-,-,-,-,-,-	1.536825	1.437000	1.436588	1.538234	1.484408	1.479248	109.818012	111.321572	109.911720	111.823887	109.944467	111.593363	-60.096215	59.393323	-55.851782	0.566299	2.8839	OC1=CC=C(C=C1)N2CCOCC2
233333i	333332	CCOCCN	-,-,-,-,-,-	1.536858	1.435231	1.435851	1.534744	1.492541	1.490853	110.289520	111.542316	110.035606	111.102940	110.376239	110.020220	59.746713	-60.001917	57.853680	0.572659	1.9577	C(=C(N1CCOCC1)C2=CC=C(O)C=C2)(C#N)C#N
233333i	333332	CCOCCN	-,-,-,-,-,-	1.537102	1.444115	1.443151	1.537098	1.471976	1.474051	109.237495	110.955056	110.152413	110.966338	109.164677	110.705498	58.971362	-59.114882	58.190396	0.583453	0.1452	C=C1C=C(N2[C@@H](N=C(N=C2N1)N3CCOCC3)c4ccccc4)[O-]
233333i	333332	CCOCCN	-,-,-,-,-,-	1.538087	1.438032	1.437993	1.537927	1.485472	1.488043	109.185465	111.310696	110.438404	111.161825	109.069439	109.699428	-58.695525	59.001931	-58.706903	0.586610	1.2878	C1(=C(C(N)=NC(=N1)Cl)[N+]([O-])=O)N2CCOCC2
233333i	333332	CCOCCN	-,-,-,-,-,-	1.538398	1.439193	1.439200	1.538361	1.473632	1.473831	109.030456	111.470529	110.253295	111.466874	109.026027	113.959230	-60.178565	60.193361	-55.641473	0.561405	3.9175	ClC1=CC2=C(N3CCOCC3)C4=C(CCCC4)N=C2C=C1
233333i	333332	CCOCCN	-,-,-,-,-,-	1.538887	1.437567	1.438114	1.537018	1.480175	1.483801	109.302000	111.763900	110.272838	111.329607	109.221592	110.638977	-58.437613	59.001563	-58.262015	0.576956	0.8304	C1(=NC2=CC=CC=C(N=C1N)2)N3CCOCC3
333333f1	333333	CCCCCC	-,-,-,-,-,-	1.517798	1.522481	1.554297	1.601540	1.575501	1.552443	113.681502	110.257606	113.653849	108.286517	116.552777	108.669769	-59.830904	52.201947	-47.416139	0.553483	7.1658	CC(C)C1=CC2=C(C=C1)[C]3(C)CCC[C](C)([CH](O)C4=CC=CC=C4)[CH]3CC2
333333f1	333333	CCCCCC	-,-,-,-,-,-	1.519504	1.521354	1.552076	1.586430	1.574295	1.553756	113.729897	110.150543	113.222512	109.643229	116.111758	108.677632	58.974823	-51.721826	47.072428	0.550651	7.5591	CC(C)C1=CC2=C(C=C1)[C]3(C)CCC[C](C)(COCCC#N)[CH]3CC2
333333f1	333333	CCCCCC	-,-,-,-,-,-	1.520759	1.522188	1.548888	1.581686	1.580603	1.552425	114.190698	110.154460	112.752009	109.493336	115.733543	109.578201	-60.076107	54.156937	-47.924396	0.548787	7.9780	CC(C)C1=CC2=C(C=C1)[C]3(C)CCC[C](C)(COC(=O)C4=CC=CC=C4)[CH]3C=C2
333333f1	333333	CCCCCC	-,-,-,-,-,-	1.521049	1.521471	1.552355	1.591541	1.573647	1.554958	114.031243	110.026682	112.841523	108.176232	115.805494	108.736393	-60.477355	54.980484	-50.090731	0.562094	6.2530	CC(C)C1=CC2=C(C=C1)[C]3(C)CCC[C](C)(CN)[CH]3CC2
333333f1	333333	CCCCCC	-,-,-,-,-,-	1.521684	1.522980	1.547565	1.578966	1.569035	1.554108	113.631766	110.420944	113.157534	110.332025	115.418133	108.517726	57.334201	-51.286083	48.244843	0.550548	6.0852	COC1=CC2=C(C=C1)[C]3(C)CCC[C](C)(C#N)[CH]3CC2=O
333333f1	333333	CCCCCC	-,-,-,-,-,-	1.521757	1.521979	1.544024	1.578818	1.587109	1.552300	114.177208	111.742961	113.492600	111.024150	114.652529	110.344638	-56.054507	51.605614	-47.472842	0.527236	4.9350	CC(C)C1=CC2=C(C=C1)[C]3(C)CCC[C](C)([CH]3CC2)C(O)=O
333333f1	333333	CCCCCC	-,-,-,-,-,-	1.522541	1.526747	1.552427	1.599150	1.577206	1.550839	114.179843	113.786789	114.014068	111.463682	115.236590	106.057370	-31.184962	52.411096	-13.979022	0.730616	85.0386	CC(C)CCC[CH](C)[CH]1CC[C]2(C)C3=C(C(=O)C[C]12C)[C]4(C)CC[CH](O)C(C)(C)[CH]4CC3=O
333333f1	333333	CCCCCC	-,-,-,-,-,-	1.522698	1.524060	1.552180	1.570606	1.577626	1.550046	113.585905	111.577492	114.062109	109.391762	116.077686	108.954960	55.780327	-50.577161	48.588638	0.537653	4.1286	C[C]1(CC[CH]2C(=C1)CC[CH]3[C]2(C)CCC[C]3(C)C(O)=O)C=C
333333f1	333333	CCCCCC	-,-,-,-,-,-	1.522727	1.524051	1.552153	1.570653	1.577067	1.550138	113.572231	111.565347	114.049711	109.395246	116.106007	108.963934	55.822990	-50.564370	48.539686	0.537620	4.2088	CC(C)=C1CC[CH]2C(=C1)CC[CH]3[C]2(C)CCC[C]3(C)C(O)=O
333333f1	333333	CCCCCC	-,-,-,-,-,-	1.523096	1.523844	1.550970	1.572258	1.577526	1.550613	113.619119	111.512912	113.893731	108.945123	115.775886	108.938474	-56.326852	51.859349	-49.878547	0.543393	3.1423	CC[C]1(C)CC[CH]2C(=C1)CC[CH]3[C]2(C)CCC[C]3(C)C(O)=O
333333f1	333333	CCCCCC	-,-,-,-,-,-	1.524097	1.523571	1.555285	1.576277	1.572877	1.552920	113.999545	111.453951	113.462945	108.789881	117.230572	107.779134	56.757457	-50.894482	49.118459	0.543342	4.6721	CC(C)CCCC(C)C1CCC2(C)C3=CCC4C(C)(C)C(O)CCC4(C)C3=CCC12C.CC(CCC=C(C)C)C5CCC6(C)C7=C(CCC56C)C8(C)CCC(O)C(C)(C)C8CC7
333333f1	333333	CCCCCC	-,-,-,-,-,-	1.524228	1.520065	1.523037	1.543791	1.561115	1.550497	114.265800	110.960559	111.403123	112.685140	112.826514	111.001498	56.626661	-55.808295	51.288655	0.537312	5.4886	C[C]12CCCC[CH]1C3=C(CCCC3)CC2
333333f1	333333	CCCCCC	-,-,-,-,-,-	1.524402	1.531694	1.532236	1.530743	1.528588	1.525875	111.497718	111.759363	110.619669	111.533350	111.193826	111.713617	55.305649	-55.475254	55.266028	0.562546	1.0384	C1CC[C@@H]2[C@@H](C1)OC(=O)CS2
333333f1	333333	CCCCCC	-,-,-,-,-,-	1.524767	1.523375	1.550829	1.571810	1.575611	1.553419	113.914903	111.781683	113.697591	108.409561	115.526759	108.522037	55.933601	-53.032896	52.143025	0.548644	1.3210	CC(C)[CH]1CC[CH]2[CH](CC[CH]3[C]2(C)CCC[C]3(C)C(O)=O)C1
333333f1	333333	CCCCCC	-,-,-,-,-,-	1.525067	1.521955	1.545044	1.567762	1.571532	1.554954	113.985832	111.546002	113.440708	109.967903	116.024597	108.354067	55.628420	-51.119952	49.546844	0.539128	3.7430	CC(=O)OC(C)(C)C1=CC2=C(C=C1)[C]3(C)CCC[C](C)(C#N)[CH]3CC2=O
333333f1	333333	CCCCCC	-,-,-,-,-,-	1.525101	1.523511	1.551302	1.569652	1.575767	1.549021	113.350152	111.261916	113.926798	110.095305	117.134610	109.018168	-56.542667	48.897975	-45.421885	0.531354	7.8586	CC(C)=C1CCC2C(=C1)CCC3C2(C)CCCC3(C)C(O)=O.CC(N)(CO)CO
333333f1	333333	CCCCCC	-,-,-,-,-,-	1.525128	1.524691	1.521432	1.529923	1.526801	1.531399	114.126846	111.218769	110.910013	112.041408	114.934509	113.453221	57.843204	-55.867961	48.559284	0.516922	11.5167	C1(C(C2(O)CCCCC(O1)2)C)=O
333333f1	333333	CCCCCC	-,-,-,-,-,-	1.525142	1.521981	1.545127	1.567822	1.571292	1.554968	113.973903	111.561920	113.454857	109.944591	116.035318	108.330135	55.583239	-51.084421	49.588022	0.539244	3.6935	CC(=C)C1=CC2=C(C=C1)[C]3(C)CCC[C](C)(C#N)[CH]3CC2=O
333333f1	333333	CCCCCC	-,-,-,-,-,-	1.525192	1.521957	1.544917	1.568625	1.572092	1.554825	113.982892	111.589653	113.468509	109.954690	116.013251	108.326660	55.555707	-51.052943	49.563308	0.539094	3.6710	CC(=O)C1=CC2=C(C=C1C(C)=O)[C]3(C)CCC[C](C)(C#N)[CH]3CC2=O
333333f1	333333	CCCCCC	-,-,-,-,-,-	1.525273	1.526255	1.522170	1.519511	1.569088	1.540060	111.692454	110.744137	110.701841	112.188083	118.867687	117.117120	-67.323518	53.302336	-31.120141	0.516788	32.7398	N1(C2(OCC)CCCCC(C1=O)2)C3=CC=CC=C3
333333f1	333333	CCCCCC	-,-,-,-,-,-	1.525374	1.524519	1.552080	1.571297	1.572658	1.555585	113.908979	111.805268	114.021529	108.425734	115.427435	108.599990	-55.207450	52.623003	-52.228766	0.546915	0.5823	CC(C)C1=C[C]23CC[CH]4[C](C)(CCC[C]4(C)C(O)=O)[CH]2C[CH]1[CH]5[CH]3C(=O)C=CC5=O
333333f1	333333	CCCCCC	-,-,-,-,-,-	1.525756	1.523784	1.546876	1.580902	1.594394	1.551022	113.782707	112.440727	114.057623	110.707736	113.986285	109.321450	53.561928	-50.357887	49.572692	0.535780	2.3060	CC(C)C1=CC[CH]2C(=C1)CC[CH]3[C]2(C)CCC[C]3(C)C(O)=O
333333f1	333333	CCCCCC	-,-,-,-,-,-	1.525821	1.523276	1.546428	1.582225	1.595607	1.550784	113.700228	112.293051	114.093353	110.569861	113.898982	109.368125	53.982404	-50.685958	49.612073	0.538015	2.2570	CC(C)C1=CCC2C(=C1)CCC3C2(C)CCCC3(C)C(O)=O.CC(C)(N)CO
333333f1	333333	CCCCCC	-,-,-,-,-,-	1.525990	1.526343	1.531752	1.533401	1.522904	1.528657	110.569808	111.710345	112.135205	113.372671	110.639664	114.428425	54.099692	-52.191914	49.916078	0.536266	3.0627	c1cc(oc1)C2=[N+]([C@@H]3CCCC[C@@H]3[N+](=C2)[O-])[O-]
333333f1	333333	CCCCCC	-,-,-,-,-,-	1.526146	1.521594	1.550270	1.574681	1.574955	1.553481	113.688736	111.658584	113.905102	108.991916	117.285721	107.968106	-56.298061	50.137931	-48.385030	0.538622	4.9857	C[CH](O)C1=CC2=C(C=C1)[C]3(C)CCC[C](C)(CO)[CH]3C[CH]2O
333333f1	333333	CCCCCC	-,-,-,-,-,-	1.526441	1.522150	1.550114	1.574259	1.575313	1.553652	113.758732	111.777657	113.861721	108.787407	117.199286	107.863498	-56.166111	50.529383	-49.165817	0.540087	4.1692	CC(C)(O)C1=CC2=C(C=C1)[C]3(C)CCC[C](C)(CO)[CH]3C[CH]2O
333333f1	333333	CCCCCC	-,-,-,-,-,-	1.526555	1.523614	1.533341	1.548554	1.535348	1.529352	113.318775	110.881858	111.804981	111.866737	113.025562	114.152784	-57.435517	55.390463	-48.755519	0.526725	8.4504	C12(C(COC1=O)C(Cl)CCC2OC(=O)C)C
333333f1	333333	CCCCCC	-,-,-,-,-,-	1.526656	1.522454	1.546415	1.564490	1.575977	1.554433	113.603946	111.874092	113.890499	109.802358	115.958352	107.725749	-54.330527	49.992047	-50.144730	0.542543	3.6148	CC(C)C1=CC2=C(C=C1)[C]3(C)CCC[C](C)(C#N)[CH]3CC2
333333f1	333333	CCCCCC	-,-,-,-,-,-	1.526793	1.522450	1.546299	1.564820	1.576247	1.554552	113.629653	111.922244	113.893248	109.764383	115.970846	107.682013	-54.270878	50.007355	-50.255683	0.542537	3.5067	CC(C)C1=CC2=C(C=C1C(C)=O)[C]3(C)CCC[C](C)(C#N)[CH]3CC2
333333f1	333333	CCCCCC	-,-,-,-,-,-	1.527012	1.521071	1.550108	1.572824	1.575972	1.553283	113.631384	111.631030	113.743943	109.042541	117.228118	107.981729	56.549569	-50.429777	48.521144	0.540029	5.0303	CC(C)C1=CC2=C(C=C1)[C]3(C)CCC[C](C)(CO)[CH]3CC2
333333f1	333333	CCCCCC	-,-,-,-,-,-	1.527026	1.529761	1.548380	1.591164	1.586619	1.547022	113.954040	114.149004	113.304007	110.242782	115.136259	108.800719	32.902408	-57.852289	22.818650	0.725020	89.0818	C[CH](CCC(Br)=C(C)C)[CH]1CC[C]2(C)C3=C(CC[C]12C)[C]4(C)CC[CH](O)C(C)(C)[CH]4CC3
333333f1	333333	CCCCCC	-,-,-,-,-,-	1.527328	1.525855	1.527312	1.534404	1.541630	1.534174	111.382993	111.823523	111.819544	111.379891	110.690529	110.721795	-53.931943	54.632344	-55.822483	0.566673	2.1841	OC1=C(CCC[CH]2CC[CH]3CCCC[CH]3C2)C(=O)C4=C(C=CC=C4)C1=O
333333f1	333333	CCCCCC	-,-,-,-,-,-	1.527343	1.525884	1.527327	1.534078	1.542215	1.534174	111.386321	111.826972	111.822816	111.380201	110.724035	110.715943	-53.954471	54.624877	-55.782659	0.566471	2.1407	O[CH]1CC[CH]2CCCC[CH]2C1
333333f1	333333	CCCCCC	-,-,-,-,-,-	1.527628	1.533606	1.541465	1.534425	1.528399	1.526358	111.878626	111.264905	110.696836	110.469490	111.178649	111.880496	56.087222	-57.043439	56.316627	0.569399	2.7459	C1CC[CH]2NCCC[CH]2C1
333333f1	333333	CCCCCC	-,-,-,-,-,-	1.527667	1.534410	1.553630	1.531422	1.526756	1.525691	111.563845	113.489030	111.187462	112.797400	111.146615	111.574927	-50.046059	50.527153	-53.963777	0.544488	3.9779	C1CC[C@H]2[C@@H](C1)N[P@@](=O)(S2)C3CCC(CC3)[N+](=O)[O-]
333333f1	333333	CCCCCC	-,-,-,-,-,-	1.527706	1.527706	1.539265	1.524653	1.524653	1.539266	114.313214	114.154926	114.313096	109.822012	108.815961	109.822132	41.099576	-52.208761	63.054338	0.556922	17.3766	C1(C(C)(C)C)CC2CC(CC(C1)C2)Br
333333f1	333333	CCCCCC	-,-,-,-,-,-	1.528007	1.525737	1.530425	1.556790	1.562664	1.533866	110.986168	112.406605	112.349579	113.563435	107.592445	112.999715	-51.927431	53.466780	-53.895004	0.558132	3.8580	CC(C)CCC[CH](C)[CH]1CC[CH]2[CH]3CC[CH]4C[CH](O)CC[C]4(C)[CH]3CC[C]12C
333333f1	333333	CCCCCC	-,-,-,-,-,-	1.528614	1.526286	1.557729	1.579613	1.571420	1.562537	114.341845	111.517454	113.805122	108.875733	115.868747	107.539939	54.850068	-51.533181	51.754202	0.549565	1.5808	CC(=C)[CH]1CC[C]2(CO)CC[C]3(C)[CH](CC[CH]4[C]5(C)CC[CH](O)C(C)(C)[CH]5CC[C]34C)[CH]12
333333f1	333333	CCCCCC	-,-,-,-,-,-	1.528929	1.529740	1.562569	1.579163	1.571196	1.561900	114.337683	111.603593	113.256445	108.839783	115.840432	107.548577	-55.203486	52.010908	-52.267655	0.553062	1.2606	CC(=C)[CH]1CC[C]2(C)CC[C]3(C)[CH](CC[CH]4[C]5(C)CC[CH](OC(=O)C6=CC=CC=C6)C(C)(C)[CH]5CC[C]34C)[CH]12
333333f1	333333	CCCCCC	-,-,-,-,-,-	1.529112	1.525827	1.552862	1.589468	1.592468	1.553855	114.411359	113.408284	113.303419	109.759644	115.341130	108.204785	-53.513170	50.619430	-51.114536	0.536036	0.5784	C[CH](CCC(O)=O)[CH]1CC[C]2(C)[CH]3[CH](C(=O)C[C]12C)[C]4(C)CC[CH](O)C(C)(C)[CH]4CC3=O
333333f1	333333	CCCCCC	-,-,-,-,-,-	1.529121	1.527128	1.534208	1.555860	1.561696	1.538381	111.660032	112.357243	112.753698	113.599211	107.547993	113.065958	-50.752319	53.364972	-54.187782	0.552759	4.5437	C[CH](O)[CH]1CC[CH]2[CH]3CC[CH]4C[CH](O)CC[C]4(C)[CH]3CC[C]12C
333333f1	333333	CCCCCC	-,-,-,-,-,-	1.529127	1.532910	1.542215	1.534518	1.526062	1.526810	111.603161	111.401338	110.694751	110.794491	111.308284	111.858953	55.838518	-56.228630	55.727266	0.567535	1.8719	O[CH]1CC[CH]2CCCC[CH]2C1
333333f1	333333	CCCCCC	-,-,-,-,-,-	1.529194	1.533874	1.541630	1.536388	1.537629	1.535922	111.529377	111.366534	110.785817	110.720702	111.115210	110.726891	55.777625	-56.229810	56.595625	0.576683	1.0052	OC1=C(CCC[CH]2CC[CH]3CCCC[CH]3C2)C(=O)C4=C(C=CC=C4)C1=O
333333f1	333333	CCCCCC	-,-,-,-,-,-	1.529265	1.527258	1.559386	1.577818	1.573138	1.563050	114.082674	111.921207	114.200907	108.393034	115.715094	108.316155	54.610504	-51.946197	52.101161	0.545956	0.2869	C[CH]1CC[C]2(CC[C]3(C)C(=CC[CH]4[C]5(C)CC[CH](O)C(C)(C)[CH]5CC[C]34C)[CH]2[CH]1C)C(O)=O
333333f1	333333	CCCCCC	-,-,-,-,-,-	1.529474	1.519200	1.553360	1.579469	1.570242	1.560608	115.813381	113.137017	112.365674	111.052050	115.362420	108.419696	61.276305	-32.958372	-25.546622	0.715614	89.8495	CC(=C)C1=CC2=C(C=C1)[C]3(C)CCC[C](C)(COC(=O)C4=CC=CC=C4)[CH]3C[CH]2OC(=O)C5=CC=CC=C5
333333f1	333333	CCCCCC	-,-,-,-,-,-	1.530585	1.524389	1.532807	1.553115	1.565599	1.546782	114.659865	112.694192	113.056637	113.705029	109.304015	112.904373	-49.093826	53.956719	-53.916848	0.521546	5.4035	C[CH]1CC[C]2(OC1)O[CH]3C[CH]4[CH]5CC[CH]6C[CH](O)CC[C]6(C)[CH]5CC[C]4(C)[CH]3[CH]2C
333333f1	333333	CCCCCC	-,-,-,-,-,-	1.530743	1.527621	1.534677	1.545691	1.549844	1.539914	110.634621	113.045541	112.685490	113.259867	108.004204	111.917225	49.407126	-51.677671	55.228900	0.561207	7.0977	COc1ccc2c(c1)[C@@H]3CCCC[C@@H]3SCC2=O
333333f1	333333	CCCCCC	-,-,-,-,-,-	1.531288	1.523502	1.528258	1.558736	1.581859	1.545291	112.066460	112.986389	112.519614	113.385564	108.601160	110.907199	-50.782371	52.921615	-54.859525	0.558149	5.3745	CC(C)CCCC(C)C1CCC2C3CC(SC(N)=N)C4(O)CC(O)CCC4(C)C3CCC12C.CC5=CC=C(C=C5)S(O)(=O)=O
333333f1	333333	CCCCCC	-,-,-,-,-,-	1.531334	1.552007	1.560231	1.540531	1.531504	1.528428	113.297075	113.783488	110.076017	112.005383	113.260731	109.974291	-50.479479	51.199142	-55.278964	0.543057	2.5622	CO[CH]1C[CH](O[CH](C)[CH]1O[CH]2O[CH](CO)[CH](O)[CH](O)[CH]2O)O[CH]3CC[C]4(C=O)[CH]5CC[C]6(C)[CH](CC[C]6(O)[CH]5CC[C]4(O)C3)C7=CC(=O)OC7
333333f1	333333	CCCCCC	-,-,-,-,-,-	1.531749	1.523409	1.548865	1.566849	1.571190	1.560555	114.325545	112.644563	114.185895	109.618254	116.635387	107.207122	-52.212765	49.050599	-50.994644	0.532859	2.8674	CC(C)[C]1(Cl)CC[CH]2[C]3(C)CCC[C](C)([CH]3C[CH](Cl)[C]2(Cl)[CH]1Cl)C(O)=O
333333f1	333333	CCCCCC	-,-,-,-,-,-	1.535932	1.525431	1.532191	1.556833	1.586235	1.549771	113.446013	113.953030	113.036961	113.320256	109.840658	111.283008	-48.564996	52.100534	-54.378479	0.533297	6.0005	CC(C)CCC[CH](C)[CH]1CC[CH]2[CH]3C[CH](Br)[C]4(Br)C[CH](Cl)CC[C]4(C)[CH]3CC[C]12C
333333f1	333333	CCCCCC	-,-,-,-,-,-	1.538793	1.539593	1.559796	1.555977	1.532429	1.537541	110.729718	111.412869	113.618385	107.201501	113.514413	112.140845	56.394252	-54.908369	54.507621	0.566130	1.5889	CC(C)C1CCC2(C)C(CCC3C4(C)CCCC23OC4=O)C1
333333f1	333333	CCCCCC	-,-,-,-,-,-	1.540688	1.539755	1.545604	1.539914	1.528321	1.538727	109.458777	113.122502	111.519944	109.166743	112.117159	112.532204	55.545831	-55.176128	56.259212	0.568334	2.0099	CC(C)[CH]1CC[CH]2[CH](CC[CH]3[C]2(C)CCC[C]3(C)C(O)=O)C1
333333f1	333333	CCCCCC	-,-,-,-,-,-	1.540820	1.545005	1.567709	1.556254	1.534297	1.535204	110.796373	113.609936	112.750322	109.066216	114.272313	112.628976	53.440322	-51.291754	52.347760	0.540714	0.5130	CC(C)[CH]1CC[C]2(C)[CH](CC[CH]3[C](C)(CO)CCC[C]23O)C1
333333f1	333333	CCCCCC	-,-,-,-,-,-	1.542909	1.537917	1.526495	1.550596	1.551698	1.548423	114.204787	108.984235	112.307887	114.593692	111.081027	113.758965	55.957826	-55.225410	48.261422	0.529938	7.3177	CC1(C)[CH](CC[C]2(C)[CH]1CC[C]3(C)[CH]2C(=O)C=C4[CH]5C[C](C)(CC[C]5(C)CC[C]34C)C(O)=O)O[CH]6O[CH]([CH](O)[CH](O)[CH]6O[CH]7O[CH]([CH](O)[CH](O)[CH]7O)C(O)=O)C(O)=O
333333f1	333333	CCCCCC	-,-,-,-,-,-	1.547795	1.538760	1.560452	1.556153	1.534707	1.549916	109.145302	113.004686	113.387445	107.623878	113.687514	113.987705	-56.722762	54.455465	-53.190744	0.554729	2.4864	CCC1(C)CCC2(C)C(CCC3C4(C)CCCC23OC4=O)C1
333333f1	333333	CCCCCC	-,-,-,-,-,-	1.547905	1.539700	1.524653	1.524653	1.539700	1.547904	111.845019	115.762993	109.705581	108.815961	109.705520	115.762877	52.366766	-63.236509	63.236791	0.556304	18.1218	C1(C(C)(C)C)CC2CC(CC(C1)C2)Br
333333f1	333333	CCCCCC	-,-,-,-,-,-	1.551014	1.520796	1.524613	1.543809	1.565878	1.579555	109.800981	114.942475	111.336563	113.469857	110.405800	116.505252	-55.528431	56.629802	-51.704552	0.520311	6.8886	CC(C)[CH]1CC[C]2(C)[CH](CC[CH]3[C](C)(CO)CCC[C]23O)C1
333333f1	333333	CCCCCC	-,-,-,-,-,-	1.557407	1.523478	1.524064	1.552791	1.578523	1.578057	108.969582	113.495895	112.042517	113.900119	108.067700	116.991645	56.139246	-57.375888	52.037125	0.539357	4.1189	C[CH](CCC(O)=O)[CH]1CC[C]2(C)[CH]3CC[CH]4C(C)(C)[CH](O)CC[C]4(C)[CH]3C(=O)C[C]12C
333333f1	333333	CCCCCC	-,-,-,-,-,-	1.558324	1.562511	1.555803	1.543440	1.527053	1.534782	112.441728	110.385062	114.092369	108.356469	112.147282	112.450524	-52.420298	55.430462	-56.796112	0.560244	4.3918	C[CH]1CC[C]2(CC[C]3(C)C(=CC[CH]4[C]5(C)CC[CH](O)C(C)(C)[CH]5CC[C]34C)[CH]2[CH]1C)C(O)=O
333333f1	333333	CCCCCC	-,-,-,-,-,-	1.558822	1.522926	1.519773	1.555175	1.572364	1.588348	109.173873	113.090464	110.796390	113.823087	108.190491	115.517329	-57.614765	59.061103	-54.073791	0.556463	4.4197	CC(C)CCCC(C)C1CCC2(C)C3=CCC4C(C)(C)C(O)CCC4(C)C3=CCC12C.CC(CCC=C(C)C)C5CCC6(C)C7=C(CCC56C)C8(C)CCC(O)C(C)(C)C8CC7
333333f1	333333	CCCCCC	-,-,-,-,-,-	1.563092	1.571339	1.556252	1.522134	1.519529	1.533736	111.498708	112.855746	108.340954	113.585642	110.453955	111.465980	51.178186	-54.738206	58.770617	0.567879	2.9412	C[CH]1CCC[C]2(C)[CH]1CCC3=C2C=CC(=C3)C(C)C
333333f1	333333	CCCCCC	-,-,-,-,-,-	1.572768	1.572134	1.551637	1.521860	1.524551	1.551528	109.056575	116.046155	109.379559	113.844889	111.520144	113.967122	49.083806	-51.353453	55.946346	0.536483	3.7550	COC(=O)[C]1(C)CCC[C]2(C)[CH]3CCC(=CC3=CC[CH]12)C(C)C
333333f1	333333	CCCCCC	-,-,-,-,-,-	1.573510	1.571312	1.556398	1.524789	1.521551	1.549429	107.922171	115.655998	108.113870	114.138732	111.594727	112.929932	-51.538976	51.221612	-55.635231	0.557278	2.6955	COC(=O)[C]1(C)CCC[C]2(C)[CH]1CC(=O)C3=C2C=CC(=C3)C(C)C
333333f1	333333	CCCCCC	-,-,-,-,-,-	1.573874	1.571588	1.556350	1.524836	1.521498	1.549296	107.931008	115.658019	108.128719	114.137573	111.586175	112.910675	-51.461487	51.193494	-55.677794	0.557313	2.7669	COC(=O)[C]1(C)CCC[C]2(C)[CH]1CC(=O)C3=C2C=CC(=C3)C(C)=O
333333f1	333333	CCCCCC	-,-,-,-,-,-	1.574310	1.579747	1.575220	1.542817	1.531167	1.546131	109.031362	117.821646	108.940745	110.902730	111.470163	114.545342	-48.867061	53.397405	-59.559283	0.548291	8.8183	CC(C)[C]1(Cl)CC[CH]2[C]3(C)CCC[C](C)([CH]3C[CH](Cl)[C]2(Cl)[CH]1Cl)C(O)=O
333333f1	333333	CCCCCC	-,-,-,-,-,-	1.578974	1.587336	1.552298	1.521731	1.521956	1.544001	111.025549	114.660741	110.332945	114.186017	111.747321	113.497814	-46.561326	50.425216	-55.790795	0.527145	4.9397	C[C]1(CCC[C]2(C)[CH]1CCC3=C2C=C(O)C=C3)C(O)=O
333333f1	333333	CCCCCC	-,-,-,-,-,-	1.579556	1.586626	1.552147	1.521840	1.522237	1.545029	110.800474	114.628882	110.327520	114.168351	111.819707	113.548253	-46.971696	50.429669	-55.532280	0.528179	4.4708	COC(=O)[C]1(C)CCC[C]2(C)[CH]1CCC3=C2C=C(C(C)=O)C(=C3)C(C)C
333333f1	333333	CCCCCC	-,-,-,-,-,-	1.579581	1.586832	1.552145	1.521805	1.522225	1.545020	110.792765	114.635097	110.337286	114.171679	111.799077	113.528338	-46.906695	50.391284	-55.567346	0.528361	4.5593	COC(=O)[C]1(C)CCC[C]2(C)[CH]1CCC3=C2C=C(Br)C(=C3)C(C)C
333333f1	333333	CCCCCC	-,-,-,-,-,-	1.580490	1.586179	1.552463	1.521664	1.522174	1.544994	110.784311	114.647679	110.349991	114.228490	111.794382	113.496564	-46.798203	50.277573	-55.524356	0.528152	4.6265	COC(=O)[C]1(C)CCC[C]2(C)[CH]1C[CH](OO)C3=CC=CC=C23
333333f1	333333	CCCCCC	-,-,-,-,-,-	1.589389	1.573319	1.554799	1.518165	1.520686	1.550238	110.214710	113.786214	108.929143	114.468262	110.999198	114.160302	-50.878717	54.193766	-56.325335	0.544856	2.2748	COC(=O)[C]1(C)CCC[C]2(C)[CH]1[CH](Br)C(=O)C3=C2C=CC(=C3)C(C)C
333333f1	333333	CCCCCC	-,-,-,-,-,-	1.602418	1.585966	1.556717	1.524285	1.522962	1.563974	112.189050	115.169798	112.010298	115.537996	111.099074	110.402602	-47.232074	15.400981	41.066865	0.706552	83.0188	CC1(C)[CH](CC[C]2(C)[CH]1CC[C]3(C)[CH]2C(=O)C=C4[CH]5C[C](C)(CC[C]5(C)CC[C]34C)C(O)=O)O[CH]6O[CH]([CH](O)[CH](O)[CH]6O[CH]7O[CH]([CH](O)[CH](O)[CH]7O)C(O)=O)C(O)=O
333333f1	333333	CCCCCO	-,-,-,-,-,-	1.547035	1.532623	1.527908	1.524970	1.424551	1.438402	112.279005	111.004531	109.917844	108.680292	111.192884	112.369096	51.324547	-55.774068	61.033653	0.566728	6.0207	CO[CH]1O[CH]2CO[CH](O[CH]2[CH](O)[CH]1O)C3=CC=CC=C3
333333f1	333333	CCCCNC	-,-,-,-,-,-	1.526449	1.521941	1.519134	1.507809	1.548770	1.543868	113.877161	111.532893	111.881558	111.175873	114.778858	108.909960	54.506087	-54.540560	54.204241	0.539640	2.0409	C[C@@]12CCCC[NH+]1CCC3=C2CCC3
333333f1	333333	CCCCOC	-,-,-,-,-,-	1.538800	1.538973	1.540125	1.436157	1.432971	1.544476	108.907012	111.319729	111.306098	107.842069	101.526736	108.392737	-42.661741	59.362112	-75.375916	0.650669	19.6392	C1(C2OC(C(C1O)O)CO2)O
333333f1	333333	CCCCOC	-,-,-,-,-,-	1.540365	1.537594	1.557736	1.446908	1.435482	1.538000	111.469196	111.444017	108.920387	108.000475	101.295585	108.075918	-43.292326	62.458193	-77.922551	0.654372	19.9349	OC[C]12OC[CH](O1)[CH](O)[CH](O)[CH]2O
333333f1	333333	CCCNCC	-,-,-,-,-,-	1.525639	1.535833	1.511619	1.511230	1.521433	1.522606	111.233236	111.692249	108.122821	112.376608	109.472315	111.801389	56.674042	-59.766502	59.472786	0.579733	3.7860	C1CC[NH+]2CSCCC[C@@H]2C1
333333f1	333333	CCCNCC	-,-,-,-,-,-	1.539104	1.551215	1.475106	1.482039	1.551312	1.541573	107.084260	108.874947	113.604364	113.616652	111.950227	108.810430	-55.192944	49.653816	-50.736321	0.593648	11.7746	C12([N+]([O-])=O)CC([N+]([O-])=O)(CC=C1)CN(C2)CC(=O)O
333333f1	333333	CCCOCC	-,-,-,-,-,-	1.523018	1.520549	1.426804	1.424408	1.524509	1.537224	110.245023	110.312215	111.352902	114.306619	113.000954	111.228731	56.843775	-57.676585	54.574137	0.537364	4.4944	c1ccc(cc1)[C@H]2[C@@H]3CCCO[C@@H]3NC(=O)N2
333333f1	333333	CCCOCC	-,-,-,-,-,-	1.538805	1.544478	1.432969	1.436154	1.540123	1.538971	111.320246	108.907507	108.392950	101.526927	107.842933	111.305612	62.640975	-78.158039	75.376204	0.650661	19.6397	O[CH]1[CH](O)[CH]2CO[CH](O2)[CH]1O
333333f1	333333	CCCOCO	-,-,-,-,-,-	1.529402	1.523138	1.421327	1.430641	1.428993	1.438287	109.659226	107.446676	110.501461	110.198478	111.718257	111.381881	57.040153	-59.729094	60.502273	0.575866	1.4905	OC[CH]1O[CH](O[CH]2CO[CH](O[CH]12)C3=CC=CC=C3)C4=CC=CC=C4
333333f1	333333	CCCOCO	-,-,-,-,-,-	1.529631	1.528052	1.423294	1.426097	1.425727	1.441837	109.407098	107.323534	110.187401	109.920105	112.093905	111.203699	-57.596797	60.020922	-60.912609	0.580189	1.9083	OC[CH]1OCO[CH]2COCO[CH]12
333333f1	333333	CCCOCO	-,-,-,-,-,-	1.531335	1.526863	1.420552	1.430731	1.430608	1.432014	109.261771	107.384636	110.343744	110.082647	111.838787	111.749683	57.638319	-59.764613	60.063768	0.577599	2.1020	C[CH]1O[CH](O[CH]2CO[CH](O[CH]12)C3=CC=CC=C3)C4=CC=CC=C4
333333f1	333333	CCCOCO	-,-,-,-,-,-	1.533199	1.528399	1.422331	1.423405	1.423168	1.431333	109.516455	109.048090	110.406124	110.895196	112.270485	113.359759	-55.062628	58.338772	-59.344108	0.551289	2.4990	COC(=O)[CH]1OCO[CH]2[CH]1OCO[CH]2C(=O)OC
333333f1	333333	CCCOCO	-,-,-,-,-,-	1.534660	1.529316	1.423935	1.427071	1.424683	1.432924	108.772054	107.316028	109.872654	110.349029	112.105840	111.348336	57.770266	-59.239302	60.059224	0.582629	2.4025	OC[CH]1OCO[CH]2[CH](CO)OCO[CH]12
333333f1	333333	CCCOCO	-,-,-,-,-,-	1.537210	1.534747	1.433540	1.418532	1.418062	1.436366	110.894266	109.059190	110.309596	111.530393	112.143527	111.377221	51.693040	-56.936911	61.448868	0.551183	2.4078	CC(=O)OC[CH]1OCO[CH]2[CH](COC(C)=O)OCO[CH]12
333333f1	333333	CCCOCO	-,-,-,-,-,-	1.538834	1.533274	1.439171	1.419243	1.419381	1.431923	110.908056	108.599396	110.475530	111.661495	112.421846	111.061488	-51.912882	56.175511	-60.385414	0.552941	1.3514	OC[CH]1OCO[CH]2[CH]1OCO[CH]2C(O)=O
333333f1	333333	CCOCCC	-,-,-,-,-,-	1.522928	1.424524	1.443675	1.550910	1.528901	1.528435	111.546108	109.135922	115.233562	116.155877	115.435219	113.165167	60.646653	-44.610067	28.766196	0.494301	25.6716	C1C[C@@H]2[C@@H](C(=O)C2(Cl)Cl)OC1
333333f1	333333	CCOCCC	-,-,-,-,-,-	1.570197	1.444878	1.429335	1.545739	1.582372	1.562666	109.058286	113.974743	117.402465	108.872809	97.197120	114.684673	43.457879	-66.327120	70.921174	0.626572	26.0092	CC1([C@@]2(NC(=O)[C@]1(C([C@@H](O2)c3ccccc3)(C#N)C#N)C#N)C)C
333333f1	333333	CCOCOC	-,-,-,-,-,-	1.538078	1.442751	1.432478	1.432423	1.427355	1.535732	108.802793	106.273648	102.461162	109.208727	114.449741	113.505540	74.824300	-74.425138	57.810229	0.623651	22.8794	CC(=O)OC1COC2OC1C(OC(C)=O)C2OC(C)=O
333333f1	333333	CCSCCC	-,-,-,-,-,-	1.532428	1.805846	1.805877	1.532811	1.539345	1.538353	114.411919	107.886510	90.243674	107.982976	114.311731	113.416236	-71.407612	71.438791	-65.066829	0.774845	26.0294	c1cc(oc1)C(=O)OC2C[C@@H]3CC[C@H](C2)S3
333333f1	333333	CNCNCC	-,-,-,-,-,-	1.469831	1.449567	1.449157	1.444892	1.557316	1.536216	109.860560	111.740208	109.292273	110.080609	112.144894	107.097648	63.143293	-62.079085	59.313682	0.586079	2.9838	N1C2C(NCC1C3=CC=C(C=C3)F)CNCN2
333333f1	333333	COCCOC	-,-,-,-,-,-	1.431848	1.440407	1.561417	1.433867	1.429489	1.521983	109.029002	109.925605	112.139255	113.541810	113.769864	111.152073	54.775454	-44.791287	43.760714	0.538719	13.8496	C1CO[C@@H]2C=C(C=C[C@@H]2O1)[C@@H](C[NH3+])O
333333f1	333333	COCOCC	-,-,-,-,-,-	1.422632	1.417658	1.419159	1.441319	1.545929	1.532858	111.788173	110.225140	111.114829	111.598753	110.700130	108.646904	-63.633810	62.780610	-55.415911	0.556144	5.4140	CO[CH]1[CH](C)OCO[CH]2COCO[CH]12
333333f1	333333	COCOCC	-,-,-,-,-,-	1.426883	1.433294	1.436560	1.423069	1.523138	1.519479	110.241029	113.608489	112.492028	112.086706	110.050044	106.957986	53.117155	-54.514083	58.519468	0.556799	7.1401	OC[CH]1O[CH](O[CH]2CO[CH](O[CH]12)C3=CC=CC=C3)C4=CC=CC=C4
333333f1	333333	COCOCC	-,-,-,-,-,-	1.426960	1.429523	1.431610	1.429631	1.524970	1.524681	110.144683	111.405288	111.816274	110.018285	110.622258	107.399447	59.970138	-60.076179	59.049506	0.573004	1.2708	CO[CH]1O[CH]2CO[CH](O[CH]2[CH](O)[CH]1O)C3=CC=CC=C3
333333f1	333333	COCOCC	-,-,-,-,-,-	1.427183	1.430997	1.431109	1.422334	1.526863	1.522975	109.893926	111.472198	111.813179	110.205012	109.901002	107.487208	59.313275	-60.308070	59.857568	0.576390	2.2674	C[CH]1O[CH](O[CH]2CO[CH](O[CH]12)C3=CC=CC=C3)C4=CC=CC=C4
333333f1	333333	COCOCC	-,-,-,-,-,-	1.427468	1.430880	1.431953	1.421370	1.527648	1.524424	110.046740	111.453165	111.088234	110.248572	108.747188	107.419216	-59.323859	62.007598	-61.836792	0.585449	3.3383	C1O[CH](O[CH]1[CH]2O[CH](O[CH]3CO[CH](O[CH]23)C4=CC=CC=C4)C5=CC=CC=C5)C6=CC=CC=C6
333333f1	333333	COCOCC	-,-,-,-,-,-	1.428303	1.424593	1.427884	1.423936	1.528052	1.523507	109.821702	111.400216	112.244974	110.086757	110.062481	107.590773	-59.620534	60.255273	-59.256736	0.573727	1.9888	OC[CH]1OCO[CH]2COCO[CH]12
333333f1	333333	COCOCC	-,-,-,-,-,-	1.433635	1.418646	1.419595	1.433689	1.534747	1.538369	110.826353	111.208825	112.208101	111.582705	110.677145	108.858762	-60.883836	60.882158	-56.198763	0.550996	2.2029	CC(=O)OC[CH]1OCO[CH]2[CH](COC(C)=O)OCO[CH]12
333333f1	333333	COCOCC	-,-,-,-,-,-	1.440982	1.424014	1.428129	1.427072	1.529316	1.529575	109.357737	111.196212	111.998811	109.984962	110.521567	107.553388	60.796470	-60.735092	59.058248	0.577615	0.9226	OC[CH]1OCO[CH]2[CH](CO)OCO[CH]12
333333f1	333333	CSCCCC	-,-,-,-,-,-	1.843182	1.815440	1.539259	1.564891	1.589957	1.571931	111.412532	98.420343	110.480011	112.955081	114.886006	114.376822	-62.088705	64.168855	-54.192920	0.664623	15.2910	CC(=CC[C@@H]1[C@]([C@]2([C@@H](C(=O)CC[C@@]2(CS1)O)OC)O)(C)O)C
333333f1	333333	NCCCCC	-,-,-,-,-,-	1.463796	1.527444	1.526742	1.532901	1.541465	1.468162	111.360812	111.672047	111.467470	110.246678	110.329125	110.615101	-54.835627	52.371916	-53.589248	0.569115	3.0419	C1CC[CH]2NCCC[CH]2C1
333333f1	333333	NCCNCC	-,-,-,-,-,-	1.477921	1.567909	1.485614	1.484308	1.557316	1.452775	109.572914	112.674698	114.492549	107.373301	111.722985	110.982257	-50.859370	51.647894	-56.927009	0.562517	7.2869	N1C2C(NCC1C3=CC=C(C=C3)F)CNCN2
333333f1	333333	NCCSCC	-,-,-,-,-,-	1.529393	1.543645	1.821453	1.821453	1.543645	1.529393	111.778945	109.546897	115.155249	100.096458	115.155251	109.546899	-58.775333	45.126922	-45.126917	0.620625	8.6293	C[NH+]1[C@H]2CC(=O)C[C@@H]1CSC2
333333f1	333333	OCCCCC	-,-,-,-,-,-	1.431500	1.536020	1.534102	1.524066	1.516724	1.425457	113.736852	110.856421	108.703070	111.252458	112.870645	113.622697	-59.073809	52.857534	-47.331626	0.536811	9.4039	CC1(C)O[CH]2O[CH](COC(=O)C3=CC=CC=C3)[CH](OC(=O)C4=CC=CC=C4)[CH](OC(=O)C5=CC=CC=C5)[CH]2O1
333333f1	333333	OCCCCC	-,-,-,-,-,-	1.438516	1.546565	1.548587	1.540776	1.544114	1.434339	101.625429	108.351744	111.445544	111.307322	108.298829	107.646963	-57.114604	41.809264	-44.673672	0.654710	19.7560	O=C(O[CH]1[CH]2CO[CH](O2)[CH](OC(=O)C3=CC=CC=C3)[CH]1OC(=O)C4=CC=CC=C4)C5=CC=CC=C5
333333f1	333333	OCOCCC	-,-,-,-,-,-	1.417859	1.418059	1.427865	1.534790	1.533274	1.433359	111.277740	112.017359	112.734409	111.844244	109.864698	109.797533	58.605648	-51.791722	48.146900	0.538935	5.7702	OC[CH]1OCO[CH]2[CH]1OCO[CH]2C(O)=O
333333f1	333333	OCOCCC	-,-,-,-,-,-	1.423404	1.423169	1.431333	1.533199	1.528399	1.422332	110.895240	112.270399	113.359669	109.516578	109.047940	110.405877	-58.192160	54.403059	-52.155491	0.551292	2.4993	COC(=O)[CH]1OCO[CH]2[CH]1OCO[CH]2C(=O)OC
333333f1	333333	OCOCCC	-,-,-,-,-,-	1.427686	1.427796	1.418649	1.527648	1.534412	1.440618	112.519348	111.811025	109.961428	110.658086	108.136339	108.740029	-60.375743	59.672367	-56.989797	0.571239	1.8127	C1O[CH](O[CH]1[CH]2O[CH](O[CH]3CO[CH](O[CH]23)C4=CC=CC=C4)C5=CC=CC=C5)C6=CC=CC=C6
333333f1	333333	OCOCCC	-,-,-,-,-,-	1.437067	1.435469	1.429595	1.540788	1.548004	1.440234	114.715398	110.298309	110.985623	108.341361	109.301363	110.076634	62.708521	-63.170412	56.342480	0.565437	7.3924	CNC(=O)[CH](C)[CH]1N([CH]2CC[CH](O)[CH](C)O2)C(=O)C(=C(O)C=CC(C)=C[CH](C)[CH]3O[C]4(C)O[CH](C=C[C]45CO5)[CH]3C)C1=O
333333f1	333333	SCCCCC	-,-,-,-,-,-	1.822020	1.533710	1.536710	1.533902	1.545914	1.831170	95.457561	109.025946	114.193056	114.402256	116.129513	109.094769	-63.797550	50.500830	-48.603451	0.702402	20.4105	S1C2C(O)CCC1C=CC2
333333f2	333333	CCCCCC	-,-,-,-,-,-	1.515749	1.517959	1.495055	1.515750	1.517959	1.495055	116.526346	120.228771	123.157650	116.526332	120.228775	123.157642	-3.516407	3.395593	-3.289973	0.031616	0.0006	C12(C(Cl)(Cl)C1CC3(C(C(Cl)(Cl)3)C2)C)C
333333f2	333333	CCCCCC	-,-,-,-,-,-	1.516892	1.550512	1.596245	1.633717	1.556343	1.527815	111.490215	115.336350	111.470174	111.673827	111.411667	110.250964	-49.304449	44.769082	-50.013302	0.555280	8.2298	CC(=C)[CH]1CC[C]2(CO)CC[C]3(C)[CH](CC[CH]4[C]5(C)CC[CH](O)C(C)(C)[CH]5CC[C]34C)[CH]12
333333f2	333333	CCCCCC	-,-,-,-,-,-	1.519621	1.539186	1.565599	1.583475	1.548901	1.531668	110.860732	111.920158	112.981121	110.071242	113.313499	110.585097	-54.869770	49.016724	-49.402203	0.560688	5.5146	C[CH]1CC[C]2(OC1)O[CH]3C[CH]4[CH]5CC[CH]6C[CH](O)CC[C]6(C)[CH]5CC[C]4(C)[CH]3[CH]2C
333333f2	333333	CCCCCC	-,-,-,-,-,-	1.519649	1.552268	1.596290	1.629252	1.570199	1.525200	111.662943	116.367887	111.667235	111.380543	110.505557	110.415465	47.333743	-45.446088	52.260386	0.556412	9.3261	CC(=C)[CH]1CC[C]2(C)CC[C]3(C)[CH](CC[CH]4[C]5(C)CC[CH](OC(=O)C6=CC=CC=C6)C(C)(C)[CH]5CC[C]34C)[CH]12
333333f2	333333	CCCCCC	-,-,-,-,-,-	1.522512	1.539123	1.565878	1.600332	1.567709	1.539977	112.917571	111.193447	109.649468	111.845926	109.590098	112.890690	58.643941	-57.385878	52.897445	0.573945	4.8781	CC(C)[CH]1CC[C]2(C)[CH](CC[CH]3[C](C)(CO)CCC[C]23O)C1
333333f2	333333	CCCCCC	-,-,-,-,-,-	1.522579	1.536583	1.552761	1.558321	1.547283	1.538723	111.839925	114.254987	111.743012	115.074127	112.971929	110.487998	-48.473871	43.616724	-46.621396	0.521821	9.0718	CC(=O)[CH]1CC[CH]2[CH]3CC=C4C[CH](O)CC[C]4(C)[CH]3CC[C]12C
333333f2	333333	CCCCCC	-,-,-,-,-,-	1.522830	1.557058	1.556343	1.569832	1.561670	1.541018	115.058295	113.406392	105.245160	115.411446	114.949696	115.087548	61.837417	-56.439919	43.220011	0.523662	23.3853	CC(=C)[CH]1CC[C]2(CO)CC[C]3(C)[CH](CC[CH]4[C]5(C)CC[CH](O)C(C)(C)[CH]5CC[C]34C)[CH]12
333333f2	333333	CCCCCC	-,-,-,-,-,-	1.523717	1.531528	1.604912	1.575156	1.558355	1.533912	112.266609	109.080742	112.034595	113.866604	116.318199	113.497903	-52.624374	0.422100	39.465975	0.686055	78.8222	[C@H]12[C@@H](C(CC3[C@]1(C4C(C5CCC([C@](CC4)(C)5)=O)CC3)C)=O)O2
333333f2	333333	CCCCCC	-,-,-,-,-,-	1.524406	1.542812	1.568341	1.593810	1.585966	1.544713	112.639809	113.428793	108.358256	118.041424	111.832684	111.734935	54.640395	-46.190924	42.121853	0.527821	11.5263	CC1(C)[CH](CC[C]2(C)[CH]1CC[C]3(C)[CH]2C(=O)C=C4[CH]5C[C](C)(CC[C]5(C)CC[C]34C)C(O)=O)O[CH]6O[CH]([CH](O)[CH](O)[CH]6O[CH]7O[CH]([CH](O)[CH](O)[CH]7O)C(O)=O)C(O)=O
333333f2	333333	CCCCCC	-,-,-,-,-,-	1.524723	1.546301	1.558355	1.550521	1.557439	1.536727	110.856459	111.440753	112.212743	112.582903	111.908025	113.072946	-31.319323	-28.393388	57.647758	0.741157	87.6115	[C@H]12[C@@H](C(CC3[C@]1(C4C(C5CCC([C@](CC4)(C)5)=O)CC3)C)=O)O2
333333f2	333333	CCCCCC	-,-,-,-,-,-	1.525325	1.541801	1.575611	1.582980	1.545604	1.532329	112.573184	111.302568	111.326518	107.837568	112.657429	111.480780	-58.125542	56.764002	-55.091614	0.577989	4.0558	CC(C)[CH]1CC[CH]2[CH](CC[CH]3[C]2(C)CCC[C]3(C)C(O)=O)C1
333333f2	333333	CCCCCC	-,-,-,-,-,-	1.526077	1.531791	1.562664	1.577390	1.553819	1.537722	112.580097	110.617956	112.287341	107.608374	112.244543	111.879666	58.983551	-58.167674	54.867487	0.576751	4.8097	CC(C)CCC[CH](C)[CH]1CC[CH]2[CH]3CC[CH]4C[CH](O)CC[C]4(C)[CH]3CC[C]12C
333333f2	333333	CCCCCC	-,-,-,-,-,-	1.526306	1.532355	1.561696	1.577977	1.554214	1.537713	112.652452	110.583745	112.178313	107.551307	112.238275	111.679006	59.058341	-58.352460	55.183952	0.578732	4.8464	C[CH](O)[CH]1CC[CH]2[CH]3CC[CH]4C[CH](O)CC[C]4(C)[CH]3CC[C]12C
333333f2	333333	CCCCCC	-,-,-,-,-,-	1.526773	1.572663	1.570199	1.559055	1.562992	1.536180	112.782631	114.784700	109.626909	113.219221	112.151550	112.616514	2.391753	50.268631	-53.461690	0.716308	89.1097	CC(=C)[CH]1CC[C]2(C)CC[C]3(C)[CH](CC[CH]4[C]5(C)CC[CH](OC(=O)C6=CC=CC=C6)C(C)(C)[CH]5CC[C]34C)[CH]12
333333f2	333333	CCCCCC	-,-,-,-,-,-	1.526792	1.542801	1.560231	1.575370	1.551827	1.538363	111.674579	112.347755	111.348336	110.546893	113.151081	110.719287	-55.835569	52.136629	-51.884467	0.561004	2.2494	CO[CH]1C[CH](O[CH](C)[CH]1O[CH]2O[CH](CO)[CH](O)[CH](O)[CH]2O)O[CH]3CC[C]4(C=O)[CH]5CC[C]6(C)[CH](CC[C]6(O)[CH]5CC[C]4(O)C3)C7=CC(=O)OC7
333333f2	333333	CCCCCC	-,-,-,-,-,-	1.527267	1.544147	1.552919	1.549382	1.547764	1.542491	112.651278	113.116796	110.284678	114.736976	113.847256	110.899683	52.703474	-48.124495	47.581546	0.526010	5.9654	CC(C)CCC[CH](C)[CH]1CC[CH]2[CH]3CC=C4C[CH](Cl)CC[C]4(C)[CH]3CC[C]12C
333333f2	333333	CCCCCC	-,-,-,-,-,-	1.527356	1.529350	1.558735	1.540393	1.541107	1.542038	112.594265	112.481764	113.884582	109.353773	99.328845	110.426175	39.980354	-57.956483	70.076403	0.644362	23.0851	CCC1(C)CCC2(C)C(CCC3C4(C)CCCC23OC4=O)C1
333333f2	333333	CCCCCC	-,-,-,-,-,-	1.527358	1.529350	1.558927	1.540202	1.541092	1.541992	112.585732	112.477641	113.893865	109.322912	99.341284	110.427246	-39.999896	57.969497	-70.081528	0.644444	23.0786	CC(C)C1CCC2(C)C(CCC3C4(C)CCCC23OC4=O)C1
333333f2	333333	CCCCCC	-,-,-,-,-,-	1.527371	1.540098	1.578523	1.583622	1.553880	1.543920	114.081903	111.745627	110.597632	106.628176	112.936514	109.862835	-57.989430	59.353881	-59.005283	0.589223	7.3663	C[CH](CCC(O)=O)[CH]1CC[C]2(C)[CH]3CC[CH]4C(C)(C)[CH](O)CC[C]4(C)[CH]3C(=O)C[C]12C
333333f2	333333	CCCCCC	-,-,-,-,-,-	1.527499	1.542130	1.551273	1.558415	1.557192	1.546431	117.630443	112.138839	111.198467	112.357126	116.497484	111.414648	-54.281518	53.353448	-47.535547	0.494779	11.6460	CC12CC(O)C3C(CCC4=CC(=O)CCC34C)C1CC[C@@]2(O)C(=O)CO
333333f2	333333	CCCCCC	-,-,-,-,-,-	1.527516	1.547748	1.558078	1.554785	1.551827	1.542454	111.663083	112.722607	110.691979	113.880327	113.070777	109.968654	52.661480	-47.997660	49.260148	0.548363	6.4661	CO[CH]1C[CH](O[CH](C)[CH]1O[CH]2O[CH](CO)[CH](O)[CH](O)[CH]2O)O[CH]3CC[C]4(C=O)[CH]5CC[C]6(C)[CH](CC[C]6(O)[CH]5CC[C]4(O)C3)C7=CC(=O)OC7
333333f2	333333	CCCCCC	-,-,-,-,-,-	1.528853	1.546802	1.554177	1.556508	1.550480	1.543647	112.186258	117.370481	113.400544	116.659409	112.199976	110.752267	-36.886258	35.599587	-45.837431	0.491890	17.5560	C[C]1(O)CC[CH]2[CH]3CCC4=CC(=O)CC[C]4(C)[CH]3[CH](O)C[C]12C
333333f2	333333	CCCCCC	-,-,-,-,-,-	1.528896	1.539948	1.547843	1.541578	1.544035	1.546241	113.543464	112.250209	110.178480	113.390173	113.796078	110.998879	54.567721	-52.467076	50.634172	0.533374	4.3266	C[C]12CC[CH]3[CH](CCC4=CC(=O)CC[CH]34)[CH]1CC[CH]2O
333333f2	333333	CCCCCC	-,-,-,-,-,-	1.529179	1.544935	1.550009	1.546004	1.550830	1.542181	112.125447	113.317180	110.675993	114.493257	113.268117	109.969896	51.285341	-47.557406	49.371669	0.536374	5.9290	C[CH]([CH]1CC[CH]2[CH]3CCC4=CC(=O)CC[C]4(C)[CH]3CC[C]12C)C(O)=O
333333f2	333333	CCCCCC	-,-,-,-,-,-	1.529230	1.554446	1.545785	1.546559	1.554214	1.540255	112.180072	113.944745	110.196266	114.184723	113.263885	110.228370	-51.323033	48.598214	-50.775468	0.535339	3.9858	C[CH](O)[CH]1CC[CH]2[CH]3CC[CH]4C[CH](O)CC[C]4(C)[CH]3CC[C]12C
333333f2	333333	CCCCCC	-,-,-,-,-,-	1.529317	1.548940	1.548853	1.544825	1.550100	1.541720	112.175446	113.671516	110.472412	114.473940	113.297080	109.905722	50.811767	-47.609005	50.054053	0.535384	5.4309	CC1(O)CCC2C3CCC4=CC(=O)CCC4(C)C3CCC21C
333333f2	333333	CCCCCC	-,-,-,-,-,-	1.529433	1.550312	1.545891	1.546564	1.548901	1.543512	112.452652	113.525563	110.138092	114.029372	113.598542	110.075710	52.104166	-49.183616	50.695137	0.536020	3.7375	C[CH]1CC[C]2(OC1)O[CH]3C[CH]4[CH]5CC[CH]6C[CH](O)CC[C]6(C)[CH]5CC[C]4(C)[CH]3[CH]2C
333333f2	333333	CCCCCC	-,-,-,-,-,-	1.529460	1.544133	1.553031	1.547408	1.553819	1.540758	111.976194	113.381551	110.661706	114.539770	113.044725	110.010266	-51.234836	47.391480	-49.269143	0.538128	6.2182	CC(C)CCC[CH](C)[CH]1CC[CH]2[CH]3CC[CH]4C[CH](O)CC[C]4(C)[CH]3CC[C]12C
333333f2	333333	CCCCCC	-,-,-,-,-,-	1.529842	1.541483	1.554830	1.547952	1.540794	1.541322	112.219895	113.428896	110.114352	114.992985	113.074529	109.719463	50.819945	-47.115350	49.516155	0.537764	6.4345	CC(C)CCC[CH](C)[CH]1CC[CH]2[CH]3C[CH](NCC4=CC=CC=C4)[C]56C[CH]5CC[C]6(C)[CH]3CC[C]12C
333333f2	333333	CCCCCC	-,-,-,-,-,-	1.530225	1.547748	1.549039	1.544188	1.549786	1.540664	112.425829	113.504848	110.191478	114.541208	113.203481	109.863706	51.184098	-48.304562	50.432011	0.536625	4.8038	CC(=O)OCC(=O)C1CCC2C3CCC4=CC(=O)CCC4(C)C3CCC12C
333333f2	333333	CCCCCC	-,-,-,-,-,-	1.530328	1.547391	1.548873	1.549216	1.552684	1.548191	111.557080	114.424958	111.829993	114.822970	113.398144	110.489268	-48.457583	44.351320	-47.693253	0.522251	8.2053	CC(=O)OCC=C1CC[CH]2[CH]3CCC4=CC(=O)CC[C]4(C)[CH]3[CH](O)C[C]12C
333333f2	333333	CCCCCC	-,-,-,-,-,-	1.530615	1.547595	1.539680	1.534879	1.543979	1.533331	112.906524	114.854304	110.650794	115.032136	114.495006	108.724003	26.883157	-53.631505	20.975951	0.710037	86.4092	CC12CCC(CC1)C(C)(C)N=C(NN=O)S2
333333f2	333333	CCCCCC	-,-,-,-,-,-	1.531159	1.541598	1.549199	1.539035	1.542284	1.546297	113.569383	111.890473	109.013032	113.297757	113.506032	111.515615	56.596706	-55.054566	51.649831	0.542627	6.6487	C[C]12CC[CH]3[CH](CCC4=C3C=CC(=C4)O)[CH]1CC[CH]2OC(=O)CCC5CCCC5
333333f2	333333	CCCCCC	-,-,-,-,-,-	1.531407	1.547351	1.541708	1.536373	1.544565	1.535414	112.822134	114.578347	110.360331	114.779659	114.256164	109.010114	23.913829	-55.307307	26.322404	0.715773	87.1000	CC1(C)NC(=N)SC2(C)CCC1CC2
333333f2	333333	CCCCCC	-,-,-,-,-,-	1.533387	1.555987	1.596245	1.614459	1.571420	1.538267	112.636059	115.504899	108.292367	115.015804	109.462772	111.515008	-50.500417	49.260878	-52.156054	0.551929	3.4630	CC(=C)[CH]1CC[C]2(CO)CC[C]3(C)[CH](CC[CH]4[C]5(C)CC[CH](O)C(C)(C)[CH]5CC[C]34C)[CH]12
333333f2	333333	CCCCCC	-,-,-,-,-,-	1.533433	1.544497	1.547170	1.544728	1.556622	1.552382	112.203648	114.319848	109.641198	114.493521	114.007826	109.201526	51.881693	-48.505153	50.742043	0.536764	4.5046	CC(=O)OCC(=O)[C]1(O)CC[CH]2[CH]3CCC4=CC(=O)CC[C]4(C)[CH]3[CH](O)C[C]12C
333333f2	333333	CCCCCC	-,-,-,-,-,-	1.533523	1.538890	1.540614	1.533523	1.538890	1.540614	110.425704	110.103591	108.262189	110.425703	110.103596	108.262207	61.129911	-57.292887	-3.378802	0.840349	90.0000	CCOC(=O)[CH]1C2CCC(CC2)[CH]1C(=O)OCC
333333f2	333333	CCCCCC	-,-,-,-,-,-	1.533763	1.540396	1.599540	1.551737	1.529729	1.532255	111.384991	112.600599	110.195878	109.539993	113.062232	112.930421	-56.464815	54.594318	-53.525583	0.562356	3.6027	CC(=O)OC1CCC2(C)C3(C1)C=CC4(C5CCC(C(C)=O)C5(C)CC6OC246)C7C3C(=O)OC7=O
333333f2	333333	CCCCCC	-,-,-,-,-,-	1.534014	1.549987	1.586235	1.579295	1.560517	1.537081	112.883363	113.789234	109.684411	109.710969	112.021959	112.304000	55.505722	-56.199062	55.845355	0.563565	5.8467	CC(C)CCC[CH](C)[CH]1CC[CH]2[CH]3C[CH](Br)[C]4(Br)C[CH](Cl)CC[C]4(C)[CH]3CC[C]12C
333333f2	333333	CCCCCC	-,-,-,-,-,-	1.534431	1.540653	1.596978	1.557406	1.526616	1.526631	111.697125	113.563819	111.243198	109.325142	112.930051	112.101694	52.792365	-52.202779	54.506484	0.554552	2.2105	CC(=O)O[CH]1CC[C]2(C)C3=CC[C]4(C)[CH](CC[CH]4[C]35C=C[C]2(C1)[CH]6[CH]5C(=O)OC6=O)C(C)=O
333333f2	333333	CCCCCC	-,-,-,-,-,-	1.534451	1.558168	1.596290	1.614732	1.571196	1.538609	112.565157	115.229640	107.892255	114.836690	109.503835	111.570115	51.652905	-50.292254	52.540809	0.556884	2.2924	CC(=C)[CH]1CC[C]2(C)CC[C]3(C)[CH](CC[CH]4[C]5(C)CC[CH](OC(=O)C6=CC=CC=C6)C(C)(C)[CH]5CC[C]34C)[CH]12
333333f2	333333	CCCCCC	-,-,-,-,-,-	1.534589	1.541884	1.542804	1.542999	1.556674	1.552924	112.375533	114.116895	110.061749	114.241295	114.034018	109.291294	-51.864710	48.929951	-50.943568	0.534832	3.9498	CC(=O)[CH]1CC[CH]2[CH]3CCC4=CC(=O)CC[C]4(C)[CH]3[CH](O)C[C]12C
333333f2	333333	CCCCCC	-,-,-,-,-,-	1.534729	1.536347	1.536071	1.535152	1.545232	1.550320	111.241391	110.217827	108.419802	110.317979	111.103704	109.440568	59.121779	-61.921389	4.522259	0.820374	88.4814	C1(C2(CCC(C1)(CC2)O)CCCC)=O
333333f2	333333	CCCCCC	-,-,-,-,-,-	1.535108	1.544227	1.533473	1.530702	1.547676	1.539867	115.091759	114.514947	108.674143	112.923386	114.872637	110.672332	-35.811429	62.726617	-30.132670	0.709369	86.3037	CNC1=NC(C)(C)C2CCC(C)(CC2)S1
333333f2	333333	CCCCCC	-,-,-,-,-,-	1.535263	1.550455	1.554207	1.550509	1.543033	1.560226	115.500770	111.910834	110.375505	114.121387	114.776204	110.219331	-52.840386	51.425119	-49.769369	0.519270	4.7796	CC1CC2C3CCC(O)(C(=O)C)C3(C)CC(O)C2(F)C4(C)C=CC(=O)C=C14
333333f2	333333	CCCCCC	-,-,-,-,-,-	1.535656	1.533057	1.555354	1.570202	1.540794	1.535190	111.803323	110.114377	116.284029	111.456012	112.540055	110.245697	-49.465514	45.054551	-47.276272	0.546804	10.2290	CC(C)CCC[CH](C)[CH]1CC[CH]2[CH]3C[CH](NCC4=CC=CC=C4)[C]56C[CH]5CC[C]6(C)[CH]3CC[C]12C
333333f2	333333	CCCCCC	-,-,-,-,-,-	1.537712	1.552703	1.591015	1.608839	1.573138	1.540594	112.954345	115.175641	107.589990	115.246915	108.948340	111.680488	-51.634304	51.681241	-53.609698	0.556804	1.8303	C[CH]1CC[C]2(CC[C]3(C)C(=CC[CH]4[C]5(C)CC[CH](O)C(C)(C)[CH]5CC[C]34C)[CH]2[CH]1C)C(O)=O
333333f2	333333	CCCCCC	-,-,-,-,-,-	1.537794	1.550461	1.545107	1.587197	1.580937	1.534173	110.720626	114.351902	109.580467	114.484517	83.380046	114.741811	-28.440038	63.576101	-80.259619	0.733087	35.5281	CC1(C)[CH]2CC[CH](CCO)[CH]1C2
333333f2	333333	CCCCCC	-,-,-,-,-,-	1.538522	1.548024	1.546075	1.586361	1.581440	1.534601	110.831490	114.255093	109.820857	114.564015	83.321184	114.777242	-28.012172	63.340824	-80.112813	0.732554	35.8127	CC1(C)[CH]2CC[CH](CCOC(=O)C3=C(O)C=CC=C3)[CH]1C2
333333f2	333333	CCCCCC	-,-,-,-,-,-	1.538648	1.550570	1.545486	1.586008	1.581098	1.534141	110.886913	114.354579	109.783092	114.668377	83.332774	114.759669	-27.421292	62.994327	-80.183454	0.732532	36.2154	CC1(C)[CH]2CC[CH](CC(O)=O)[CH]1C2
333333f2	333333	CCCCCC	-,-,-,-,-,-	1.539097	1.545878	1.540735	1.584180	1.581332	1.533666	111.105656	114.608829	110.361314	114.760741	83.314954	114.848389	25.031462	-61.769165	80.136915	0.732501	38.0675	CC1(C)[CH]2CC[CH](C=NNC(N)=S)[CH]1C2
333333f2	333333	CCCCCC	-,-,-,-,-,-	1.540019	1.561208	1.581859	1.578077	1.561146	1.536117	112.682078	110.963394	110.752478	108.528832	111.633909	111.486579	57.441137	-57.775873	56.615764	0.588132	4.1532	CC(C)CCCC(C)C1CCC2C3CC(SC(N)=N)C4(O)CC(O)CCC4(C)C3CCC12C.CC5=CC=C(C=C5)S(O)(=O)=O
333333f2	333333	CCCCCC	-,-,-,-,-,-	1.540381	1.536967	1.546452	1.533740	1.561146	1.553453	113.644478	111.928526	107.452277	113.009211	108.483887	111.888175	-56.294274	62.486652	-60.433896	0.580552	7.9004	CC(C)CCCC(C)C1CCC2C3CC(SC(N)=N)C4(O)CC(O)CCC4(C)C3CCC12C.CC5=CC=C(C=C5)S(O)(=O)=O
333333f2	333333	CCCCCC	-,-,-,-,-,-	1.541270	1.540553	1.552593	1.535211	1.560517	1.549557	113.276509	112.430401	106.447030	113.593180	108.394991	111.021111	-55.959616	61.517784	-60.968165	0.587284	6.2463	CC(C)CCC[CH](C)[CH]1CC[CH]2[CH]3C[CH](Br)[C]4(Br)C[CH](Cl)CC[C]4(C)[CH]3CC[C]12C
333333f2	333333	CCCCCC	-,-,-,-,-,-	1.541989	1.565752	1.575220	1.597474	1.571190	1.545372	112.293283	113.115048	110.199509	116.156995	106.917138	111.568820	48.215295	-49.488231	53.389195	0.565695	7.2218	CC(C)[C]1(Cl)CC[CH]2[C]3(C)CCC[C](C)([CH]3C[CH](Cl)[C]2(Cl)[CH]1Cl)C(O)=O
333333f2	333333	CCCCCC	-,-,-,-,-,-	1.542367	1.548121	1.541390	1.592318	1.579606	1.535058	111.429839	114.735923	110.544421	117.133593	83.197047	114.854994	21.953534	-58.228999	78.374015	0.721339	39.2556	CC1(C)[CH]2CC[C](C)(O)[CH]1C2
333333f2	333333	CCCCCC	-,-,-,-,-,-	1.553811	1.549979	1.538890	1.533523	1.540614	1.549979	109.570548	109.570574	107.809183	110.103591	110.425704	110.236771	65.062591	-58.117722	-3.378844	0.838426	88.1312	CCOC(=O)[CH]1C2CCC(CC2)[CH]1C(=O)OCC
333333f2	333333	CCCCCC	-,-,-,-,-,-	1.553811	1.549979	1.540614	1.533523	1.538890	1.549979	109.570548	109.570574	110.236776	110.425703	110.103596	107.809178	-52.921090	60.411550	-3.378802	0.838426	88.1312	CCOC(=O)[CH]1C2CCC(CC2)[CH]1C(=O)OCC
333333f2	333333	CCCCCC	-,-,-,-,-,-	1.558836	1.535058	1.542367	1.548121	1.541390	1.566677	84.717336	111.258669	111.429839	114.735923	110.544421	110.319574	-33.751470	-24.109274	21.953534	0.899105	67.8583	CC1(C)[CH]2CC[C](C)(O)[CH]1C2
333333f2	333333	CCCCCC	-,-,-,-,-,-	1.559625	1.533666	1.539097	1.545878	1.540735	1.563040	84.721441	111.144864	111.105656	114.608829	110.361314	111.587352	-34.891924	-24.894089	25.031462	0.900218	68.8341	CC1(C)[CH]2CC[CH](C=NNC(N)=S)[CH]1C2
333333f2	333333	CCCCCC	-,-,-,-,-,-	1.560740	1.534141	1.538648	1.550570	1.545486	1.563783	84.730306	111.267945	110.886913	114.354579	109.783092	111.800133	33.551081	27.344135	-27.421292	0.910089	70.0026	CC1(C)[CH]2CC[CH](CC(O)=O)[CH]1C2
333333f2	333333	CCCCCC	-,-,-,-,-,-	1.560924	1.534173	1.537794	1.550461	1.545107	1.564580	84.779915	111.248923	110.720626	114.351902	109.580467	111.925484	33.214253	28.196832	-28.440038	0.913277	70.4180	CC1(C)[CH]2CC[CH](CCO)[CH]1C2
333333f2	333333	CCCCCC	-,-,-,-,-,-	1.561061	1.534601	1.538522	1.548024	1.546075	1.563952	84.724983	111.268968	110.831490	114.255093	109.820857	111.809189	33.333342	27.839953	-28.012172	0.912088	70.2412	CC1(C)[CH]2CC[CH](CCOC(=O)C3=C(O)C=CC=C3)[CH]1C2
333333f2	333333	CCCCCN	-,-,-,-,-,-	1.535087	1.538397	1.538221	1.541915	1.506152	1.481973	112.126128	109.236651	106.442310	109.354839	110.925598	110.483518	-57.913495	65.050660	-10.089965	0.821545	86.4472	CCC1CN2CCC1CC2[C@H](O)c3ccnc4ccc(OC)cc34
333333f2	333333	CCCCNC	-,-,-,-,-,-	1.549111	1.538221	1.541915	1.506152	1.486125	1.549450	108.643592	110.735069	109.354839	110.925598	107.397870	111.951223	-51.098041	-10.089965	66.094028	0.816993	88.2373	CCC1CN2CCC1CC2[C@H](O)c3ccnc4ccc(OC)cc34
333333f2	333333	CCCCNC	-,-,-,-,-,-	1.549111	1.538397	1.535087	1.481973	1.486125	1.549450	108.643592	107.162866	109.236651	112.126128	108.155662	111.951223	60.608260	-2.682019	-58.012652	0.831044	88.4117	CCC1CN2CCC1CC2[C@H](O)c3ccnc4ccc(OC)cc34
333333f2	333333	CCCCOC	-,-,-,-,-,-	1.542872	1.513077	1.535640	1.437549	1.432713	1.536728	111.593017	113.306409	110.776476	109.496044	101.533749	107.437450	-36.456109	57.253011	-77.008611	0.632479	24.8368	O[CH]1[CH]2CO[CH](O2)[CH]3O[CH](O[CH]13)C4=CC=CC=C4
333333f2	333333	CCNCCC	-,-,-,-,-,-	1.526104	1.480013	1.486024	1.526994	1.527692	1.536756	111.428288	115.219645	115.649509	113.059606	107.537839	106.779155	37.667169	-44.699612	59.314396	0.570514	21.0143	CCC(C(O)=O)C1=CC=C(C=C1)[N+]([O-])=O.COC2=CC3=C(C=C2OC)C45CCN6CC7=CCOC8CC(=O)N3C4C8C7C6C5
333333f2	333333	CCNCCC	-,-,-,-,-,-	1.526105	1.480013	1.486025	1.526994	1.527693	1.536756	111.428244	115.219733	115.649643	113.059557	107.537850	106.779113	37.666801	-44.699302	59.314337	0.570514	21.0147	CCC(C)OC(=O)C1=C(C=CC=C1)C(O)=O.COC2=CC3=C(C=C2OC)C45CCN6CC7=CCOC8CC(=O)N3C4C8C7C6C5
333333f2	333333	CCNCCC	-,-,-,-,-,-	1.531403	1.475142	1.462036	1.519591	1.551799	1.539624	112.805498	114.851033	113.979613	109.299311	110.716097	112.755907	-0.753003	55.520039	-63.299335	0.706671	83.6121	COC1=CC2=C(C=C1OC)[C]34CCN5C[CH]3[CH]6[CH]7[CH](CC(=O)N2[CH]47)OCC=C6C5.OC[CH](O)[CH](O)[CH](O)[CH](O)[CH](O)C(O)=O
333333f2	333333	CCOCCC	-,-,-,-,-,-	1.540460	1.437573	1.437485	1.538206	1.519360	1.537780	108.521325	106.294834	101.490714	109.790643	113.995623	113.108291	-81.371557	71.861627	-49.144618	0.642234	26.8531	CC1(C)O[CH]2[CH](O)[CH]3OC[CH](O3)[CH]2O1
333333f2	333333	CCSCCS	-,-,-,-,-,-	1.520422	1.813348	1.813348	1.520422	1.813348	1.813348	115.744597	115.744596	97.304349	115.744589	115.744603	97.304345	-68.982193	29.393246	35.796380	0.985027	90.0000	C1C[S+]2CC[S+]1CC2
333333f2	333333	CNCCON	-,-,-,-,-,-	1.498097	1.533914	1.546900	1.435580	1.466577	1.461617	112.534095	111.539427	109.377310	105.983552	104.227604	106.180611	44.586611	-59.682303	75.155009	0.646250	18.2551	C1CN2C[NH+]3CC=CC[C@@H]3[C@@H]1O2
333333f2	333333	CSCCSC	-,-,-,-,-,-	1.813348	1.813348	1.520422	1.813348	1.813348	1.520422	115.744603	97.304345	115.744589	115.744603	97.304353	115.744601	-68.982194	35.796380	29.393238	0.985027	90.0000	C1C[S+]2CC[S+]1CC2
333333f2	333333	CSCCSC	-,-,-,-,-,-	1.813348	1.813348	1.520422	1.813348	1.813348	1.520422	115.744603	97.304349	115.744596	115.744597	97.304340	115.744601	29.393243	35.796380	-68.982200	0.985027	90.0000	C1C[S+]2CC[S+]1CC2
333333f2	333333	OCCCCC	-,-,-,-,-,-	1.429308	1.541100	1.549533	1.518869	1.533004	1.436707	101.412939	108.244310	111.196693	113.788528	111.512179	109.274479	-56.816988	34.648148	-34.183631	0.628252	26.9438	CC(=O)OC[CH]1O[CH](O[CH]2[CH]3CO[CH](O3)[CH]4OC(C)(C)O[CH]24)[CH](OC(C)=O)[CH](OC(C)=O)[CH]1OC(C)=O
333333f2	333333	OCCCCC	-,-,-,-,-,-	1.431750	1.537926	1.542075	1.515910	1.534816	1.437064	101.664307	107.220690	111.663426	113.366935	110.867787	109.497140	-58.153839	37.285516	-35.907173	0.632074	25.2213	CC1=CC=C(C=C1)S(=O)(=O)O[CH]2[CH]3CO[CH](O3)[CH]4OC(C)(C)O[CH]24
333333f3	333333	CCCCCC	-,-,-,-,-,-	1.492330	1.517003	1.545632	1.555733	1.560999	1.550697	113.969544	122.481738	121.113450	112.410184	116.350992	111.628274	-0.989648	9.257488	-36.658646	0.436801	50.2727	CC(=O)OC1CCC2(C)C3(C1)C=CC4(C5CCC(C(C)=O)C5(C)CC6OC246)C7C3C(=O)OC7=O
333333f3	333333	CCCCCC	-,-,-,-,-,-	1.520963	1.543649	1.540202	1.577916	1.559796	1.530806	109.955350	113.912150	114.296599	114.091832	109.203966	111.291555	-45.594578	42.979287	-48.856399	0.548335	13.0785	CC(C)C1CCC2(C)C(CCC3C4(C)CCCC23OC4=O)C1
333333f3	333333	CCCCCC	-,-,-,-,-,-	1.521370	1.543987	1.540393	1.577914	1.560452	1.531586	109.898921	113.994426	114.344285	114.050964	109.041108	111.152324	45.241971	-42.920554	49.224860	0.550589	13.4680	CCC1(C)CCC2(C)C(CCC3C4(C)CCCC23OC4=O)C1
333333f3	333333	CCCCCC	-,-,-,-,-,-	1.527692	1.566641	1.530189	1.537454	1.557243	1.526994	107.537839	110.697073	114.938620	112.764823	111.709105	113.680912	-3.893917	-47.378246	42.671083	0.741163	84.1593	CCC(C(O)=O)C1=CC=C(C=C1)[N+]([O-])=O.COC2=CC3=C(C=C2OC)C45CCN6CC7=CCOC8CC(=O)N3C4C8C7C6C5
333333f3	333333	CCCCCC	-,-,-,-,-,-	1.527693	1.566641	1.530189	1.537454	1.557244	1.526994	107.537850	110.697183	114.938448	112.764841	111.709150	113.680784	-3.893485	-47.378613	42.671191	0.741164	84.1594	CCC(C)OC(=O)C1=C(C=CC=C1)C(O)=O.COC2=CC3=C(C=C2OC)C45CCN6CC7=CCOC8CC(=O)N3C4C8C7C6C5
333333f3	333333	CCCCCC	-,-,-,-,-,-	1.528027	1.541538	1.561920	1.535198	1.534833	1.536765	108.428747	113.458214	114.683031	117.300885	112.609201	106.318717	-36.049703	25.728273	-38.477773	0.571355	30.4219	CCC(C(O)=O)C1=CC=C(C=C1)[N+]([O-])=O.COC2=CC3=C(C=C2OC)C45CCN6CC7=CCOC8CC(=O)N3C4C8C7CC56
333333f3	333333	CCCCCC	-,-,-,-,-,-	1.528028	1.541538	1.561921	1.535197	1.534833	1.536765	108.428663	113.458406	114.682998	117.300933	112.609263	106.318518	36.049164	-25.727752	38.477744	0.571356	30.4224	COC1=CC2=C(C=C1OC)C34CCN5CC6=CCOC7CC(=O)N2C3C7C6CC45.CC(C)CC(NC=O)C(O)=O
333333f3	333333	CCCCCC	-,-,-,-,-,-	1.528028	1.541538	1.561921	1.535199	1.534833	1.536764	108.428759	113.458228	114.682966	117.300977	112.609327	106.318659	-36.049617	25.727940	-38.477404	0.571355	30.4221	COC1=CC2=C(C=C1OC)[C]34CCN5CC6=CCO[CH]7CC(=O)N2[CH]3[CH]7[CH]6C[CH]45.OS(O)(=O)=O
333333f3	333333	CCCCCC	-,-,-,-,-,-	1.529738	1.543433	1.572658	1.588783	1.570718	1.538934	114.305273	110.679597	110.915671	107.904829	115.775225	111.976460	61.986414	-57.776081	50.019887	0.558290	11.8325	CC(C)C1=C[C]23CC[CH]4[C](C)(CCC[C]4(C)C(O)=O)[CH]2C[CH]1[CH]5[CH]3C(=O)C=CC5=O
333333f3	333333	CCCCCC	-,-,-,-,-,-	1.532765	1.535426	1.552548	1.586546	1.581573	1.549786	110.568512	109.368214	110.562357	111.224580	104.882978	111.459762	-58.354026	60.951759	-59.101253	0.629232	2.4849	C1(C2CC3CC1CC(C3)C2)(C4C(N)=CC=CC=4)C#N
333333f3	333333	CCCCCC	-,-,-,-,-,-	1.532765	1.535793	1.535788	1.536350	1.545632	1.549786	110.568512	108.799604	109.700070	109.564963	110.428510	107.735460	60.130172	-59.738181	59.850975	0.628519	0.7931	C1(C2CC3CC1CC(C3)C2)(C4C(N)=CC=CC=4)C#N
333333f3	333333	CCCCCC	-,-,-,-,-,-	1.534223	1.536350	1.545632	1.581573	1.586546	1.551376	110.517194	109.233708	110.428510	110.386335	104.882978	111.344107	-59.366154	62.749844	-60.465250	0.635988	3.1852	C1(C2CC3CC1CC(C3)C2)(C4C(N)=CC=CC=4)C#N
333333f3	333333	CCCCCC	-,-,-,-,-,-	1.535571	1.536176	1.536208	1.538440	1.548777	1.552614	110.971847	109.202385	110.020497	109.451808	110.689868	108.202493	59.679599	-59.796914	59.684872	0.620175	0.3626	C12(C(=O)O)CC3(CCBr)CC(C1)CC(C2)C3
333333f3	333333	CCCCCC	-,-,-,-,-,-	1.535660	1.534134	1.534154	1.537760	1.548119	1.553178	111.035138	109.247552	109.845836	109.627304	110.680613	108.107093	59.726180	-59.911661	59.770724	0.619808	0.4673	C12(CC3(CCN)CC(C1)CC(C2)C3)CN
333333f3	333333	CCCCCC	-,-,-,-,-,-	1.535984	1.536317	1.536317	1.535984	1.536020	1.536020	109.874662	109.338724	109.897739	109.338726	109.874652	109.377587	59.643253	-59.643265	59.629098	0.622579	0.0052	C12([P+](CCC3=CC=CC=C3)(C)C)CC4CC(C1)CC(C2)C4
333333f3	333333	CCCCCC	-,-,-,-,-,-	1.536233	1.534496	1.534546	1.537284	1.549233	1.551889	110.936127	109.303414	109.878777	109.538647	110.619680	108.191699	59.713772	-59.950555	59.841427	0.620264	0.4376	C12(CC3(CN)CC(C1)CC(C2)C3)CN
333333f3	333333	CCCCCC	-,-,-,-,-,-	1.536233	1.537917	1.537793	1.536653	1.536572	1.536201	109.935626	109.296725	110.097909	109.233755	109.957437	109.395719	-59.472850	59.461099	-59.511758	0.621774	0.1125	C12(CC3CC(C1)CC(C2)C3)NCCCCCCN
333333f3	333333	CCCCCC	-,-,-,-,-,-	1.536492	1.536936	1.537046	1.537976	1.538166	1.536519	109.939985	109.349325	109.973639	109.223119	110.102186	109.300562	-59.752221	59.531447	-59.435317	0.622040	0.1552	C12(SCC(=O)O)CC3CC(C1)CC(C2)C3
333333f3	333333	CCCCCC	-,-,-,-,-,-	1.536705	1.536169	1.536242	1.538653	1.550800	1.552479	110.958626	109.253150	110.006528	109.382291	110.711029	108.167630	59.732688	-59.889526	59.780539	0.620699	0.4157	C12(CC3(CN)CC(C1)CC(C2)C3)N
333333f3	333333	CCCCCC	-,-,-,-,-,-	1.537179	1.536020	1.535984	1.537346	1.552305	1.552934	111.558015	109.204388	109.874652	109.243932	111.517710	107.528321	59.803119	-59.831491	59.801833	0.618260	0.8741	C12([P+](CCC3=CC=CC=C3)(C)C)CC4CC(C1)CC(C2)C4
333333f3	333333	CCCCCC	-,-,-,-,-,-	1.537179	1.536020	1.535984	1.537346	1.552305	1.552934	111.558015	109.204394	109.874662	109.243876	111.517713	107.528295	-59.803120	59.831532	-59.801918	0.618260	0.8741	C12([P+](CCC3=CC=CC=C3)(C)C)CC4CC(C1)CC(C2)C4
333333f3	333333	CCCCCC	-,-,-,-,-,-	1.537227	1.535942	1.536034	1.539501	1.549889	1.553738	110.987861	109.217314	109.964952	109.409393	110.540922	107.993500	59.593759	-59.976429	60.131524	0.622714	0.3239	C12(CC3(NC)CC(C1)CC(C2)C3)S
333333f3	333333	CCCCCC	-,-,-,-,-,-	1.537293	1.534014	1.534014	1.535787	1.553355	1.547570	110.651701	109.687214	109.834943	109.217582	111.009819	108.120088	-59.897394	59.721357	-59.785331	0.619865	0.4465	C12(CC3(CCN)CC(C1)CC(C2)C3)CCN
333333f3	333333	CCCCCC	-,-,-,-,-,-	1.538050	1.537361	1.537384	1.538069	1.548842	1.548603	110.668662	109.272582	110.097519	109.260648	110.673818	108.671492	59.849240	-59.844994	59.477117	0.619695	0.5954	C12(C(=O)O)CC3(CC(=O)O)CC(C1)CC(C2)C3
333333f3	333333	CCCCCC	-,-,-,-,-,-	1.538118	1.536201	1.536233	1.540034	1.550223	1.554254	110.978038	109.182218	109.935626	109.370303	110.616334	107.940879	59.718269	-60.020562	60.129462	0.623357	0.3024	C12(CC3CC(C1)CC(C2)C3)NCCCCCCN
333333f3	333333	CCCCCC	-,-,-,-,-,-	1.538118	1.536572	1.536653	1.540291	1.550786	1.554254	110.978038	109.156053	109.957437	109.333078	110.559521	107.907342	-59.694643	60.049985	-60.212470	0.624163	0.3040	C12(CC3CC(C1)CC(C2)C3)NCCCCCCN
333333f3	333333	CCCCCC	-,-,-,-,-,-	1.538763	1.537078	1.537100	1.538798	1.549632	1.549360	110.735263	109.278800	110.057185	109.260449	110.744010	108.592351	59.912944	-59.906954	59.504761	0.619719	0.6904	C12(CC3(CC(=O)O)CC(C1)CC(C2)C3)S
333333f3	333333	CCCCCC	-,-,-,-,-,-	1.538806	1.537591	1.537585	1.538734	1.544620	1.543898	110.116167	109.277364	110.099176	109.269440	110.085632	109.041520	-59.743632	59.777609	-59.631738	0.623244	0.0599	C12(CC3(N)CC(C1)CC(C2)C3)N
333333f3	333333	CCCCCC	-,-,-,-,-,-	1.540251	1.536869	1.536865	1.539102	1.542296	1.543250	109.920292	109.285092	110.030992	109.363173	109.828127	109.200743	-59.732127	59.868049	-59.747527	0.624442	0.0909	C12(C(=O)O)CC3(S)CC(C1)CC(C2)C3
333333f3	333333	CCCCCC	-,-,-,-,-,-	1.540939	1.542849	1.539405	1.536034	1.535942	1.537741	109.720205	109.263186	109.907767	109.281576	109.964952	109.479152	59.551358	-59.562428	59.705398	0.624118	0.0843	C12(CC3(NC)CC(C1)CC(C2)C3)S
333333f3	333333	CCCCCC	-,-,-,-,-,-	1.541019	1.536519	1.536492	1.539627	1.551672	1.544532	110.287067	109.355225	109.939985	109.188997	110.557235	108.330779	59.973029	-59.693304	59.731344	0.624984	0.1922	C12(SCC(=O)O)CC3CC(C1)CC(C2)C3
333333f3	333333	CCCCCC	-,-,-,-,-,-	1.541019	1.538166	1.537976	1.541169	1.546903	1.544532	110.287067	109.186209	110.102186	109.302874	110.211603	109.425633	-60.124377	60.099702	-59.188507	0.620531	0.8735	C12(SCC(=O)O)CC3CC(C1)CC(C2)C3
333333f3	333333	CCCCCC	-,-,-,-,-,-	1.541250	1.541112	1.538304	1.537100	1.537078	1.538391	109.764506	109.462002	109.751565	109.324056	110.057185	109.309094	59.573948	-59.569063	59.832114	0.623872	0.0128	C12(CC3(CC(=O)O)CC(C1)CC(C2)C3)S
333333f3	333333	CCCCCC	-,-,-,-,-,-	1.542231	1.544047	1.538265	1.536242	1.536169	1.537269	109.999016	109.089644	110.035835	109.295457	110.006528	109.427923	59.374593	-59.637110	59.737000	0.622960	0.0550	C12(CC3(CN)CC(C1)CC(C2)C3)N
333333f3	333333	CCCCCC	-,-,-,-,-,-	1.542660	1.542296	1.539102	1.537119	1.547533	1.547178	110.106658	109.280392	109.828127	109.194839	110.577143	108.505647	-59.927781	59.718077	-59.920042	0.626280	0.2419	C12(C(=O)O)CC3(S)CC(C1)CC(C2)C3
333333f3	333333	CCCCCC	-,-,-,-,-,-	1.542660	1.543250	1.540251	1.538078	1.544991	1.547178	110.106658	109.287261	109.920292	109.239049	110.364828	109.234194	59.956430	-59.976195	59.638825	0.622894	0.6263	C12(C(=O)O)CC3(S)CC(C1)CC(C2)C3
333333f3	333333	CCCCCC	-,-,-,-,-,-	1.543273	1.543214	1.536508	1.537384	1.537361	1.536604	110.252170	109.390711	110.243401	109.288627	110.097519	109.279599	58.661296	-59.296381	59.913049	0.619315	0.6754	C12(C(=O)O)CC3(CC(=O)O)CC(C1)CC(C2)C3
333333f3	333333	CCCCCC	-,-,-,-,-,-	1.543345	1.544255	1.537639	1.536208	1.536176	1.536449	110.256311	109.236378	110.301225	109.268661	110.020497	109.459086	58.704299	-59.429366	59.867134	0.619338	0.6099	C12(C(=O)O)CC3(CCBr)CC(C1)CC(C2)C3
333333f3	333333	CCCCCC	-,-,-,-,-,-	1.543864	1.543994	1.538898	1.537585	1.537591	1.538787	110.113587	109.014887	110.130544	109.272527	110.099176	109.271448	-59.330053	59.590918	-59.710844	0.623143	0.0362	C12(CC3(N)CC(C1)CC(C2)C3)N
333333f3	333333	CCCCCC	-,-,-,-,-,-	1.544991	1.547533	1.537119	1.536865	1.536869	1.538078	110.364828	108.485947	110.577143	109.224356	110.030992	109.316899	-59.113805	59.631426	-59.579346	0.622644	0.1562	C12(C(=O)O)CC3(S)CC(C1)CC(C2)C3
333333f3	333333	CCCCCC	-,-,-,-,-,-	1.545338	1.543898	1.538806	1.538787	1.543864	1.546001	110.042232	109.043710	110.116167	109.243389	110.113587	109.074676	59.690257	-59.910758	59.864893	0.625618	0.0469	C12(CC3(N)CC(C1)CC(C2)C3)N
333333f3	333333	CCCCCC	-,-,-,-,-,-	1.545338	1.544620	1.538734	1.538898	1.543994	1.546001	110.042232	109.075076	110.085632	109.250961	110.130544	109.035033	-59.650316	59.870037	-59.908950	0.625753	0.0128	C12(CC3(N)CC(C1)CC(C2)C3)N
333333f3	333333	CCCCCC	-,-,-,-,-,-	1.547526	1.549613	1.556396	1.586144	1.570718	1.559523	110.745017	109.441207	109.849447	109.829818	108.912350	109.060124	59.902450	-0.351189	-58.952873	0.847166	89.5918	CC(C)C1=C[C]23CC[CH]4[C](C)(CCC[C]4(C)C(O)=O)[CH]2C[CH]1[CH]5[CH]3C(=O)C=CC5=O
333333f3	333333	CCCCCC	-,-,-,-,-,-	1.548942	1.552036	1.536277	1.534154	1.534134	1.536941	110.611668	108.138710	110.909838	109.232468	109.845836	109.659586	58.624059	-59.865443	59.751103	0.620553	0.3744	C12(CC3(CCN)CC(C1)CC(C2)C3)CN
333333f3	333333	CCCCCC	-,-,-,-,-,-	1.548976	1.548777	1.538440	1.537639	1.544255	1.549766	111.274727	108.356110	110.689868	109.306960	110.301225	108.439727	58.572469	-59.955632	60.323975	0.622401	0.6693	C12(C(=O)O)CC3(CCBr)CC(C1)CC(C2)C3
333333f3	333333	CCCCCC	-,-,-,-,-,-	1.548976	1.552614	1.535571	1.536449	1.543345	1.549766	111.274727	108.072948	110.971847	109.247971	110.256311	108.607182	-58.547202	60.014503	-60.227760	0.621960	0.6187	C12(C(=O)O)CC3(CCBr)CC(C1)CC(C2)C3
333333f3	333333	CCCCCC	-,-,-,-,-,-	1.549027	1.551950	1.536188	1.534546	1.534496	1.537049	110.618188	108.176702	110.931911	109.247229	109.878777	109.587632	58.541391	-59.746408	59.732844	0.620382	0.4007	C12(CC3(CN)CC(C1)CC(C2)C3)CN
333333f3	333333	CCCCCC	-,-,-,-,-,-	1.550223	1.550786	1.540291	1.537793	1.537917	1.540034	110.616334	108.936384	110.559521	109.298927	110.097909	109.200169	-58.106274	59.309078	-60.121740	0.619939	0.9436	C12(CC3CC(C1)CC(C2)C3)NCCCCCCN
333333f3	333333	CCCCCC	-,-,-,-,-,-	1.550686	1.548119	1.537760	1.536277	1.552036	1.552551	111.408914	108.512409	110.680613	109.237093	110.909838	108.122436	58.872717	-59.889207	60.037858	0.620348	0.3818	C12(CC3(CCN)CC(C1)CC(C2)C3)CN
333333f3	333333	CCCCCC	-,-,-,-,-,-	1.550686	1.553178	1.535660	1.536941	1.548942	1.552551	111.408914	108.135253	111.035138	109.162857	110.611668	108.658164	-58.851733	60.166103	-59.929557	0.619625	0.5882	C12(CC3(CCN)CC(C1)CC(C2)C3)CN
333333f3	333333	CCCCCC	-,-,-,-,-,-	1.551411	1.547570	1.537293	1.535814	1.553359	1.551307	111.466809	108.614531	110.651701	109.178239	111.010538	108.043645	58.821111	-59.899099	60.134624	0.619790	0.5226	C12(CC3(CCN)CC(C1)CC(C2)C3)CCN
333333f3	333333	CCCCCC	-,-,-,-,-,-	1.551411	1.553355	1.535787	1.537267	1.547639	1.551307	111.466809	108.036669	111.009819	109.173944	110.654107	108.614722	-58.862520	60.145775	-59.898780	0.619839	0.5261	C12(CC3(CCN)CC(C1)CC(C2)C3)CCN
333333f3	333333	CCCCCC	-,-,-,-,-,-	1.551672	1.546903	1.541169	1.537046	1.536936	1.539627	110.557235	108.223394	110.211603	109.297100	109.973639	109.180618	-59.423087	60.300845	-60.007140	0.626354	0.3352	C12(SCC(=O)O)CC3CC(C1)CC(C2)C3
333333f3	333333	CCCCCC	-,-,-,-,-,-	1.551788	1.549889	1.539501	1.539405	1.542849	1.544049	110.326696	109.031983	110.540922	109.336104	109.907767	109.215741	58.415277	-59.516761	60.164570	0.622517	0.9322	C12(CC3(NC)CC(C1)CC(C2)C3)S
333333f3	333333	CCCCCC	-,-,-,-,-,-	1.551788	1.553738	1.537227	1.537741	1.540939	1.544049	110.326696	108.040920	110.987861	109.201091	109.720205	109.494053	-59.047170	60.032832	-59.754224	0.625409	0.2959	C12(CC3(NC)CC(C1)CC(C2)C3)S
333333f3	333333	CCCCCC	-,-,-,-,-,-	1.552032	1.549233	1.537284	1.536188	1.551950	1.551977	111.370496	108.575969	110.619680	109.290506	110.931911	108.112371	58.779680	-59.815416	60.089945	0.620279	0.3686	C12(CC3(CN)CC(C1)CC(C2)C3)CN
333333f3	333333	CCCCCC	-,-,-,-,-,-	1.552032	1.551889	1.536233	1.537049	1.549027	1.551977	111.370496	108.134210	110.936127	109.194955	110.618188	108.629890	-58.963878	60.223809	-59.925514	0.620327	0.5527	C12(CC3(CN)CC(C1)CC(C2)C3)CN
333333f3	333333	CCCCCC	-,-,-,-,-,-	1.552089	1.550800	1.538653	1.538265	1.544047	1.544493	110.720896	108.476137	110.711029	109.297289	110.035835	109.030370	58.665307	-59.844859	60.041820	0.622988	0.5490	C12(CC3(CN)CC(C1)CC(C2)C3)N
333333f3	333333	CCCCCC	-,-,-,-,-,-	1.552089	1.552479	1.536705	1.537269	1.542231	1.544493	110.720896	108.142835	110.958626	109.201871	109.999016	109.198626	-58.807023	60.010230	-59.910595	0.623010	0.3839	C12(CC3(CN)CC(C1)CC(C2)C3)N
333333f3	333333	CCCCCC	-,-,-,-,-,-	1.552305	1.552305	1.537346	1.536317	1.536317	1.537346	111.517713	107.624842	111.517710	109.208052	109.897739	109.208101	57.777573	-59.739516	59.839467	0.618036	0.9371	C12([P+](CCC3=CC=CC=C3)(C)C)CC4CC(C1)CC(C2)C4
333333f3	333333	CCCCCC	-,-,-,-,-,-	1.552548	1.551376	1.534223	1.535788	1.535793	1.535426	110.562357	106.469375	110.517194	108.901963	109.700070	109.373434	61.197912	-61.800630	59.683125	0.635824	1.7177	C1(C2CC3CC1CC(C3)C2)(C4C(N)=CC=CC=4)C#N
333333f3	333333	CCCCCC	-,-,-,-,-,-	1.552783	1.548603	1.538050	1.536604	1.543273	1.547188	111.530012	108.034172	110.668662	109.462187	110.252170	108.398113	-58.499044	60.160385	-60.347675	0.622387	0.5625	C12(C(=O)O)CC3(CC(=O)O)CC(C1)CC(C2)C3
333333f3	333333	CCCCCC	-,-,-,-,-,-	1.552783	1.548842	1.538069	1.536508	1.543214	1.547188	111.530012	107.986640	110.673818	109.468695	110.243401	108.389222	58.523310	-60.169897	60.333437	0.622672	0.5167	C12(C(=O)O)CC3(CC(=O)O)CC(C1)CC(C2)C3
333333f3	333333	CCCCCC	-,-,-,-,-,-	1.553106	1.549327	1.544320	1.527867	1.544320	1.549327	109.785797	109.785798	106.824583	110.351211	110.351211	106.824584	60.336741	-60.702125	0.000002	0.870495	90.0000	O=C1OC(=O)[CH]2[CH]3CC[CH](C=C3)[CH]12
333333f3	333333	CCCCCC	-,-,-,-,-,-	1.553359	1.547639	1.537267	1.534014	1.534014	1.535814	111.010538	108.109499	110.654107	109.688726	109.834943	109.215306	-58.184725	59.741594	-59.892302	0.619913	0.4377	C12(CC3(CCN)CC(C1)CC(C2)C3)CCN
333333f3	333333	CCCCCC	-,-,-,-,-,-	1.553990	1.547215	1.538781	1.513453	1.519227	1.496408	114.124600	111.922713	114.790076	115.252755	118.084211	123.488177	54.558088	-42.594118	18.207822	0.422225	43.7868	C[C]1(O)CC[CH]2[CH]3CCC4=CC(=O)CC[C]4(C)[C]35O[CH]5C[C]12C
333333f3	333333	CCCCCC	-,-,-,-,-,-	1.554774	1.545632	1.559197	1.539983	1.574598	1.599540	106.231151	114.332392	105.297230	110.095200	111.438752	108.238031	-66.583665	56.046010	5.190717	0.871268	89.3542	CC(=O)OC1CCC2(C)C3(C1)C=CC4(C5CCC(C(C)=O)C5(C)CC6OC246)C7C3C(=O)OC7=O
333333f3	333333	CCCCCC	-,-,-,-,-,-	1.555779	1.549360	1.538763	1.538391	1.541250	1.542406	110.823066	108.097786	110.735263	109.428544	109.764506	109.143565	-58.684500	60.154619	-60.079905	0.624257	0.4527	C12(CC3(CC(=O)O)CC(C1)CC(C2)C3)S
333333f3	333333	CCCCCC	-,-,-,-,-,-	1.555779	1.549632	1.538798	1.538304	1.541112	1.542406	110.823066	108.046651	110.744010	109.435711	109.751565	109.143342	58.706731	-60.165463	60.062047	0.624514	0.4133	C12(CC3(CC(=O)O)CC(C1)CC(C2)C3)S
333333f3	333333	CCCNCN	-,-,-,-,-,-	1.547794	1.548965	1.472834	1.462701	1.461566	1.475310	110.256042	106.884716	110.412045	109.926176	111.133654	110.082589	-57.015848	59.687072	-61.125247	0.600081	0.4616	N12CN3CC(C1)(N)CN(C2)C3
333333f3	333333	CCOCCC	-,-,-,-,-,-	1.531498	1.426458	1.434418	1.533566	1.546335	1.540996	107.839540	110.403253	111.106682	110.803481	104.562434	107.724913	64.467135	-4.723568	-59.223884	0.852483	86.5542	C[C@@H]1[C@H]2[C@H]3C[C@@H](O1)O[C@@H]2OC=C3C(=O)OC
333333f3	333333	CNCCCN	-,-,-,-,-,-	1.462614	1.475310	1.547794	1.547794	1.475310	1.462614	111.081265	109.786061	110.256042	106.769837	110.256041	109.786060	59.937557	-57.267506	57.267506	0.604099	0.4444	N12CN3CC(C1)(N)CN(C2)C3
333333f3	333333	CNCNCC	-,-,-,-,-,-	1.475310	1.461566	1.462701	1.472834	1.548965	1.547794	110.256041	110.082587	111.133653	109.926174	110.412045	106.884718	-61.141705	61.125252	-59.687072	0.600081	0.4616	N12CN3CC(C1)(N)CN(C2)C3
333333f3	333333	CNCNCN	-,-,-,-,-,-	1.440536	1.453512	1.453105	1.442967	1.487317	1.492378	111.104811	109.762870	109.415117	109.987552	110.827978	107.214349	60.301859	-60.485774	60.300870	0.588850	0.6025	C=CC[N+]12CN3CN(CN(C3)C1)C2
333333f3	333333	CNCNCN	-,-,-,-,-,-	1.440536	1.453643	1.452856	1.443766	1.489266	1.492378	111.104811	109.700486	109.413015	110.036416	110.708530	107.208632	-60.377756	60.571298	-60.279794	0.589720	0.5762	C=CC[N+]12CN3CN(CN(C3)C1)C2
333333f3	333333	CNCNCN	-,-,-,-,-,-	1.442415	1.452522	1.452806	1.439611	1.499229	1.491265	110.947905	110.047508	109.361404	109.726789	111.314267	106.778887	-60.700158	60.427325	-60.246593	0.589909	0.6348	CCCCCCCC[N+]12CN3CN(CN(C3)C1)C2
333333f3	333333	CNCNCN	-,-,-,-,-,-	1.442415	1.454424	1.454424	1.442415	1.491265	1.491265	110.947905	109.805017	109.466512	109.805024	110.947896	107.653216	60.762058	-60.762057	59.942209	0.587651	1.2476	CCCCCCCC[N+]12CN3CN(CN(C3)C1)C2
333333f3	333333	CNCNCN	-,-,-,-,-,-	1.446283	1.452432	1.452432	1.446283	1.483159	1.483159	111.104397	110.825286	109.558244	110.825304	111.104398	108.683048	59.001251	-59.001237	58.473802	0.569508	1.1036	C1[NH+]2CN3CN1CP(=S)(C2)C3
333333f3	333333	CNCNCN	-,-,-,-,-,-	1.452522	1.442415	1.491265	1.499229	1.439611	1.452806	109.361408	110.047515	110.947896	106.778866	111.314267	109.726785	-60.539667	57.315208	-57.472142	0.589909	0.6348	CCCCCCCC[N+]12CN3CN(CN(C3)C1)C2
333333f3	333333	CNCNCN	-,-,-,-,-,-	1.452806	1.452806	1.452522	1.454424	1.454424	1.452522	109.361404	109.614735	109.361408	109.402132	109.466512	109.402147	60.133827	-60.024336	60.109894	0.594355	0.0530	CCCCCCCC[N+]12CN3CN(CN(C3)C1)C2
333333f3	333333	CNCNCN	-,-,-,-,-,-	1.453105	1.454853	1.454578	1.452856	1.453643	1.453512	109.415117	109.385676	109.474012	109.430105	109.413015	109.494831	-60.054331	60.044964	-60.032927	0.594541	0.0471	C=CC[N+]12CN3CN(CN(C3)C1)C2
333333f3	333333	CNCNCN	-,-,-,-,-,-	1.454578	1.443766	1.489266	1.487317	1.442967	1.454853	109.474012	109.698934	110.708530	107.674073	110.827978	109.716798	60.162390	-57.590075	57.566520	0.590146	0.9426	C=CC[N+]12CN3CN(CN(C3)C1)C2
333333f3	333333	CNCNCN	-,-,-,-,-,-	1.462614	1.461566	1.462701	1.462701	1.461566	1.462614	111.081265	108.634437	111.133654	108.504945	111.133653	108.634440	-59.099882	59.113639	-59.113635	0.585469	0.1026	N12CN3CC(C1)(N)CN(C2)C3
333333f3	333333	CNCPCN	-,-,-,S,-,-	1.446283	1.472053	1.798719	1.817165	1.510755	1.483159	111.104397	115.434334	107.519944	98.683230	113.519782	109.242541	-66.243244	51.409996	-52.286363	0.642037	2.2927	C1[NH+]2CN3CN1CP(=S)(C2)C3
333333f3	333333	CNCPCN	-,-,-,S,-,-	1.446283	1.472053	1.798719	1.817165	1.510755	1.483159	111.104398	115.434329	107.519939	98.683255	113.519782	109.242529	66.243230	-51.409963	52.286331	0.642037	2.2926	C1[NH+]2CN3CN1CP(=S)(C2)C3
333333f3	333333	CNCPCN	-,-,-,S,-,-	1.452432	1.472053	1.798719	1.798719	1.472053	1.452432	109.558244	112.605021	107.519944	102.890055	107.519939	112.605012	62.398210	-49.637381	49.637394	0.643543	3.1151	C1[NH+]2CN3CN1CP(=S)(C2)C3
333333f3	333333	COCCCC	-,-,-,-,-,-	1.432362	1.429679	1.531498	1.540996	1.546335	1.530682	109.885973	111.566520	110.069670	107.839540	107.724913	108.207311	-54.097120	67.303453	-11.217180	0.834535	89.3822	C[C@@H]1[C@H]2[C@H]3C[C@@H](O1)O[C@@H]2OC=C3C(=O)OC
333333f3	333333	COCOCC	-,-,-,-,-,-	1.432362	1.429679	1.426458	1.434418	1.533566	1.530682	109.885973	111.566520	109.882227	111.106682	110.803481	108.857372	67.693439	-57.124238	-4.723568	0.773747	89.1987	C[C@@H]1[C@H]2[C@H]3C[C@@H](O1)O[C@@H]2OC=C3C(=O)OC
333333i	333333	CCCCCC	-,-,-,-,-,-	1.508129	1.530141	1.508129	1.508129	1.530141	1.508129	109.347904	110.947375	110.947377	109.347906	110.947379	110.947375	-58.237606	57.306692	-57.306691	0.589227	0.0000	FC(F)(F)C1(F)C(F)(F)C(F)(F)C(F)(C(F)(F)F)C(F)(F)C1(F)F
333333i	333333	CCCCCC	-,-,-,-,-,-	1.508659	1.523758	1.516830	1.516830	1.523758	1.508659	109.408053	111.116826	110.064196	110.012402	110.064194	111.116827	-58.266786	57.624089	-57.624087	0.593337	0.1616	FC(F)(F)C1(F)C(F)(F)C(F)(F)C(F)(F)C(F)(F)C1(F)F
333333i	333333	CCCCCC	-,-,-,-,-,-	1.515374	1.515374	1.508850	1.523249	1.523249	1.508850	109.355454	111.849526	109.355456	110.967973	109.906102	110.967973	58.026944	-57.370490	57.568260	0.589768	0.0007	FC(F)(F)[C]1(F)C(F)(F)C(F)(F)C(F)(F)[C](F)(C(F)(F)F)C1(F)F
333333i	333333	CCCCCC	-,-,-,-,-,-	1.515446	1.527816	1.517904	1.517904	1.527816	1.515446	107.927294	111.255759	109.882202	110.506370	109.882200	111.255761	-58.911533	56.772984	-56.772983	0.600578	1.8521	FC(F)(F)C(F)(F)C1(F)C(F)(F)C(F)(F)C(F)(F)C(F)(F)C1(F)F
333333i	333333	CCCCCC	-,-,-,-,-,-	1.521215	1.532204	1.541556	1.534791	1.532259	1.528820	111.646552	112.317177	113.768018	110.158899	111.844369	113.638944	-24.643021	-33.936451	61.534042	0.730966	88.8204	OC(=O)C1=NN(C(=O)C1N=NC2=C(C=CC=C2)S(O)(=O)=O)C3=C(C=CC=C3)S(O)(=O)=O.C4CCC(CC4)NC5CCCCC5
333333i	333333	CCCCCC	-,-,-,-,-,-	1.524058	1.528483	1.537927	1.540613	1.526992	1.524043	111.375128	111.858966	111.860476	110.135230	111.923624	111.513985	54.905284	-54.393134	54.823520	0.561052	0.7235	C1CCC(CC1)NC2CCCCC2
333333i	333333	CCCCCC	-,-,-,-,-,-	1.524370	1.526219	1.526482	1.525323	1.531017	1.530091	111.864105	111.506596	111.695800	111.623706	111.665125	110.820994	-54.040239	54.138961	-54.727276	0.557054	0.8119	C[CH](OC(=O)OCCOCCOC(=O)O[CH](C)C(=O)OC1CCCCC1)C(=O)OC2CCCCC2
333333i	333333	CCCCCC	-,-,-,-,-,-	1.524496	1.527165	1.538996	1.537796	1.528253	1.524525	111.449860	111.552088	111.791310	110.236551	111.730720	111.797418	55.394398	-55.030602	54.720249	0.561654	0.8940	C1CCC(CC1)NCSC2=NCCS2
333333i	333333	CCCCCC	-,-,-,-,-,-	1.524662	1.528359	1.537913	1.539101	1.527244	1.524641	111.476194	111.810151	111.673568	110.225343	111.741460	111.525762	-54.978423	54.840289	-55.197731	0.562314	1.0397	C1CCC(CC1)NC2CCCC2
333333i	333333	CCCCCC	-,-,-,-,-,-	1.524872	1.527302	1.538505	1.537674	1.527992	1.524945	111.524904	111.602391	111.661489	110.262639	111.591507	111.723651	-55.292438	55.274345	-55.146308	0.562789	1.1807	C1CCC(CC1)NSC2=NC3=C(S2)C=CC=C3
333333i	333333	CCCCCC	-,-,-,-,-,-	1.524979	1.526293	1.526318	1.525109	1.530694	1.531025	111.767222	111.570099	111.696696	111.540834	111.675953	110.620677	53.928730	-54.069487	55.014830	0.558870	1.1801	CC(C)COC(=O)C1=C(C=CC=C1)C(=O)OC2CCCCC2
333333i	333333	CCCCCC	-,-,-,-,-,-	1.525213	1.526327	1.526249	1.524855	1.531000	1.531677	111.642403	111.565940	111.693566	111.548607	111.772122	110.620313	54.097626	-53.974290	54.819647	0.559087	1.1601	CCOC(=O)C1=C(C=CC=C1)C(=O)OC2CCCCC2
333333i	333333	CCCCCC	-,-,-,-,-,-	1.525296	1.526278	1.526235	1.524858	1.530929	1.531748	111.674684	111.626536	111.691063	111.523972	111.762671	110.715504	54.067289	-54.069419	54.875383	0.558217	1.0043	C[CH](OC(=O)OCCOCCOC(=O)O[CH](C)C(=O)OC1CCCCC1)C(=O)OC2CCCCC2
333333i	333333	CCCCCC	-,-,-,-,-,-	1.525349	1.528215	1.534586	1.534558	1.528205	1.525353	111.688715	111.677192	112.507697	111.671747	112.509189	111.677089	53.450519	-51.681214	51.681216	0.543163	2.1420	C1CCC2(CC1)N=C(C3=CC=CC=C3)C(=N2)C4=CC=CC=C4
333333i	333333	CCCCCC	-,-,-,-,-,-	1.526078	1.524108	1.524131	1.527710	1.537580	1.539144	112.059675	111.524845	111.363899	111.846870	112.006729	110.404984	54.875199	-54.645877	54.597736	0.557726	0.4162	O=C(CCCC1CCCCC1)OC2=C3N=CC=CC3=CC=C2
333333i	333333	CCCCCC	-,-,-,-,-,-	1.526199	1.524176	1.524180	1.527725	1.537641	1.538958	112.035785	111.531040	111.375716	111.847219	111.990221	110.424408	54.858090	-54.624467	54.587544	0.557753	0.4181	CN(CCC1CCCCC1)CCC2CCCCC2
333333i	333333	CCCCCC	-,-,-,-,-,-	1.526498	1.526521	1.541606	1.539953	1.527829	1.525732	111.303798	111.570436	111.630725	109.998099	111.524310	111.805769	-55.691757	55.557321	-55.307562	0.566220	1.2728	OC1CCC(CC1)C2CCCCC2
333333i	333333	CCCCCC	-,-,-,-,-,-	1.526539	1.525667	1.525687	1.526270	1.532188	1.534476	111.681506	111.688846	111.603227	111.603663	111.703585	111.048910	54.409900	-54.504878	54.761440	0.556600	0.3168	O=C(NC1CCCCC1)C(=O)NC2CCCCC2
333333i	333333	CCCCCC	-,-,-,-,-,-	1.526884	1.525914	1.525889	1.526488	1.534176	1.535197	111.468495	111.644871	111.676001	111.603109	111.525083	110.701686	54.249689	-54.247937	54.997627	0.560941	1.1697	N1(C(N(C(=O)C(=C1NC2CCCCC2)N=O)C3=CC=CC=C3)=O)C4=CC=CC=C4
333333i	333333	CCCCCC	-,-,-,-,-,-	1.526903	1.523666	1.523662	1.527054	1.539335	1.541713	112.131614	111.687974	111.313399	111.739069	112.130307	110.282307	-54.880140	54.883419	-54.933669	0.557464	0.2168	C(NC1=CC=CC=C1)(C(C2CCCCC2)O)=O
333333i	333333	CCCCCC	-,-,-,-,-,-	1.526936	1.520705	1.520668	1.528532	1.549436	1.554867	112.754324	111.599401	110.881185	111.926373	112.773848	108.301493	55.197676	-54.963088	55.722491	0.564407	0.5592	O=NN(C1CCCCC1)C2CCCCC2
333333i	333333	CCCCCC	-,-,-,-,-,-	1.527099	1.524334	1.524387	1.528401	1.537901	1.539668	111.824371	111.538632	111.428427	111.815586	111.756173	110.134043	54.593640	-54.441412	55.014599	0.562036	0.9517	[O-][N+](=O)C1=CC=C(CCNC2CCCCC2)C=C1
333333i	333333	CCCCCC	-,-,-,-,-,-	1.527136	1.524300	1.524325	1.528527	1.542321	1.543206	111.861548	111.573922	111.439176	111.810111	111.768964	110.197548	-54.860055	54.748719	-54.975621	0.561598	0.5615	N#C[CH](C1CCCCC1)C2=CC=CC=C2
333333i	333333	CCCCCC	-,-,-,-,-,-	1.527147	1.524529	1.524556	1.528434	1.537560	1.539950	111.768797	111.502949	111.458705	111.839151	111.714570	110.224205	54.633101	-54.431426	54.919025	0.562001	0.9706	ClC1=CC2=C(C=C1)C(=CC=N2)NC3CCC(CC3)NC4CCCCC4
333333i	333333	CCCCCC	-,-,-,-,-,-	1.527205	1.526207	1.526031	1.527290	1.536830	1.534455	111.364805	111.484634	111.706000	111.794455	111.528533	110.916040	-54.617463	54.119684	-54.278947	0.560152	1.1683	O[CH]1CCN(C2CCCCC2)C1=O
333333i	333333	CCCCCC	-,-,-,-,-,-	1.527407	1.526411	1.526949	1.528431	1.534916	1.537409	112.339204	110.729622	112.149522	110.894360	112.233405	110.765216	-55.364854	55.363785	-54.567594	0.558410	0.8440	C1CC[C@H]2[C@@H](C1)N[P@@](=O)(S2)C3CCC(CC3)[N+](=O)[O-]
333333i	333333	CCCCCC	-,-,-,-,-,-	1.527491	1.525343	1.525373	1.527887	1.535437	1.537116	111.511161	111.576173	111.594048	111.702603	111.459936	110.384646	-54.283568	54.267144	-55.173761	0.563444	1.4417	S=P(NC1CCCCC1)(NC2CCCCC2)NC3CCCCC3
333333i	333333	CCCCCC	-,-,-,-,-,-	1.527582	1.524063	1.523948	1.527517	1.540856	1.548399	111.449903	111.523553	111.022215	111.626157	111.117238	109.865232	55.306681	-55.816368	56.582271	0.573293	1.0008	C1(C2(CCCCC2)CC1OCC)(C#N)C#N
333333i	333333	CCCCCC	-,-,-,-,-,-	1.527588	1.526089	1.526204	1.527457	1.536734	1.538000	111.440645	111.783417	111.741921	111.479277	111.315826	110.559818	54.007557	-54.428505	55.575032	0.563169	1.6570	S=C1N(CCN1C2CCCCC2)C3CCCCC3
333333i	333333	CCCCCC	-,-,-,-,-,-	1.527588	1.526089	1.526204	1.527457	1.536735	1.538000	111.440623	111.783416	111.741866	111.479253	111.315829	110.559791	54.007669	-54.428625	55.575125	0.563170	1.6569	S=C1N(CCN1C2CCCCC2)C3CCCCC3
333333i	333333	CCCCCC	-,-,-,-,-,-	1.527725	1.524180	1.524176	1.526199	1.538958	1.537641	111.990159	111.847277	111.375747	111.531028	112.035730	110.424374	54.624301	-54.857975	55.220571	0.557754	0.4182	CN(CCC1CCCCC1)CCC2CCCCC2
333333i	333333	CCCCCC	-,-,-,-,-,-	1.527754	1.523081	1.523121	1.527686	1.546239	1.546044	112.069156	111.710440	111.281529	111.678939	112.046392	108.958503	-54.482550	54.534071	-55.950384	0.567108	1.5696	O=C1NN(NO1)C2CCCCC2
333333i	333333	CCCCCC	-,-,-,-,-,-	1.527779	1.525912	1.525914	1.527781	1.538703	1.538699	111.436109	111.657238	111.679157	111.656916	111.435648	110.976661	-54.650539	54.651210	-54.808988	0.560249	0.5891	ClCCOCCOC1=CC=C(C=C1)C2CCCCC2
333333i	333333	CCCCCC	-,-,-,-,-,-	1.527780	1.525913	1.525913	1.527779	1.538686	1.538701	111.435064	111.656205	111.679076	111.657814	111.436241	110.979535	-54.653706	54.651297	-54.804346	0.560235	0.5851	C[CH](O)COC1=CC=C(C=C1)C2CCCCC2
333333i	333333	CCCCCC	-,-,-,-,-,-	1.527813	1.529599	1.527626	1.523468	1.527626	1.529599	114.412631	114.412643	113.487500	111.801470	111.801463	113.487488	45.698677	-52.293221	55.399912	0.499234	9.7101	Br[CH]1CCCC[CH]1Br
333333i	333333	CCCCCC	-,-,-,-,-,-	1.527905	1.525927	1.525926	1.527901	1.539646	1.539745	111.429184	111.651305	111.688479	111.658376	111.434551	110.923374	54.682796	-54.672531	54.832088	0.560711	0.6241	OC1=C(C=C(C=C1)S(O)(=O)=O)C2CCCCC2
333333i	333333	CCCCCC	-,-,-,-,-,-	1.527956	1.525093	1.525129	1.527353	1.537276	1.535402	111.565636	111.749689	111.542074	111.551096	111.591702	110.484385	54.361793	-54.471221	55.271838	0.561914	1.0643	S=P(NC1CCCCC1)(NC2CCCCC2)NC3CCCCC3
333333i	333333	CCCCCC	-,-,-,-,-,-	1.528008	1.524583	1.524634	1.527062	1.537413	1.535211	111.743406	111.796296	111.445019	111.545208	111.755009	110.537203	-54.492575	54.672179	-55.233564	0.559862	0.6127	O=P(NC1CCCCC1)(OC2=CC=CC=C2)OC3=CC=CC=C3
333333i	333333	CCCCCC	-,-,-,-,-,-	1.528081	1.524798	1.524692	1.529092	1.536372	1.534006	112.885531	111.551913	111.695520	111.874723	113.455754	111.337739	-55.139929	54.002057	-51.983934	0.537065	3.1662	C1(NC(NC(C=1)=O)=O)NC2CCCCC2
333333i	333333	CCCCCC	-,-,-,-,-,-	1.528225	1.524567	1.524584	1.528891	1.545604	1.550422	111.615214	111.531014	111.543694	111.930521	111.647660	110.219672	55.088992	-54.806967	54.844512	0.563321	0.8362	O=NN(C1CCCCC1)C2CCCCC2
333333i	333333	CCCCCC	-,-,-,-,-,-	1.528241	1.525374	1.525530	1.528865	1.539586	1.540295	111.540082	111.714259	111.644820	111.576705	111.351143	110.111069	-54.098537	54.425645	-55.715644	0.565740	1.8361	CCN1CCC[CH](C1)OC(=O)[CH](C2CCCCC2)C3=CC=CC=C3
333333i	333333	CCCCCC	-,-,-,-,-,-	1.528427	1.524482	1.524471	1.527182	1.540139	1.537834	111.737436	111.842496	111.448037	111.503730	111.789147	110.188889	-54.437822	54.643750	-55.508615	0.562012	0.9620	C1CCC(CC1)NC2CCCCC2
333333i	333333	CCCCCC	-,-,-,-,-,-	1.528460	1.524583	1.524529	1.528692	1.536806	1.534782	113.129974	111.668981	111.709236	111.782001	113.462718	111.292591	54.860474	-54.261603	52.422504	0.535634	3.0774	C(=C(/C=O)C(C)C)(\NC1CCCCC1)C2C=CC=CC=2
333333i	333333	CCCCCC	-,-,-,-,-,-	1.528476	1.524145	1.524118	1.527017	1.540403	1.537991	111.827210	111.848523	111.391152	111.517745	111.893541	110.115002	-54.496327	54.686269	-55.497810	0.561490	0.8140	OC(=O)C1=NN(C(=O)C1N=NC2=C(C=CC=C2)S(O)(=O)=O)C3=C(C=CC=C3)S(O)(=O)=O.C4CCC(CC4)NC5CCCCC5
333333i	333333	CCCCCC	-,-,-,-,-,-	1.528494	1.525760	1.525776	1.528539	1.535344	1.536522	112.963437	111.609110	111.827198	111.599571	112.982034	110.859009	54.277126	-54.282050	53.620886	0.542680	1.4989	OC1(CCCCC1)C#CC2(O)CCCCC2
333333i	333333	CCCCCC	-,-,-,-,-,-	1.528550	1.526542	1.526439	1.530098	1.541162	1.539251	112.580903	111.411273	112.066760	111.672612	112.775324	108.976172	53.305660	-52.739791	54.402285	0.557248	2.3939	COC1=CC(=C2N=CC=CC2=C1)NCCCCCNC3CCCCC3
333333i	333333	CCCCCC	-,-,-,-,-,-	1.528610	1.525837	1.525837	1.528610	1.540050	1.540050	111.419401	111.687953	111.657230	111.687983	111.419409	111.487539	55.061132	-55.061087	54.472238	0.557484	0.3209	OC1=C(C2CCCCC2)C(=O)C3=C(C=CC=C3)C1=O
333333i	333333	CCCCCC	-,-,-,-,-,-	1.528684	1.525473	1.525534	1.528719	1.534355	1.535457	111.233977	111.627999	111.610611	111.687863	111.204717	110.619153	-54.255122	54.266673	-55.237584	0.564824	1.6450	O=C(NC1=CC=CC=C1)SC2CCCCC2
333333i	333333	CCCCCC	-,-,-,-,-,-	1.528699	1.524557	1.524606	1.528348	1.534526	1.536209	113.418495	111.780651	111.719839	111.677207	113.121707	111.339365	54.266632	-54.808269	53.457733	0.535516	3.0365	C(=C(C=O)C=O)(NC1CCCCC1)C2=CC=CC=C2
333333i	333333	CCCCCC	-,-,-,-,-,-	1.528702	1.537586	1.541137	1.531042	1.535354	1.538156	111.501572	112.316974	108.650949	112.702448	111.707216	111.099344	56.497360	-55.803382	55.193247	0.566854	2.5277	ClC1=CC2=C(C=C1)C(=CC=N2)NC3CCC(CC3)NC4CCCCC4
333333i	333333	CCCCCC	-,-,-,-,-,-	1.528834	1.522913	1.523115	1.526976	1.534681	1.539924	114.211067	112.081427	111.355422	111.457756	112.963728	111.437674	54.029776	-56.464469	55.015997	0.533365	5.5833	O=C(C1CCCCC1)C2=CC=CC=C2
333333i	333333	CCCCCC	-,-,-,-,-,-	1.528836	1.525245	1.525305	1.528274	1.535664	1.534101	112.978296	111.794944	111.765866	111.588065	112.509445	111.180926	-53.960358	54.750404	-54.242116	0.542702	1.8611	O=C(NC1CCCCC1)C2=CC=CC=C2
333333i	333333	CCCCCC	-,-,-,-,-,-	1.528843	1.524649	1.527440	1.533074	1.542158	1.539608	113.720210	111.888138	111.775636	113.112606	113.192848	111.922626	-53.836655	53.165727	-50.527576	0.521380	3.7192	[O-][N+](=O)C1=CC(=C(S[CH]2CCCC[CH]2Cl)C=C1)[N+]([O-])=O
333333i	333333	CCCCCC	-,-,-,-,-,-	1.528917	1.525333	1.525372	1.528288	1.535300	1.533546	112.914605	111.794197	111.755394	111.574491	112.474539	111.208418	53.984323	-54.745388	54.258729	0.543222	1.8021	O=C(NC1CCCCC1)C(=O)NC2CCCCC2
333333i	333333	CCCCCC	-,-,-,-,-,-	1.528942	1.524834	1.524896	1.528285	1.534140	1.535069	113.295160	111.812046	111.709123	111.610872	112.937580	111.391232	-54.195118	54.896569	-53.743483	0.537243	2.8694	C1(=NCCS1)NC2CCCCC2
333333i	333333	CCCCCC	-,-,-,-,-,-	1.528951	1.524521	1.524526	1.529006	1.542066	1.543134	113.009434	111.664917	111.627876	111.672548	113.042306	110.553611	54.813339	-54.783073	53.812177	0.544850	1.9059	C[NH+]1CCC2=C(C1)C(=NC3(N2)CCCCC3)O
333333i	333333	CCCCCC	-,-,-,-,-,-	1.529091	1.525586	1.525677	1.528844	1.533218	1.532594	112.328051	111.633133	111.698700	111.578259	112.164704	110.863849	-54.124574	54.382162	-54.503482	0.551477	0.3810	O=C(CCCCC(=O)OC1CCCCC1)OC2CCCCC2
333333i	333333	CCCCCC	-,-,-,-,-,-	1.529091	1.525586	1.525677	1.528844	1.533218	1.532594	112.328064	111.633133	111.698706	111.578264	112.164708	110.863857	54.124561	-54.382159	54.503471	0.551477	0.3810	O=C(CCCCC(=O)OC1CCCCC1)OC2CCCCC2
333333i	333333	CCCCCC	-,-,-,-,-,-	1.529093	1.524697	1.524802	1.528076	1.534030	1.536372	113.454293	111.875177	111.697381	111.551428	112.885741	111.335307	53.999289	-55.135433	54.153890	0.537077	3.1582	N1(C(NC(NC2CCCCC2)=CC1=O)=O)C
333333i	333333	CCCCCC	-,-,-,-,-,-	1.529120	1.524836	1.524752	1.527778	1.541230	1.539576	111.588597	111.769351	111.522184	111.551561	111.669513	109.921426	-54.311771	54.407252	-55.611950	0.565166	1.5597	OC1CCC(CC1)C2CCCCC2
333333i	333333	CCCCCC	-,-,-,-,-,-	1.529234	1.530732	1.551693	1.552176	1.528904	1.529804	110.314261	112.230126	112.661026	107.071179	112.231219	111.256299	55.954813	-55.769767	57.399175	0.580095	3.1593	CC1CCC(CC1)C(C)(C)[N+](C)(C)C
333333i	333333	CCCCCC	-,-,-,-,-,-	1.529348	1.523718	1.523463	1.530488	1.539177	1.546056	112.448898	111.328851	111.420924	112.059275	112.709655	110.535672	-55.498174	54.673893	-53.414493	0.551094	1.9605	N1(C(OC2(C1(O)C)CCCCC2)=O)CC3N=CC=CC=3
333333i	333333	CCCCCC	-,-,-,-,-,-	1.529576	1.525891	1.526096	1.528554	1.535735	1.540427	113.349804	111.650769	112.032754	111.485406	113.170818	109.651595	-53.114482	53.627244	-54.640269	0.545875	0.7087	S=P(NC1CCCCC1)(NC2CCCCC2)NC3CCCCC3
333333i	333333	CCCCCC	-,-,-,-,-,-	1.529713	1.525212	1.525216	1.529480	1.537161	1.536037	112.325150	111.630644	111.626310	111.598762	112.270789	110.957373	54.656302	-54.742716	54.282215	0.551097	0.8917	OC1(CCCCC1)C#CC2(O)CCCCC2
333333i	333333	CCCCCC	-,-,-,-,-,-	1.530027	1.540546	1.557409	1.555235	1.537741	1.529523	110.366114	111.883498	110.541259	110.471986	111.100153	111.987129	-56.727154	55.036485	-54.697412	0.578159	0.7587	C[CH]1C[CH](C)[CH](C)[CH](CO)C1
333333i	333333	CCCCCC	-,-,-,-,-,-	1.530034	1.525281	1.525281	1.530034	1.537190	1.537190	112.047536	111.659184	111.643304	111.659172	112.047526	111.549270	55.013754	-55.013779	53.959469	0.550114	1.4062	C1(OC(=C)C2(O1)CCCCC2)=O
333333i	333333	CCCCCC	-,-,-,-,-,-	1.530503	1.523667	1.523892	1.529269	1.545796	1.538343	112.629047	112.061383	111.455619	111.319975	112.366089	110.598617	-54.618391	55.448067	-55.236159	0.551482	1.8644	N1(C(OC2(C1(O)C)CCCCC2)=O)CC3=CN=CC=C3
333333i	333333	CCCCCC	-,-,-,-,-,-	1.530665	1.522917	1.522788	1.531572	1.542511	1.548056	112.862309	111.460710	111.301382	111.886650	112.951714	109.846207	55.269094	-54.896037	54.194308	0.552449	1.4624	OC1(CCCCC1)C2(O)CCCCC2
333333i	333333	CCCCCC	-,-,-,-,-,-	1.530824	1.523431	1.523286	1.531503	1.544260	1.548143	112.703838	111.430805	111.423099	111.882439	112.715289	109.616876	54.975071	-54.665325	54.476059	0.555751	0.7320	OC1(CCCCC1)C2(O)CCCCC2
333333i	333333	CCCCCC	-,-,-,-,-,-	1.530946	1.523987	1.524381	1.531670	1.545114	1.548105	112.720342	111.902895	111.626523	111.319475	112.424845	108.961196	-53.721410	54.555614	-56.287676	0.560846	1.7442	N12C(COC31CCCCC3)(COC2)CO
333333i	333333	CCCCCC	-,-,-,-,-,-	1.531050	1.523780	1.524082	1.533511	1.556583	1.549795	114.308343	111.874269	111.869513	111.476731	114.404435	109.126542	-54.321804	54.216509	-53.510640	0.537338	2.2607	N1=C(SC2(CCCCC2)C3=C1CCCC3)N
333333i	333333	CCCCCC	-,-,-,-,-,-	1.531325	1.531288	1.547572	1.538451	1.527692	1.532897	110.577018	112.245058	111.517706	110.838762	111.812438	111.454297	54.418359	-53.276901	54.418399	0.563878	1.3555	C[CH]1CC[CH]([CH](O)C1)C(C)=C
333333i	333333	CCCCCC	-,-,-,-,-,-	1.531495	1.534505	1.525914	1.532828	1.536019	1.523365	111.868047	111.707555	111.266053	112.733873	111.907579	113.119134	55.020571	-53.960847	51.485902	0.538844	3.2048	O[CH]1CC(O)(C[CH](O)C1O)C(O)=O
333333i	333333	CCCCCC	-,-,-,-,-,-	1.531563	1.522821	1.522960	1.529477	1.552278	1.540855	112.852259	112.046401	111.328212	111.327358	112.648967	110.088337	-54.920464	55.610101	-55.299720	0.552675	1.8805	C12(N(C(=O)OC31CCCCC3)CCC4=C2C=C(C(OC)=C4)OC)C
333333i	333333	CCCCCC	-,-,-,-,-,-	1.531891	1.525319	1.526269	1.526224	1.524872	1.531015	110.707475	111.677333	111.628344	111.689393	111.524691	111.767419	54.760492	-54.070899	54.072694	0.558230	1.0017	O=C(CSC#N)OC1CCCCC1
333333i	333333	CCCCCC	-,-,-,-,-,-	1.531998	1.524351	1.525393	1.525436	1.525991	1.532861	110.560133	112.024651	111.433024	111.547720	111.763428	111.903647	-55.129138	54.360146	-54.163883	0.556862	0.6447	C[CH](O)COC1CCCCC1
333333i	333333	CCCCCC	-,-,-,-,-,-	1.532465	1.524932	1.525962	1.525976	1.525584	1.532704	110.039768	111.778011	111.488323	111.673142	111.620412	111.741996	-55.387010	53.836829	-53.746280	0.562154	1.8668	CC(C)(OC1CCCCC1)C(=O)O
333333i	333333	CCCCCC	-,-,-,-,-,-	1.532737	1.531653	1.532737	1.530314	1.528733	1.530314	111.743714	113.958635	113.958643	111.743757	112.719399	112.719393	-48.050781	48.824265	-51.917048	0.513779	4.3950	OC(=O)C1CCC(CC1)C(O)=O
333333i	333333	CCCCCC	-,-,-,-,-,-	1.533438	1.527808	1.524489	1.524532	1.526141	1.533215	112.246729	113.830831	111.958015	111.596882	111.442745	113.027209	50.657670	-54.392098	56.025137	0.529613	5.5410	OC(=O)C1(O)CCCCC1
333333i	333333	CCCCCC	-,-,-,-,-,-	1.533545	1.523488	1.523445	1.528853	1.559120	1.566475	114.076997	112.010027	111.755199	111.043130	112.838428	105.292365	51.347435	-53.964020	59.678612	0.574957	5.7262	COC1=CC(=C(OC)C=C1C2(C)CCCCC2)C3(C)CCCCC3
333333i	333333	CCCCCC	-,-,-,-,-,-	1.533545	1.523488	1.523445	1.528854	1.559119	1.566476	114.076954	112.009941	111.755180	111.043240	112.838513	105.292366	51.347615	-53.963872	59.678268	0.574957	5.7259	COC1=CC(=C(OC)C=C1C2(C)CCCCC2)C3(C)CCCCC3
333333i	333333	CCCCCC	-,-,-,-,-,-	1.534997	1.529721	1.538052	1.538149	1.529611	1.536052	110.869697	113.050425	111.429734	111.241624	111.459012	113.027151	-54.098839	54.536484	-54.526531	0.548821	1.9085	C(#C)[C@@]1(CC[C@H](C2=CC=CC=C2)CC1)O
333333i	333333	CCCCCC	-,-,-,-,-,-	1.535069	1.525718	1.526439	1.527300	1.525750	1.535062	110.928493	111.602745	111.691905	111.363786	111.672352	111.627254	-54.921648	54.700866	-54.664971	0.559379	0.2327	CC1CCC(O)CC1
333333i	333333	CCCCCC	-,-,-,-,-,-	1.535539	1.528947	1.524124	1.524258	1.527348	1.533341	111.499127	113.371466	111.950743	111.500545	111.499096	112.687303	51.814872	-54.199427	55.622791	0.538682	3.6384	OC(=O)C1CCCCC1
333333i	333333	CCCCCC	-,-,-,-,-,-	1.535821	1.527350	1.524103	1.527202	1.539758	1.543431	112.772575	112.652659	111.870465	111.576828	113.403442	112.513103	54.314269	-54.988363	52.936286	0.526589	4.5684	C1(C(=O)OCC)C(N)CCCC1
333333i	333333	CCCCCC	-,-,-,-,-,-	1.537346	1.529415	1.525245	1.525235	1.529770	1.536508	110.865807	112.246615	111.597882	111.635142	111.643048	112.306019	-54.385004	54.693309	-54.577726	0.551794	0.7041	CC1(O)CCCCC1
333333i	333333	CCCCCC	-,-,-,-,-,-	1.537671	1.527793	1.524106	1.524097	1.526176	1.539024	110.394678	112.010079	111.853492	111.362263	111.527988	112.061203	-54.589919	54.627271	-54.864721	0.557719	0.4266	OC(=O)CCCCCC1CCCCC1
333333i	333333	CCCCCC	-,-,-,-,-,-	1.537723	1.527779	1.524100	1.524092	1.526163	1.539078	110.383575	112.010846	111.854335	111.361889	111.525306	112.060644	54.593306	-54.624283	54.865980	0.557798	0.4331	OC(=O)CCCC1CCCCC1
333333i	333333	CCCCCC	-,-,-,-,-,-	1.537759	1.526806	1.524799	1.524869	1.527296	1.538979	110.238286	111.861455	111.650790	111.504878	111.675693	111.754689	-55.093464	54.408820	-54.479229	0.560886	0.8703	OC(=O)CC1CCCCC1
333333i	333333	CCCCCC	-,-,-,-,-,-	1.537800	1.528404	1.524422	1.524359	1.527104	1.539665	110.107453	111.743040	111.811240	111.434368	111.537286	111.811735	55.046236	-54.417398	54.564740	0.562339	1.0210	C[CH](O)CNC1CCCCC1
333333i	333333	CCCCCC	-,-,-,-,-,-	1.537816	1.530165	1.523078	1.528731	1.534456	1.535052	113.127133	113.765206	112.393782	112.218699	113.349434	113.797490	-51.313193	53.130065	-51.896010	0.502797	5.1304	C1(C(=O)O)(C(Br)CCCC1)Br
333333i	333333	CCCCCC	-,-,-,-,-,-	1.537862	1.547182	1.543620	1.529767	1.526349	1.531853	110.808444	113.622738	109.855863	113.382399	111.432413	111.920952	-51.947322	51.918844	-54.375431	0.549416	1.7921	C[CH]1C[CH](O)CC(C)(C)C1
333333i	333333	CCCCCC	-,-,-,-,-,-	1.537952	1.528380	1.524455	1.524404	1.527165	1.539512	110.161567	111.746167	111.805802	111.438027	111.548360	111.812317	55.014966	-54.443847	54.583794	0.561956	0.9417	CNC1CCCCC1
333333i	333333	CCCCCC	-,-,-,-,-,-	1.538870	1.526210	1.524158	1.524167	1.527749	1.537594	110.414986	112.044887	111.533380	111.371948	111.845375	111.997034	-55.218066	54.850567	-54.621532	0.557727	0.4105	OC(=O)CCC1CCCCC1
333333i	333333	CCCCCC	-,-,-,-,-,-	1.538949	1.545626	1.530016	1.526913	1.527591	1.533689	112.814687	110.914059	113.933726	114.238447	114.270699	112.994847	-50.799470	46.807383	-44.714756	0.501905	7.2098	[O-][N+](=O)[CH]1C[CH](Br)[CH](Br)C[CH]1C2=CC=CC=C2
333333i	333333	CCCCCC	-,-,-,-,-,-	1.539023	1.526176	1.524097	1.524106	1.527793	1.537670	110.394753	112.061161	111.527943	111.362232	111.853481	112.010110	55.237643	-54.864882	54.627307	0.557719	0.4267	CC(C)CNC(=O)CCCCC1CCCCC1
333333i	333333	CCCCCC	-,-,-,-,-,-	1.539026	1.526177	1.524097	1.524106	1.527793	1.537670	110.394479	112.061311	111.528011	111.362283	111.853461	112.010128	-55.237426	54.864529	-54.627236	0.557720	0.4263	OC(=O)CCCCC1CCCCC1
333333i	333333	CCCCCC	-,-,-,-,-,-	1.539037	1.556993	1.556417	1.527077	1.523914	1.531594	111.080898	114.146967	108.098026	113.999784	111.489801	111.849193	52.246435	-52.623857	55.330751	0.552285	0.5979	C[CH]1CCCC(C1)(CC(O)=O)CC(O)=O
333333i	333333	CCCCCC	-,-,-,-,-,-	1.539549	1.527565	1.524406	1.524375	1.526467	1.538639	110.180881	111.899933	111.764110	111.426857	111.584616	112.000186	54.935965	-54.538023	54.617601	0.559899	0.5639	[O-][N+](=O)CC1CCCCC1
333333i	333333	CCCCCC	-,-,-,-,-,-	1.539651	1.527109	1.524362	1.524425	1.528404	1.537798	110.113271	111.812313	111.538217	111.434361	111.810881	111.744017	55.485418	-54.567097	54.420172	0.562292	1.0116	OCCNC1CCCCC1
333333i	333333	CCCCCC	-,-,-,-,-,-	1.539666	1.535870	1.525275	1.521901	1.526260	1.534694	114.447735	113.293048	114.291492	111.936381	112.051079	113.911643	46.098994	-52.351024	54.357749	0.495560	8.4603	I[CH]1CCCC[CH]1S(=O)(=O)C2=CC=CC=C2
333333i	333333	CCCCCC	-,-,-,-,-,-	1.540782	1.540782	1.533537	1.525015	1.525015	1.533537	111.011437	111.929686	111.011420	111.676865	111.544833	111.676894	-53.943600	54.573597	-55.640434	0.560923	0.6799	C[CH]1CCC[CH](C)[CH]1O
333333i	333333	CCCCCC	-,-,-,-,-,-	1.541263	1.526510	1.525740	1.526649	1.527708	1.539957	110.085601	111.588702	111.582275	111.312426	111.799386	111.566901	55.743875	-54.713418	54.526372	0.565611	1.1949	CC(C)C1CCC(O)CC1.CC(C)C2CCC(O)CC2
333333i	333333	CCCCCC	-,-,-,-,-,-	1.541263	1.526510	1.525740	1.526649	1.527708	1.539957	110.085672	111.588723	111.582258	111.312358	111.799349	111.566876	55.743824	-54.713583	54.526614	0.565612	1.1946	CC(C)C1CCC(O)CC1.CC(C)C2CCC(O)CC2
333333i	333333	CCCCCC	-,-,-,-,-,-	1.541708	1.530064	1.524019	1.523943	1.529367	1.543150	109.932017	112.531419	111.735642	111.478269	111.533895	112.722037	-54.715152	54.732805	-54.643339	0.554308	0.4374	CCOC(=O)CC1(O)CCCCC1
333333i	333333	CCCCCC	-,-,-,-,-,-	1.542365	1.540793	1.526819	1.524522	1.527632	1.531676	111.342005	110.685458	111.800807	111.807690	111.507747	112.116227	54.753958	-54.964890	54.245823	0.558453	0.8814	O[CH]1CCCC[CH]1CC2=CC=CC=C2
333333i	333333	CCCCCC	-,-,-,-,-,-	1.544191	1.546388	1.511857	1.519042	1.545970	1.545851	110.905733	110.467048	109.062271	114.875785	109.308206	110.405832	-55.686468	56.692113	-56.462091	0.583384	2.1660	CC(=O)OC1[CH](OC(C)=O)[CH](OC(C)=O)C2(CO2)[CH](OC(C)=O)[CH]1OC(C)=O
333333i	333333	CCCCCC	-,-,-,-,-,-	1.544975	1.533665	1.531334	1.526926	1.526117	1.532158	111.020199	109.683503	112.085509	112.109413	112.085656	111.211347	55.645978	-53.530768	52.232027	0.565350	4.0398	CC(=O)O[CH]1CCCC[CH]1OC(C)=O
333333i	333333	CCCCCC	-,-,-,-,-,-	1.545256	1.530689	1.531253	1.532441	1.530645	1.545240	109.523522	112.253684	113.166563	110.366815	113.150459	112.262287	-54.842296	52.457858	-52.436463	0.551425	1.9963	CC(C)(C)C1CCC(O)(CC1)C#C
333333i	333333	CCCCCC	-,-,-,-,-,-	1.545338	1.530910	1.530977	1.532470	1.529427	1.539729	109.825566	111.805524	111.745197	110.558677	111.840102	111.879256	55.886730	-55.045971	55.038895	0.568334	0.3611	CC(C)[CH]1CC[CH](C)C[CH]1O
333333i	333333	CCCCCC	-,-,-,-,-,-	1.545593	1.530381	1.522559	1.523875	1.528498	1.540577	109.962555	111.610420	111.792235	111.323428	111.760707	111.862573	-55.433703	54.804308	-54.668744	0.563674	0.8857	CC(C)[CH]1CCCC[CH]1O
333333i	333333	CCCCCC	-,-,-,-,-,-	1.546496	1.530471	1.522684	1.523939	1.528695	1.540388	109.867139	111.537403	111.702352	111.356001	111.843816	111.848568	55.721880	-54.812837	54.488278	0.564690	1.2163	CC[CH](C)[CH]1CCCC[CH]1O
333333i	333333	CCCCCC	-,-,-,-,-,-	1.546847	1.539341	1.526402	1.524593	1.523043	1.530280	111.444455	111.331187	111.803987	111.413541	111.320712	112.205120	-53.640552	55.317476	-55.768819	0.556588	1.4614	O[CH]1CCCC[CH]1C2=CC=CC=C2
333333i	333333	CCCCCC	-,-,-,-,-,-	1.547435	1.527569	1.524427	1.523569	1.527398	1.546044	109.220712	112.061895	111.709929	110.996590	111.794831	112.075779	-55.894173	54.963799	-54.936737	0.566446	0.7794	CCC(C)(C)C1CCC(O)CC1
333333i	333333	CCCCCC	-,-,-,-,-,-	1.548285	1.534106	1.531059	1.531966	1.528990	1.539468	109.895648	111.047563	111.771136	110.594173	111.840072	111.825877	56.538645	-55.442176	54.796315	0.572573	1.1681	CC(C)[CH]1CC[CH](C)C[CH]1OC(=O)C2=C(O)C=CC=C2
333333i	333333	CCCCCC	-,-,-,-,-,-	1.548645	1.534396	1.531050	1.531858	1.528866	1.539610	109.925448	111.030923	111.809675	110.580758	111.816535	111.847181	56.470612	-55.476311	54.853321	0.572391	1.0710	CC(C)[CH]1CC[CH](C)C[CH]1OC(C)=O
333333i	333333	CCCCCC	-,-,-,-,-,-	1.549374	1.535237	1.530311	1.528750	1.533621	1.534072	108.822792	110.560323	110.566910	112.733240	112.500054	111.457634	58.090717	-52.853924	50.668585	0.576596	7.0699	O[CH]1CCCC[CH]1N2C(=O)C3=C(C=CC=C3)C2=O
333333i	333333	CCCCCC	-,-,-,-,-,-	1.551015	1.538362	1.526413	1.524318	1.527894	1.539284	110.189788	111.912716	111.752484	112.001200	111.571524	113.073671	-54.457869	54.431057	-53.869331	0.552064	0.6912	CC[C](C)(O)C#C[C]1(O)CCCC[CH]1C
333333i	333333	CCCCCC	-,-,-,-,-,-	1.553533	1.547899	1.539803	1.549588	1.534458	1.533547	111.932431	111.098567	111.896709	110.929635	111.166404	112.063765	-54.009567	55.487606	-55.683356	0.563374	1.7186	NCCC(O)C(=O)NC1CC(N)C(OC2OC(CN)C(O)C(O)C2O)C(O)C1OC3OC(CO)C(O)C(N)C3O
333333i	333333	CCCCCC	-,-,-,-,-,-	1.558475	1.538697	1.524670	1.523110	1.525539	1.545012	109.820542	110.626880	112.006978	111.087403	111.638646	112.109506	-56.041601	55.788565	-55.089623	0.570927	1.0976	CC[CH](C)[CH]1CC[CH](O)C[CH]1C
333333i	333333	CCCCCC	-,-,-,-,-,-	1.558573	1.560873	1.539853	1.522222	1.521729	1.537835	110.759463	109.599095	110.175643	111.656106	111.333411	111.976106	56.931748	-57.270345	56.072255	0.583021	2.5255	C[CH]1CCC[CH](COC(C)=O)[CH]1COC(C)=O
333333i	333333	CCCCCN	-,-,-,-,-,-	1.520962	1.529074	1.531542	1.540030	1.596448	1.544934	111.763915	112.569720	113.236334	110.411749	113.405489	109.582793	25.456761	34.328741	-60.731031	0.744878	89.4663	CC[N+]1(CCCCC[N+]2(CC)CCC[CH](C2)OC(=O)C(C3=CC=CC=C3)C4=CC=CC=C4)CCC[CH](C1)OC(=O)C(C5=CC=CC=C5)C6=CC=CC=C6
333333i	333333	CCCCCN	-,-,-,-,-,-	1.522112	1.524373	1.524348	1.521916	1.505047	1.505147	109.459281	111.741619	111.109235	111.710372	109.529646	112.542192	-54.037978	53.982073	-55.442922	0.570216	2.5350	c1c[nH]c(=O)n(c1=O)C[NH+]2CCCCC2
333333i	333333	CCCCCN	-,-,-,-,-,-	1.522213	1.523011	1.525947	1.545232	1.565559	1.548851	112.645053	111.720862	112.179075	111.398701	114.521071	108.420966	55.679170	-51.824260	51.212744	0.551063	3.7583	CC[N+]1(CCCCC[N+]2(CC)CCC[CH](C2)OC(=O)C(C3=CC=CC=C3)C4=CC=CC=C4)CCC[CH](C1)OC(=O)C(C5=CC=CC=C5)C6=CC=CC=C6
333333i	333333	CCCCCN	-,-,-,-,-,-	1.527636	1.530627	1.529025	1.527343	1.471247	1.472228	110.998917	111.431706	109.773617	111.301010	111.306070	110.456482	-52.645490	52.419310	-56.585404	0.570981	3.0735	N1(C(=C(C(=O)OCC)N=N1)CN2CCC(C(=O)OCC)CC2)C3C(=NON=3)N
333333i	333333	CCCCCN	-,-,-,-,-,-	1.528875	1.522755	1.522844	1.530655	1.472157	1.473484	111.614321	111.240400	110.236672	111.519580	111.514446	110.623654	-52.597722	52.450271	-55.767344	0.562761	2.4915	COC1=CC2=C(C=C1)N(CCCCCCCN3CCCCC3)CCC2
333333i	333333	CCCCCN	-,-,-,-,-,-	1.528921	1.522797	1.522890	1.530512	1.472446	1.474160	111.585499	111.255221	110.251068	111.496556	111.497595	110.523984	-52.537908	52.419762	-55.883131	0.563574	2.6533	[O-][N+](=O)C1=CC=C(CCN2CCCCC2)C=C1
333333i	333333	CCCCCN	-,-,-,-,-,-	1.528925	1.522716	1.522821	1.530650	1.472308	1.473930	111.615569	111.251160	110.237335	111.505628	111.511692	110.528215	52.546860	-52.430423	55.866837	0.563335	2.6049	COC1=CC2=C(NCCCCCN3CCCCC3)C4=CC=C(Cl)C=C4N=C2C=C1
333333i	333333	CCCCCN	-,-,-,-,-,-	1.528978	1.522837	1.522930	1.530480	1.474906	1.474430	111.539375	111.258023	110.279807	111.473798	111.404859	110.214410	52.389515	-52.315443	56.124448	0.566143	3.1439	[O-][N+](=O)C1=C(CCN2CCCCC2)C=CC=C1
333333i	333333	CCCCCN	-,-,-,-,-,-	1.529013	1.523025	1.523094	1.530185	1.473753	1.473668	111.405443	111.297213	110.315903	111.428152	111.284694	110.303310	52.284461	-52.278287	56.225932	0.566720	3.3147	N1(C(=C(C(=O)OCC)N=N1)CN2CCCCC2)C3C(=NON=3)N
333333i	333333	CCCCCN	-,-,-,-,-,-	1.529016	1.520424	1.520261	1.531677	1.473186	1.482637	112.050098	111.121133	109.885643	111.760030	112.271360	109.720657	-53.212552	52.516736	-55.615722	0.563093	2.2655	O=C(C[CH](N1CCCCC1)C2=CC=CC=C2)C3=CC=CC=C3
333333i	333333	CCCCCN	-,-,-,-,-,-	1.529029	1.523074	1.523145	1.530119	1.473857	1.473475	111.392566	111.303737	110.323766	111.421088	111.270602	110.328703	-52.277885	52.282019	-56.225104	0.566684	3.3148	N1(C(=C(C(=O)OC)N=N1)CN2CCCCC2)C3C(=NON=3)N
333333i	333333	CCCCCN	-,-,-,-,-,-	1.529065	1.522949	1.523067	1.530387	1.472248	1.473898	111.529957	111.287023	110.278513	111.454561	111.434238	110.529674	52.445831	-52.403090	55.996733	0.564064	2.7834	O=C(OCCN1CCCCC1)[CH](OCCN2CCCCC2)C3=CC=CC=C3
333333i	333333	CCCCCN	-,-,-,-,-,-	1.529161	1.523407	1.523438	1.530278	1.472242	1.470427	111.387633	111.271310	110.334453	111.444657	111.256528	110.734436	-52.370256	52.319219	-55.890885	0.564280	2.9208	N1(N=NC2C=CC=CC(C1=O)=2)CN3CCCCC3
333333i	333333	CCCCCN	-,-,-,-,-,-	1.529432	1.523982	1.523921	1.529238	1.474810	1.479867	110.844756	111.316362	110.507902	111.385405	111.032134	110.084670	52.170478	-51.984187	56.444653	0.572022	4.3066	OC1=C(CN2CCCCC2)C3=CC=CC=C3C=C1
333333i	333333	CCCCCN	-,-,-,-,-,-	1.529645	1.530964	1.531036	1.530815	1.473176	1.473084	111.405578	111.284512	109.597891	111.413808	111.284713	110.278682	-52.735617	52.731793	-56.729818	0.571716	2.7231	N1(C(=C(C(=O)OCC)N=N1)CN2CCC(C)CC2)C3C(=NON=3)N
333333i	333333	CCCCCN	-,-,-,-,-,-	1.529867	1.523623	1.523572	1.529135	1.469700	1.471472	111.286843	111.420387	110.355638	111.318910	111.397985	111.058795	52.428633	-52.433048	55.881200	0.561963	2.5280	O=C(CCCCCCCCC(=O)CN1CCCCC1)CN2CCCCC2
333333i	333333	CCCCCN	-,-,-,-,-,-	1.529972	1.523671	1.523620	1.529097	1.472214	1.475398	111.129116	111.412008	110.400647	111.302039	111.289900	110.492261	52.266178	-52.244975	56.292084	0.566824	3.3881	O=C(CCCCCCCCC(=O)CN1CCCCC1)CN2CCCCC2
333333i	333333	CCCCCN	-,-,-,-,-,-	1.530049	1.525056	1.525049	1.530187	1.467568	1.466632	110.741980	111.319512	110.543750	111.360618	110.735588	111.627146	-52.242353	52.197456	-55.661061	0.564294	3.1278	O=C(OCCN1CCCCC1)[CH](OCCN2CCCCC2)C3=CC=CC=C3
333333i	333333	CCCCCN	-,-,-,-,-,-	1.530260	1.523061	1.522997	1.528955	1.473847	1.472640	111.395916	111.471416	110.286674	111.270636	111.484972	110.549337	-52.394804	52.475726	-56.253375	0.564375	2.8207	C[CH](CN1CCCCC1)SS[CH](C)CN2CCCCC2
333333i	333333	CCCCCN	-,-,-,-,-,-	1.530807	1.523004	1.522944	1.528857	1.470833	1.471346	111.368677	111.527360	110.256407	111.224524	111.521905	110.821370	-52.423170	52.562021	-56.215610	0.562673	2.5208	Cc1nn(c(=S)s1)CN2CCCCC2
333333i	333333	CCCCCN	-,-,-,-,-,-	1.530877	1.524050	1.523909	1.529638	1.469487	1.471657	110.774211	111.449325	110.426992	111.299537	110.924945	111.196239	-52.365189	52.388364	-56.105890	0.566177	3.1668	O=C([CH](CC1=CC=CC=C1)N2CCCCC2)C3=CC=CC=C3
333333i	333333	CCCCCN	-,-,-,-,-,-	1.530908	1.522031	1.522053	1.528432	1.476651	1.474976	111.650911	111.616588	110.138899	111.171845	111.767827	110.237422	52.522246	-52.793261	56.627903	0.564035	2.5078	OC(CN1CCCCC1)(C2=CC=CC=C2)C3=CC=CC=C3
333333i	333333	CCCCCN	-,-,-,-,-,-	1.530961	1.525023	1.524878	1.530773	1.473243	1.471278	114.224313	111.289057	111.037831	111.237005	113.994506	110.185431	-50.935855	51.242945	-54.234776	0.534035	0.7218	C[CH](CN1CCCCC1)SS[CH](C)CN2CCCCC2
333333i	333333	CCCCCN	-,-,-,-,-,-	1.531196	1.523553	1.523444	1.529547	1.469854	1.471274	110.981445	111.449331	110.348354	111.252597	111.176015	110.720584	52.264812	-52.274522	56.316581	0.566923	3.3408	CCCCO[CH](N1CCCCC1)C2=CC=CC=C2
333333i	333333	CCCCCN	-,-,-,-,-,-	1.533755	1.528482	1.524113	1.529853	1.473700	1.478421	111.322233	110.684093	110.515829	111.668583	111.025977	110.098183	-52.171179	52.203025	-56.235946	0.571573	3.9441	N1(C(=C(C(=O)OCC)N=N1)CN2CC(C(=O)OCC)CCC2)C3C(=NON=3)N
333333i	333333	CCCCCN	-,-,-,-,-,-	1.544010	1.520442	1.517485	1.527158	1.480799	1.490323	110.673022	112.131578	109.821845	110.958489	112.334670	109.760734	53.497671	-53.334842	57.432451	0.570745	2.3503	N1(C(=C(C(=O)OCC)N=N1)CN2C(C)CCCC2)C3C(=NON=3)N
333333i	333333	CCCCCO	-,-,-,-,-,-	1.532901	1.529731	1.528968	1.542372	1.432658	1.444716	111.101865	109.900589	110.482428	110.165653	110.377247	113.006439	-53.325595	53.746254	-56.204722	0.568687	1.0615	OC[CH]1O[CH](OC2=CC=C(O)C=C2)[CH](O)[CH](O)[CH]1O
333333i	333333	CCCCCO	-,-,-,-,-,-	1.533325	1.525532	1.530153	1.537533	1.436203	1.416050	111.770266	109.008699	110.663142	111.251252	112.625479	114.529620	54.794043	-51.265033	49.335301	0.542947	5.9012	O[CH]1O[CH]([CH](O)[CH](O)[CH]1O)C(O)=O
333333i	333333	CCCCCO	-,-,-,-,-,-	1.534157	1.532901	1.524392	1.540903	1.428661	1.440811	111.747282	111.366417	110.863425	110.255110	111.052937	114.762698	-51.234692	53.029613	-55.626578	0.541524	2.9142	OC[CH]1O[CH](OC[CH]2O[CH](O[C]3(CO)O[CH](CO)[CH](O)[CH]3O)[CH](O)[CH](O)[CH]2O)[CH](O)[CH](O)[CH]1O
333333i	333333	CCCCCO	-,-,-,-,-,-	1.534533	1.531973	1.528535	1.538906	1.427419	1.437879	110.067669	109.795973	111.278296	109.295514	109.484342	112.529397	-52.084044	53.130764	-57.680286	0.580005	3.9999	OC[CH]1O[CH](OC2=C(C(=O)CCC3=CC=C(O)C=C3)C(=CC(=C2)O)O)[CH](O)[CH](O)[CH]1O
333333i	333333	CCCCCO	-,-,-,-,-,-	1.534586	1.541924	1.537562	1.541736	1.432017	1.436174	110.629910	110.245006	111.292909	110.575634	109.041149	112.503942	-49.371322	50.839216	-56.752597	0.570982	5.9487	CCC(=O)OC[CH]1O[CH](OC2=CC=C(C=C2)N=NC3=CC=CC=C3)[CH](OC(=O)CC)[CH](OC(=O)CC)[CH]1OC(=O)CC
333333i	333333	CCCCCO	-,-,-,-,-,-	1.535245	1.535118	1.535196	1.527392	1.432003	1.445046	111.062304	109.933353	111.682226	110.725156	111.087620	112.705025	-50.494406	50.475384	-54.505662	0.555614	3.8815	OC[CH]1OC[CH](O)[CH](O)[CH]1O
333333i	333333	CCCCCO	-,-,-,-,-,-	1.535617	1.536840	1.538117	1.544440	1.431105	1.436504	110.899608	108.959595	110.263771	109.521767	110.545831	113.343580	-54.914127	54.560267	-55.857444	0.577752	0.6451	CC(=O)OC[CH]1O[CH](OC[CH]2O[CH](OC(C)=O)[CH](OC(C)=O)[CH](OC(C)=O)[CH]2OC(C)=O)[CH](OC(C)=O)[CH](OC(C)=O)[CH]1OC(C)=O
333333i	333333	CCCCCO	-,-,-,-,-,-	1.535951	1.525917	1.525552	1.520272	1.425072	1.430714	112.279167	112.744600	112.106143	110.726819	111.058039	113.285304	44.509017	-48.720503	56.739012	0.525390	8.4292	CO[CH]1OCCC[CH]1Br
333333i	333333	CCCCCO	-,-,-,-,-,-	1.536424	1.539434	1.540559	1.542603	1.421737	1.438155	110.014647	109.236067	111.111923	109.073777	111.523667	112.743829	53.789080	-52.017318	54.937933	0.575087	2.7160	CC(=O)OC[CH]1O[CH](OC[CH]2O[CH](O[CH](C#N)C3=CC=CC=C3)[CH](OC(C)=O)[CH](OC(C)=O)[CH]2OC(C)=O)[CH](OC(C)=O)[CH](OC(C)=O)[CH]1OC(C)=O
333333i	333333	CCCCCO	-,-,-,-,-,-	1.536656	1.534036	1.524221	1.538913	1.420147	1.434076	111.197945	109.956473	111.102779	110.168894	111.649034	112.647237	-51.729389	51.318721	-54.969374	0.557109	2.3711	C[CH]1O[CH](O)[CH](O)[CH](O)[CH]1O
333333i	333333	CCCCCO	-,-,-,-,-,-	1.536731	1.529896	1.533903	1.539512	1.424645	1.442010	110.797588	110.104417	111.542284	108.873856	110.553139	112.940296	51.901473	-53.145558	57.293356	0.568623	3.2128	OC[CH]1O[CH](SC2=C(Cl)C=CC(=C2)Cl)[CH](O)[CH](O)[CH]1O
333333i	333333	CCCCCO	-,-,-,-,-,-	1.536915	1.540654	1.541168	1.542440	1.428335	1.438201	109.730765	108.316649	111.033638	108.621765	111.205910	112.935309	-55.743369	53.647174	-55.057535	0.586282	2.5137	CC(=O)OC[CH]1O[CH](SC2=C3C=CC=CC3=CC=C2)[CH](OC(C)=O)[CH](OC(C)=O)[CH]1OC(C)=O
333333i	333333	CCCCCO	-,-,-,-,-,-	1.536928	1.532755	1.528988	1.537184	1.427686	1.438447	109.915248	112.926853	111.372997	110.434583	111.432663	115.040285	-49.162586	49.497829	-54.149801	0.533306	3.5137	OC[CH]1O[CH](O[CH]2[CH](O)[CH](O)[CH](O)O[CH]2CO)[CH](O)[CH](O)[CH]1O
333333i	333333	CCCCCO	-,-,-,-,-,-	1.536961	1.530143	1.530934	1.541385	1.430734	1.447614	112.357962	110.669761	110.449504	109.962228	110.900772	113.093541	51.767613	-54.152781	57.451628	0.556975	3.2000	OC[CH]1O[CH](OC2=C(C=CC=C2)[N+]([O-])=O)[CH](O)[CH](O)[CH]1O
333333i	333333	CCCCCO	-,-,-,-,-,-	1.536991	1.541589	1.535593	1.541597	1.432815	1.435890	111.648716	110.494096	110.721874	111.526188	110.510673	114.591419	-50.812121	51.371061	-53.775036	0.544552	1.1603	CC(=O)OC[CH]1O[CH](SC2=C(Cl)C=CC(=C2)Cl)[CH](OC(C)=O)[CH](OC(C)=O)[CH]1OC(C)=O
333333i	333333	CCCCCO	-,-,-,-,-,-	1.537406	1.536121	1.537514	1.541340	1.430505	1.438035	111.089758	108.625939	109.863138	109.504715	111.389052	113.565286	-56.359686	55.275272	-55.086791	0.576605	2.7773	CC(=O)OC[CH]1O[CH](O[C]2(COC(C)=O)O[CH](COC(C)=O)[CH](OC(C)=O)[CH]2OC(C)=O)[CH](OC(C)=O)[CH](OC(C)=O)[CH]1OC(C)=O
333333i	333333	CCCCCO	-,-,-,-,-,-	1.537675	1.533263	1.526720	1.542952	1.430393	1.434390	110.473018	109.671951	110.842652	110.151575	110.580579	112.117775	-52.513862	51.959766	-55.728390	0.573391	3.3328	OC[CH]1O[CH](O[CH]2O[CH](CO)[CH](O)[CH](O)[CH]2O)[CH](O)[CH](O)[CH]1O
333333i	333333	CCCCCO	-,-,-,-,-,-	1.538191	1.541171	1.536638	1.540716	1.431218	1.435288	111.828139	110.915114	110.635913	109.682712	110.009812	113.465362	50.271368	-53.453999	58.269875	0.561153	4.7172	CC(=O)OC[CH]1O[CH](OC(C)=O)[CH](OC(C)=O)[CH](OC(C)=O)[CH]1O[CH]2O[CH](COC(C)=O)[CH](OC(C)=O)[CH](OC(C)=O)[CH]2OC(C)=O
333333i	333333	CCCCCO	-,-,-,-,-,-	1.538293	1.540590	1.533865	1.541843	1.426398	1.446547	110.558583	108.961617	109.705956	109.360253	111.114559	113.068343	-56.037386	55.353773	-56.502237	0.582950	1.4943	CC(=O)OC[CH]1O[CH](O[CH]2[CH](COC(C)=O)O[CH](SC3=CC=CC=C3)[CH](OC(C)=O)[CH]2OC(C)=O)[CH](OC(C)=O)[CH](OC(C)=O)[CH]1OC(C)=O
333333i	333333	CCCCCO	-,-,-,-,-,-	1.538296	1.538954	1.535351	1.547615	1.430129	1.439350	110.773716	108.855323	110.284595	109.219708	111.293609	113.354257	55.786757	-54.640687	55.347868	0.577543	1.7136	CC(=O)OC[CH]1O[CH](OCCCC2=CC=CC=C2)[CH](OC(C)=O)[CH](OC(C)=O)[CH]1OC(C)=O
333333i	333333	CCCCCO	-,-,-,-,-,-	1.538747	1.541558	1.535423	1.546063	1.437017	1.443866	110.703224	109.077046	110.021672	109.077204	110.151887	113.489203	-55.619638	56.131591	-57.319366	0.585047	1.2170	CC(=O)OC[CH]1O[CH](OC(C)=O)[CH](OC(C)=O)[CH](OC(C)=O)[CH]1OC(C)=O
333333i	333333	CCCCCO	-,-,-,-,-,-	1.538893	1.528836	1.526982	1.542869	1.431453	1.432016	109.677278	109.473265	110.679714	109.751142	109.982203	112.703882	-53.914018	53.195103	-56.036961	0.581577	2.6433	OC[CH](O)[CH]1O[CH](OC2=CC=CC=C2)[CH](O)[CH](O)[CH]1O
333333i	333333	CCCCCO	-,-,-,-,-,-	1.539026	1.538875	1.537921	1.543400	1.431094	1.431898	111.104978	109.487736	110.897062	109.334223	109.624884	113.723213	-52.633019	54.346264	-57.246040	0.573406	2.3516	CC(=O)OC[CH]1O[CH](O[CH]2[CH]3CO[CH](O3)[CH]4OC(C)(C)O[CH]24)[CH](OC(C)=O)[CH](OC(C)=O)[CH]1OC(C)=O
333333i	333333	CCCCCO	-,-,-,-,-,-	1.539385	1.528640	1.529761	1.541283	1.445562	1.434510	111.437812	109.756959	111.043507	109.461112	110.266458	113.215100	53.171790	-54.526243	56.690095	0.568689	1.8142	OCC1OC(C(O)C(O)C1O)C2c3cccc(O)c3C(=O)c4c(O)cc(CO)cc24
333333i	333333	CCCCCO	-,-,-,-,-,-	1.539508	1.533030	1.528868	1.539797	1.424429	1.433898	111.474282	113.755762	112.348385	111.687267	111.803347	115.140195	44.041736	-45.737165	52.471025	0.503153	6.7243	OC[CH]1O[CH](O[CH]2[CH](CO)O[CH](SC3=CC=CC=C3)[CH](O)[CH]2O)[CH](O)[CH](O)[CH]1O
333333i	333333	CCCCCO	-,-,-,-,-,-	1.539921	1.540741	1.538482	1.541479	1.437373	1.435422	111.471731	109.432514	110.321237	109.577913	109.528794	113.154049	52.938150	-55.116052	58.061913	0.578278	2.4500	CC(=O)OC[CH]1O[CH](OC2=C(C)C=CC=C2)[CH](OC(C)=O)[CH](OC(C)=O)[CH]1OC(C)=O
333333i	333333	CCCCCO	-,-,-,-,-,-	1.540250	1.531347	1.526473	1.538212	1.427932	1.431270	112.310730	110.001529	110.912329	110.283743	112.474384	113.927362	-52.698800	52.538962	-53.634528	0.542242	1.4340	OC[CH](O)[CH](O)[CH]1O[CH](O)[CH](O)[CH](O)[CH]1O
333333i	333333	CCCCCO	-,-,-,-,-,-	1.540271	1.540588	1.535754	1.541960	1.437097	1.434461	110.738716	110.468660	110.091643	110.132521	109.180929	113.182842	51.736242	-53.841340	58.082347	0.575599	3.4353	CC(=O)OC[CH](OC(C)=O)[CH](OC(C)=O)[CH]1O[CH](OC(C)=O)[CH](OC(C)=O)[CH](OC(C)=O)[CH]1OC(C)=O.CC(=O)OC[CH](OC(C)=O)[CH](OC(C)=O)[CH]2O[CH](OC(C)=O)[CH](OC(C)=O)[CH](OC(C)=O)[CH]2OC(C)=O
333333i	333333	CCCCCO	-,-,-,-,-,-	1.540271	1.540588	1.535754	1.541960	1.437097	1.434461	110.738731	110.468748	110.091719	110.132522	109.180912	113.182808	51.735966	-53.841165	58.082391	0.575598	3.4356	CC(=O)OC[CH](OC(C)=O)[CH](OC(C)=O)[CH]1O[CH](OC(C)=O)[CH](OC(C)=O)[CH](OC(C)=O)[CH]1OC(C)=O.CC(=O)OC[CH](OC(C)=O)[CH](OC(C)=O)[CH]2O[CH](OC(C)=O)[CH](OC(C)=O)[CH](OC(C)=O)[CH]2OC(C)=O
333333i	333333	CCCCCO	-,-,-,-,-,-	1.540605	1.528664	1.529066	1.532325	1.444465	1.427820	111.256932	110.227766	110.478812	109.730520	111.202491	113.102331	53.267634	-53.841269	56.064609	0.563377	0.8294	CO[CH]1O[CH](CO)[CH](O)[CH](O)[CH]1O
333333i	333333	CCCCCO	-,-,-,-,-,-	1.540898	1.531849	1.526124	1.528720	1.433347	1.428051	112.440519	110.122964	110.808153	110.527076	112.798557	113.927787	-52.495347	52.396620	-53.340892	0.538127	1.7546	OCC1(O)OCC(O)C(O)C1O
333333i	333333	CCCCCO	-,-,-,-,-,-	1.541077	1.528767	1.536932	1.534727	1.437728	1.423653	109.612930	109.573150	111.430963	109.930863	109.713545	112.399099	51.743963	-51.338486	55.530367	0.578423	4.9289	OC[CH](O)[CH](O)[CH](O[CH]1O[CH](CO)[CH](O)[CH](O)[CH]1O)C(=O)CO
333333i	333333	CCCCCO	-,-,-,-,-,-	1.541173	1.531645	1.536832	1.539116	1.434699	1.430346	110.160222	109.567871	110.814025	110.863073	111.406323	113.167950	53.187222	-50.637111	52.462982	0.563215	4.2963	CO[CH]1O[CH](COS(=O)(=O)C2=CC=C(C)C=C2)[CH](OC(=O)C3=CC=CC=C3)[CH](OC(=O)C4=CC=CC=C4)[CH]1OC(=O)C5=CC=CC=C5
333333i	333333	CCCCCO	-,-,-,-,-,-	1.541391	1.528752	1.528476	1.538392	1.435798	1.428005	111.308674	110.232316	110.243173	109.643910	110.190557	113.459825	52.967110	-54.798778	57.470072	0.568210	2.3423	CO[CH]1O[CH]([CH](O)CO)[CH](O)[CH](O)[CH]1O
333333i	333333	CCCCCO	-,-,-,-,-,-	1.541421	1.529186	1.528061	1.537781	1.421443	1.439116	111.211418	110.228401	110.943021	109.577822	110.749580	113.211060	51.928701	-53.468902	57.129773	0.562563	2.4585	OC[CH]1O[CH](OC[CH](O)[CH](O)[CH](O)[CH](O)C=O)[CH](O)[CH](O)[CH]1O
333333i	333333	CCCCCO	-,-,-,-,-,-	1.541611	1.545104	1.542159	1.553606	1.439023	1.443270	110.649693	108.657979	111.715996	107.608592	109.366168	112.516105	53.719190	-55.467427	58.994695	0.595079	3.3906	CC(=O)OC[CH]1O[CH](OC(C)=O)[CH](NC(=O)OCC2=CC=CC=C2)[CH](OC(C)=O)[CH]1OC(C)=O
333333i	333333	CCCCCO	-,-,-,-,-,-	1.541762	1.547656	1.546450	1.545469	1.424454	1.434722	113.903385	110.935011	112.470763	109.496550	113.062867	116.170713	15.203690	38.215812	-60.863266	0.707302	87.5500	COC[CH]1O[CH](O[C]2(COC)O[CH](COC)[CH](OC)[CH]2OC)[CH](OC)[CH](OC)[CH]1OC
333333i	333333	CCCCCO	-,-,-,-,-,-	1.542065	1.524189	1.531658	1.537000	1.445400	1.430748	111.427884	111.480288	110.614085	112.324693	109.475003	114.769931	49.635507	-51.350352	54.190837	0.540316	2.6072	CO[CH]1O[CH]([CH](O)[CH](O)CO)[CH](O)[CH](O)[CH]1O
333333i	333333	CCCCCO	-,-,-,-,-,-	1.542541	1.530163	1.526481	1.535907	1.422073	1.441462	111.407428	110.452020	110.804130	109.436108	111.225968	112.707067	51.779181	-53.474492	57.650639	0.562200	2.7462	OC[CH]1O[CH](O[CH]2[CH](O)[CH](CO)O[C]2(CO)O[CH]3O[CH](CO)[CH](O)[CH](O)[CH]3O)[CH](O)[CH](O)[CH]1O
333333i	333333	CCCCCO	-,-,-,-,-,-	1.543008	1.537987	1.531095	1.543100	1.428106	1.437276	111.502189	110.164519	110.189976	109.360553	111.749531	115.527258	-54.870121	55.469177	-55.132108	0.553823	4.3752	CC(=O)OC[CH]1O[CH](O[CH]([CH](COC(C)=O)OC(C)=O)[CH](OC(C)=O)[CH](COC(C)=O)OC(C)=O)[CH](OC(C)=O)[CH](OC(C)=O)[CH]1OC(C)=O
333333i	333333	CCCCCO	-,-,-,-,-,-	1.543341	1.525596	1.532316	1.526653	1.427794	1.428206	110.741183	110.331467	111.020452	109.887590	111.706398	112.407391	51.517337	-51.402116	55.519798	0.560054	2.8152	CO[CH]1OC[CH](O)[CH](O)[CH]1O
333333i	333333	CCCCCO	-,-,-,-,-,-	1.544762	1.532394	1.539183	1.539016	1.448226	1.427683	111.120973	108.813455	110.519149	109.878713	110.080868	114.029203	54.823100	-55.171500	55.317662	0.573876	0.9430	CO[CH]1O[CH]([CH](COC(C)=O)OC(C)=O)[CH](OC(C)=O)[CH](OC(C)=O)[CH]1OC(C)=O
333333i	333333	CCCCCO	-,-,-,-,-,-	1.546582	1.544342	1.545071	1.542879	1.437594	1.429099	111.294468	108.797237	110.158863	107.877105	110.253411	113.655231	55.342651	-57.257801	58.721109	0.588400	3.1375	CCCCOC1OC(CON(=O)=O)C(ON(=O)=O)C(ON(=O)=O)C1ON(=O)=O
333333i	333333	CCCCCO	-,-,-,-,-,-	1.546826	1.534910	1.539425	1.536639	1.442734	1.429503	111.262363	109.167566	110.226537	108.949224	110.426853	113.355763	54.647446	-56.035441	57.513853	0.579612	1.7612	CO[CH]1O[CH](COC(C)=O)[CH](OC(C)=O)[CH](OC(C)=O)[CH]1OC(C)=O
333333i	333333	CCCCCO	-,-,-,-,-,-	1.553628	1.530086	1.526825	1.525020	1.430007	1.434773	110.161107	110.699559	110.313741	109.763916	111.983532	113.806103	-53.401105	53.475480	-55.841904	0.559246	0.3143	CO[C]1(CO)OC[CH](O)[CH](O)[CH]1O
333333i	333333	CCCCNC	-,-,-,-,-,-	1.525468	1.523386	1.525428	1.464247	1.470845	1.539132	111.618512	110.443729	111.028716	111.674974	111.816283	110.289910	-52.379241	55.625249	-58.967328	0.561743	2.2691	COC1=CC(=C2N=CC=CC2=C1)NCCC[CH]3CCCCN3
333333i	333333	CCCCNC	-,-,-,-,-,-	1.526232	1.522564	1.524346	1.465360	1.487570	1.542401	111.659933	110.574357	110.960763	111.565194	111.653168	109.503247	-52.632527	56.030941	-59.617357	0.568379	2.7799	O[CH]([CH]1CCCCN1)C2=C3C=CC=CC3=NC(=C2)C4=CC(=C(Cl)C=C4)Cl
333333i	333333	CCCCNC	-,-,-,-,-,-	1.526433	1.524634	1.526455	1.463490	1.470625	1.538345	111.411311	110.644602	111.058505	111.840344	111.501792	110.643405	-51.942931	55.429511	-58.960535	0.560513	2.6689	COC1=CC(=C2N=CC=CC2=C1)NCCCCCC[CH]3CCCCN3
333333i	333333	CCCCNC	-,-,-,-,-,-	1.526488	1.524713	1.526568	1.464066	1.470915	1.538104	111.377486	110.661671	111.080403	111.823975	111.398304	110.660410	51.879174	-55.434790	59.039556	0.561099	2.8221	COC1=CC(=C2N=CC=CC2=C1)NCCCC[CH]3CCCCN3
333333i	333333	CCCCNC	-,-,-,-,-,-	1.527007	1.523472	1.525325	1.462185	1.472178	1.537683	111.562633	110.736710	111.050782	111.320062	112.004553	110.257901	-52.199652	55.747293	-59.448539	0.561202	2.7694	COC1=CC(=C2N=CC=CC2=C1)NCCCCCCC[CH]3CCCCN3
333333i	333333	CCCCNC	-,-,-,-,-,-	1.527287	1.524901	1.526790	1.467439	1.489175	1.536655	111.220648	110.987290	111.250623	111.645838	110.638362	110.805829	-51.820236	56.013552	-59.531780	0.565166	3.7795	O[CH]([CH]1CCCCN1)C2=C3C=CC=C(Cl)C3=NC(=C2)C4=CC=C(Cl)C=C4
333333i	333333	CCCCNC	-,-,-,-,-,-	1.547332	1.547332	1.540585	1.471280	1.471280	1.540586	111.988289	110.746585	111.988321	110.540426	111.692765	110.540462	49.202735	-54.951507	61.085493	0.561489	6.0573	CCOC(=O)[CH]1[CH](C)N[CH](C)[CH]([CH]1C)C(=O)OCC
333333i	333333	CCCCNN	-,-,-,-,-,-	1.531875	1.528704	1.528457	1.472305	1.459440	1.487683	109.033498	110.567921	110.923307	110.432647	108.475476	108.927342	49.692297	-53.695155	62.444054	0.603699	8.8906	C1(C(=O)O)NNCCC1
333333i	333333	CCCCOC	-,-,-,-,-,-	1.524047	1.521869	1.520334	1.426266	1.445971	1.532210	112.497612	110.503182	110.869385	111.457550	114.069904	111.230267	-51.871997	56.160808	-58.683608	0.535687	3.3958	c1ccc(cc1)S(=O)(=O)[C@@H]2CCCCO2
333333i	333333	CCCCOC	-,-,-,-,-,-	1.525823	1.524700	1.522689	1.428316	1.440481	1.530613	110.618566	110.640761	110.792109	110.675965	111.998160	109.787162	-50.909277	55.691184	-62.188592	0.567806	4.5632	NC1=CC=C(C=C1)S(=O)(=O)NC[CH]2CCCCO2
333333i	333333	CCCCOC	-,-,-,-,-,-	1.528944	1.525716	1.539944	1.425974	1.429720	1.528025	109.833300	110.453896	109.628770	110.502016	112.156839	111.653393	53.551354	-57.342868	61.218978	0.570388	2.2542	O[CH]1CO[CH](OCC2=CC=CC=C2)[CH](O)[CH]1O
333333i	333333	CCCCOC	-,-,-,-,-,-	1.530995	1.524127	1.547439	1.437716	1.418913	1.537163	111.841435	110.687347	110.884374	113.045116	112.947274	111.499609	-57.452421	22.666730	38.920783	0.718794	89.6642	CNC(=O)[CH](C)[CH]1N([CH]2CC[CH](O)[CH](C)O2)C(=O)C(=C(O)C=CC(C)=C[CH](C)[CH]3O[C]4(C)O[CH](C=C[C]45CO5)[CH]3C)C1=O
333333i	333333	CCCCOC	-,-,-,-,-,-	1.531848	1.535956	1.531833	1.433385	1.433149	1.543799	108.915409	110.684832	109.750300	111.977121	112.965128	109.356178	52.251541	-53.220827	59.661902	0.576479	4.3406	c1ccc(cc1)O[C@@H]2[C@@H]([C@@H]([C@@H](CO2)O)O)O
333333i	333333	CCCCOC	-,-,-,-,-,-	1.535434	1.538554	1.547352	1.440366	1.425524	1.527241	109.163412	110.317643	109.609927	109.364157	113.261744	112.541192	-55.358901	57.407125	-60.162294	0.573724	2.4882	CC(=O)O[CH]1CO[CH](OC2=C(Br)C=C(Br)C=C2Br)[CH](OC(C)=O)[CH]1OC(C)=O
333333i	333333	CCCCOC	-,-,-,-,-,-	1.539882	1.535760	1.540561	1.430211	1.425223	1.529460	110.507140	110.398916	110.275786	110.552124	112.271024	112.634714	-52.058063	57.205026	-61.079899	0.558433	3.8010	CC(=O)O[CH]1CO[CH](OCC2=CC=CC=C2)[CH](OC(C)=O)[CH]1OC(C)=O
333333i	333333	CCCCON	-,-,-,-,-,-	1.532283	1.529637	1.524488	1.431697	1.465026	1.470918	108.702139	111.454988	110.453521	108.470228	108.204140	105.059600	-46.442689	53.473235	-68.495305	0.629975	13.9017	Cc1cnc(cn1)CNC(=O)CCN2CCCCO2
333333i	333333	CCCNCC	-,-,-,-,-,-	1.521167	1.530488	1.479967	1.479967	1.530489	1.521167	110.112663	111.405186	111.625691	108.965238	111.625900	111.405483	-57.046409	59.719231	-59.718614	0.572471	4.0798	C1CCN(CC1)C(C2=CC=CC=C2)C3=CC=CC=C3
333333i	333333	CCCNCC	-,-,-,-,-,-	1.522293	1.528346	1.469647	1.470100	1.527796	1.522288	110.128337	111.391497	112.166086	110.135487	112.137486	111.250530	55.830442	-57.883416	58.115744	0.559557	2.2608	C1CCN(CC1)P(=S)(O)O
333333i	333333	CCCNCC	-,-,-,-,-,-	1.525194	1.524279	1.527214	1.546678	1.542320	1.529054	111.981642	112.093794	112.198027	110.905763	113.541134	110.433238	-54.959309	52.343684	-52.048235	0.547414	1.8840	C[N+]1(C)CCC[CH](C1)OCCCCCCCCCCCCCCO[CH]2CCC[N+](C)(C)C2
333333i	333333	CCCNCC	-,-,-,-,-,-	1.525416	1.523107	1.518005	1.518009	1.523107	1.525415	111.388471	111.741363	109.032206	111.973702	109.031755	111.740559	-55.939484	59.404402	-59.405699	0.579013	3.6980	C1CC[NH+](CC1)/C=C/C=C/C=[N+]2CCCCC2
333333i	333333	CCCNCC	-,-,-,-,-,-	1.525467	1.527416	1.463403	1.463403	1.527416	1.525467	110.546803	111.265612	111.471810	111.461905	111.471809	111.265622	-55.388981	58.545225	-58.545222	0.557255	2.5054	SC(=S)N1CCCCC1.C2CCNCC2
333333i	333333	CCCNCC	-,-,-,-,-,-	1.526631	1.523195	1.494145	1.494154	1.523192	1.526630	111.358666	111.727607	108.994115	114.896540	108.994146	111.727247	54.183445	-57.492085	57.492544	0.559974	1.0364	C1CC[NH+](CC1)c2c(c(=[N+]3CCCCC3)c2=O)[O-]
333333i	333333	CCCNCC	-,-,-,-,-,-	1.527463	1.525882	1.462980	1.465535	1.540580	1.539047	110.494134	111.375714	111.430765	111.338740	111.810209	110.148406	-55.955310	58.694564	-58.976370	0.563825	1.9845	CN1CCC[CH]1[CH]2CCCNC2
333333i	333333	CCCNCC	-,-,-,-,-,-	1.531844	1.530455	1.470013	1.470476	1.532027	1.532097	109.707588	111.329857	110.949451	111.045575	110.674264	111.375540	-56.453460	59.762121	-59.797417	0.572445	2.7892	C[CH]1CCN(CC1)[CH](CC(=O)C2=CC=CC=C2)C(=O)C3=CC=CC=C3
333333i	333333	CCCNCC	-,-,-,-,-,-	1.531874	1.531778	1.479119	1.479199	1.530224	1.532896	109.030627	111.699919	111.764708	108.598038	111.447031	111.754212	-57.421608	60.224114	-60.428326	0.577978	4.2365	CCCCCCCCCC1CCN(CC1)C(C2=CC=C(NC(C)=O)C=C2)C3=CC=C(NC(C)=O)C=C3
333333i	333333	CCCNCC	-,-,-,-,-,-	1.533886	1.530470	1.473359	1.472837	1.529713	1.535439	109.148510	111.624224	111.629845	110.093716	111.181688	111.830014	-56.618783	59.443886	-59.501905	0.570675	3.0877	CCCCCC[CH]1CCN(CC1)C[CH](O)C2=CC=C(C=C2)[N+]([O-])=O
333333i	333333	CCCNCC	-,-,-,-,-,-	1.535902	1.531923	1.465202	1.465274	1.530367	1.537068	109.403558	111.630474	110.750481	111.885757	110.448031	111.688119	55.878266	-59.496481	59.694187	0.568170	2.5441	CCCCCCC1CCN(CC1)CC(=O)C2=CC=CC=C2
333333i	333333	CCCNCC	-,-,-,-,-,-	1.537438	1.527188	1.461937	1.461857	1.528702	1.536282	109.438785	111.599819	111.337931	111.271293	111.643891	111.543623	-56.260725	59.024539	-58.822183	0.561792	2.3666	CCCCCCCCC1CCNCC1
333333i	333333	CCCOCC	-,-,-,-,-,-	1.524802	1.529861	1.431064	1.428356	1.521423	1.522658	110.088559	111.570349	111.321808	113.156032	111.406867	110.333893	-53.103519	57.420689	-59.629247	0.550046	2.3925	C1CCO[C@@H](C1)ON2C(=O)CCC2=O
333333i	333333	CCCOCC	-,-,-,-,-,-	1.526704	1.535931	1.423187	1.438538	1.542251	1.538041	110.434821	109.542914	109.532690	112.228501	111.312328	109.551276	59.524904	-63.190376	61.084041	0.580262	3.8117	OC[CH]1O[CH](O[CH]2[CH](O)[CH](O)[CH](O)O[CH]2CO)[CH](O)[CH](O)[CH]1O
333333i	333333	CCCOCC	-,-,-,-,-,-	1.529053	1.518017	1.422807	1.433397	1.541019	1.532823	110.458803	111.279580	110.609846	115.842157	110.584221	114.448100	-56.760265	60.355628	-54.248551	0.520596	7.3079	N#CC1(CC(C)(C)OCC1)O
333333i	333333	CCCOCC	-,-,-,-,-,-	1.533195	1.524785	1.426612	1.425496	1.523167	1.531046	110.542745	111.840262	110.588687	112.187445	110.347351	111.336284	53.995049	-62.060642	63.104563	0.553572	6.5666	OC(=O)C1CCOCC1
333333i	333333	CCCOCC	-,-,-,-,-,-	1.536448	1.539298	1.431877	1.425249	1.522479	1.524483	109.262845	110.992955	112.544400	116.252433	112.070929	111.477318	-51.197228	51.626558	-52.696417	0.529659	5.8780	CO[CH]1C[CH](O[CH](C)[CH]1O[CH]2O[CH](CO)[CH](O)[CH](O)[CH]2O)O[CH]3CC[C]4(C=O)[CH]5CC[C]6(C)[CH](CC[C]6(O)[CH]5CC[C]4(O)C3)C7=CC(=O)OC7
333333i	333333	CCCOCC	-,-,-,-,-,-	1.544211	1.524247	1.425515	1.425081	1.522903	1.542738	109.037102	111.427490	110.507200	112.679033	110.294858	111.176541	-55.489441	61.697402	-62.307380	0.564390	3.6282	OC(=O)C1(CCOCC1)C(O)=O
333333i	333333	CCCOCO	-,-,-,-,-,-	1.538081	1.535318	1.441289	1.421945	1.420472	1.439143	110.457096	111.519179	109.280107	110.015420	111.492556	113.346241	-51.164913	59.500094	-64.690031	0.548173	8.3760	OC[CH]1OCO[CH](CO)[CH]1O
333333i	333333	CCCOCO	-,-,-,-,-,-	1.539365	1.536868	1.447046	1.427916	1.425281	1.435112	108.041780	108.247573	109.346863	111.221333	110.470475	110.755305	54.889299	-57.433535	61.524078	0.591557	2.4508	OC[CH](O)[CH]1OC(O[CH]([CH](O)CO)C1O)C2=CC=CC=C2
333333i	333333	CCCOCO	-,-,-,-,-,-	1.541290	1.537367	1.449732	1.422164	1.422063	1.438630	108.220013	108.261219	109.203789	110.961038	111.206286	110.461620	-55.033784	57.538743	-61.821269	0.590449	2.0225	OC[CH](O)[CH]1OCO[CH]([CH](O)CO)[CH]1O
333333i	333333	CCCOCO	-,-,-,-,-,-	1.542538	1.542567	1.434710	1.426009	1.423655	1.429379	110.158739	110.395411	109.986744	113.465551	111.521021	111.560670	48.840844	-53.469024	59.872744	0.542754	4.1168	CC(=O)OC[CH](OC(C)=O)[CH]1OC(O[CH]([CH](COC(C)=O)OC(C)=O)C1OC(C)=O)C2=CC=CC=C2
333333i	333333	CCNCCC	-,-,-,-,-,-	1.520142	1.508439	1.503946	1.526073	1.541302	1.547509	113.103280	108.893438	112.283591	110.543973	114.866412	110.278364	60.848424	-57.121784	50.281969	0.552198	8.3718	[H]/N=C/1\\CC2(CC[NH+](CC2)C)c3c(nc([nH]3)COC)O1
333333i	333333	CCNCCC	-,-,-,-,-,-	1.523370	1.493878	1.491318	1.521919	1.541180	1.541146	113.193244	109.023719	113.856659	109.148248	113.057926	109.563813	-58.513264	58.716419	-54.944138	0.560199	3.0412	COC(=O)c1ccoc1CC2CC[NH2+]CC2
333333i	333333	CCNCCC	-,-,-,-,-,-	1.527572	1.463839	1.463199	1.529290	1.536683	1.538081	111.572217	111.692027	110.717809	112.018617	111.510387	109.538018	59.010093	-58.805479	55.725365	0.560901	2.7069	COC1=CC(=C2N=CC=CC2=C1)NCCCC3CCNCC3
333333i	333333	CCNCCC	-,-,-,-,-,-	1.527756	1.459586	1.460716	1.525909	1.545896	1.543072	112.171116	111.525853	110.843476	111.425673	112.228541	108.373266	-59.434315	59.444545	-56.445674	0.563344	2.9526	N1(C(C2=CC=CC=C(CC1)2)C3CCNCC3)C
333333i	333333	CCNCCC	-,-,-,-,-,-	1.543012	1.466408	1.466408	1.543012	1.532351	1.532351	113.868091	112.104119	119.253846	112.104129	113.868095	110.620426	-45.560183	45.560180	-47.310164	0.479986	7.4576	C12(C(OC(O1)=O)=C)CC(NC(C2)(C)C)(C)C
333333i	333333	CCNCCC	-,-,-,-,-,-	1.548488	1.471799	1.461379	1.524049	1.524187	1.537449	110.331636	110.611703	111.975229	111.197950	111.075820	110.939864	59.189922	-59.562561	56.015318	0.566702	2.3677	C[CH]1CCCN[CH]1C
333333i	333333	CCNCCN	-,-,-,-,-,-	1.541536	1.472240	1.473302	1.540776	1.499977	1.499208	110.006886	112.971784	109.659291	113.118165	110.137770	109.678712	-54.917338	54.645160	-56.642148	0.568968	2.8409	S(N1CCNCC1)(C2C=CC(Br)=CC=2)(=O)=O
333333i	333333	CCNCCN	-,-,-,-,-,-	1.545114	1.474781	1.474710	1.546806	1.480224	1.479937	112.355269	111.993972	109.222580	112.214968	112.270932	108.459828	55.081670	-54.940254	56.848287	0.561549	0.5687	N1(C(=C(C(=O)OCC)N=N1)CN2CCN(CC2)C)C3C(=NON=3)N
333333i	333333	CCNCCN	-,-,-,-,-,-	1.545514	1.465640	1.464565	1.547894	1.486655	1.486057	114.780962	112.484006	111.146416	112.883976	115.238124	107.626141	52.141608	-51.087335	52.586204	0.518072	1.5263	C1CN(CC[NH2+]1)CC/[NH+]=C(/C(=[NH+]/CCN2CCNCC2)/[S-])\\[S-]
333333i	333333	CCNCCN	-,-,-,-,-,-	1.546063	1.470655	1.470541	1.543938	1.480177	1.479030	112.364288	113.127061	109.137633	112.785682	112.434179	108.762988	53.726300	-53.977756	56.579227	0.549403	1.0026	COC1=CC(=C2N=CC=CC2=C1)NCCCCCCN3CCNCC3.OC(=O)C(O)=O
333333i	333333	CCNCCN	-,-,-,-,-,-	1.546152	1.469992	1.471099	1.543995	1.480688	1.478176	112.336842	112.959658	109.165673	112.780745	112.459722	108.818297	-54.011926	54.022712	-56.287789	0.549868	0.7225	C1(C(=O)NCCN2CCNCC2)=C(O)C=CC=C1
333333i	333333	CCNCCN	-,-,-,-,-,-	1.546865	1.477580	1.476596	1.547696	1.475911	1.476006	111.978239	112.175282	109.120341	112.438047	111.585205	109.193980	-54.617650	54.916715	-57.036644	0.561642	0.7969	O=C(C[CH](N1CCN(CC1)CC2=CC=CC=C2)C(=O)C3=CC=CC=C3)C4=CC=CC=C4
333333i	333333	CCNNCC	-,-,-,-,-,-	1.522130	1.506952	1.439166	1.474078	1.526537	1.526799	110.921792	109.225539	109.573859	110.487082	110.163666	110.970301	61.578975	-65.464422	61.004165	0.587045	6.5797	C1CCN[NH2+]C1
333333i	333333	CCOCCC	-,-,-,-,-,-	1.528796	1.432699	1.427081	1.525599	1.567708	1.552012	113.564485	111.714253	111.228404	108.404771	112.355486	110.490719	48.081041	-75.462136	34.429250	0.730997	83.8269	c1ccc2c(c1)CN(C(=[NH2+])C23CCOCC3)N
333333i	333333	CCOCCC	-,-,-,-,-,-	1.532572	1.423297	1.433059	1.540062	1.523972	1.536168	111.534927	109.905768	112.098376	112.173682	112.105754	111.353192	-71.444402	41.508330	20.890979	0.724865	86.5261	C[CH]1CC[C]2(OC1)O[CH]3C[CH]4[CH]5CC[CH]6C[CH](O)CC[C]6(C)[CH]5CC[C]4(C)[CH]3[CH]2C
333333i	333333	CCOCCC	-,-,-,-,-,-	1.558542	1.437723	1.429644	1.540101	1.533501	1.542014	110.593299	111.760075	115.061382	109.864726	109.543973	109.907598	55.469025	-59.664231	59.142194	0.563528	5.7243	CO[CH]1[CH](OC(N)=O)[CH](O)[CH](OC2=CC=C3C(=C(NC(=O)C4=CC=C(O)C(=C4)CC=C(C)C)C(=O)OC3=C2C)O)OC1(C)C
333333i	333333	CCOCCN	-,-,-,-,-,-	1.532606	1.435519	1.435703	1.532768	1.497803	1.498272	109.308005	111.268466	110.408567	111.394738	109.432556	109.385069	59.561422	-59.311970	58.106552	0.585133	0.7088	O=S(=O)(N1CCOCC1)N2CCOCC2
333333i	333333	CCOCCN	-,-,-,-,-,-	1.532606	1.435519	1.435703	1.532768	1.497804	1.498272	109.308012	111.268481	110.408571	111.394720	109.432542	109.385080	59.561410	-59.312013	58.106601	0.585133	0.7088	O=S(=O)(N1CCOCC1)N2CCOCC2
333333i	333333	CCOCCN	-,-,-,-,-,-	1.533111	1.432090	1.432096	1.533649	1.470073	1.471705	111.995915	111.058504	109.938822	111.123789	112.055910	109.241355	58.874343	-58.755971	56.847290	0.558729	2.8254	CCCCOP(=O)(N1CCOCC1)N2CCOCC2
333333i	333333	CCOCCN	-,-,-,-,-,-	1.533138	1.431539	1.431533	1.533442	1.474685	1.475426	112.062440	111.176988	109.987777	111.229332	112.093792	108.192501	58.249957	-58.173001	57.456553	0.562788	1.3565	CCCCOP(=O)(N1CCOCC1)N2CCOCC2
333333i	333333	CCOCCN	-,-,-,-,-,-	1.533710	1.432420	1.431991	1.533534	1.470862	1.472150	111.914759	111.138627	109.865070	111.210043	112.071617	109.091451	58.794909	-58.586441	56.897338	0.559511	2.5676	O=P(N1CCOCC1)(N2CC2)N3CC3
333333i	333333	CCOCCN	-,-,-,-,-,-	1.534337	1.433491	1.434492	1.533748	1.529633	1.521162	108.546254	111.027655	112.086996	110.806042	108.364710	111.730853	61.441688	-61.688343	56.819353	0.579819	1.4681	C1CC=C([C@@H](C1)S(=O)(=O)CC#N)[NH+]2CCOCC2
333333i	333333	CCOCCN	-,-,-,-,-,-	1.536135	1.433170	1.433281	1.537619	1.481940	1.480610	111.341326	111.114363	109.958775	111.325801	111.282226	108.163327	58.578925	-58.404610	57.869988	0.572600	0.4906	N1(C(=C(C(=O)N)N=N1)CN2CCOCC2)C3C(=NON=3)N
333333i	333333	CCOCCN	-,-,-,-,-,-	1.536198	1.434294	1.435088	1.537944	1.476645	1.473943	111.258129	112.783235	113.350257	113.143706	113.412159	111.550698	28.259203	28.673342	-57.918317	0.700060	87.8216	O=C([CH]([CH](N1CCOCC1)C(=O)C2=CC=CC=C2)N3CCOCC3)C4=CC=CC=C4
333333i	333333	CCOCCN	-,-,-,-,-,-	1.536279	1.432994	1.432797	1.538615	1.480404	1.481970	111.628647	111.080111	109.841878	111.380143	111.560567	108.281564	58.808627	-58.604736	57.607788	0.569342	1.2277	C1CN(CCO1)CCN2CCOCC2
333333i	333333	CCOCCN	-,-,-,-,-,-	1.536362	1.432568	1.434872	1.537171	1.479323	1.476680	111.157366	111.133450	110.024143	111.224771	111.006086	108.871176	-58.678798	58.671139	-57.710327	0.570953	0.8355	[O-][N+](=O)C1=CC=C(C=C1)C(=O)OC2=C(CN3CCOCC3)C4=C(C=CC=C4)C=C2
333333i	333333	CCOCCN	-,-,-,-,-,-	1.536383	1.433344	1.432836	1.538307	1.480349	1.482312	111.567719	111.141445	109.871098	111.355149	111.478360	108.249146	58.653601	-58.572171	57.805622	0.570004	0.9616	COC1=CC(=C2N=CC=CC2=C1)NC(=O)CCN3CCOCC3
333333i	333333	CCOCCN	-,-,-,-,-,-	1.537375	1.433752	1.433028	1.536360	1.478809	1.480966	111.312967	111.185917	109.880164	111.048760	111.433950	108.538505	58.889725	-58.938880	58.095275	0.571141	1.2146	C1(C=C(C(=O)O)OC=1C)CN2CCOCC2
333333i	333333	CCOCCN	-,-,-,-,-,-	1.537424	1.433956	1.433699	1.536179	1.477536	1.479755	111.242489	111.293806	109.874225	111.100253	111.325885	108.739373	-58.711408	58.852555	-58.077646	0.570149	1.1934	C1(=C(OC=C1)CN2CCOCC2)C(=O)O
333333i	333333	CCOCCN	-,-,-,-,-,-	1.537647	1.433083	1.433238	1.536173	1.480807	1.481158	111.326902	111.239336	109.928938	111.065151	111.406523	108.266575	-58.658800	58.756349	-58.255579	0.572215	0.7790	N1(C(=C(C(=O)O)N=N1)CN2CCOCC2)C3C(=NON=3)N
333333i	333333	CCOCCN	-,-,-,-,-,-	1.537689	1.433036	1.433178	1.536131	1.481005	1.481237	111.322022	111.279361	109.945249	111.083462	111.393172	108.196094	58.538133	-58.663268	58.312122	0.572341	0.6285	N1(C(=C(C(=O)OCC)N=N1)CN2CCOCC2)C3C(=NON=3)N
333333i	333333	CCOCCN	-,-,-,-,-,-	1.538030	1.433584	1.434462	1.538642	1.471878	1.473052	110.742702	111.379026	110.030426	111.335277	110.558795	109.491972	58.191731	-58.434302	57.831995	0.569959	0.5597	O=C([CH]([CH](N1CCOCC1)C2=CC=CC=C2)N3CCOCC3)C4=CC=CC=C4
333333i	333333	CCOCCN	-,-,-,-,-,-	1.538140	1.433773	1.433483	1.538835	1.475200	1.476198	110.793734	111.407141	110.159765	111.187783	110.593231	108.889443	57.940338	-58.335154	58.367087	0.573158	0.5922	CC(=O)NC1=CC=C(C=C1)C(=O)[CH]([CH](N2CCOCC2)C3=CC=CC=C3)N4CCOCC4
333333i	333333	CCOCCN	-,-,-,-,-,-	1.538311	1.432832	1.433287	1.536337	1.482064	1.479872	111.519869	111.340406	109.825608	111.108333	111.615882	108.318657	-58.694079	58.778204	-58.067042	0.569553	1.2114	ClC1=CC=C(C=C1)N2N=CC3=C(NCCCN4CCOCC4)N=CN=C23
333333i	333333	CCOCCN	-,-,-,-,-,-	1.538416	1.432328	1.434714	1.538937	1.475907	1.472791	110.976432	111.457358	110.061471	111.331557	110.606218	109.312212	58.036268	-58.466060	57.916529	0.569091	0.7130	CCOC(=O)NC1=CC=C(C=C1)C(=O)[CH]([CH](N2CCOCC2)C3=CC=CC=C3)N4CCOCC4
333333i	333333	CCOCCN	-,-,-,-,-,-	1.538635	1.434397	1.434242	1.538074	1.473051	1.468746	110.478553	111.239916	109.999115	111.451953	110.782042	109.804336	-58.733574	58.138393	-56.834224	0.568609	1.1430	CCOC(=O)NC1=CC=C(C=C1)C(=O)[CH]([CH](N2CCOCC2)C3=CC=CC=C3)N4CCOCC4
333333i	333333	CCOCCN	-,-,-,-,-,-	1.539059	1.433701	1.435246	1.538537	1.474650	1.466210	110.475755	111.332450	110.106704	111.302496	110.479455	109.594180	-58.265662	58.111111	-57.431904	0.571170	0.2261	O=C([CH]([CH](N1CCOCC1)C2=CC=CC=C2)N3CCOCC3)C4=CC=CC=C4
333333i	333333	CCOCCN	-,-,-,-,-,-	1.539093	1.435428	1.433237	1.538113	1.473812	1.475065	110.422329	111.234689	110.073174	111.332497	110.743046	109.408461	58.641144	-58.278744	57.455656	0.571994	0.5996	CC(=O)NC1=CC=C(C=C1)C(=O)[CH]([CH](N2CCOCC2)C3=CC=CC=C3)N4CCOCC4
333333i	333333	CCOCCN	-,-,-,-,-,-	1.539316	1.434213	1.434154	1.538460	1.473523	1.476325	110.596372	111.440504	110.164070	111.139042	110.474784	108.793914	57.767510	-58.228019	58.661598	0.575514	0.9197	O=C([CH]([CH](N1CCOCC1)C(=O)C2=CC=CC=C2)N3CCOCC3)C4=CC=CC=C4
333333i	333333	CCOCCO	-,-,-,-,-,-	1.546060	1.436206	1.432259	1.524869	1.432259	1.436206	113.356830	113.356945	112.087686	111.292115	111.292079	112.087659	49.113520	-55.087892	58.412987	0.512746	8.1703	Cl[CH]1OCCO[CH]1Cl
333333i	333333	CCOCNC	-,-,-,-,-,-	1.530057	1.434277	1.410382	1.484889	1.520537	1.535258	108.608472	110.467697	112.282954	111.079420	110.636613	111.757129	-62.654322	62.705487	-55.917145	0.561852	4.5109	C[C@@]1(C[NH+](COC1)C)[N+](=O)[O-]
333333i	333333	CCOCOC	-,-,-,-,-,-	1.534976	1.438795	1.435140	1.430534	1.432279	1.526084	107.281065	109.512825	112.533446	111.873916	113.408137	109.549684	-57.711660	55.589480	-55.554608	0.564709	5.6580	O[CH]1CO[CH](O[CH]1[CH]2O[CH](OC[CH]2O)C3=CC=CC=C3)C4=CC=CC=C4
333333i	333333	CCOCOC	-,-,-,-,-,-	1.535824	1.432527	1.428845	1.428255	1.423510	1.528174	107.938534	109.086779	111.304065	110.347841	111.502850	110.962003	60.074295	-62.522503	60.560758	0.573714	2.3488	CC(=O)O[CH]1CO[CH](O[CH]1[CH](OC(C)=O)[CH]2O[CH](OC[CH]2OC(C)=O)C3=CC=CC=C3)C4=CC=CC=C4
333333i	333333	CCOCOC	-,-,-,-,-,-	1.538955	1.438653	1.428221	1.422251	1.429674	1.527547	112.007442	111.020085	113.413800	111.197989	110.175236	109.380011	48.701307	-59.622986	65.374594	0.542149	10.3585	O[CH]1CO[CH](O[CH]1[CH](O)[CH]2O[CH](OC[CH]2O)C3=CC=CC=C3)C4=CC=CC=C4
333333i	333333	CCOCOC	-,-,-,-,-,-	1.539375	1.439004	1.422501	1.422156	1.432500	1.529903	108.508290	108.622415	110.584283	111.092044	110.969321	109.755896	-59.721848	63.383315	-62.178224	0.582190	1.7583	O[CH]1COCO[CH]1[CH]2OCOC[CH]2O
333333i	333333	CCOCOC	-,-,-,-,-,-	1.539819	1.442416	1.419301	1.420428	1.428740	1.528946	112.113515	110.312660	113.770748	111.272730	110.175764	109.773125	-49.395785	60.366344	-64.966916	0.539790	9.7517	O[CH]1COCO[CH]1[CH](O)[CH]2OCOC[CH]2O
333333i	333333	CCOCOC	-,-,-,-,-,-	1.540076	1.428510	1.422669	1.425570	1.426692	1.532432	108.084812	109.412643	111.319535	110.356064	111.072846	111.356679	-59.813413	63.731520	-61.504362	0.570057	3.4123	CC(=O)O[CH]1CO[CH](O[CH]1[CH]2O[CH](OC[CH]2OC(C)=O)C3=C(C=CC=C3)[N+]([O-])=O)C4=C(C=CC=C4)[N+]([O-])=O
333333i	333333	CCOCOC	-,-,-,-,-,-	1.540337	1.433832	1.421027	1.421136	1.424304	1.533017	107.423122	110.212031	111.189249	112.214269	111.136708	110.971199	57.728107	-60.359966	60.053326	0.563692	0.5001	CO[CH]1COCO[CH]1[CH](OC)[CH]2OCOC[CH]2OC
333333i	333333	CCOCOC	-,-,-,-,-,-	1.541024	1.429619	1.425175	1.424749	1.428206	1.531978	107.417569	110.839543	112.001098	112.480232	111.734769	110.554261	56.103097	-57.736215	58.585043	0.555603	2.0691	CC(=O)O[CH]1CO[CH](O[CH]1[CH]2O[CH](OC[CH]2OC(C)=O)C3=CC=CC=C3)C4=CC=CC=C4
333333i	333333	CNCCCC	-,-,-,-,-,-	1.468316	1.463069	1.526785	1.524866	1.526219	1.534832	110.756909	111.660154	111.470849	111.242401	110.548329	111.234576	58.850144	-55.352342	52.126480	0.561153	2.5694	C[CH]1CCCCN1
333333i	333333	CNCCCC	-,-,-,-,-,-	1.470056	1.463522	1.525703	1.523708	1.525799	1.538672	110.196420	111.868849	111.567954	111.084351	110.492478	111.545639	-59.100509	55.468289	-52.221245	0.562260	2.5055	CCCCCC[CH]1CCCCN1
333333i	333333	CNCCCC	-,-,-,-,-,-	1.483317	1.476696	1.528543	1.519811	1.522591	1.542944	109.873723	110.770019	111.380508	111.176945	110.171566	111.865563	59.780170	-56.591898	52.811819	0.572580	3.1351	C[CH]1CCCCN1[CH](CC(=O)C2=CC=CC=C2)C(=O)C3=CC=CC=C3
333333i	333333	CNCCCC	-,-,-,-,-,-	1.484186	1.525455	1.533997	1.535521	1.543715	1.535874	110.614957	114.210266	106.824430	108.373954	112.029837	111.353903	62.289934	-61.332105	59.400485	0.591148	8.5798	C([C@@H]1[C@H]([C@@H]([C@@H]([C@@H]([NH2+]1)S(=O)(=O)[O-])O)O)O)O
333333i	333333	CNCCCC	-,-,-,-,-,-	1.524989	1.524588	1.518028	1.519294	1.521392	1.535838	108.977844	111.752448	110.195079	111.137076	110.594128	112.659782	58.300056	-57.307869	55.812633	0.577263	1.8566	C[C@@H]1CCCC[NH+]1Cc2nnnn2Nc3cccc(c3)[N+](=O)[O-]
333333i	333333	CNCCNC	-,-,-,-,-,-	1.472003	1.472003	1.543355	1.472003	1.472003	1.543355	112.761582	109.377484	112.761743	112.761586	109.377500	112.761758	-53.676858	55.511356	-53.676741	0.541787	0.0000	C1CNCCN1
333333i	333333	CNCCNC	-,-,-,-,-,-	1.476416	1.472588	1.550543	1.476416	1.472587	1.550544	112.020622	109.531844	112.716223	112.020659	109.531991	112.716443	54.563783	-55.924493	54.163842	0.550276	0.0005	C[CH]1CN[CH](C)CN1
333333i	333333	CNCCNC	-,-,-,-,-,-	1.495679	1.498754	1.554133	1.474342	1.484705	1.552972	109.855245	113.502236	110.624530	111.952315	110.102214	113.147033	47.107340	11.723246	-61.082621	0.731989	88.3560	C1CN(CC[NH2+]1)CC/[NH+]=C(/C(=[NH+]/CCN2CCNCC2)/[S-])\\[S-]
333333i	333333	CNCCOC	-,-,-,-,-,-	1.473030	1.473030	1.536000	1.434766	1.434766	1.536000	111.931787	108.992301	111.931786	111.087915	109.964581	111.087904	-53.590395	57.199081	-58.598209	0.561933	2.2083	SC(=S)N1CCOCC1.C2COCCN2
333333i	333333	CNCCOC	-,-,-,-,-,-	1.506854	1.501391	1.529903	1.431961	1.444587	1.546427	111.550658	112.329937	109.653816	111.400268	114.588059	110.739368	-53.329792	55.689794	-58.316516	0.537529	3.1693	C1CCC(C1)n2nc(nn2)C[C@@H]3C[NH2+]CCO3
333333i	333333	COCCCC	-,-,-,-,-,-	1.425126	1.427119	1.523510	1.525115	1.524271	1.529077	109.663661	111.696756	110.503015	110.815349	110.609561	110.775972	63.198482	-55.471715	49.877551	0.568260	5.7567	CCOP(=O)(CO[C@@H]1CCCCO1)OCC
333333i	333333	COCCCC	-,-,-,-,-,-	1.433803	1.442758	1.553242	1.536170	1.548200	1.549422	110.248430	114.484423	112.695588	108.134512	110.655699	110.692590	29.674909	33.919535	-62.772636	0.758469	88.1946	CC(=O)OC[CH]1O[CH](O[CH]2[CH](COC(C)=O)O[CH](SC3=CC=CC=C3)[CH](OC(C)=O)[CH]2OC(C)=O)[CH](OC(C)=O)[CH](OC(C)=O)[CH]1OC(C)=O
333333i	333333	COCCCC	-,-,-,-,-,-	1.439623	1.428473	1.521531	1.523189	1.526730	1.531715	110.748350	114.021464	111.121727	110.720646	110.472593	112.137598	-59.564624	56.014283	-51.851671	0.543129	2.8634	N#C[CH]1CCCCO1
333333i	333333	COCCCC	-,-,-,-,-,-	1.440487	1.436727	1.548225	1.530901	1.540262	1.537036	111.094409	111.771450	109.940547	109.551948	110.995940	109.681951	62.887851	-57.714704	53.040676	0.579519	3.7420	OC[CH]1O[CH](O[CH]2[CH](CO)O[CH](SC3=CC=CC=C3)[CH](O)[CH]2O)[CH](O)[CH](O)[CH]1O
333333i	333333	COCCCO	-,-,-,-,-,-	1.433936	1.423072	1.516418	1.515723	1.422325	1.432440	113.377677	113.084454	111.031028	109.601573	110.068565	112.391728	52.629131	-53.318798	55.016549	0.530774	4.1574	CCOP(=O)(C1OCCCO1)OCC
333333i	333333	COCCNC	-,-,-,-,-,-	1.432991	1.432803	1.538616	1.480412	1.481973	1.536277	111.079739	109.842886	111.380701	111.561105	108.280328	111.627724	58.601295	-57.605066	54.283586	0.569346	1.2255	C1CN(CCO1)CCN2CCOCC2
333333i	333333	COCCOC	-,-,-,-,-,-	1.432015	1.445385	1.581318	1.445385	1.432014	1.526265	112.039478	112.318117	111.471354	111.471350	112.318085	112.039436	52.173971	-50.757110	52.174071	0.523737	1.8004	C1COC(C(O1)(Cl)Cl)(Cl)Cl
333333i	333333	COCCOC	-,-,-,-,-,-	1.433576	1.437400	1.537448	1.446524	1.435342	1.526275	110.316264	110.274410	110.641235	109.581138	110.339958	110.427778	-57.975925	57.575349	-57.692127	0.575423	0.2720	C1CO[C@@H](CO1)CCl
333333i	333333	COCCOC	-,-,-,-,-,-	1.437926	1.434786	1.527986	1.436330	1.447664	1.535666	110.029129	109.870017	110.394677	110.829397	110.009133	110.296576	58.706205	-58.096462	57.067245	0.576547	1.1521	NC1=CC=C(C=C1)S(=O)(=O)NC[CH]2COCCO2
333333i	333333	COCCOC	-,-,-,-,-,-	1.439343	1.433639	1.526596	1.434793	1.436315	1.536772	110.564961	109.852643	110.077593	110.723840	110.615250	109.790524	58.460880	-58.235542	57.726676	0.574628	0.8956	O=C([CH]1COCCO1)C2=CC=CC=C2
333333i	333333	COCCOC	-,-,-,-,-,-	1.439390	1.435107	1.545305	1.440104	1.443272	1.538940	112.070680	110.595839	110.715809	112.181890	110.944914	111.192012	-55.820598	55.829987	-54.563917	0.544937	1.3493	OCC1OC2(COC3(CO2)OC(CO)C(O)C3O)C(O)C1O
333333i	333333	COCCOC	-,-,-,-,-,-	1.442215	1.441083	1.527870	1.435008	1.430943	1.537539	109.083645	110.484247	110.827108	110.048184	110.359358	109.936825	-57.361963	56.689235	-58.186734	0.579713	2.1493	C[N+](C)(C)C[CH]1COCCO1
333333i	333333	COCOCC	-,-,-,-,-,-	1.424408	1.426800	1.427155	1.430151	1.547002	1.534918	110.124429	110.331979	113.865993	110.947799	107.652784	108.934918	39.195955	28.017218	-67.491017	0.764495	88.7137	CC1=CC=C(C=C1)S(=O)(=O)O[CH]2COCO[CH]2[CH](OS(=O)(=O)C3=CC=C(C)C=C3)[CH]4OCOC[CH]4OS(=O)(=O)C5=CC=C(C)C=C5
333333i	333333	COCOCC	-,-,-,-,-,-	1.427477	1.422319	1.422035	1.423400	1.519650	1.525933	109.570972	111.093469	112.008803	110.962130	110.108497	109.126134	60.976713	-60.706715	57.251647	0.562795	0.7742	C[CH]1CCOCO1
333333i	333333	COCOCC	-,-,-,-,-,-	1.427545	1.425346	1.424502	1.441930	1.537115	1.531086	111.266927	111.207460	110.227381	111.680164	109.822348	108.948652	62.311424	-63.032748	57.760198	0.562467	4.2170	O=C(O[CH]1CO[CH](O[CH]1[CH](OC(=O)C2=CC=CC=C2)[CH]3O[CH](OC[CH]3OC(=O)C4=CC=CC=C4)C5=CC=CC=C5)C6=CC=CC=C6)C7=CC=CC=C7
333333i	333333	COCOCC	-,-,-,-,-,-	1.429299	1.423866	1.427433	1.429302	1.539389	1.531587	110.499125	111.618255	112.339072	111.712693	110.348508	107.650077	-58.844623	58.748620	-57.003815	0.559873	1.5026	O=C(O[CH]1CO[CH](O[CH]1[CH]2O[CH](OC[CH]2OC(=O)C3=CC=CC=C3)C4=CC=CC=C4)C5=CC=CC=C5)C6=CC=CC=C6
333333i	333333	CSCSCN	-,-,-,-,-,-	1.810904	1.814638	1.814638	1.810904	1.452713	1.452713	111.085675	99.705752	111.811330	99.705747	111.085657	113.190796	57.145717	-57.145734	60.943907	0.731536	2.0336	C[CH]1N[CH](C)S[CH](C)S1
333333i	333333	CSCSCS	-,-,-,-,-,-	1.803373	1.803373	1.803373	1.803373	1.803373	1.803373	112.836489	98.996238	112.836487	98.996237	112.836487	98.996239	68.188995	-68.188997	68.188997	0.850605	0.0000	C1SCSCS1
333333i	333333	NCCCCC	-,-,-,-,-,-	1.469616	1.529493	1.524455	1.524455	1.529493	1.469616	111.184563	111.136142	111.340261	110.466768	111.340232	111.136106	55.801792	-52.276208	52.276276	0.563122	2.8894	CN1CCCCC1
333333i	333333	NCCCCC	-,-,-,-,-,-	1.472125	1.530621	1.522927	1.522839	1.528942	1.473448	110.619786	111.497646	111.508642	110.249630	111.247559	111.591288	-55.791833	52.429476	-52.566456	0.562948	2.5490	CCN1CCCCC1
333333i	333333	NCCCCC	-,-,-,-,-,-	1.472826	1.542111	1.530130	1.523019	1.529313	1.468134	111.274350	112.402941	110.258395	111.050816	111.236346	110.936780	54.076277	-51.648459	53.647188	0.561264	2.4795	CN1CCC[CH](C1)OC(=O)C(C2=CC=CC=C2)C3=CC=CC=C3
333333i	333333	NCCCCC	-,-,-,-,-,-	1.472839	1.530461	1.522940	1.522841	1.528980	1.474656	110.443178	111.472844	111.480843	110.264296	111.265794	111.559066	55.975664	-52.394458	52.488090	0.564309	2.7964	N1(CCC(=O)OC)CCCCC1
333333i	333333	NCCCCC	-,-,-,-,-,-	1.473303	1.544235	1.530688	1.522978	1.528946	1.469507	110.936337	112.239488	109.894120	111.062294	111.264805	111.004646	54.997667	-52.063211	53.602013	0.565612	2.3473	CN1CCCC(C1)OC(C2=CC=CC=C2)C3=CC=C(Cl)C=C3.OC(=O)C=CC(O)=O
333333i	333333	NCCCCC	-,-,-,-,-,-	1.474335	1.530166	1.523185	1.523100	1.529024	1.474461	110.389272	111.330656	111.447138	110.318675	111.291783	111.444354	56.118190	-52.349275	52.377079	0.565831	3.1074	OCCN1CCCCC1
333333i	333333	NCCCCC	-,-,-,-,-,-	1.475027	1.543368	1.528577	1.521406	1.528698	1.471660	110.795662	112.833376	110.434826	110.842734	111.136165	111.392254	53.862951	-51.752898	54.004311	0.560175	2.3969	CCN1CCC[CH](C1)OC(=O)[CH](C2CCCCC2)C3=CC=CC=C3
333333i	333333	NCCCCC	-,-,-,-,-,-	1.475478	1.551478	1.538651	1.525657	1.527884	1.468637	110.955156	112.035269	109.276604	110.778266	111.351372	111.001640	-55.797658	52.814889	-54.171246	0.572203	1.7571	CN1CCC[CH](C1)N[CH](C2=CC=CC=C2)C3=CC=C(Cl)C=C3
333333i	333333	NCCCCC	-,-,-,-,-,-	1.475817	1.551480	1.538741	1.525579	1.527786	1.468466	110.953199	112.101979	109.296728	110.805874	111.336291	110.990482	-55.623227	52.705105	-54.198669	0.571719	1.7657	CN1CCC[CH](C1)NC(C2=CC=CC=C2)C3=CC=CC=C3
333333i	333333	NCCCCC	-,-,-,-,-,-	1.478163	1.530320	1.521102	1.520907	1.532218	1.474825	109.764696	111.509221	111.152898	110.023116	111.729684	111.703186	57.395117	-52.886391	52.200811	0.568033	3.2450	N1(C(CN)(C)C)CCCCC1
333333i	333333	NCCCCC	-,-,-,-,-,-	1.481644	1.544046	1.528750	1.526308	1.530339	1.470608	110.624403	112.780175	110.280131	110.934743	111.603612	111.568989	-54.609107	51.594300	-53.094279	0.558871	2.1704	CCN1CCC[CH](C1)OC(=O)C(C2=CC=CC=C2)C3=CC=CC=C3
333333i	333333	NCCCCC	-,-,-,-,-,-	1.483090	1.553579	1.534520	1.526676	1.530193	1.472730	110.439680	112.048748	110.806323	110.099074	111.448682	111.581667	-54.856910	52.131695	-53.793370	0.567549	2.1678	CCN1CCC[CH](C1)N2C3=C(SC4=C2C=CC=C4)C=CC=C3
333333i	333333	NCCCCC	-,-,-,-,-,-	1.483404	1.538440	1.526205	1.527127	1.531245	1.474895	109.914535	110.517189	110.907372	111.014562	111.891822	111.561941	57.691630	-51.775363	50.255723	0.570148	5.8670	CCN1CCC[CH](O)C1
333333i	333333	NCCCCC	-,-,-,-,-,-	1.506713	1.519471	1.537895	1.537864	1.522298	1.504636	111.691250	109.606699	113.036372	110.264227	113.026814	110.090749	-55.754483	51.324701	-50.587035	0.562855	5.1696	C[NH+]1CCC2(CC1)NC(=O)C3CC[NH+](CC3=N2)C
333333i	333333	NCCCCC	-,-,-,-,-,-	1.509788	1.521950	1.527426	1.528037	1.520902	1.511047	112.131236	109.805393	111.964801	110.803070	111.768900	109.413578	-55.155721	53.696252	-54.369930	0.572464	2.7209	C[NH+]1CCC(CC1)OC(=O)[C@@](c2ccccc2)(c3ccns3)O
333333i	333333	NCCCCC	-,-,-,-,-,-	1.535095	1.524077	1.522340	1.522521	1.523056	1.535126	110.091114	112.029793	112.069998	111.647210	111.772303	111.629799	54.127860	-53.126576	53.928441	0.556823	2.0814	CCCCCCCCCCCCOC(=O)C[N+]1(C)CCCCC1
333333i	333333	NCCCCC	-,-,-,-,-,-	1.547331	1.542942	1.529530	1.524985	1.524270	1.527455	110.928653	113.481503	110.199249	111.982277	112.051932	112.179149	52.998145	-54.223384	56.009039	0.549448	1.9761	C[N+]1(C)CCC[CH](C1)OCCCCCCCCCCCCCCO[CH]2CCC[N+](C)(C)C2
333333i	333333	NCCCCC	-,-,-,-,-,-	1.548355	1.543176	1.527971	1.524166	1.523568	1.528259	111.159554	113.596019	111.364795	112.427122	111.960072	111.922714	-50.320907	51.928672	-55.267814	0.540088	3.1862	C[N+]1(C)CCC[CH](C1)OC(=O)C(O)(C2=CC=CC=C2)C3=CC=CC=C3
333333i	333333	NCCCCC	-,-,-,-,-,-	1.549731	1.541100	1.525482	1.520289	1.524773	1.533241	110.045028	113.527531	110.351799	111.470049	112.198658	112.119047	-53.875837	54.654212	-56.424150	0.555575	1.6787	CC[N+]1(C)CCC[CH](C1)OC(=O)C(O)(C2=CC=CC=C2)C3=CC=CC=C3
333333i	333333	NCCNCC	-,-,-,-,-,-	1.474281	1.547035	1.480590	1.481313	1.545775	1.474686	109.220817	112.147968	112.386674	108.393984	112.503164	112.035028	57.010787	-55.086154	55.195239	0.560735	0.3047	CN1CCN(CCCN2c3ccccc3Sc4ccc(cc24)C(F)(F)F)CC1
333333i	333333	NCCOCC	-,-,-,-,-,-	1.475234	1.533352	1.433775	1.434069	1.534369	1.480489	109.711302	110.855373	110.997863	109.998363	111.045140	110.708908	57.695127	-59.502880	59.492191	0.570931	1.8566	CCS(=O)(=O)NN1CCOCC1
333333i	333333	NCCOCC	-,-,-,-,-,-	1.478508	1.536525	1.433221	1.432967	1.536610	1.478309	108.878052	114.022253	111.206005	110.256162	111.228370	114.013312	-55.178618	58.385052	-58.385414	0.537371	5.6107	CC(=O)OCC(=C=C)ON1CCOCC1
333333i	333333	NCCOCC	-,-,-,-,-,-	1.479605	1.536469	1.433251	1.433759	1.537398	1.481472	108.415563	111.406329	111.113607	109.896733	111.256855	111.327194	-58.159637	58.770612	-58.678121	0.571221	0.9454	CCCCCOC=CCN1CCOCC1
333333i	333333	NCCOCC	-,-,-,-,-,-	1.481073	1.536214	1.433022	1.433284	1.538386	1.480205	108.438294	111.613268	111.075240	109.799555	111.390067	111.573280	58.185740	-58.930422	58.664753	0.568641	1.4813	NCCCN1CCOCC1
333333i	333333	NCCOCC	-,-,-,-,-,-	1.481735	1.539858	1.431192	1.431784	1.538008	1.485040	107.902351	111.742390	111.498386	109.742420	111.019050	111.577191	57.510080	-58.498911	59.051691	0.571143	1.3194	N1(C(CN)(C)C)CCOCC1
333333i	333333	NCCOCC	-,-,-,-,-,-	1.481835	1.536403	1.433253	1.432830	1.538167	1.480427	108.346103	111.559415	111.107072	109.889418	111.329775	111.478108	58.069905	-58.748274	58.645499	0.569687	1.1106	CC(C)OC(=O)NCCCN1CCOCC1
333333i	333333	NCCOCC	-,-,-,-,-,-	1.482442	1.536510	1.433086	1.432818	1.538204	1.482352	108.269194	111.566463	111.043247	109.958475	111.225566	111.493103	58.129478	-58.869059	58.756763	0.570629	1.1113	OCCN1CCOCC1
333333i	333333	NCCOCC	-,-,-,-,-,-	1.487590	1.537847	1.433557	1.431967	1.537067	1.482097	107.861336	111.233406	110.965854	110.194541	111.006104	111.344400	-58.271033	58.716853	-58.731213	0.576116	0.1565	OC[CH](O)[CH](O)[CH](O)C(=O)CN1CCOCC1
333333i	333333	OCCCCC	-,-,-,-,-,-	1.422600	1.542779	1.532832	1.531048	1.539331	1.439675	113.258763	110.577871	109.716889	110.516317	109.904617	111.347039	-56.872660	53.943909	-52.802927	0.566848	1.5660	OC[CH]1O[CH](OC[CH]2O[CH](O[C]3(CO)O[CH](CO)[CH](O)[CH]3O)[CH](O)[CH](O)[CH]2O)[CH](O)[CH](O)[CH]1O
333333i	333333	OCCCCC	-,-,-,-,-,-	1.423581	1.542325	1.525152	1.527144	1.539168	1.445039	113.723786	111.292293	109.061730	110.675895	110.185529	111.693040	-57.170094	55.209334	-53.638465	0.560955	2.8924	COC(C)C(NC(=O)C1CCCN1C)C2OC(SCCOC(=O)C3=C(O)C=CC=C3)C(O)C(O)C2O.OC(=O)C4=C(O)C=CC=C4
333333i	333333	OCCCCC	-,-,-,-,-,-	1.426451	1.544642	1.536058	1.540148	1.538011	1.443792	113.419341	111.275856	109.353175	110.244010	109.224324	110.252521	55.404883	-54.102271	55.421016	0.577142	1.4797	CC(=O)OC[CH]1O[CH](OC[CH]2O[CH](O[CH](C#N)C3=CC=CC=C3)[CH](OC(C)=O)[CH](OC(C)=O)[CH]2OC(C)=O)[CH](OC(C)=O)[CH](OC(C)=O)[CH]1OC(C)=O
333333i	333333	OCCCCC	-,-,-,-,-,-	1.431265	1.537606	1.530783	1.527665	1.542968	1.437535	113.520645	111.378902	109.746700	111.264507	110.236653	111.070185	55.265649	-52.669712	52.359082	0.556430	1.1320	CCCCCCCCCCCCCCCC1=CC(=C(N)C=C1)O[CH]2O[CH](CO)[CH](O)[CH](O)[CH]2O
333333i	333333	OCCCCC	-,-,-,-,-,-	1.432455	1.537069	1.527496	1.526654	1.541421	1.425808	112.759318	110.218392	109.135290	110.830846	110.092787	112.146085	58.660646	-54.726735	51.590361	0.566922	4.1520	OC[CH]1OC=C[CH](O)[CH]1O[CH]2O[CH](CO)[CH](O)[CH](O)[CH]2O
333333i	333333	OCCCCC	-,-,-,-,-,-	1.432786	1.538824	1.538491	1.536150	1.542202	1.425777	112.367683	110.849422	109.879185	110.065896	109.299339	110.671415	-55.920258	53.126726	-53.722832	0.578193	1.8262	CCC[CH]1CC=CC=CC=CC=C[CH](C[CH](O)[CH]([CH](O)CC(=O)C[CH](O)CCCC(=O)C[CH](O)[CH](CC)C(=O)O1)C(O)=O)O[CH]2O[CH](C)[CH](O)[CH](N)[CH]2O.OS(O)(=O)=O
333333i	333333	OCCCCC	-,-,-,-,-,-	1.433990	1.542525	1.533489	1.540923	1.541402	1.442304	116.610903	110.749841	109.109007	110.098016	111.037650	111.342833	-56.641787	56.667281	-54.154930	0.553123	6.2942	CC(=O)OC[CH]1O[CH](OC[CH]2O[CH](OC(C)=O)[CH](OC(C)=O)[CH](OC(C)=O)[CH]2OC(C)=O)[CH](OC(C)=O)[CH](OC(C)=O)[CH]1OC(C)=O
333333i	333333	OCCCCC	-,-,-,-,-,-	1.435402	1.536471	1.530134	1.537605	1.549762	1.425395	113.594471	113.078672	108.868917	111.301663	110.393540	110.207851	24.963957	-60.825908	33.358609	0.744914	89.4793	CC1(C)[CH](CC[C]2(C)[CH]1CC[C]3(C)[CH]2C(=O)C=C4[CH]5C[C](C)(CC[C]5(C)CC[C]34C)C(O)=O)O[CH]6O[CH]([CH](O)[CH](O)[CH]6O[CH]7O[CH]([CH](O)[CH](O)[CH]7O)C(O)=O)C(O)=O
333333i	333333	OCCCCC	-,-,-,-,-,-	1.435689	1.537156	1.540560	1.536300	1.542057	1.432815	112.757755	110.878743	110.265126	110.480555	110.317807	109.841324	-55.003747	51.322639	-52.421830	0.570727	3.3428	CCCCCCCCCCCCCCCC1=CC(=CC=C1[N+]([O-])=O)O[CH]2O[CH](COC(C)=O)[CH](OC(C)=O)[CH](OC(C)=O)[CH]2OC(C)=O
333333i	333333	OCCCCC	-,-,-,-,-,-	1.435895	1.536527	1.538703	1.538450	1.544713	1.444561	113.470285	111.194402	109.843359	110.698451	109.087950	108.820137	53.724214	-52.636252	55.512670	0.580857	3.8987	CCCCCCCCCCCCCCCC1=CC(=CC=C1N)O[CH]2O[CH](COC(C)=O)[CH](OC(C)=O)[CH](OC(C)=O)[CH]2OC(C)=O
333333i	333333	OCCCCC	-,-,-,-,-,-	1.436558	1.530451	1.527270	1.529629	1.546516	1.427632	114.736204	111.697038	111.356989	109.537928	110.111852	111.260597	53.192303	-53.657427	54.413713	0.550281	3.2632	CC1(C)[CH](CC[C]2(C)[CH]1CC[C]3(C)[CH]2C(=O)C=C4[CH]5C[C](C)(CC[C]5(C)CC[C]34C)C(O)=O)O[CH]6O[CH]([CH](O)[CH](O)[CH]6O[CH]7O[CH]([CH](O)[CH](O)[CH]7O)C(O)=O)C(O)=O
333333i	333333	OCCCCC	-,-,-,-,-,-	1.436741	1.538676	1.545032	1.534709	1.546242	1.426790	113.051788	110.699447	109.672880	109.110485	109.445442	111.525615	57.231306	-55.649744	54.774748	0.579148	1.5630	CC(=O)OC[CH]1O[CH](OC(C)=O)[CH](OC(C)=O)[CH](OC(C)=O)[CH]1O[CH]2O[CH](COC(C)=O)[CH](OC(C)=O)[CH](OC(C)=O)[CH]2OC(C)=O
333333i	333333	OCCCCC	-,-,-,-,-,-	1.436825	1.541428	1.542985	1.545924	1.545723	1.438718	113.302505	113.007872	108.552291	109.671981	108.527177	110.802461	54.678438	-55.476778	57.846334	0.580967	4.4965	COCC1=C(O[CH]2O[CH](CO)[CH](OC)[CH](OC)[CH]2OC)C=CC=C1
333333i	333333	OCCCCC	-,-,-,-,-,-	1.437914	1.534102	1.535005	1.526067	1.541286	1.425654	112.737317	110.450408	109.998836	111.263070	109.866786	110.138502	55.086499	-51.631264	52.093248	0.569524	3.5612	OC[CH]1O[CH](O[CH]2O[CH](CO)[CH](O)[CH](O)[CH]2O)[CH](O)[CH](O)[CH]1O
333333i	333333	OCCCCC	-,-,-,-,-,-	1.438000	1.538188	1.539914	1.541492	1.542735	1.430827	115.995873	112.881479	109.949016	112.319001	111.324295	112.945868	61.437958	-28.145561	-26.799750	0.711667	88.8345	CO[CH]1C[CH](O[CH](C)[CH]1O[CH]2O[CH](CO)[CH](O)[CH](O)[CH]2O)O[CH]3CC[C]4(C=O)[CH]5CC[C]6(C)[CH](CC[C]6(O)[CH]5CC[C]4(O)C3)C7=CC(=O)OC7
333333i	333333	OCCCCC	-,-,-,-,-,-	1.438513	1.544367	1.541879	1.542313	1.542969	1.445264	112.507192	109.272112	111.234189	109.874968	109.505945	110.543628	56.356757	-52.939944	52.569589	0.581394	2.9604	O=C(NC1=CC=CC=C1)OCC2OC(OC(=O)NC3=CC=CC=C3)C(OC(=O)NC4=CC=CC=C4)C(OC(=O)NC5=CC=CC=C5)C2OC(=O)NC6=CC=CC=C6.O=C(NC7=CC=CC=C7)OCC8OC(OC(=O)NC9=CC=CC=C9)C(OC(=O)NC%10=CC=CC=C%10)C(OC(=O)NC%11=CC=CC=C%11)C8OC(=O)NC%12=CC=CC=C%12
333333i	333333	OCCCCC	-,-,-,-,-,-	1.438513	1.544367	1.541879	1.542313	1.542969	1.445264	112.507202	109.272064	111.234166	109.874964	109.505985	110.543662	56.356912	-52.940021	52.569509	0.581394	2.9603	O=C(NC1=CC=CC=C1)OCC2OC(OC(=O)NC3=CC=CC=C3)C(OC(=O)NC4=CC=CC=C4)C(OC(=O)NC5=CC=CC=C5)C2OC(=O)NC6=CC=CC=C6.O=C(NC7=CC=CC=C7)OCC8OC(OC(=O)NC9=CC=CC=C9)C(OC(=O)NC%10=CC=CC=C%10)C(OC(=O)NC%11=CC=CC=C%11)C8OC(=O)NC%12=CC=CC=C%12
333333i	333333	OCCCCC	-,-,-,-,-,-	1.439228	1.535220	1.532428	1.524196	1.547098	1.428019	112.861528	111.231369	110.043641	111.664176	110.079095	110.566852	54.366223	-51.123773	51.636931	0.559565	3.2201	CCOC1=CC=C(N[CH]2O[CH](CO)[CH](O)[CH](O)[CH]2O)C=C1
333333i	333333	OCCCCC	-,-,-,-,-,-	1.439669	1.539363	1.540277	1.541741	1.549138	1.433782	112.688607	110.143051	108.871900	110.552398	109.883801	110.732325	58.545023	-54.538145	52.697585	0.581590	2.9640	CC(=O)NC1=C(S[CH]2O[CH](COC(C)=O)[CH](OC(C)=O)[CH](OC(C)=O)[CH]2OC(C)=O)C=CC(=C1)Cl
333333i	333333	OCCCCC	-,-,-,-,-,-	1.441602	1.545252	1.534825	1.536528	1.551210	1.436539	114.523613	112.368202	109.070875	109.772168	110.895973	110.730450	18.917525	-62.104483	43.516075	0.746478	87.3009	CCCCCCCCCCCCCCCC1=CC(=C(N)C=C1)O[CH]2O[CH](COC(C)=O)[CH](OC(C)=O)[CH](OC(C)=O)[CH]2OC(C)=O
333333i	333333	OCCCCC	-,-,-,-,-,-	1.442083	1.546145	1.538403	1.526255	1.546599	1.433926	111.737896	110.074217	110.826708	110.587709	109.390841	112.858927	21.979806	38.998963	-59.366514	0.757884	89.5341	NCCC(O)C(=O)NC1CC(N)C(OC2OC(CN)C(O)C(O)C2O)C(O)C1OC3OC(CO)C(O)C(N)C3O
333333i	333333	OCCCCC	-,-,-,-,-,-	1.442273	1.536370	1.534076	1.524696	1.542280	1.428051	114.509469	110.657858	111.091848	110.959804	110.484344	110.441369	52.918107	-51.469300	52.324080	0.551132	1.9654	OC[CH]1O[CH](O[CH]2[CH](O)[CH](CO)O[C]2(CO)O[CH]3O[CH](CO)[CH](O)[CH](O)[CH]3O)[CH](O)[CH](O)[CH]1O
333333i	333333	OCCCCC	-,-,-,-,-,-	1.443366	1.539790	1.536361	1.535139	1.544089	1.432318	114.069777	111.545475	112.066038	108.761785	109.612643	111.620119	52.457151	-53.530696	55.260162	0.558399	4.5189	NCCC(O)C(=O)NC1CC(N)C(OC2OC(CN)C(O)C(O)C2O)C(O)C1OC3OC(CO)C(O)C(N)C3O
333333i	333333	OCCCCC	-,-,-,-,-,-	1.443848	1.542774	1.533185	1.536086	1.550960	1.430568	114.495160	113.243940	109.003402	110.319711	111.012230	111.455141	21.238933	-61.621363	40.903111	0.732693	87.2249	CC(=O)OC[CH]1OC=C[CH](OC(C)=O)[CH]1O[CH]2O[CH](COC(C)=O)[CH](OC(C)=O)[CH](OC(C)=O)[CH]2OC(C)=O
333333i	333333	OCOCCC	-,-,-,-,-,-	1.417873	1.417498	1.426222	1.527676	1.543648	1.433790	114.681581	113.410600	111.284893	110.925911	111.197957	111.803432	60.117373	-57.404122	49.754466	0.508070	8.2607	CC(=O)O[CH]1CO[CH](O[CH]1[CH]2O[CH](OC[CH]2OC(C)=O)C3=C(C=CC=C3)[N+]([O-])=O)C4=C(C=CC=C4)[N+]([O-])=O
333333i	333333	OCOCCC	-,-,-,-,-,-	1.418092	1.418378	1.426643	1.535414	1.548059	1.432519	112.996233	111.496422	110.331163	112.238382	111.253099	111.705600	-64.268209	56.001215	-45.280768	0.524417	11.3301	CO[CH]1COCO[CH]1[CH](OC)[CH]2OCOC[CH]2OC
333333i	333333	OCOCCC	-,-,-,-,-,-	1.421243	1.420569	1.436696	1.539990	1.537840	1.433127	110.831050	111.840503	113.625550	110.783340	110.097383	110.330897	-59.028683	51.740615	-47.651590	0.540356	5.7816	O=C(NC1=CC=CC=C1)OC[CH]2OCO[CH](COC(=O)NC3=CC=CC=C3)[CH]2OC(=O)NC4=CC=CC=C4
333333i	333333	OCOCCC	-,-,-,-,-,-	1.422388	1.419608	1.429711	1.529331	1.536473	1.448569	111.235553	111.116895	110.890156	109.782641	109.397778	109.523223	63.332786	-58.817530	53.403487	0.568958	2.9214	O[CH]1COCO[CH]1[CH](O)[CH]2OCOC[CH]2O
333333i	333333	OCOCCC	-,-,-,-,-,-	1.422503	1.422156	1.432500	1.529903	1.539375	1.439002	110.584201	111.091971	110.969249	109.755771	108.508364	108.622357	62.178462	-57.929849	54.530753	0.582192	1.7583	O[CH]1COCO[CH]1[CH]2OCOC[CH]2O
333333i	333333	OCOCCC	-,-,-,-,-,-	1.422766	1.421203	1.424160	1.527211	1.539295	1.432765	111.183324	111.791894	110.951682	110.735008	108.423170	111.231953	62.095196	-58.393920	52.545580	0.555729	2.9375	CC1=CC=C(C=C1)S(=O)(=O)O[CH]2COCO[CH]2[CH](OS(=O)(=O)C3=CC=C(C)C=C3)[CH]4OCOC[CH]4OS(=O)(=O)C5=CC=C(C)C=C5
333333i	333333	OCOCCC	-,-,-,-,-,-	1.424151	1.423850	1.423799	1.528580	1.544286	1.431417	114.038849	110.964891	110.673854	111.193659	111.447497	111.222427	63.649108	-58.051288	48.006111	0.528015	10.0499	O=C(O[CH]1CO[CH](O[CH]1[CH]2O[CH](OC[CH]2OC(=O)C3=CC=CC=C3)C4=CC=CC=C4)C5=CC=CC=C5)C6=CC=CC=C6
333333i	333333	OCOCCC	-,-,-,-,-,-	1.426737	1.424433	1.423031	1.528781	1.539817	1.428948	111.537924	111.650893	110.827833	111.066869	108.567178	111.543754	-62.046321	58.347592	-51.960271	0.551270	3.8105	O[CH]1CO[CH](O[CH]1[CH]2O[CH](OC[CH]2O)C3=CC=CC=C3)C4=CC=CC=C4
333333i	333333	OCOCCC	-,-,-,-,-,-	1.426792	1.426006	1.429831	1.528335	1.534521	1.444535	111.104935	110.671215	110.976550	109.724631	109.111490	109.679344	63.174181	-59.036109	53.760566	0.573023	2.6871	O[CH]1CO[CH](O[CH]1[CH](O)[CH]2O[CH](OC[CH]2O)C3=CC=CC=C3)C4=CC=CC=C4
333333i	333333	OCOCCC	-,-,-,-,-,-	1.427822	1.424278	1.422614	1.528324	1.540505	1.431551	111.698854	111.620043	110.985177	110.891828	108.272460	110.837937	61.296199	-58.529216	53.251064	0.556724	2.2618	CC(=O)O[CH]1CO[CH](O[CH]1[CH]2O[CH](OC[CH]2OC(C)=O)C3=CC=CC=C3)C4=CC=CC=C4
333333i	333333	OCOCCC	-,-,-,-,-,-	1.430371	1.424998	1.431896	1.538952	1.538116	1.438194	112.556500	113.161840	111.506184	111.938818	107.418627	109.702969	63.738510	-44.122486	-15.281778	0.745975	87.7613	O=C(O[CH]1CO[CH](O[CH]1[CH](OC(=O)C2=CC=CC=C2)[CH]3O[CH](OC[CH]3OC(=O)C4=CC=CC=C4)C5=CC=CC=C5)C6=CC=CC=C6)C7=CC=CC=C7
333333i	333333	OCOCCC	-,-,-,-,-,-	1.435325	1.431206	1.424459	1.533314	1.541100	1.436043	111.358048	113.146031	111.050612	110.631752	108.863595	108.033240	-41.334253	64.266399	-20.445180	0.756577	88.3663	CC(=O)O[CH]1CO[CH](O[CH]1[CH](OC(C)=O)[CH]2O[CH](OC[CH]2OC(C)=O)C3=CC=CC=C3)C4=CC=CC=C4
333333i	333333	PCCCCC	O,-,-,-,-,-	1.788934	1.532392	1.540457	1.532122	1.523131	1.785241	103.833248	112.818846	111.506164	113.584904	112.463758	112.665829	56.452191	-62.465912	62.698883	0.592703	2.8205	CCO[P@@]1(=O)CCC[C@@H](C1)C
333333i	333333	PNCCCC	O,-,-,-,-,-	1.649736	1.469716	1.537349	1.531099	1.522402	1.798708	104.225681	114.504182	111.724842	113.783430	111.037036	110.515550	-58.467429	59.937842	-60.047224	0.592725	1.3527	CCO[P@@]1(=O)CCCCN1Cc2ccccc2
333333i	333333	SCCCCC	-,-,-,-,-,-	1.815807	1.520436	1.526990	1.526990	1.520436	1.815807	98.828878	111.654302	112.842531	113.179917	112.842538	111.654315	60.667853	-59.776944	59.776923	0.640377	6.4700	S1CCC(O)CC1
333333i	333333	SCCCSC	-,-,-,-,-,-	1.815811	1.525834	1.525834	1.815099	1.751964	1.747029	100.833827	112.392120	113.717495	112.338902	100.832931	111.509045	63.478887	-63.478026	59.726614	0.725461	7.5285	CC1(OC[C@@H](O1)[C@@H]2CC23SCCCS3)C
333333i	333333	SCSCSC	O,-,O,-,O,-	1.752154	1.752154	1.757693	1.762844	1.762844	1.757693	106.527559	113.701899	106.527565	112.048503	106.777236	112.048506	31.772958	-69.979876	34.376502	0.957726	90.0000	O=S1(=O)CS(=O)(=O)CS(=O)(=O)C1
