#种子 0xf00d	NCONF 100	环大小 5
#花样	杂化	元素	双键伙伴	l0	l1	l2	l3	l4	a0	a1	a2	a3	a4	t0	t1	t2	Q	phi	SMILES
22222f1	22222	CCCCC	-,-,-,O,-	1.433281	1.335029	1.474096	1.475562	1.336828	110.492913	111.604092	104.366024	108.465968	104.947951	-3.402691	3.429318	0.000000	0.031954	2.7231	[H]/N=C\\1/[C@H]([C@H](C2=C(S1)C=C(C2=O)C)C(C)C)C#N
22222f1	22222	CCCCC	-,-,-,O,-	1.490085	1.379676	1.450714	1.477285	1.352370	104.358184	111.500084	106.778879	105.532707	111.830146	0.000028	-0.000095	0.000000	0.000001	11.4581	c1cnc2c(n1)C(=CC2=O)[O-]
22222f1	22222	CCCCC	-,C,-,-,-	1.455453	1.467648	1.405899	1.461477	1.343156	109.911451	107.016138	105.415007	109.830441	107.826636	-0.180464	0.134350	0.000000	0.001679	10.4700	C1=CC=C(C=C1)C=C2C=CC3=C2C=CC=C3
22222f1	22222	CCCCN	O,-,-,O,-	1.458575	1.384387	1.462649	1.360210	1.360730	106.464211	107.406743	107.490521	106.240922	112.351777	-0.874671	-0.437238	0.000000	0.018956	11.5526	[O-][N+](=O)C1=C2C(=O)NC(=O)C2=CC=C1
22222f1	22222	CCCCN	O,-,-,O,-	1.463118	1.386787	1.462589	1.360720	1.360773	106.339111	107.465971	107.334295	106.446931	112.413692	-0.000002	0.000004	0.000000	0.000000	2.9027	[O-][N+](=O)C1=CC2=C(C=C1)C(=O)NC2=O
22222f1	22222	CCCCN	O,N,-,-,-	1.533188	1.458954	1.393777	1.391716	1.378385	105.564937	105.732926	106.674054	111.316297	110.710081	0.317259	-0.109440	0.000000	0.003902	14.9724	[O-][N+](=O)C1=CC(=C(NN=C2C(=O)NC3=C2C=CC=C3)C=C1)[N+]([O-])=O
22222f1	22222	CCCCO	O,-,-,O,-	1.439516	1.364861	1.439516	1.359482	1.359482	106.221900	107.915220	107.915219	106.221902	111.725759	0.000001	0.000003	0.000000	0.000000	9.2520	C1(C2=C(C(O)=CC=C2O)C(O1)=O)=O
22222f1	22222	CCCCO	O,-,-,O,-	1.441912	1.366353	1.445744	1.359284	1.360245	105.922659	107.956554	108.058060	105.706113	112.345551	-0.987052	0.545165	0.000000	0.009468	5.9196	[O-][N+](=O)C1=C2C(=O)OC(=O)C2=CC=C1
22222f1	22222	CCCCO	O,-,-,O,-	1.451117	1.372586	1.451117	1.355874	1.355874	105.921300	107.742358	107.742358	105.921300	112.672684	0.000002	-0.000006	0.000000	0.000000	17.4765	ClC1=C(Cl)C(=C2C(=O)OC(=O)C2=C1Cl)Cl
22222f1	22222	CCCCO	O,-,-,O,-	1.454713	1.374514	1.454713	1.354471	1.354471	106.062170	107.606304	107.606303	106.062171	112.663052	0.000005	0.000009	0.000000	0.000000	12.5862	BrC1=C(Br)C(=C2C(=O)OC(=O)C2=C1Br)Br
22222f1	22222	CCCNN	-,-,N,-,-	1.343776	1.558511	1.345645	1.527639	1.380058	111.303478	108.514485	104.470605	109.575025	105.856272	0.660196	2.556299	0.000000	0.047690	6.6916	CC1=CCC(=O)C2=CNN(C2=[NH+]1)C
22222f1	22222	CCCNO	N,N,-,-,-	1.531644	1.409610	1.339011	1.390841	1.369885	109.796559	102.473023	108.557813	114.951054	104.204494	1.268083	-1.013901	0.000000	0.012057	6.2015	[H]/N=C\\1/C(=N\\Nc2ccccc2)/c3ncc(n3O1)c4ccc(cc4)Cl
22222f1	22222	CCNCC	N,O,-,-,-	1.532459	1.376931	1.393116	1.394601	1.457610	105.812731	105.656792	110.585156	111.370745	106.574188	0.173466	-0.084036	0.000000	0.001857	14.7245	ON(O)NC(=N)NN=C1C(=O)NC2=C1C=CC=C2
22222f1	22222	CCNCC	N,O,-,-,-	1.534006	1.377702	1.392147	1.394114	1.458746	105.719438	105.600458	110.676669	111.348331	106.655099	-0.020932	0.010344	0.000000	0.000223	14.1343	NC(=S)NN=C1C(=O)NC2=C1C=CC=C2
22222f1	22222	CNCCC	O,-,O,-,-	1.361276	1.361276	1.462437	1.385318	1.462437	106.365431	112.380288	106.365433	107.444423	107.444425	-0.000007	0.000003	0.000000	0.000000	14.8111	O=C1NC(=O)C2=C1C=CC=C2
22222f1	22222	CNCCC	O,-,O,-,-	1.361276	1.361276	1.462437	1.385318	1.462437	106.365432	112.380288	106.365432	107.444424	107.444424	-0.000020	0.000013	0.000000	0.000000	7.6777	O=C1NC(=O)c2ccccc12
22222f1	22222	CNCCC	O,-,O,-,-	1.366827	1.367110	1.461201	1.383330	1.461875	106.463663	111.900611	106.504189	107.546175	107.572778	-1.141653	0.692336	0.000000	0.009920	1.7655	N1(C(C2C=CC=CC(C1=O)=2)=O)CC3=C(C(=O)Cl)C=CC=C3
22222f1	22222	CNCCC	O,-,O,-,-	1.367043	1.367043	1.461817	1.383415	1.461817	106.378864	112.047549	106.378864	107.597129	107.597128	0.217650	-0.127605	0.000000	0.001907	0.0004	O=C1N(CC2=CC=CC=C2)C(=O)C3=C1C=CC=C3
22222f1	22222	CNCCC	O,-,O,-,-	1.368336	1.368611	1.461603	1.383472	1.461716	106.516418	111.736116	106.530936	107.550188	107.571703	-3.032026	1.651966	0.000000	0.027239	3.8495	O=C1N(CCN2C(=O)C3=CC=CC=C3C2=O)C(=O)C4=C1C=CC=C4
22222f1	22222	CNCCC	O,-,O,-,-	1.368611	1.368336	1.461716	1.383472	1.461603	106.530935	111.736119	106.516419	107.571699	107.550189	3.155412	-1.988392	0.000000	0.027239	3.8496	O=C1N(CCN2C(=O)C3=CC=CC=C3C2=O)C(=O)C4=C1C=CC=C4
22222f1	22222	CNCCC	O,-,O,-,-	1.368723	1.369622	1.466234	1.384767	1.461190	106.002810	112.895986	105.401887	108.125604	107.573713	0.000011	-0.000000	0.000000	0.000000	0.8115	O=C1N(C2=NC=NN2)C(=O)C3=C1C=CC=C3
22222f1	22222	CNCCC	O,-,O,-,-	1.368853	1.368747	1.461237	1.382955	1.461768	106.447659	111.741850	106.501420	107.566767	107.605832	-3.704309	2.139435	0.000000	0.032712	0.9653	N1(C(C2C=CC=CC(C1=O)=2)=O)CC3=C(C(=O)O)C=CC=C3
22222f1	22222	CNCCC	O,-,O,-,-	1.373654	1.367043	1.460065	1.380578	1.459868	107.032907	110.774226	107.184311	107.463883	107.412719	3.620175	-2.106257	0.000000	0.032223	1.3253	O[CH]1CCCC[CH]1N2C(=O)C3=C(C=CC=C3)C2=O
22222f1	22222	CNCCC	O,-,O,-,-	1.378821	1.379717	1.459483	1.378086	1.460189	106.849997	110.526808	106.920538	107.685384	107.760301	4.878780	-2.559365	0.000000	0.045263	6.2382	O=C1N(C(=O)C2=C1C=CC=C2)C3=C4C=CC=CC4=CC=C3
22222f1	22222	CNCCC	O,-,O,-,-	1.380811	1.378930	1.459930	1.377419	1.459207	106.999215	110.403482	106.956413	107.762272	107.687949	4.515945	-3.126433	0.000000	0.039016	8.5666	CC1=C(C=CC=C1)N2C(=O)C3=C(C=CC=C3)C2=O
22222f1	22222	CNCCC	O,-,O,-,-	1.382917	1.382917	1.458683	1.374996	1.458682	107.321109	109.876858	107.321120	107.740440	107.740472	0.000168	-0.000178	0.000000	0.000002	6.0073	O=C1N(C2=CC=CC=C2)C(=O)C3=C1C=CC=C3
22222f1	22222	CNCCC	O,-,O,-,-	1.383147	1.383083	1.458638	1.374926	1.458598	107.348153	109.833131	107.344973	107.739393	107.734349	0.000827	-0.000503	0.000000	0.000007	0.4284	O=C1N(C2=CC3=C(C=CC=C3)C=C2)C(=O)C4=C1C=CC=C4
22222f1	22222	CNCNN	-,-,N,-,-	1.354490	1.365725	1.385846	1.399346	1.310684	112.586409	110.516029	100.901694	114.129186	101.854556	-0.947164	1.136214	0.000000	0.009764	12.2394	COC1(C=NN=C2N1C=NN2)OC
22222f1	22222	CNCNN	-,-,N,-,-	1.378563	1.397386	1.423752	1.383545	1.311143	115.521526	107.416948	100.969687	114.905568	101.186227	-0.052749	0.069396	0.000000	0.000595	15.3072	COc1ccc(cc1OC)N2C=NN3C2=NNc4c3[nH]c5c4cccc5
22222f1	22222	CNNCN	O,-,-,N,-	1.412619	1.410694	1.375451	1.353099	1.376340	106.173845	108.498889	105.001514	110.630362	108.806419	6.059616	-9.471337	0.000000	0.082432	4.3390	c1cc(ccc1N2C(=O)N3CCCN=C3N2)F
22222f1	22222	COCCC	O,-,C,-,-	1.373250	1.404983	1.446788	1.378149	1.456589	107.796365	108.026294	109.305197	105.818949	109.053196	0.000206	-0.000090	0.000000	0.000002	13.4094	O=C1OC(=C2OC(=O)C3=C2C=CC=C3)C4=C1C=CC=C4
22222f1	22222	COCCC	O,-,C,-,-	1.374227	1.402068	1.442970	1.376937	1.457966	107.902627	107.673158	109.750385	105.744889	108.928714	-0.128853	0.047770	0.000000	0.001356	17.7787	O=C1OC(=CC2=CC=CC=C2)C3=C1C=CC=C3
22222f1	22222	COCCC	O,-,O,-,-	1.356211	1.356211	1.454593	1.370322	1.454593	105.992503	112.561486	105.992502	107.726765	107.726743	-0.000032	-0.000089	0.000000	0.000002	7.7096	O=C1OC(=O)C2=C(C3=CC=CC=C3)C4=C(C=CC=C4)C(=C12)C5=CC=CC=C5
22222f1	22222	COCCC	O,-,O,-,-	1.356285	1.361184	1.453253	1.370091	1.444169	105.778463	112.314503	106.250878	106.963153	108.693003	0.000076	-0.000039	0.000000	0.000001	6.2388	O=C1OC(=O)C2=C3C=CC=CC3=CC=C12
22222f1	22222	COCCC	O,-,O,-,-	1.358981	1.365647	1.453104	1.357450	1.438452	106.194677	112.255340	105.084847	108.413101	108.052034	-0.000009	0.000011	0.000000	0.000000	13.5557	C1(OC(=O)C2=C1C=CC=N2)=O
22222f1	22222	COCCC	O,-,O,-,-	1.361291	1.361883	1.444012	1.361634	1.436863	105.495961	112.222039	105.915536	107.535255	108.831208	0.000022	-0.000007	0.000000	0.000000	17.2042	C1(OC(=O)C2=C1C=NC=C2)=O
22222f1	22222	NCCCC	-,-,-,-,-	1.358010	1.458383	1.340255	1.456763	1.359672	109.864842	107.085889	107.838882	107.414783	107.464330	5.573338	-3.192390	0.000000	0.051145	2.5032	CC1=C2NC(=C1CCC(O)=O)C=C3N=C(C=C4NC(=CC5=NC(=C2)C(=C5C)C=C)C(=C4C)C=C)C(=C3CCC(O)=O)C
22222f1	22222	NCCCC	-,-,-,-,-	1.360385	1.461831	1.342470	1.467713	1.362443	109.426807	107.551624	108.187215	106.780963	108.049203	-0.013358	0.387635	0.000000	0.005782	0.8709	CC1=C2NC(=C1CCC(O)=O)C=C3N=C(C=C4NC(=CC5=NC(=C2)C(=C5C)C=C)C(=C4C)C=C)C(=C3CCC(O)=O)C
22222f1	22222	NCCCC	-,-,-,O,O	1.390971	1.393922	1.464200	1.555108	1.381537	111.012419	111.545477	107.040759	105.140241	105.261104	0.000129	-0.000018	0.000000	0.000002	3.9643	BrC1=CC2=C(NC(=O)C2=O)C=C1
22222f1	22222	NCCCC	-,-,-,O,O	1.394320	1.395147	1.464266	1.552859	1.380315	111.202744	111.106577	107.276806	105.107914	105.305959	-0.000001	-0.000004	0.000000	0.000000	4.0198	CC1=CC=CC2=C1NC(=O)C2=O
22222f1	22222	NCCCC	-,O,-,-,O	1.359342	1.466541	1.388123	1.462417	1.359087	113.877198	104.960077	107.903855	107.481626	105.419624	3.446106	0.040346	0.000000	0.052489	0.3875	ON1C(=O)C2=C(C=CC=C2)C1=O
22222f1	22222	NCCCC	-,O,-,-,O	1.364195	1.463011	1.382191	1.463011	1.364195	113.333676	105.473942	107.859219	107.859219	105.473942	0.000008	-0.000002	0.000000	0.000000	12.1868	[O-][N+](=O)N1C(=O)C2=C(C=CC=C2)C1=O
22222f1	22222	NCCCC	-,O,-,-,O	1.364195	1.463011	1.382191	1.463011	1.364195	113.333676	105.473942	107.859219	107.859220	105.473942	-0.000003	-0.000001	0.000000	0.000000	10.8717	OCC1=CC=CC=C1.[O-][N+](=O)N2C(=O)C3=C(C=CC=C3)C2=O
22222f1	22222	NCCCC	-,O,-,-,O	1.365614	1.462024	1.383767	1.462024	1.365614	112.106174	106.386691	107.554654	107.554658	106.386690	-0.623994	-0.000020	0.000000	0.009320	0.0011	BrCN1C(=O)C2=C(C=CC=C2)C1=O
22222f1	22222	NCCCC	-,O,-,-,O	1.366080	1.462069	1.384136	1.462069	1.366080	112.087891	106.384697	107.557384	107.557384	106.384698	0.988730	0.000011	0.000000	0.014771	0.0004	N1(C(C2C=CC=CC(C1=O)=2)=O)CC(=O)OCC
22222f1	22222	NCCCC	-,O,-,-,O	1.366262	1.462885	1.384617	1.461740	1.366300	112.151703	106.283963	107.640634	107.496730	106.425515	0.021646	0.206281	0.000000	0.003407	3.1133	N1(C(C2C=CC=CC(C1=O)=2)=O)CC(=O)CCl
22222f1	22222	NCCCC	-,O,-,-,O	1.367981	1.461882	1.383671	1.461882	1.367981	111.801737	106.488585	107.555498	107.555498	106.488585	-1.966204	-0.000008	0.000000	0.029363	0.0001	BrCCN1C(=O)C2=C(C=CC=C2)C1=O
22222f1	22222	NCCCC	-,O,-,-,O	1.368416	1.462358	1.383339	1.460656	1.366998	111.624364	106.546632	107.588051	107.429320	106.763768	-1.143750	-0.180679	0.000000	0.019363	4.7980	OCCN1C(=O)C2=C(C=CC=C2)C1=O
22222f1	22222	NCCCC	-,O,-,-,O	1.368561	1.461826	1.383242	1.461826	1.368561	111.850650	106.458682	107.598209	107.598210	106.458683	-1.117453	-0.000003	0.000000	0.016696	0.0001	CCN1C(=O)C2=C(C=CC=C2)C1=O
22222f1	22222	NCCCC	-,O,-,-,O	1.368644	1.461707	1.383066	1.461589	1.368833	111.825186	106.478783	107.610837	107.595323	106.488601	0.215351	-0.004956	0.000000	0.003156	0.8056	CCCN1C(=O)C2=C(C=CC=C2)C1=O
22222f1	22222	NCCCC	-,O,-,-,O	1.368649	1.461684	1.383060	1.461572	1.368821	111.825186	106.478797	107.610825	107.595859	106.488486	-0.178126	0.006825	0.000000	0.002578	1.3585	CCCCN1C(=O)C2=C(C=CC=C2)C1=O
22222f1	22222	NCCCC	-,O,-,-,O	1.368894	1.461918	1.383355	1.461241	1.367814	111.789433	106.415778	107.611110	107.538985	106.521830	2.029582	0.055805	0.000000	0.031027	0.9223	CCCCCCCCC=CCCCCCCCC(=O)OCCN1C(=O)C2=C(C=CC=C2)C1=O
22222f1	22222	NCCCC	-,O,-,-,O	1.369232	1.462062	1.383696	1.462062	1.369232	112.504912	105.959303	107.788241	107.788239	105.959305	-0.000006	-0.000002	0.000000	0.000000	8.8885	BrN1C(=O)C2=C(C=CC=C2)C1=O
22222f1	22222	NCCCC	-,O,-,-,O	1.369349	1.461516	1.383013	1.461512	1.368249	111.740302	106.524472	107.585248	107.583811	106.556299	0.521831	0.079251	0.000000	0.008798	4.6279	BrCCCCN1C(=O)C2=C(C=CC=C2)C1=O
22222f1	22222	NCCCC	-,O,O,-,-	1.401139	1.538206	1.453843	1.393251	1.421449	109.220349	105.933426	106.032101	107.441048	111.373075	0.000031	-0.000028	0.000000	0.000000	7.2632	CC(=O)N1C(=O)C(=O)C2=C1C=CC=C2
22222f1	22222	NCCNC	-,-,-,-,O	1.286814	1.514889	1.285423	1.504052	1.520010	100.896084	112.940341	112.471108	101.645670	112.046797	-0.000004	-0.000000	0.000000	0.000000	0.9762	c1c2=[NH+]C(=O)[NH+]=c2ncn1
22222f1	22222	NCCNN	-,-,N,-,-	1.287610	1.457673	1.358809	1.271401	1.445849	105.181693	107.528080	108.045507	106.292766	112.951954	0.000072	-0.000192	0.000000	0.000002	17.0394	C1C(=CN=C2C1=NN=N2)O
22222f1	22222	NCNCN	-,O,-,N,-	1.384755	1.432155	1.356381	1.367551	1.510513	109.464835	103.995032	111.924382	110.252508	104.357900	0.762933	-0.655135	0.000000	0.006510	17.6599	CN1C(=O)N2CCC[NH+]=C2N1
22222f1	22222	NCNNN	-,N,-,-,-	1.368794	1.326807	1.418238	1.371054	1.283250	109.958766	109.957497	104.175690	108.242293	107.646493	-0.447367	-0.408214	0.000000	0.011761	17.8419	C1C[NH+]=C2N=NNN2N1
22222f1	22222	OCCCC	-,C,-,-,O	1.404983	1.446787	1.378147	1.456590	1.373250	108.026298	109.305195	105.818945	109.053257	107.796305	-0.000041	0.000182	0.000000	0.000002	8.8844	O=C1OC(=C2OC(=O)C3=C2C=CC=C3)C4=C1C=CC=C4
22222f2	22222	CCCCC	C,-,-,-,-	1.495377	1.412379	1.455350	1.418031	1.492872	107.925192	106.348467	109.709093	109.988508	105.998583	-1.099210	0.050454	0.000000	0.016489	1.4531	C1(C2=C(C=CC=C2)C3=C1C=CC=C3)=C(C(=O)O)F
22222f2	22222	CCCCC	N,-,-,-,-	1.487807	1.409925	1.446157	1.401257	1.480564	106.368719	107.051775	109.551392	109.094584	107.933531	-0.000009	-0.000002	0.000000	0.000000	6.8957	ON=C1C2=C(C=CC=C2)C3=CC=CC=C13
22222f2	22222	CCCCC	O,-,-,-,-	1.465286	1.395004	1.448907	1.338920	1.467280	105.954695	107.442433	107.835206	110.274739	108.458001	-0.217645	-1.014248	0.000000	0.016978	6.7881	CC1=C([C@@H](C2=C(N1)c3ccccc3C2=O)c4ccco4)C#N
22222f2	22222	CCCCN	O,-,-,-,-	1.479824	1.368964	1.367162	1.391926	1.389169	105.373466	106.680082	110.087788	108.639595	109.219068	-0.000023	-0.000006	0.000000	0.000000	6.7438	c1cc2cccc3c2c(c1)C(=O)N3
22222f2	22222	CNCCC	O,-,-,-,-	1.387209	1.391692	1.368017	1.371098	1.479334	105.290276	109.226572	108.902296	109.615084	106.965644	0.068303	-0.114106	0.000000	0.001001	1.4752	C1(NC2=CC=C(C3=C(C1=CC=C3)2)CN)=O
22222f2	22222	NCCNC	-,-,-,-,C	1.419934	1.433925	1.371351	1.394103	1.389344	105.276196	108.269831	107.311820	108.065499	110.534206	0.314560	4.170736	0.000000	0.065465	2.8455	CN1c2ccccc2N3C1=C(C(=O)C3)C#N
22222f2	22222	NCNCC	-,N,-,-,-	1.378241	1.358528	1.410215	1.406718	1.416538	104.443749	113.204259	106.135823	107.406633	108.788898	1.529843	-1.221974	0.000000	0.012622	14.1026	CC(C)N1C[NH+]=C2Nc3ccccc3N2C1
22222i	22222	CCCCC	C,-,-,-,-	1.454741	1.342881	1.447665	1.341746	1.454667	107.311762	106.764430	109.589805	109.393611	106.939999	-0.067607	-0.063539	0.000000	0.001814	16.7163	C[NH+](C)C=C1C=CC=C1
22222i	22222	CCCCC	O,-,-,-,-	1.483740	1.347021	1.462469	1.347020	1.483739	109.395992	104.437031	110.855662	110.855477	104.437235	-1.111080	1.509708	0.000000	0.012124	17.9545	O=C1C(=C(C2=CC=CC=C2)C(=C1C3=CC=CC=C3)C4=CC=CC=C4)C5=CC=CC=C5
22222i	22222	CCCNC	-,-,O,-,O	1.334890	1.489582	1.376515	1.364448	1.470692	109.516372	105.558853	108.689597	108.628418	107.606554	0.149341	-0.118636	0.000000	0.001303	16.7137	OC1=C(C(=O)N(C2=CC=CC=C2)C1=O)C3=CC=CC=C3
22222i	22222	CCCNC	-,-,O,-,O	1.336187	1.471088	1.353238	1.355729	1.467879	107.784490	107.442060	107.189204	110.475618	107.067363	1.175190	-2.018901	0.000000	0.017915	1.3798	C/N=C\\1/C(C(=O)N(C1=O)C)C2=CC(=O)N(C2=O)C
22222i	22222	CCCNN	-,-,C,-,-	1.334194	1.440011	1.388543	1.264974	1.374253	110.398508	105.008093	104.909342	111.056757	108.578418	2.032710	-2.232170	0.000000	0.019660	1.9223	CC1=C(/C(=C\\2/C(=NNS2)C)/N=N1)C(=O)OC
22222i	22222	CCCNN	N,N,-,-,-	1.495229	1.511716	1.309526	1.393162	1.370566	102.857030	104.242000	110.013004	107.252582	115.576662	1.816939	-0.511014	0.000000	0.022717	12.0593	C1(/C(NN=C1N)=N)=N/NC2=CC(C(F)(F)F)=CC=C2
22222i	22222	CCCNN	O,P,-,-,-	1.483490	1.489030	1.296368	1.393135	1.385235	102.926251	104.621443	110.659408	107.635500	114.123407	1.482113	-0.510887	0.000000	0.017293	15.0681	C1(C(N(C2=CC=CC=C2)N=C1C)=O)=P(C3=CC=C(C=C3)Br)(C4=CC=CC=C4)C5C=CC=CC=5
22222i	22222	CCCOC	-,-,O,-,O	1.322323	1.450714	1.348793	1.351567	1.459051	108.943300	106.253625	108.824095	109.267058	106.711922	-0.000003	0.000000	0.000000	0.000000	3.9595	ClC1=CC(=O)OC1=O
22222i	22222	CCCOC	-,C,O,-,-	1.424496	1.490594	1.381810	1.393814	1.329336	104.848480	106.521595	107.683859	104.440450	116.505616	0.000004	-0.000002	0.000000	0.000000	14.0462	C1(C(C(=O)OC=1)=C)C(=O)O
22222i	22222	CCNCC	-,-,-,-,C	1.347039	1.474322	1.284843	1.498356	1.484252	106.454348	110.965694	107.686498	110.986142	103.806918	1.876920	0.252135	0.000000	0.029320	4.1486	CC\\1=C([NH+]=C(/C1=C(\\C)/NN)C)C(=O)NN
22222i	22222	CCNCN	N,C,-,-,-	1.521827	1.399799	1.309765	1.378676	1.392683	102.971514	108.750189	104.345834	116.805130	106.592047	-3.705021	-0.951618	0.000000	0.067976	4.9668	[H]/N=C/1\\C(=C(\\C#N)/N)\\N=CN1N=C(C)C
22222i	22222	CCNCN	O,C,-,-,-	1.493251	1.379790	1.295307	1.345630	1.352947	102.277003	109.347955	103.918745	115.865743	108.590555	-0.000009	-0.000006	0.000000	0.000000	11.6721	c1cc(oc1)/C=C\\2/C(=O)NC(=N2)[S-]
22222i	22222	CCNNC	-,C,-,-,-	1.436125	1.383831	1.264809	1.370002	1.332155	103.467604	106.457846	110.113697	108.458056	111.502638	-0.132299	0.112790	0.000000	0.001098	16.0494	c1ccc(cc1)C(=O)ON/C(=C\\2/C=CN=N2)/[NH3+]
22222i	22222	CCNNC	-,C,-,-,-	1.436133	1.387516	1.266757	1.369669	1.330541	103.791188	106.048024	110.332284	108.260436	111.568068	-0.000065	0.000042	0.000000	0.000001	0.4084	C1=C/C(=C\\2/C=CN=N2)/NC=C1
22222i	22222	CCNON	-,C,-,-,-	1.478931	1.396106	1.416979	1.447579	1.299354	109.069408	104.615044	110.108006	104.318525	111.172967	8.415354	-8.246105	0.000000	0.077465	2.4410	c1ccc(cc1)C(=O)/C(=C/2\\C=[N+](ON2)[O-])/N=O
22222i	22222	CNCNC	-,-,N,-,-	1.298305	1.368338	1.367728	1.295944	1.507181	108.850923	102.149129	117.897790	102.315426	108.785645	0.211430	-0.342883	0.000000	0.002852	1.1884	C[S@@](=O)CC1=NC(=N)N=C1C[S@@](=O)C
22222i	22222	CNNNC	-,-,-,-,C	1.305302	1.414640	1.258001	1.372602	1.467170	108.231641	106.454681	110.881043	110.724535	103.707984	0.008047	0.063753	0.000000	0.000957	4.8247	CC(C)(C)C\\1=NN=N/C1=C/Nc2ccc(cc2)F
22222i	22222	COCNC	O,-,-,-,C	1.361072	1.354177	1.294962	1.369636	1.488135	102.946782	106.374769	117.711860	102.715891	110.250547	0.131859	-0.125106	0.000000	0.001025	1.3696	O=C1OC(=NC1=CC2=CC=CC=C2)C3=CC=CC=C3
22222i	22222	NCCCN	-,-,N,-,-	1.306610	1.478905	1.489760	1.297843	1.445144	110.261248	107.913946	103.717515	108.345846	109.686484	2.626417	-2.618008	0.000000	0.025347	0.8549	C1(\C(=NN=C1N)C2C=CC(C)=CC=2)=N/NC3C=C([N+]([O-])=O)C=CC=3
22222i	22222	NCCNC	-,C,O,-,O	1.364817	1.495091	1.366306	1.370915	1.383469	109.812994	106.518484	104.450006	111.508845	107.703186	0.450629	-0.783815	0.000000	0.007112	0.7650	COC1=CC=C(C=C1)C=C2NC(=O)NC2=O
22222i	22222	NCCNC	-,C,O,-,S	1.367668	1.497931	1.369775	1.370914	1.382315	109.445918	106.692148	104.374064	111.241466	108.245712	0.231816	-0.110210	0.000000	0.002386	10.3309	OC1=C(C=CC=C1)C=C2NC(=S)NC2=O
22222i	22222	NCCNC	-,C,O,-,S	1.380291	1.492718	1.375192	1.393517	1.409522	109.021538	107.335260	104.942453	111.332312	107.368438	-0.000018	0.000006	0.000000	0.000000	16.8200	CN1/C(=C/Nc2ccccc2)/C(=O)N(C1=S)C
22222i	22222	NCNCC	-,-,-,C,O	1.350468	1.299228	1.376972	1.491655	1.366569	107.826689	115.997434	104.170476	109.411855	102.576124	-0.816746	-0.039408	0.000000	0.011510	3.4052	CCN1C(=N/C(=C\\c2ccccc2)/C1=O)C
22222i	22222	NCNCC	-,C,-,-,-	1.440839	1.422827	1.389245	1.340511	1.401237	105.541091	106.982192	107.124301	109.725422	110.570246	2.367178	-1.593057	0.000000	0.021889	3.0798	N1(/C(=C/[N+]([O-])=O)N(C)C=C1)C(=N)N
22222i	22222	NCOCN	-,-,-,C,-	1.300342	1.369770	1.394643	1.372386	1.346605	102.554030	119.205981	98.335141	109.899305	109.489639	-1.823327	5.534280	0.000000	0.063176	16.2191	c1cc(ccc1C2=NN/C(=C(\\N)/N=O)/O2)[N+](=O)[O-]
22223f1	22223	CCCCC	-,-,C,N,-	1.337301	1.425209	1.474751	1.531460	1.535185	111.921291	111.671825	107.237049	108.423475	100.741271	-0.009154	0.461002	0.000000	0.006919	2.4896	[H]/N=C/1\\[C@@H](C(=C\\2C1=C(C(/C2=N\\[H])C#N)C)C)C#N
22223f1	22223	CCCCC	N,O,-,-,-	1.514633	1.465202	1.400691	1.502953	1.514092	109.065081	106.188765	109.369464	112.703767	102.672923	-0.000004	0.000007	0.000000	0.000000	3.3478	C1(\C(C2C=CC=CC(C1)=2)=O)=N/O
22223f1	22223	CCCCS	-,-,-,-,O	1.341457	1.459076	1.394161	1.750904	1.742728	112.787645	112.258126	113.076351	109.836981	92.040896	-0.000074	0.000004	0.000000	0.000001	0.9647	BrC1=CC2=CC=CC=C2S1(=O)=O
22223f1	22223	CCCCS	N,-,-,N,-	1.480372	1.330890	1.445371	1.747582	1.774805	108.357745	113.265818	116.258957	109.066919	93.038468	0.520387	0.280796	0.000000	0.011800	15.8232	CN1CCC\\2=C1/C(=N\\O)/S/C2=N\\c3ccc(cc3)F
22223f1	22223	NCCNS	-,-,-,-,-	1.417048	1.415103	1.417048	1.674509	1.674509	108.091293	112.311388	112.311398	108.091295	96.114350	0.000022	11.513554	0.000000	0.183490	0.0001	c1ccc2c(c1)nc3c(n2)NSN3
22223f1	22223	NCCNS	-,-,-,-,O	1.426320	1.399473	1.426320	1.702748	1.702748	105.299058	113.091369	113.091371	105.299059	95.373159	-0.000013	-18.186527	0.000000	0.298202	0.0000	c1ccc2c(c1)NS(=O)(=O)N2
22223f1	22223	NCNNC	-,-,-,-,-	1.425068	1.289440	1.376850	1.489453	1.446749	107.206055	113.495614	106.611847	111.980251	100.355586	5.883230	-6.017118	0.000000	0.051012	3.7616	CN1C=NN2[C@@H]1[N+](=C([CH-]2)c3ccccc3)C
22223f1	22223	OCCOC	-,-,-,-,-	1.359133	1.374301	1.359943	1.443541	1.442822	100.881625	112.460067	112.419436	100.850427	113.382682	-0.007852	0.452494	0.000000	0.006954	0.5096	N#CC(=CC1=CC2=C(OCO2)C=C1)C#N
22223f1	22223	OCCOC	-,-,-,-,-	1.359248	1.371506	1.359159	1.442601	1.443658	100.797589	112.514278	112.482374	100.846870	113.354178	-0.095085	0.470043	0.000000	0.006282	6.6657	COc1cc(cc(OC)c1OC)C2C3C(COC3=O)C(O)c4cc5OCOc5cc24
22223f1	22223	OCCOC	-,-,-,-,-	1.359257	1.374047	1.360440	1.442973	1.442702	100.833352	112.497365	112.393993	100.833170	113.441935	0.146361	-0.130199	0.000000	0.001187	0.7283	OC(=O)/C=C/c1ccc2OCOc2c1
22223f1	22223	OCCOC	-,-,-,-,-	1.359366	1.376157	1.360066	1.443733	1.442774	100.940241	112.406072	112.382280	100.898045	113.373357	0.001299	-0.014385	0.000000	0.000209	2.7433	NC(=S)NN=CC1=CC2=C(OCO2)C=C1
22223f1	22223	OCCOC	-,-,-,-,-	1.359443	1.374257	1.360501	1.442647	1.442696	100.811054	112.495974	112.390353	100.825900	113.476178	0.151437	-0.221138	0.000000	0.002093	2.2055	CC=CC1=CC2=C(OCO2)C=C1
22223f1	22223	OCCOC	-,-,-,-,-	1.359525	1.376365	1.360159	1.443423	1.442709	100.920961	112.405759	112.375127	100.891951	113.406201	0.000007	-0.000054	0.000000	0.000001	3.7593	ON=CC1=CC2=C(OCO2)C=C1
22223f1	22223	OCCOC	-,-,-,-,-	1.359648	1.376422	1.360193	1.443052	1.442763	100.899338	112.411091	112.366227	100.893435	113.428196	-0.011443	0.251672	0.000000	0.003788	1.3421	O=C(NN=CC1=CC2=C(OCO2)C=C1)C3=CC=CC=C3
22223f1	22223	OCCOC	-,-,-,-,-	1.360143	1.374029	1.359089	1.442548	1.443464	100.830884	112.415366	112.476208	100.866437	113.407682	-0.012837	-0.335169	0.000000	0.005358	1.0716	[N+](=C/C1C=C2OCOC(=CC=1)2)(/[O-])C3C=CC=CC=3
22223f1	22223	OCCOC	-,-,-,-,-	1.360295	1.371658	1.358631	1.442517	1.443552	100.777743	112.449840	112.552806	100.819195	113.400416	0.000020	-0.000010	0.000000	0.000000	5.9815	c1cc2c(cc1Nc3nnc(o3)c4ccn[nH]4)OCO2
22223f1	22223	OCCOC	-,-,-,-,-	1.360341	1.375125	1.359662	1.442558	1.442915	100.809088	112.408799	112.451488	100.824045	113.491243	-0.029803	-0.706878	0.000000	0.011338	1.1692	N1(C(SC(/C1=O)=C/C2C=C3OCOC(=CC=2)3)=S)C(C(=O)O)CCC
22223f1	22223	OCCOC	-,-,-,-,-	1.360366	1.374913	1.359600	1.442474	1.442969	100.807114	112.410053	112.457522	100.826879	113.488213	0.054339	0.554815	0.000000	0.009254	2.5994	N1(C(SC(/C1=O)=C/C2C=C3OCOC(=CC=2)3)=S)C(C(=O)O)C4C=CC=CC=4
22223f1	22223	OCCOC	-,-,-,-,-	1.362045	1.379072	1.361116	1.440237	1.438583	101.727041	111.386370	112.791565	100.918250	113.176774	0.000003	-0.000009	0.000000	0.000000	10.6846	C1(=C2OCOC2=CC=C1)C(=O)O
22223f1	22232	CCCCC	-,-,-,-,-	1.454146	1.403381	1.505568	1.515583	1.343394	107.870177	109.573243	108.839442	101.342693	112.374446	0.000231	-0.000277	0.000000	0.000003	13.9728	c1ccc2c(c1)C=CC23C(=O)c4ccccc4C3=O
22223f1	22232	CCCCO	O,-,-,-,-	1.456280	1.377538	1.474804	1.444458	1.367477	106.549480	108.825302	109.199586	103.353860	112.067898	-0.443485	0.615190	0.000000	0.005739	6.3802	C1(C2=C(C=C(C=C2)N)CO1)=O
22223f1	22232	CCCCO	O,-,-,-,-	1.483034	1.336997	1.484371	1.420094	1.359159	109.471490	106.178623	110.095945	105.299716	108.888933	-2.599398	2.030134	0.000000	0.023120	12.5138	c1ccc2c(c1)CCC3=C(C=C2)C(=O)OC3
22223f1	22232	CCNCC	-,-,-,-,O	1.337732	1.394103	1.434949	1.534350	1.491729	104.364008	112.408878	114.025579	98.186775	110.817702	4.338617	-4.447678	0.000000	0.040793	16.3969	CN1c2ccccc2N3C1=C(C(=O)C3)C#N
22223f1	22232	CCNCC	-,-,-,-,O	1.339892	1.400574	1.456879	1.524813	1.482102	104.502162	113.955001	111.015179	100.025611	110.502047	0.000007	-0.000006	0.000000	0.000000	4.6768	C1(=C2N(C=CC=C2)CC1=O)C#N
22223f1	22232	CCNCN	-,-,-,-,-	1.346187	1.403136	1.470170	1.500107	1.394681	110.886583	109.563060	109.051505	102.311587	107.794259	-4.910806	6.232375	0.000000	0.059286	9.6083	c1ccc(cc1)C2=CN3C=CS[C@@H]3N2CCO
22223f1	22232	NCCCC	-,-,-,-,O	1.347656	1.329268	1.485442	1.528678	1.384350	111.143388	109.310316	112.968278	98.691924	107.886095	-0.000000	0.000001	0.000000	0.000000	16.7219	c1[nH]c(=O)c2c(n1)NC(=O)C2
22223f1	22232	NCNCC	-,N,-,-,O	1.342756	1.362518	1.441431	1.524708	1.362451	109.327704	110.365902	111.349538	99.702827	109.254029	0.000007	-0.000001	0.000000	0.000000	3.0565	Cc1c(c(=O)n2c(n1)NC(=O)C2)C=O
22223f1	22322	CCCCC	-,-,-,-,-	1.346962	1.518548	1.498672	1.399262	1.451911	108.104454	112.063489	101.089566	109.599807	109.142375	0.163250	-0.076717	0.000000	0.001607	7.0652	C1CC2=C(C=CC=C2)[CH]1C3=CC4=CC=CC=C4C3
22223f1	22322	CCSCC	-,-,O,-,-	1.338279	1.730014	1.753879	1.396011	1.461159	112.963321	112.666301	92.248458	109.925161	112.196759	-0.000002	-0.000002	0.000000	0.000000	11.5283	OC1=C(Cl)S(=O)(=O)C2=CC=CC=C12
22223f1	22322	CNCCC	O,-,-,-,-	1.378086	1.443214	1.491535	1.395948	1.466783	106.601519	113.099301	102.507671	109.913128	107.878381	0.000003	-0.000002	0.000000	0.000000	14.6205	O=C1NCC2=C1C=CC=C2
22223f1	22322	CNSCC	O,-,O,-,-	1.408449	1.673547	1.738920	1.388442	1.473022	109.466872	113.507845	93.321540	110.547294	112.682662	-5.424084	1.614743	0.000000	0.064904	16.3746	O=C1NS(=O)(=O)C2=CC=CC=C12
22223f1	22322	COCCC	O,-,-,-,-	1.365389	1.449131	1.484753	1.379835	1.455773	106.871179	112.046460	103.181721	108.972400	108.903982	1.553246	-1.458753	0.000000	0.014395	2.5496	O=C1O[CH](C2=CC=CC=C2)C3=C1C=CC=C3
22223f1	22322	COCCC	O,-,-,-,-	1.366761	1.450482	1.487383	1.381259	1.456135	106.609985	112.421442	102.882930	109.045521	109.040122	0.000006	0.000017	0.000000	0.000000	8.1575	C1(OC(C)(C)C2=C1C=CC=C2)=O
22223f1	22322	COCCC	O,-,-,-,-	1.367486	1.444308	1.475365	1.379510	1.456413	106.597377	112.077350	103.389949	109.152378	108.782945	0.000063	-0.000034	0.000000	0.000001	3.2118	C1(OCC2=C1C=CC=C2)=O
22223f1	22322	COCCC	O,-,-,-,-	1.367486	1.444308	1.475365	1.379510	1.456413	106.597378	112.077351	103.389949	109.152376	108.782946	-0.000017	0.000006	0.000000	0.000000	14.8414	O=C1OCC2=C1C=CC=C2
22223f1	22322	COCCC	O,-,-,-,-	1.367721	1.440790	1.475245	1.382743	1.463316	106.862088	112.108227	103.413494	109.555161	108.061029	-0.000005	0.000001	0.000000	0.000000	15.6301	C1(OCC2=C1C(=CC=C2)C)=O
22223f1	22322	NCCCC	-,-,-,-,-	1.300495	1.553693	1.504370	1.390935	1.470509	109.629768	111.083965	101.208527	108.901403	109.018318	-3.591359	1.520718	0.000000	0.035934	9.6275	CN(CCCl)C1=CC=C(C=C1)C=CC2=[N+](C)C3=C(C=CC=C3)C2(C)C
22223f1	22322	NCCCC	-,-,-,-,-	1.300718	1.551448	1.504154	1.391173	1.471829	109.501716	111.361139	101.127903	109.011738	108.971976	1.572769	-0.889002	0.000000	0.014651	2.0362	CC1=CC2=CC=CC=C2N1C=CC3=[N+](C)C4=C(C=CC=C4)C3(C)C
22223f1	22322	NCCCC	-,-,-,-,-	1.300812	1.548872	1.504554	1.391471	1.470385	109.505780	111.416206	101.124088	108.982094	108.946432	1.513643	-0.752809	0.000000	0.014493	3.7330	COC1=CC(=C(NC=CC2=[N+](C)C3=C(C=CC=C3)C2(C)C)C=C1)OC
22223f1	22322	NCCCC	-,-,-,-,-	1.301378	1.555742	1.503664	1.390303	1.471906	109.613525	110.985734	101.266517	108.913718	109.069836	-3.656858	1.785361	0.000000	0.035349	4.5680	CCN(CCCl)C1=CC(=C(C=C1)C=CC2=[N+](C)C3=C(C=CC=C3)C2(C)C)C
22223f1	22322	NCCCC	-,-,-,-,-	1.301439	1.559545	1.503043	1.389555	1.472479	109.547418	110.653075	101.255970	108.793709	109.165724	7.616673	-4.593370	0.000000	0.070594	5.2045	CN1C2=C(C=CC=C2)C(=C1C3=CC=CC=C3)C=CC4=[N+](C)C5=CC=CC=C5C4(C)C
22223f1	22322	NCCNC	-,-,-,-,-	1.289886	1.490091	1.481104	1.297347	1.374433	104.322702	111.899326	101.644313	103.847849	117.892262	-6.539530	4.649113	0.000000	0.057666	17.4302	C1C(=O)[C@H]2C(=NC=N2)NC=N1
22223f1	23222	CCCCC	N,-,-,-,C	1.531461	1.535184	1.337301	1.425209	1.474752	108.423470	100.741288	111.921254	111.671934	107.236963	-0.690442	0.456174	0.000000	0.006922	2.4510	[H]/N=C/1\\[C@@H](C(=C\\2C1=C(C(/C2=N\\[H])C#N)C)C)C#N
22223f1	23222	CCCCC	O,-,O,-,-	1.516330	1.516330	1.463005	1.387789	1.463004	108.543045	103.219314	108.543030	109.759511	109.759521	4.010314	-2.645123	0.000000	0.040779	0.0012	O=C1C(C2=NC3=C(C=CC=C3)C=C2)C(=O)C4=C1C=CC=C4
22223f1	23222	CCCCC	O,-,O,-,-	1.525562	1.525563	1.464006	1.388703	1.464007	107.914475	103.732018	107.914457	110.203775	110.203710	-1.699582	1.118161	0.000000	0.017392	0.0024	c1ccc2c(c1)C=CC23C(=O)c4ccccc4C3=O
22223f1	23222	CCCCN	O,-,-,-,-	1.551994	1.508960	1.398383	1.387253	1.392400	107.008977	102.343013	108.694619	110.385590	111.496299	2.209602	-1.021628	0.000000	0.025821	14.8458	Cc1cccc2c1[C@H](C(=O)N2)n3cnc4c(c3=O)cccn4
22223f1	23222	CCCCN	O,-,N,O,-	1.523872	1.501104	1.502955	1.359770	1.371933	108.574137	102.252470	107.982636	106.148094	114.474817	7.466605	-6.564354	0.000000	0.073510	16.4642	C1CN=C2[C@@H](N1)C(=O)NC2=O
22223f1	23222	CSCCC	O,-,-,-,O	1.747029	1.756714	1.381064	1.458545	1.531610	104.908896	96.219667	112.616086	111.426471	114.828880	0.000012	-0.000004	0.000000	0.000000	14.9699	C1(SC2C=CC=CC(C1=O)=2)=O
22223f1	23222	NCCCC	-,-,-,-,O	1.451958	1.492303	1.395615	1.468643	1.383097	113.036939	102.406146	109.967066	108.240791	106.349058	-0.000004	0.000002	0.000000	0.000000	9.0970	CN1CC2=C(C=CC=C2)C1=O
22223f1	23222	NCCCC	-,-,-,-,O	1.453527	1.492571	1.395583	1.466679	1.382592	112.648975	102.447223	110.015537	108.033933	106.713234	-2.227445	0.114583	0.000000	0.034375	1.7593	OCCN1CC2=C(C=CC=C2)C1=O
22223f1	23222	NCNCC	-,-,-,-,-	1.486922	1.489453	1.478535	1.470166	1.286023	109.790299	108.357026	102.166013	108.973372	110.699974	-1.143129	0.921516	0.000000	0.011052	17.6542	CN1C=NN2[C@@H]1[N+](=C([CH-]2)c3ccccc3)C
22223f1	23222	OCCCC	-,-,-,-,O	1.454603	1.497430	1.380174	1.454917	1.364676	112.352477	102.533073	109.128213	108.908968	107.077063	0.032293	-0.110147	0.000000	0.001287	12.0602	Oc1ccc2c(Oc3cc(O)ccc3C42OC(=O)c5ccccc54)c1
22223f1	23222	OCCCC	-,-,-,-,O	1.455007	1.497024	1.380212	1.454965	1.364909	112.325616	102.536828	109.154755	108.892414	107.090387	-0.000044	0.000097	0.000000	0.000001	12.6559	CC(=O)OC1=CC2=C(C=C1)C3(OC(=O)C4=C3C=CC=C4)C5=C(O2)C=C(OC(C)=O)C=C5
22223f1	23222	OCCCC	-,-,-,-,O	1.457202	1.507555	1.380140	1.450715	1.360841	113.326399	100.837254	109.484654	108.907701	106.487324	-7.750847	3.270014	0.000000	0.090163	17.0783	CC(C)C1=CC(=C(C)C=C1O)C2(OC(=O)C3=C2C=CC=C3)C4=C(C)C=C(O)C(=C4)C(C)C
22223f1	23222	OCCCC	-,-,-,-,O	1.458082	1.489713	1.380686	1.452052	1.367100	112.475921	102.271585	109.433527	108.995813	106.738873	-2.207181	0.783548	0.000000	0.026701	15.1012	c1ccc2c(c1)[C@@H](OC2=O)C3=C(CCCC3=O)O
22223f1	23222	OCCCC	-,-,-,-,O	1.460635	1.500180	1.380871	1.451762	1.361396	113.093849	101.517151	109.416284	109.087796	106.633899	4.108383	-1.884896	0.000000	0.046285	14.8089	OC1=C(I)C=C(C=C1I)C2(OC(=O)C3=C2C=CC=C3)C4=CC(=C(O)C(=C4)I)I
22223f1	23222	OCCCC	-,-,-,-,O	1.462900	1.499789	1.374280	1.451596	1.360933	112.919881	101.317790	109.731053	109.010880	106.737513	-4.405290	2.072865	0.000000	0.049190	14.1849	CN(C)C1=CC=C(C=C1)C2(OC(=O)C3=C2C=CC(=C3)N(C)C)C4=CC=C(C=C4)N(C)C
22223f1	23222	OCCCC	-,-,-,-,O	1.463323	1.501721	1.380057	1.451833	1.360564	113.024028	101.416997	109.464225	109.073896	106.737016	-4.363077	2.000072	0.000000	0.049268	14.8734	CN(C)C1=CC=C(C=C1)C2(OC(=O)C3=C2C=CC=C3)C4=CC=C(C=C4)N(C)C
22223f1	32222	CCCCC	-,-,-,-,-	1.494254	1.398506	1.472972	1.357047	1.518483	101.356393	109.545403	109.797406	106.437996	112.849657	0.547012	0.213318	0.000000	0.010797	9.6503	C1C2=C(C=CC=C2)C(=C1C3=CC=CC=C3)C4=CC=CC=C4
22223f1	32222	CCCNC	-,-,-,-,-	1.521947	1.398459	1.477802	1.297159	1.534393	101.052498	108.244825	109.127253	108.953988	112.621436	-0.000186	0.000103	0.000000	0.000002	6.9358	Cc1[n+](c2ccc3c(c2s1)C(C(=[N+]3C)C)(C)C)C
22223f1	32222	CCCNC	-,-,-,-,O	1.505016	1.387625	1.383409	1.390942	1.532580	101.659544	109.326180	110.255653	110.680171	108.078452	-0.000004	0.000001	0.000000	0.000000	6.2188	c1cc2c(nc1)CC(=O)N2
22223f1	32222	CCNCO	-,C,-,O,-	1.517191	1.368559	1.380686	1.365601	1.440679	104.290792	105.728976	111.174053	109.689315	109.052572	2.347131	-2.713879	0.000000	0.022206	7.3753	C12(N(C(=O)OC1(C)C)CCN3C(=C2)C(OC3=O)(C)C)C
22223f1	32222	CCNCO	-,C,-,O,-	1.517191	1.368559	1.380686	1.365601	1.440679	104.290793	105.728972	111.174061	109.689314	109.052571	-2.347077	2.713864	0.000000	0.022206	7.3769	C[C@]12C=C3C(OC(=O)N3CCN1C(=O)OC2(C)C)(C)C
22223f1	32222	COCCC	-,-,O,-,-	1.448320	1.366897	1.456205	1.380499	1.483589	103.063860	112.287119	106.621768	108.955805	109.063912	0.380270	0.207140	0.000000	0.008043	12.8156	CC(C)C1OC(=O)c2ccccc12
22223f1	32222	SCCCC	-,O,-,-,O	1.752369	1.459385	1.383662	1.459385	1.752369	91.904514	111.155358	112.892385	112.892386	111.155357	0.000007	-0.000004	0.000000	0.000000	7.1745	S1C(C2C=CC=CC(C1=O)=2)=O
22223f1	32222	SCCCC	O,-,-,-,-	1.728927	1.341420	1.468835	1.394184	1.744281	93.149085	111.786194	113.224904	112.076584	109.763233	0.000010	-0.000009	0.000000	0.000000	15.2623	S1(C=C(Br)C2=C1C=CC=C2)(=O)=O
22223f1	32222	SCCCC	O,-,-,-,-	1.735700	1.342818	1.471859	1.393519	1.746340	92.784822	112.188131	112.726371	112.361287	109.939389	0.000008	-0.000002	0.000000	0.000000	10.1254	S1(C(=C(Br)C2=C1C=CC=C2)Br)(=O)=O
22223f1	32222	SCCCC	O,-,-,-,-	1.741137	1.343333	1.459812	1.393675	1.746285	92.592825	112.146896	112.610878	112.997473	109.651928	0.000000	-0.000003	0.000000	0.000000	2.3528	S1(C=CC2=C1C=CC=C2)(=O)=O
22223f2	22223	CCCCC	-,-,-,-,-	1.376724	1.516774	1.380839	1.517131	1.508134	116.122396	104.780796	107.362848	113.907819	97.822463	0.286980	-0.593026	0.000000	0.005681	8.9283	COCc1[nH]c2c(n1)-c3c(nc(o3)N)[C@H]2c4ccc(cc4)Cl
22223f2	22223	NCCCC	-,-,-,-,-	1.278771	1.476305	1.336262	1.496572	1.474015	109.978401	112.826138	103.614379	112.441204	100.870970	-0.440004	3.651506	0.000000	0.047913	5.8443	CC1=NCCC2=c3ccc(cc3=[NH+][C@@H]12)OC
22223f2	22223	OCCCS	-,-,-,-,O	1.378557	1.383599	1.372078	1.743198	1.656900	109.120473	114.577229	113.914892	107.103089	95.284316	-0.000074	0.000041	0.000000	0.000001	2.8258	c1cc2cccc3c2c(c1)OS3(=O)=O
22223f2	22232	NCCSO	-,-,-,-,-	1.345906	1.354385	1.625208	1.667855	1.435690	105.251341	113.498891	112.872721	87.863659	110.163550	10.363930	-23.603562	0.000000	0.326221	16.9500	C[C@@H]1C[C@@H](C2=NOS3=C2C1=NO3)C
22223f2	22232	NCCSO	-,-,-,-,-	1.345907	1.354385	1.625208	1.667855	1.435690	105.251370	113.498837	112.872743	87.863715	110.163480	-10.363606	23.603409	0.000000	0.326221	16.9495	C[C@@H]1C[C@@H](C2=NOS3=C2C1=NO3)C
22223f2	22322	NNCNC	-,-,-,-,-	1.412257	1.460934	1.454636	1.456116	1.314363	95.743547	101.350962	103.992878	78.234588	112.356214	-40.405328	56.491974	0.000000	0.621532	0.5260	C1=CC=C(C=C1)N2N=C3N(C2N3C4=CC=CC=C4)C5=CC=CC=C5
22223f2	22322	NNCNC	-,-,-,-,-	1.412257	1.460934	1.457995	1.416666	1.314363	95.743547	101.350962	105.170590	79.395159	117.472655	40.996375	-53.627896	0.000000	0.567101	3.9582	C1=CC=C(C=C1)N2N=C3N(C2N3C4=CC=CC=C4)C5=CC=CC=C5
22223f2	23222	CCNCC	O,-,-,-,-	1.535759	1.500292	1.418425	1.388991	1.450354	107.818059	104.956007	105.438139	114.998482	106.675359	2.318549	-3.600254	0.000000	0.030389	10.2713	CC(=O)[C@@H]1C[C@@]2(C(=O)c3ccccc3N2O1)c4ccccc4
22223f2	32222	CCCCC	-,-,-,-,-	1.515029	1.412176	1.447849	1.412821	1.515473	101.944699	110.326899	108.727841	108.699678	110.300882	0.000007	0.000156	0.000000	0.000002	1.9472	BrC1=CC2=C(C=C1)C3=CC=CC=C3C2
22223f2	32222	CCCCC	-,-,-,-,-	1.517352	1.413917	1.447849	1.412032	1.514691	101.931359	110.232266	108.711453	108.744704	110.380218	0.000084	-0.000051	0.000000	0.000001	1.7142	[O-][N+](=O)C1=CC2=C(CC3=C2C=CC=C3)C=C1
22223f2	32222	CCCCN	-,-,-,-,-	1.496093	1.405148	1.441677	1.354667	1.483754	101.200250	109.096364	109.368111	106.943030	113.392245	-0.000410	0.000261	0.000000	0.000004	1.0445	c1ccc-2c(c1)C[n+]3c2cccc3
22223f2	32222	CCCNC	-,-,-,-,-	1.507286	1.403074	1.437926	1.363501	1.512694	100.103779	110.736062	108.299964	108.665026	112.195168	0.000185	-0.000599	0.000000	0.000007	13.4585	CC1(c2ccccc2-[n+]3c1cc(cc3c4ccccc4)c5ccco5)C
22223f2	32222	CCCNC	-,-,-,-,-	1.524236	1.414622	1.386169	1.353578	1.493638	100.215736	109.858619	107.057693	112.238197	110.567215	1.240639	0.425762	0.000000	0.023703	7.3881	c1ccc(cc1)c2c(c3n(n2)-c4ccccc4[C@@H]3CO)O
22223f2	32222	CCCNN	-,-,-,-,-	1.504670	1.396854	1.389332	1.389339	1.465591	102.715428	109.228409	107.928287	111.106101	108.907583	3.063478	-1.427666	0.000000	0.031758	13.6700	c1ccc(cc1)n2c(=O)n3n(c2=O)-c4cc5ccccc5cc4C3
22223f2	32222	SCCCC	O,-,-,-,-	1.781965	1.349928	1.468762	1.394054	1.744046	93.353846	109.323460	114.887266	112.238188	110.195468	-0.272839	-0.009896	0.000000	0.004512	1.7138	c1ccc2c(c1)C3=C(S2(=O)=O)NCCS3
22223i	22223	CCCCS	-,-,O,C,-	1.336657	1.464176	1.480343	1.733135	1.731974	117.318225	110.311875	111.128642	110.543879	90.697379	0.000050	-0.000053	0.000000	0.000000	11.2327	COC(=O)C1=CC(=O)/C(=C(/Nc2ccc(cc2Cl)Cl)\\O)/S1
22223i	22223	CCNCC	-,-,-,-,-	1.342757	1.372051	1.299556	1.523340	1.514123	109.562154	113.338127	105.393193	116.170328	95.536197	0.000002	-0.000065	0.000000	0.000001	1.4552	CC1=C(N=C(C1(C)C)C)C
22223i	22223	CCNCC	-,-,-,-,-	1.345631	1.378714	1.299191	1.487431	1.509584	110.899146	112.571587	102.809560	120.176903	93.523943	-0.445645	1.289503	0.000000	0.012459	17.4835	CCOC(=O)C1=C(N=C([C@H]1C)[N+](=O)[O-])C
22223i	22223	CCNCS	C,O,-,-,-	1.511514	1.377740	1.285345	1.729509	1.730345	108.009711	112.326518	111.848264	118.166675	89.646886	0.278817	-0.485880	0.000000	0.004173	6.5882	CCOC(=O)C/C(=C/1\\C(=O)N=C(S1)S)/C
22223i	22223	CCOCC	-,-,-,O,-	1.329593	1.395775	1.372840	1.508677	1.476193	108.966724	114.627662	104.074187	112.309210	100.021681	-0.216915	0.093286	0.000000	0.002018	12.6064	c1ccc(cc1)C2=CCC(=O)O2
22223i	22223	CNCCS	N,-,O,C,-	1.356274	1.365341	1.489555	1.723780	1.741428	109.976257	118.001718	109.621436	109.522751	92.863786	-0.523105	-0.364438	0.000000	0.012181	16.9341	CC(=O)/N=C\\1/NC(=O)/C(=C/N2CCCCC2)/S1
22223i	22223	CNCCS	O,-,O,C,-	1.384751	1.390431	1.490174	1.707519	1.758389	110.867984	115.113785	110.724708	110.464117	92.763225	-0.208278	1.917394	0.000000	0.027697	4.8762	N1(C(SC(\C1=O)=C/C2=CC=C(C=O)C=C2)=O)C3=CC=CC=C3
22223i	22223	CNCCS	S,-,O,C,-	1.375844	1.386857	1.490330	1.723954	1.758527	109.905607	116.558629	110.439184	109.554623	93.255015	-5.932883	5.040296	0.000000	0.047862	3.9366	N1(C(SC(/C1=O)=C/C2C=C3OCOC(=CC=2)3)=S)C(C(=O)O)C4C=CC=CC=4
22223i	22223	CNCCS	S,-,O,C,-	1.375861	1.386781	1.490377	1.724102	1.758548	109.899431	116.553661	110.444962	109.531460	93.260545	-6.142207	5.292638	0.000000	0.049884	2.6156	N1(C(SC(/C1=O)=C/C2C=CC(=CC=2)F)=S)C(C(=O)O)C3C=CC=CC=3
22223i	22223	CNCCS	S,-,O,C,-	1.375889	1.386023	1.490923	1.724604	1.758832	109.891851	116.461758	110.446556	109.377381	93.250153	8.089698	-7.567657	0.000000	0.069098	4.9481	N1(C(SC(/C1=O)=C/C2C=C(OC)C(=CC=2)OCC#C)=S)C(C(=O)O)C3C=CC=CC=3
22223i	22223	CNCCS	S,-,O,C,-	1.379014	1.383553	1.486626	1.714898	1.761026	109.833657	116.498097	110.424527	110.127613	93.076098	-2.194484	1.308212	0.000000	0.017560	2.5496	N1(C(SC(\C1=O)=C/C2=CC=C(C=O)C=C2)=S)CC3C=CC=CC=3
22223i	22223	CNCCS	S,-,O,C,-	1.385813	1.393771	1.490635	1.722051	1.765553	109.639088	116.284979	110.047701	109.631872	92.968343	-7.531832	12.295664	0.000000	0.124194	5.9848	N1(C(SC(/C1=O)=C/C(=C/C2C=CC=CC=2)C)=S)C3=C(C(=O)O)C=CC=C3
22223i	22223	CNCCS	S,-,O,C,-	1.390417	1.398181	1.493470	1.719813	1.762456	109.910132	115.916823	110.486795	110.013243	93.350393	-2.172384	-2.035405	0.000000	0.059620	15.1266	N1(C(SC(/C1=O)=C/C2C=CC(=CC=2)F)=S)C3=CC(C(=O)O)=CC=C3
22223i	22223	CNCCS	S,-,O,C,-	1.390505	1.398449	1.493400	1.719440	1.762720	109.931850	115.873800	110.517257	110.012806	93.350440	-1.920617	-2.217978	0.000000	0.059097	13.2939	N1(C(SC(/C1=O)=C/C2C=CC(=CC=2)F)=S)C3=CC=C(C(=O)O)C=C3
22223i	22223	CNCCS	S,-,O,C,-	1.391885	1.395635	1.488419	1.710459	1.765044	109.951221	115.609238	110.555117	110.480895	93.139093	-2.323987	-1.498846	0.000000	0.053432	17.3814	N1(C(SC(\C1=O)=C/C2C=CC(C=O)=CC=2)=S)C3=CC(C(F)(F)F)=CC=C3
22223i	22223	CNCCS	S,-,O,C,-	1.391896	1.395587	1.488424	1.710493	1.764945	109.954356	115.613831	110.550852	110.482087	93.137124	2.220841	1.583405	0.000000	0.053295	17.7424	N1(C(SC(\C1=O)=C/C2=CC=C(C=O)C=C2)=S)C3C=C(Cl)C=CC=3
22223i	22223	CNNCC	-,-,-,-,-	1.300368	1.508215	1.284902	1.476825	1.511209	116.939668	100.904799	113.102661	110.682145	98.315711	-1.465429	2.455213	0.000000	0.021042	1.4746	CC1=N[N+](=C(OS(=O)(=O)c2ccc(C)cc2)C1C(=O)c3ccc(Cl)cc3Cl)C
22223i	22223	CNNCC	-,-,-,O,-	1.294424	1.375661	1.409836	1.499587	1.489109	114.033547	107.202003	112.813470	104.958431	100.990394	0.491165	-0.441120	0.000000	0.004062	4.7572	CC1=NN(C(=O)C1)C2=C(Cl)C=CC(=C2)S(O)(=O)=O
22223i	22223	CNNCC	-,-,-,O,-	1.295521	1.384909	1.404743	1.499567	1.492094	114.258371	106.316359	113.636349	104.545121	101.243800	0.000004	0.000009	0.000000	0.000000	9.0804	CC1=NN(C(=O)C1)C2=CC=CC=C2
22223i	22223	CNNCC	-,-,-,O,-	1.295841	1.384024	1.404834	1.499569	1.492383	114.250669	106.338503	113.630124	104.575307	101.205141	-0.147819	0.168963	0.000000	0.001448	16.4512	CC1=NN(C(=O)C1)C2=CC=C(C=C2)S(O)(=O)=O
22223i	22223	CNNCC	-,-,-,O,-	1.296801	1.385171	1.407091	1.525047	1.505843	114.435455	106.696320	113.968676	104.408457	100.471521	-0.779491	1.367318	0.000000	0.013304	7.6197	CC1=NN(C2=CC=CC=C2)C(=O)[CH]1O
22223i	22223	CNNCC	-,-,-,O,-	1.297619	1.385607	1.411305	1.508333	1.483512	115.937094	105.358359	113.670450	104.771450	100.259400	0.479810	-0.174259	0.000000	0.004939	15.5858	OC(=O)C1=NN(C2=CC=C(C=C2)S(O)(=O)=O)C(=O)[CH]1N=NC3=CC=C(C=C3)S(O)(=O)=O
22223i	22223	CNNCC	-,-,-,O,-	1.298050	1.385228	1.409638	1.505721	1.487096	115.834593	105.233755	113.365162	104.769816	99.838867	6.262901	-9.954952	0.000000	0.091905	1.8637	OC(=O)C1=NN(C(=O)C1N=NC2=C(C=CC=C2)S(O)(=O)=O)C3=C(C=CC=C3)S(O)(=O)=O.C4CCC(CC4)NC5CCCCC5
22223i	22223	CNNCC	-,-,-,O,-	1.298078	1.386758	1.410296	1.488205	1.485866	113.745336	106.267525	113.618322	104.051995	102.283072	-0.639085	-0.565792	0.000000	0.016820	17.2854	CC1=NN(C2=CC=C(C=C2)[N+]([O-])=O)C(=O)[CH]1[N+]([O-])=O
22223i	22223	CNNCC	-,-,-,O,-	1.299340	1.368690	1.385718	1.497674	1.500600	114.189258	105.714132	114.885655	104.798722	100.412232	0.000000	0.000004	0.000000	0.000000	0.2017	CC1=NNC(=O)C1
22223i	22223	CNNCC	O,-,-,-,-	1.403805	1.383558	1.298237	1.492737	1.497706	104.758233	113.537440	106.383763	114.125835	101.194730	0.000114	0.000020	0.000000	0.000002	5.5293	c1ccc(cc1)N2C(=O)CC(=N2)c3ccco3
22223i	22223	CNNCC	O,-,-,-,-	1.404743	1.384908	1.295521	1.492094	1.499567	104.545123	113.636335	106.316379	114.258363	101.243800	0.000057	0.000007	0.000000	0.000001	4.1291	N1(C(CC(=N1)C)=O)C2C=CC=CC=2
22223i	22223	CNNCC	O,-,-,C,-	1.385400	1.392235	1.371156	1.512764	1.526387	107.261772	110.754160	109.657057	108.159264	101.711245	-10.816592	16.093511	0.000000	0.144639	1.2358	Cc1cc(nc(n1)N2C(=O)C/C(=C/C(=O)OC)/N2)C
22223i	22223	NCNCC	-,C,-,-,-	1.373523	1.486979	1.288505	1.507582	1.457775	112.085504	104.759980	110.549144	110.923363	101.322400	-3.406841	-0.339567	0.000000	0.055413	3.0780	CC1=C/C(=C/2\\NCC=[NH+]2)/C(=O)[NH+]=N1
22223i	22232	CCCCO	-,-,O,-,-	1.340619	1.467811	1.503171	1.440164	1.391090	117.216879	102.496646	110.166662	102.946433	107.162433	-0.824555	0.307604	0.000000	0.009159	17.9026	CNC1=C(C(=O)[C@H](O1)c2ccccc2)c3ccc(cc3)C(F)(F)F
22223i	22232	CCNON	-,-,-,-,-	1.345425	1.396210	1.411769	1.404261	1.394924	108.377279	108.843484	108.335900	105.304679	108.805046	-1.427100	-2.245990	0.000000	0.051237	12.8077	CC1=C(NON1)c2c(c(n[nH]2)N=O)N=O
22223i	22232	CCNON	-,-,-,-,-	1.353199	1.395342	1.405914	1.407235	1.393925	107.326162	109.328148	107.889082	104.905460	109.217330	8.199526	-11.461087	0.000000	0.104285	6.0369	c1cc(cnc1)C2=C(NON2)/N=C\\N=O
22223i	22232	CCNSN	O,C,-,-,-	1.516060	1.388273	1.664040	1.682606	1.376453	107.864447	112.632143	110.095381	95.415385	113.204596	-9.116561	8.348277	0.000000	0.088046	6.1173	c1ccc(cc1)/C=C\\2/C(=O)NSN2
22223i	22232	CCOCC	-,O,-,-,-	1.477629	1.361640	1.421292	1.481486	1.337138	105.945050	109.660842	108.840599	104.991533	110.561976	-0.000091	0.000093	0.000000	0.000001	6.1575	C1(C(OCC=1OC)=O)Br
22223i	22232	CCOPO	-,-,-,O,-	1.335170	1.401454	1.658321	1.658321	1.401454	112.623357	112.623355	110.686522	93.380240	110.686526	-0.000025	0.000023	0.000000	0.000000	10.3601	CC1=C(OP(=O)(O1)[O-])C
22223i	22232	CCOPO	-,-,-,O,-	1.340829	1.408063	1.634374	1.634373	1.408062	112.905656	112.905630	108.887913	96.407014	108.887919	0.507114	-0.700848	0.000000	0.007874	0.0028	CC1=C(OP(=O)(O1)n2ccnc2)C
22223i	22232	CNCCC	O,-,O,-,O	1.371626	1.391104	1.550140	1.509646	1.503637	107.968982	111.961761	110.323569	100.927964	108.759990	-1.568031	2.321528	0.000000	0.023497	0.5165	O=C1N(C2=CC=CC=C2)C(=O)C(C3=CC=CC=C3)(C4=CC=CC=C4)C1=O
22223i	22232	CNCCN	O,-,O,-,-	1.348910	1.359920	1.552479	1.456702	1.368549	108.651017	110.569484	109.427787	97.740123	113.368838	-4.681060	2.274047	0.000000	0.042584	7.0182	O=C1NC(=O)[C](CC2=CC=CC=C2)(N1)C3=CC=CN=C3
22223i	22232	CNCCN	O,-,O,-,-	1.352446	1.360543	1.538450	1.442707	1.373398	108.566167	110.992657	108.461112	99.572914	112.404818	-0.496437	0.446819	0.000000	0.004443	0.2218	O=C1NC(=O)C2(CCCC2)N1
22223i	22232	COCCO	O,-,C,-,-	1.370477	1.381674	1.485322	1.422843	1.363755	112.864489	104.949833	111.134104	101.859186	109.192387	0.000004	-0.000004	0.000000	0.000000	1.4572	C1(OC(=C)C2(O1)CCCCC2)=O
22223i	22232	COCCO	O,-,C,-,-	1.371452	1.381524	1.484655	1.420908	1.365411	112.885662	104.941507	110.988445	102.098916	108.966694	1.844558	-3.222968	0.000000	0.031747	4.9227	C1(OC(=C)C(O1)(CC/C=C(/CCC=C(C)C)C)C)=O
22223i	22232	COCCO	O,-,C,-,-	1.371518	1.381518	1.484548	1.421030	1.365244	112.883232	104.953612	110.990763	102.113270	108.977923	1.390420	-2.596637	0.000000	0.026197	7.7932	C1(OC(=C)C(O1)(CCC2=C(CCCC2(C)C)C)C)=O
22223i	22232	NCCCC	-,O,O,-,O	1.358703	1.511373	1.524787	1.553763	1.375405	113.613878	107.285391	108.440410	100.501936	110.062686	2.026177	-0.256006	0.000000	0.027219	4.4514	CCN1C(=O)C(=O)C(C1=O)(C2=CC=CC=C2)C3=CC=CC=C3
22223i	22232	NCCSC	-,-,-,-,C	1.387975	1.339751	1.747362	1.807895	1.398234	110.627407	116.383537	112.939812	88.369840	111.673336	0.046045	-0.427103	0.000000	0.007984	5.9455	CN\\1C=CS/C1=C/C(=S)SC
22223i	22232	NCCSC	-,O,C,-,S	1.379109	1.488023	1.709949	1.762747	1.378363	116.719504	110.634063	109.805844	93.438584	109.399872	-0.479057	0.417614	0.000000	0.004768	5.2284	CN1C(=O)/C(=C/[n+]2ccccc2N)/SC1=S
22223i	22232	NNCCC	-,-,-,-,-	1.432041	1.301212	1.501207	1.498654	1.295256	107.688744	108.195187	113.609861	96.147353	114.314442	-1.467169	2.011316	0.000000	0.019474	2.2501	N1N=C(C)C(C=1S)N
22223i	22232	NNCCC	-,-,-,-,O	1.376390	1.298048	1.498012	1.498357	1.393044	114.488708	105.834436	114.260791	100.760688	104.655376	-0.000024	0.000036	0.000000	0.000000	0.4325	CN1N=C(C)CC1=O
22223i	22232	NNCCC	-,-,O,-,-	1.368690	1.385718	1.497674	1.500600	1.299340	105.714131	114.885655	104.798723	100.412231	114.189260	0.000005	-0.000007	0.000000	0.000000	0.9942	N1NC(=O)CC=1C
22223i	22232	NNCCC	-,-,O,-,-	1.385092	1.406328	1.500307	1.485437	1.296176	105.641568	113.564420	104.880452	100.594317	115.317016	-0.440533	0.444333	0.000000	0.004456	12.2572	NC1=CC=CC(=C1)N2N=C(CC2=O)C(O)=O
22223i	22322	CCCCC	-,-,-,-,-	1.340853	1.503981	1.511382	1.345049	1.438949	109.334220	110.077293	101.481245	109.469961	109.631305	-0.721043	0.748646	0.000000	0.007297	3.3692	C1=C[C@@H](C(=C1)CCO)S
22223i	22322	CCCCN	-,-,-,-,-	1.344850	1.514534	1.506877	1.328279	1.379917	111.419140	107.726559	101.130951	109.340831	110.378995	0.567672	-0.548341	0.000000	0.005638	4.1491	c1ccc(cc1)C2=C[NH+]=C([C@@H]2C#N)N
22223i	22322	CCCCN	-,-,-,O,-	1.343475	1.502800	1.513691	1.390721	1.380543	108.791669	111.587645	100.684438	107.466985	111.459762	-0.061370	0.620836	0.000000	0.008668	6.4522	CC1=C(CC(=O)N1Cc2ccco2)C(=O)OC
22223i	22322	CCCCO	-,-,-,O,-	1.327362	1.476625	1.511344	1.376021	1.392537	115.113610	108.786007	100.030435	112.205927	103.864020	0.000028	-0.000038	0.000000	0.000000	15.2780	CC1=CCC(=O)O1
22223i	22322	CCCOC	-,-,-,-,O	1.333508	1.484684	1.427078	1.357800	1.461335	107.418915	109.606929	104.708969	109.118617	109.139236	0.246365	0.328532	0.000000	0.007628	15.0615	CO[CH]1C[CH](O[CH](C)[CH]1O[CH]2O[CH](CO)[CH](O)[CH](O)[CH]2O)O[CH]3CC[C]4(C=O)[CH]5CC[C]6(C)[CH](CC[C]6(O)[CH]5CC[C]4(O)C3)C7=CC(=O)OC7
22223i	22322	CCSCC	-,-,O,-,-	1.334149	1.727834	1.727834	1.334149	1.450867	113.221895	110.367022	92.822169	110.367026	113.221888	0.000033	-0.000039	0.000000	0.000000	11.0898	C1(=C(S(=O)(=O)C(=C1Cl)Cl)Cl)Cl
22223i	22322	CCSCC	-,-,O,-,-	1.338937	1.744499	1.734472	1.336423	1.442039	113.549180	109.786232	92.753089	110.008960	113.896493	-0.672332	0.324306	0.000000	0.007501	2.8213	OC1=C(C2=C(Cl)C=C(Cl)C=C2)S(=O)(=O)C(=C1O)C3=C(Cl)C=C(Cl)C=C3
22223i	22322	CCSCN	-,-,-,C,-	1.345828	1.755284	1.807293	1.386527	1.372242	114.033901	113.871364	87.879879	110.726254	113.422617	-0.912021	2.073580	0.000000	0.024845	6.1796	C1=C(S/C(=C(\\N)/N=O)/N1)[N+](=O)[O-]
22223i	22322	CCSCN	-,C,-,S,-	1.513252	1.735300	1.774967	1.373611	1.302274	116.901787	106.824111	90.512041	114.176150	111.585911	0.000001	-0.000009	0.000000	0.000000	8.1280	c1ccc(cc1)N/C=C/2\\C(=NC(=S)S2)[O-]
22223i	22322	CCSCN	O,C,-,-,-	1.497492	1.717404	1.738643	1.286918	1.378482	111.927163	108.927266	89.618393	117.149047	112.372128	-0.407942	0.753005	0.000000	0.007402	7.9347	c1cc(oc1)/C=C\\2/C(=O)N=C(S2)N
22223i	22322	CCSNN	-,C,-,-,-	1.488970	1.730099	1.692988	1.365037	1.305933	117.175258	105.085819	91.821272	115.113419	110.198580	5.185859	-7.745153	0.000000	0.079072	17.7505	CC1=C(/C(=C\\2/C(=NNS2)C)/N=N1)C(=O)OC
22223i	22322	CNCCN	O,-,-,-,-	1.362476	1.430187	1.517250	1.300688	1.366525	109.542541	112.740735	96.131702	114.749613	106.522290	5.388201	-3.730049	0.000000	0.050776	7.7430	O=C1N[CH](C2=CC=CC=C2)C(=N1)C3=CC=CC=C3
22223i	22322	CNCOC	-,-,-,-,O	1.297077	1.481321	1.426674	1.344163	1.502346	115.295402	100.496047	112.676662	105.856671	105.575871	2.949715	-3.304600	0.000000	0.028631	7.0556	CC(C)CC1=N[C@@H](OC1=O)c2ccccc2
22223i	22322	CNNOC	-,-,-,-,-	1.378857	1.435568	1.486723	1.381923	1.327388	110.476692	105.881005	107.467203	102.735921	113.277806	-4.042472	2.916560	0.000000	0.036818	11.8890	c1cc2c(cccn2)c(c1)N3C(=CON3)O
22223i	22322	CNSNC	-,-,O,-,-	1.356247	1.605088	1.606877	1.340213	1.476712	114.017976	98.777313	111.974847	97.041111	118.188753	0.000118	-0.000077	0.000000	0.000001	6.0630	CC1=NS(=O)(=O)N=C1O
22223i	22322	NCSCC	-,N,-,C,O	1.345843	1.728544	1.729189	1.492552	1.364413	116.894178	112.020201	91.722110	109.804036	109.559056	0.111745	0.008450	0.000000	0.001767	0.4062	N1C(SC(\C1=O)=C/C2=CC=C(C=O)C=C2)=N
22223i	22322	NCSCC	-,O,-,C,O	1.363878	1.748125	1.739664	1.493150	1.374883	117.574353	109.859632	93.225262	108.758024	110.249700	1.535477	1.886361	0.000000	0.050325	14.1445	N1(C(SC(/C1=O)=C/C(=C\C2=CC=CC=C2)C)=O)CC(=O)O
22223i	22322	NCSCC	-,O,-,C,O	1.364621	1.750883	1.731786	1.493191	1.374810	117.634676	109.924344	92.950616	109.432131	109.911064	2.789068	-0.816485	0.000000	0.034768	16.8221	N1(C(SC(/C1=O)=C/C2=CC=C(C=C2)C(C)C)=O)CC(=O)O
22223i	22322	NCSCC	-,O,-,C,O	1.364644	1.750914	1.731728	1.493159	1.374786	117.632987	109.923855	92.949223	109.435099	109.912062	-2.789241	0.821261	0.000000	0.034733	16.7126	N1(C(SC(/C1=O)=C/C2C=CC=CC=2)=O)CC(=O)O
22223i	22322	NCSCC	-,O,-,C,O	1.364773	1.750674	1.732613	1.493440	1.374409	117.602342	109.906153	93.005659	109.315550	109.987722	-2.498219	0.084011	0.000000	0.037473	5.1092	N1(C(SC(/C1=O)=C/C2C=C(OC)C(=CC=2)O)=O)CC(=O)O
22223i	22322	NCSCC	-,O,-,C,O	1.364873	1.751624	1.730330	1.492885	1.374322	117.605318	109.923586	92.910104	109.505146	109.913946	-3.007733	1.228874	0.000000	0.035050	8.7966	N1(C(SC(/C1=O)=C/C2C=C(Br)C=CC=2)=O)CC(=O)O
22223i	22322	NCSCC	-,O,-,C,O	1.364916	1.751494	1.730538	1.492920	1.374378	117.605176	109.923057	92.919859	109.493954	109.912616	2.831641	-0.902262	0.000000	0.034736	15.1234	N1(C(SC(/C1=O)=C/C2C=CC(=CC=2)F)=O)CC(=O)O
22223i	22322	NCSCC	-,O,-,C,O	1.364940	1.751537	1.730438	1.492928	1.374350	117.603330	109.923281	92.917714	109.498927	109.911299	2.833538	-0.903857	0.000000	0.034753	15.1005	N1(C(SC(/C1=O)=C/C2=CC=C(C=C2)Cl)=O)CC(=O)O
22223i	22322	NCSCC	-,O,-,C,O	1.365003	1.751116	1.729968	1.493068	1.375361	117.538885	110.017616	92.825909	109.616084	109.716103	1.364473	1.818386	0.000000	0.046682	13.3807	N1(C(SC(/C1=O)=C/C2C(O)=CC=CC=2)=O)CC(=O)O
22223i	22322	NCSCC	-,O,-,C,O	1.365218	1.752133	1.728437	1.492270	1.374105	117.532681	109.961664	92.835083	109.644509	109.833438	2.140947	0.424972	0.000000	0.038111	3.5831	N1(C(SC(/C1=O)=C/C2C(Br)=CC=CC=2)=O)CC(=O)O
22223i	22322	NCSCC	-,O,-,C,O	1.365293	1.752300	1.728292	1.492240	1.373980	117.508928	109.967645	92.826595	109.643080	109.837380	1.968104	0.786133	0.000000	0.040294	9.1143	N1(C(SC(/C1=O)=C/C2C(Cl)=CC=CC=2)=O)CC(=O)O
22223i	22322	NCSCC	-,O,-,C,O	1.365326	1.752229	1.728729	1.492866	1.374043	117.574432	109.932975	92.869858	109.605038	109.872690	-2.823638	0.894302	0.000000	0.034693	15.2578	N1(C(SC(/C1=O)=C/C2=CC=C([N+]([O-])=O)C=C2)=O)CC(=O)O
22223i	22322	NCSCC	-,O,-,C,O	1.365508	1.753444	1.727250	1.490139	1.372300	117.423781	109.907822	92.786302	109.596182	110.080354	4.260901	-2.964475	0.000000	0.046168	14.6386	N1(C(SC(/C1=O)=C/C2C([N+]([O-])=O)=CC=CC=2)=O)CC(=O)O
22223i	22322	NCSCC	-,O,-,C,O	1.365592	1.752708	1.726822	1.491588	1.373362	117.493968	109.967383	92.787017	109.730415	109.873537	-2.767908	0.779365	0.000000	0.034782	17.5310	N1(C(SC(/C1=O)=C/C2C(Cl)=CC=CC=2Cl)=O)CC(=O)O
22223i	22322	NCSCC	-,S,-,C,O	1.378228	1.756829	1.726806	1.491875	1.387768	116.812241	109.800797	93.363421	109.573374	110.301699	0.512644	1.752092	0.000000	0.034425	4.4820	N1(C(SC(/C1=O)=C/C(=C/C2=CC=CC=C2)C)=S)CCC(=O)O
22223i	22322	NCSCC	-,S,-,C,O	1.379681	1.758053	1.722420	1.490498	1.387812	116.187632	110.037426	93.225346	109.659367	110.576436	2.458997	0.877173	0.000000	0.049085	7.9237	N1(C(SC(/C1=O)=C/C2C=C3OCOC(=CC=2)3)=S)C(C(=O)O)CCC
22223i	22322	NCSCC	-,S,-,C,O	1.379807	1.756964	1.725489	1.491462	1.387725	116.148688	110.043112	93.325460	109.410106	110.743812	-2.958534	-0.397703	0.000000	0.050477	1.4195	N1(C(SC(/C1=O)=C/C=C/C)=S)C(C(=O)O)C
22223i	22322	NCSCC	-,S,-,C,O	1.380004	1.757806	1.722999	1.491093	1.387720	116.173457	110.040011	93.237413	109.625582	110.609459	3.124217	0.113385	0.000000	0.049572	2.2600	N1(C(SC(/C1=O)=C/C2=CC=C(C=C2)F)=S)C(C(=O)O)C
22223i	23222	CCCCC	O,-,O,-,-	1.509069	1.510509	1.502082	1.334239	1.476116	111.237253	99.950544	110.461142	108.744879	109.590359	-0.698229	1.274549	0.000000	0.011428	0.1364	c1ccc(cc1)[C@@H]2C(=O)C=C(C2=O)N
22223i	23222	CCCNC	N,-,O,-,O	1.502887	1.518811	1.376906	1.366421	1.513869	107.565275	103.000221	108.840114	114.082314	106.400551	-2.616359	3.660346	0.000000	0.029748	17.5056	C/N=C\\1/C(C(=O)N(C1=O)C)C2=CC(=O)N(C2=O)C
22223i	23222	CCCNN	-,-,-,-,-	1.471548	1.455231	1.289272	1.440481	1.296879	110.577554	100.442511	112.529775	107.402800	109.046294	-0.202731	0.324279	0.000000	0.002822	0.0722	Cc1ccccc1[C@@H]2[C@@H]([C@@]23C(=NN=C3O)N)C#N
22223i	23222	CCCNN	N,-,O,-,-	1.497532	1.507408	1.404995	1.408632	1.367680	110.660748	102.477619	106.534000	111.634543	107.364665	5.002686	1.830456	0.000000	0.104932	7.2484	N=C1CC(=O)N(N1)C2=CC=CC=C2
22223i	23222	CCNCN	O,-,-,O,-	1.530049	1.445051	1.374720	1.352632	1.356627	109.169841	99.029447	112.336116	108.419251	110.548824	-6.828872	5.047712	0.000000	0.066185	3.0397	c1csc(n1)NC(=O)C[C@@H]2C(=O)NC(=O)N2
22223i	23222	CCNCN	O,-,-,O,-	1.530990	1.450184	1.373732	1.353130	1.360820	108.588798	99.657499	112.096771	108.457959	111.043596	2.636919	-4.114282	0.000000	0.034280	6.6167	C1CSC[C@@]12C(=O)NC(=O)N2
22223i	23222	CCNNC	-,-,-,-,-	1.506516	1.485192	1.265397	1.375010	1.333598	106.266173	101.126379	110.321730	110.823368	111.298614	3.958382	-4.094471	0.000000	0.036058	5.0166	Cc1cc(n(n1)[C@H]2C(=C(N=N2)C)[NH3+])C
22223i	23222	CCOCC	C,-,-,-,-	1.523313	1.446872	1.386346	1.336112	1.450282	103.338419	107.336655	105.277992	114.688595	109.126564	4.002218	-1.616466	0.000000	0.046166	17.3489	c1ccc(cc1)[C@@H]2C(=C(C#N)C#N)C(=C(O2)N)C#N
22223i	23222	CCOCO	C,-,-,O,-	1.487930	1.419118	1.364633	1.370390	1.381565	111.070604	101.852587	109.250068	112.864676	104.901866	-2.376384	1.817390	0.000000	0.022601	4.9806	C1(C(OC(O1)=O)=C)(C2C3C=CC(C2)C3)C
22223i	23222	CCOCO	C,-,-,O,-	1.491863	1.419279	1.362047	1.368202	1.381826	111.327416	101.263753	109.782787	112.798459	104.827586	0.000102	-0.000072	0.000000	0.000001	0.0522	C12(C(OC(O1)=O)=C)CC(NC(C2)(C)C)(C)C
22223i	23222	CSCNC	C,-,S,-,O	1.724771	1.749151	1.360843	1.366517	1.490146	109.781245	92.767582	109.771813	118.106064	109.573295	0.000002	0.000001	0.000000	0.000000	5.6004	CC=C1SC(=S)NC1=O
22223i	23222	NCCNC	-,-,O,-,-	1.462718	1.532754	1.385833	1.297973	1.361380	106.709731	100.464271	109.588222	106.019768	117.053382	3.381047	-1.526892	0.000000	0.038090	13.4806	CCN1CC(=O)N=C1N
22223i	23222	NCCNC	-,-,O,-,O	1.451394	1.550410	1.361034	1.349812	1.370569	112.942487	98.471683	108.941193	110.742074	108.775359	2.250386	-3.668813	0.000000	0.031332	5.8265	C[C]1(NC(=O)NC1=O)C2=CC=C(Cl)C=C2
22223i	23222	NCCNC	-,-,O,-,O	1.453476	1.555715	1.360749	1.348907	1.369480	113.247446	98.027702	109.100742	110.733467	108.796258	-2.797364	3.196514	0.000000	0.028320	1.7433	CCC[C]1(NC(=O)NC1=O)C2=CC=CC=C2
22223i	23222	NCCNC	-,-,O,-,S	1.455390	1.507499	1.357069	1.364409	1.423131	109.144027	102.514623	108.496301	111.710081	108.134967	-0.000014	0.000015	0.000000	0.000000	0.2803	CC(=O)N1CC(=O)NC1=S
22223i	23222	NCNCC	-,-,-,-,-	1.481394	1.480576	1.296420	1.485522	1.296220	104.188527	109.374888	104.190227	110.983070	110.965303	1.833690	-4.413331	0.000000	0.047803	17.7176	C1CCC2(CC1)N=C(C3=CC=CC=C3)C(=N2)C4=CC=CC=C4
22223i	23222	NCONC	-,-,-,-,-	1.440403	1.445380	1.434791	1.308468	1.367785	105.680222	104.199883	107.640609	105.785790	114.805218	12.815799	-7.434271	0.000000	0.127258	3.8132	c1ccc(c(c1)[C@@H]2NC(=NO2)CC(=O)N3CCCC3)O
22223i	23222	NNOCN	-,-,-,-,-	1.437197	1.458338	1.358507	1.289731	1.359110	107.613904	105.857804	101.909738	116.755418	107.410266	-4.968844	1.492655	0.000000	0.061484	14.4257	CCCN1NOC(=N1)N
22223i	32222	CCCCC	-,-,-,-,-	1.523681	1.352966	1.468066	1.353887	1.525328	102.137057	109.438640	109.515150	109.493020	109.357399	-1.385607	-0.197193	0.000000	0.023098	4.0687	OC1(CC=C)C(=C(C2=CC=CC=C2)C(=C1C3=CC=CC=C3)C4=CC=CC=C4)C5=CC=CC=C5
22223i	32222	CCNCC	-,O,-,O,O	1.521064	1.393644	1.379087	1.510632	1.491525	102.926085	109.678380	112.073976	107.286293	108.017296	0.809633	0.041222	0.000000	0.012974	3.1447	CCC1(CC)C(=O)N(C(=O)C1=O)C2=CC=CC=C2
22223i	32222	CCNCN	-,-,-,-,-	1.505878	1.301418	1.379574	1.309865	1.476562	95.497758	116.642678	103.366338	113.688995	110.804231	0.000005	-0.000003	0.000000	0.000000	6.0271	CC1(C(=NC=[N+]1[O-])C#N)C
22223i	32222	CCNCN	-,O,-,-,-	1.516550	1.379724	1.390362	1.300417	1.479425	103.777752	106.084387	108.351730	114.020660	107.480214	-4.047177	1.094880	0.000000	0.050720	11.1154	CO[C@@]1(C(=O)N(C(=N1)[O-])c2ccc(cc2)F)C(F)(F)F
22223i	32222	CNCCC	-,-,O,C,O	1.472809	1.391930	1.478569	1.476084	1.516659	100.255001	116.188969	105.943362	106.974695	110.232995	-6.542036	3.432020	0.000000	0.058353	4.1089	CNC(=O)[CH](C)[CH]1N([CH]2CC[CH](O)[CH](C)O2)C(=O)C(=C(O)C=CC(C)=C[CH](C)[CH]3O[C]4(C)O[CH](C=C[C]45CO5)[CH]3C)C1=O
22223i	32222	CNCNC	-,-,O,-,O	1.443654	1.375477	1.353393	1.361890	1.537689	99.644522	112.072465	108.540906	110.982787	108.254623	-5.093740	0.385957	0.000000	0.066905	3.0506	CC(C)(C)C[C]1(C)NC(=O)NC1=O
22223i	32222	CNCNC	-,-,O,-,O	1.444799	1.403704	1.360477	1.357173	1.513994	100.436722	111.379122	107.543939	111.006692	109.353864	-5.453213	5.126903	0.000000	0.046611	6.1188	[O-][N+](=O)C1=CC=C(O1)C=NN2CC(=O)NC2=O
22223i	32222	CNCNC	-,-,O,-,O	1.447734	1.374313	1.353173	1.361259	1.539264	99.492860	112.313617	108.553905	111.084680	108.460850	2.061814	0.014768	0.000000	0.028961	0.1356	CCCCCC[C]1(C)NC(=O)NC1=O
22223i	32222	CNCNC	-,-,O,-,O	1.447853	1.374320	1.353157	1.361258	1.539359	99.480281	112.318452	108.552341	111.084704	108.467335	2.165064	-0.077245	0.000000	0.029374	1.5930	CC[C]1(C)NC(=O)NC1=O
22223i	32222	CNCNC	-,-,O,-,O	1.449016	1.387742	1.363736	1.366118	1.542054	100.353929	111.285282	108.811891	110.476116	108.381385	7.562519	-8.796476	0.000000	0.072172	12.7090	C1(N(C(=O)N(C1=O)C)C)(C(NC(=O)NC)=O)O
22223i	32222	CNCNO	-,-,-,-,-	1.441242	1.364948	1.304457	1.437598	1.447368	104.682124	105.091167	116.022053	105.216601	107.773482	-8.549036	2.200297	0.000000	0.101713	8.1361	CC1(NC(=NO1)C2=NC(ON2)(C)C)C
22223i	32222	CNNCC	-,-,-,-,-	1.480276	1.386616	1.385390	1.341992	1.505786	101.664135	108.130036	110.148578	109.499019	109.985921	7.970803	-5.992010	0.000000	0.068918	9.4003	Cc1ccc(cc1)N2[C@@H](C=C(N2)C)O
22223i	32222	CNNCO	-,-,-,N,-	1.463254	1.254408	1.381139	1.362146	1.405017	109.331054	106.666704	109.523265	113.299909	101.171501	-0.533906	0.014748	0.000000	0.007865	0.0038	CC[C@@]1(N=N/C(=N\\c2ccccc2)/O1)C
22223i	32222	COCCC	-,-,O,-,-	1.430281	1.361038	1.462082	1.329914	1.479759	103.876721	109.387137	109.124709	106.754597	110.855446	0.391201	-0.330952	0.000000	0.003348	14.7181	C[CH]1OC(=O)C=C1
22223i	32222	SCCNC	-,C,O,-,S	1.726498	1.487885	1.366555	1.360899	1.748200	92.748017	109.762210	109.620193	118.100901	109.767716	-0.324622	0.308865	0.000000	0.002926	16.3446	CN(C)C1=CC=C(C=C1)C=C2SC(=S)NC2=O
22233f1	22233	CCCCC	-,-,O,-,-	1.334962	1.471911	1.505138	1.558317	1.499860	116.078425	105.616197	112.085920	102.654870	103.444159	3.396395	-3.503443	0.000000	0.033203	8.4710	C1(=CC(=O)C2C1C3C=CC2C3)O
22233f1	22233	CCCCC	O,-,-,-,-	1.440090	1.364879	1.481548	1.559851	1.534885	108.241400	109.142439	114.805967	102.598786	105.211408	0.000030	-0.000010	0.000000	0.000000	11.8733	c1csc2c1C(=O)CC2
22233f1	22233	CCCCC	O,-,-,-,-	1.463200	1.393905	1.496553	1.533100	1.506433	109.760834	107.732717	112.604732	104.694225	105.207493	-0.000018	0.000012	0.000000	0.000000	5.7279	CC1=CC=C(Cl)C2=C1C(=O)CC2
22233f1	22233	CCCCS	N,-,-,-,-	1.484068	1.347998	1.499359	1.804593	1.753089	111.738021	111.292656	117.586733	106.242208	93.056823	-1.654379	2.945941	0.000000	0.030840	11.9488	[H]/N=C/1\\C(=C2CCCC[C@H]2S1)c3[n-]nnn3
22233f1	22233	CNCCC	O,-,O,-,-	1.383808	1.383497	1.510373	1.521513	1.506906	107.478094	110.238548	108.461380	100.601675	102.348227	11.174111	-27.354086	0.000000	0.322488	17.6375	N1(C(C2C(C=CC(C(C1=O)2)C)C(=O)OC)=O)C3=CC=CC=C3
22233f1	22233	CNCCC	O,-,O,-,-	1.401613	1.404661	1.482405	1.489291	1.503394	103.838879	109.411921	103.818469	99.339054	98.039231	15.696213	-40.921176	0.000000	0.484678	17.7130	c1ccc(cc1)N2C(=O)[C@H]3[C@H](C2=O)N=NN3
22233f1	22233	CNCSC	O,-,C,-,-	1.401454	1.385913	1.733189	1.805913	1.507671	111.782494	116.476198	111.247506	93.784640	106.667081	2.042406	-0.907984	0.000000	0.018020	8.5522	C1C(=C(N2C(=O)CSC2=C1C(=O)N)N)C#N
22233f1	22233	CNNCC	-,-,-,-,-	1.301068	1.370343	1.452103	1.517332	1.485705	116.862434	106.051226	112.402855	104.764107	99.401655	6.744003	-7.559580	0.000000	0.066094	13.9061	CCOC(=O)C1=NN[C@@H]2[C@H]1C(=O)NC2=O
22233f1	22233	CNNCC	-,-,-,-,-	1.307806	1.393801	1.455782	1.512249	1.497790	113.785634	105.791134	107.818816	101.202486	96.729913	-20.741859	36.542189	0.000000	0.367198	6.0030	CCCC1=NN([C@@H]2[C@@H]1N=C(NC2=O)Cc3ccc(cc3)N)C
22233f1	22233	COCCC	O,-,O,-,-	1.352848	1.355495	1.497076	1.523077	1.488378	110.974653	110.532549	110.237926	103.295332	102.797160	-3.808484	11.657979	0.000000	0.143127	14.0819	O=C1OC(=O)[CH]2[CH]1[CH](N3[CH]4[CH]([CH](N23)C5=CC=CC=C5)C(=O)OC4=O)C6=CC=CC=C6
22233f1	22233	COCCC	O,-,O,-,-	1.353600	1.353600	1.491805	1.532777	1.491805	110.853606	111.080736	110.853605	103.556633	103.556631	3.226165	-1.877107	0.000000	0.027310	0.0000	O=C1OC(=O)[CH]2[CH]3C[CH](C=C3)[CH]12
22233f1	22233	NCCCC	-,-,-,-,-	1.409212	1.389661	1.485901	1.540604	1.476750	103.550565	112.299917	109.836309	100.055565	107.294897	-0.060805	-15.311784	0.000000	0.254925	0.8774	N1(C2=C(C=NN=C2)CC1)C
22233f1	22233	NCCCC	-,-,-,-,-	1.417094	1.394877	1.489067	1.540040	1.474124	102.563379	113.049354	109.073004	100.268296	107.991644	1.346710	14.393480	0.000000	0.255903	1.3951	N1C2=C(C=CC=C2)CC1
22233f1	22233	NCNCC	-,-,-,-,-	1.288693	1.349835	1.422859	1.530481	1.499970	103.454445	118.015657	109.352539	101.464445	107.070545	4.511094	-7.308261	0.000000	0.077064	8.2023	COC(=O)/C=c/1\\c(=O)n2c(=NCC2)s1
22233f1	22233	NCNCC	-,-,-,-,-	1.292139	1.377945	1.431232	1.519485	1.482711	105.147212	117.096503	107.469258	103.405845	106.556822	-2.737046	5.025034	0.000000	0.054779	11.1224	C1CSC2=NCCN2C1=O
22233f1	22233	NCNCC	-,O,-,-,-	1.396573	1.395122	1.461592	1.602815	1.456693	111.565603	108.022696	112.427163	101.409415	102.523116	-5.342940	15.550717	0.000000	0.197316	13.2340	ClN1C(=O)N(Cl)C2(N(Cl)C(=O)N(Cl)C12C3=CC=CC=C3)C4=CC=CC=C4
22233f1	22233	OCCPC	-,-,-,O,-	1.378124	1.394334	1.718188	1.790976	1.458063	110.981822	118.725846	107.513569	94.724274	106.410880	-0.059189	6.904334	0.000000	0.133052	4.3023	c1ccc2c(c1)OC[P@@]2(=O)O
22233f1	22332	CCCCC	-,-,-,-,O	1.331490	1.514499	1.600703	1.516834	1.470691	107.436546	115.715927	102.733878	102.368925	111.660667	1.503633	-2.517889	0.000000	0.028968	5.1770	ClC1=C(Cl)[C]2(Cl)[C]3(Cl)C(=C(Cl)[C](Cl)(C3=O)[C]2(Cl)C1=O)Cl
22233f1	22332	CCCCC	-,-,-,-,O	1.337199	1.505582	1.526794	1.500942	1.468654	105.766127	114.263266	104.651747	102.190828	112.059591	8.457412	-9.883694	0.000000	0.101009	12.7615	COc1ccc2c(c1)CC[C@@H]3C2=CC(=O)C3
22233f1	22332	CCCCC	-,C,-,-,-	1.510375	1.522210	1.544062	1.545843	1.349066	103.163710	113.184670	99.217359	104.385546	114.503060	22.836940	-21.457509	0.000000	0.233612	3.0510	c1ccc2c(c1)[nH]c(n2)NNC3=C4C=CC[C@@H]4C3
22233f1	22332	CCCCO	-,-,-,-,-	1.334758	1.490082	1.529292	1.439570	1.394869	114.579730	109.322383	101.310810	108.643858	105.121779	-6.945301	9.978077	0.000000	0.097249	8.4740	CC1=C([C@@H]2CCO[C@@H]2O1)C(=O)OC
22233f1	22332	CCCCO	O,C,-,-,-	1.483428	1.498350	1.534483	1.439075	1.363122	107.473225	106.480194	98.419411	104.431672	109.326332	31.138877	-36.313787	0.000000	0.360187	12.0655	CC1=C2C(=O)O[C@H]([C@@]2(CCC1=O)C)c3ccoc3
22233f1	22332	CCCCO	O,C,-,-,-	1.486310	1.498554	1.536590	1.443234	1.364918	107.610025	106.353517	99.856897	104.379705	110.338775	29.363997	-32.957412	0.000000	0.328727	9.3751	CC1=C2C(=O)O[C@@H]([C@@]2(CCC1)C)c3ccoc3
22233f1	22332	CNCCN	-,-,-,-,-	1.321324	1.475848	1.573214	1.462442	1.317327	114.178458	109.666932	102.936780	102.293795	110.908861	-0.646528	1.078123	0.000000	0.011812	2.5558	CCCCNC(=O)NCC1=[NH+][C@@H]2C=CC=C[C@@H]2N1
22233f1	22332	CNCCN	O,-,-,-,-	1.378716	1.425865	1.546937	1.425865	1.378716	108.961933	111.246764	104.155431	104.155433	111.246764	2.932002	-0.000015	0.000000	0.042330	0.0002	O=C1NC2NC(=O)NC2N1
22233f1	22332	CNCCN	O,-,-,-,-	1.384114	1.428060	1.523270	1.448286	1.385065	108.318661	110.282947	103.144102	102.686725	109.409851	20.041393	-24.253236	0.000000	0.236049	15.4317	O=C1NC2NC(=O)NC(=O)C2N1
22233f1	22332	CNCCN	S,-,-,-,-	1.423199	1.468907	1.576076	1.451032	1.391393	108.433983	108.795922	102.529916	101.595104	111.117329	-22.281344	26.657192	0.000000	0.267145	17.5324	C[C@@]12C[C@@]3(C(NC(=S)N3O)(C)C)ON1C(=S)NC2(C)C
22233f1	22332	CNCCO	O,-,-,-,-	1.363935	1.450783	1.567288	1.458138	1.366135	108.902355	112.139100	98.997321	102.337768	108.381941	21.975775	-28.646382	0.000000	0.294634	9.9408	C12(N(C(=O)OC31CCCCC3)CCC4=C2C=C(C(OC)=C4)OC)C
22233f1	22332	CNCCO	O,-,-,-,-	1.363981	1.451127	1.568839	1.457458	1.366296	109.023878	112.213791	99.115229	102.563548	108.492631	21.189931	-27.651797	0.000000	0.284190	9.9461	C12(N(C(=O)OC1(CC)C)CCC3=C2C=C(C(OC)=C3)OC)C
22233f1	22332	CNCCO	O,-,-,-,-	1.363988	1.451275	1.568533	1.457183	1.366537	109.022991	112.213745	99.115502	102.574998	108.437145	21.024557	-27.685539	0.000000	0.284819	9.4235	C12(N(C(=O)OC1(CC)C)CCC3=C2C=CC=C3)C
22233f1	22332	CNCCO	O,-,-,-,-	1.364372	1.450620	1.561616	1.455347	1.366862	109.012976	112.181627	99.074071	102.958586	108.211885	-21.011636	27.651830	0.000000	0.282894	9.6463	C12(N(C(=O)OC1(C)C)CCC3=C2C=C(C(OC)=C3)OC)C
22233f1	22332	CNCCO	O,-,-,-,-	1.373007	1.439233	1.561046	1.446608	1.367951	109.473633	111.108581	99.549877	102.941561	107.853962	22.593414	-28.891465	0.000000	0.290336	12.3228	C12(N(C(=O)OC1(C)C)CCN3C(=C2)C(OC3=O)(C)C)C
22233f1	22332	CNCCO	O,-,-,-,-	1.373007	1.439233	1.561046	1.446608	1.367951	109.473633	111.108589	99.549892	102.941568	107.853977	-22.593342	28.891390	0.000000	0.290335	12.3227	C[C@]12C=C3C(OC(=O)N3CCN1C(=O)OC2(C)C)(C)C
22233f1	22332	CNCSC	-,-,-,-,-	1.386663	1.500107	1.833841	1.747982	1.339211	116.558570	112.660056	105.140886	91.865285	112.505954	11.023699	-10.038010	0.000000	0.122233	10.3747	c1ccc(cc1)C2=CN3C=CS[C@@H]3N2CCO
22233f1	22332	NCCCO	-,-,-,-,-	1.305865	1.483381	1.501735	1.418375	1.429290	106.237802	113.215178	95.406927	103.359864	104.047213	26.382086	-38.917791	0.000000	0.397427	3.7348	c1ccc(cc1)C2=NO[C@@H]3[C@@H]2C(=O)NC(=O)N3
22233f1	23322	CCCCC	O,-,-,-,-	1.508548	1.538076	1.495012	1.389706	1.455738	109.412801	105.237177	104.465592	112.494715	108.389715	-0.000106	0.000058	0.000000	0.000001	7.6059	O=C1CCC2=C1C=CC=C2
22233f1	23322	CCCCN	O,-,-,O,-	1.491429	1.517332	1.515711	1.359030	1.356861	109.667597	104.155066	104.146168	108.185899	112.167266	2.860998	-9.834742	0.000000	0.114128	14.8389	CCOC(=O)C1=NN[C@@H]2[C@H]1C(=O)NC2=O
22233f1	23322	CCCCN	O,-,-,O,-	1.510660	1.533025	1.509166	1.359489	1.358719	108.398350	101.573476	102.457167	107.278835	112.744286	26.251905	-24.516011	0.000000	0.270114	12.0536	C1C=C(C[C@@H]2[C@H]1C(=O)NC2=O)Cl
22233f1	23322	CCCCO	O,-,-,O,-	1.488378	1.523077	1.497076	1.355495	1.352848	110.974655	102.797240	103.295311	110.237927	110.532579	14.071953	-11.657847	0.000000	0.143124	14.0825	O=C1OC(=O)[CH]2[CH]1[CH](N3[CH]4[CH]([CH](N23)C5=CC=CC=C5)C(=O)OC4=O)C6=CC=CC=C6
22233f1	23322	CCCCO	O,-,-,O,-	1.494265	1.522321	1.500190	1.351205	1.350516	111.316701	103.295438	103.565495	110.785458	110.690171	-5.606274	5.392931	0.000000	0.057393	11.3825	C12(C(C(=O)OC1=O)C3(C)OC2CC3)C
22233f1	23322	CCCCO	O,-,-,O,-	1.499735	1.517451	1.499020	1.357887	1.356424	109.795282	100.232313	101.634680	108.765849	109.690162	-29.791057	26.471629	0.000000	0.306228	17.5530	C[CH]1C=CC[CH]2[CH]1C(=O)OC2=O
22233f1	23322	CCCCO	O,-,-,O,-	1.506302	1.522478	1.489229	1.348949	1.352062	111.309085	102.525869	104.503204	110.906936	110.737640	1.056404	-0.509738	0.000000	0.012459	12.1516	C12(C(OC(C1C3CCC2(O3)C)=O)=O)C
22233f1	23322	CCCCO	O,-,-,O,-	1.506701	1.524987	1.495674	1.351851	1.353193	110.829514	103.103470	103.966661	110.889549	111.012674	-3.561687	1.674657	0.000000	0.042212	12.6335	C1(C2(C(C3CC2CC3)C(O1)=O)C)=O
22233f1	23322	CCCON	-,-,-,-,-	1.478380	1.504468	1.427302	1.436550	1.294823	113.665393	95.769818	101.789136	104.533859	105.546343	39.747439	-40.950285	0.000000	0.410065	4.3387	c1ccc2c(c1)[C@@H]3[C@@H](CO2)C=NO3
22233f1	23322	CSCCC	O,-,-,-,-	1.758065	1.825959	1.493809	1.395248	1.465792	110.746146	93.840495	106.610650	115.329283	113.473426	-0.000010	0.000009	0.000000	0.000000	7.1026	C1(SCC2C1=CC=CC=2)=O
22233f1	23322	NCCCC	-,-,-,-,-	1.475132	1.551027	1.482405	1.330890	1.384297	109.512722	104.517170	101.831273	112.732966	110.670431	7.789630	-4.981700	0.000000	0.083116	0.3104	CN1CCC\\2=C1/C(=N\\O)/S/C2=N\\c3ccc(cc3)F
22233f1	23322	NCCNC	-,-,-,-,-	1.437862	1.587595	1.489066	1.293026	1.349322	105.919071	101.311858	106.640205	101.568474	122.631288	12.936007	-7.674919	0.000000	0.134516	0.0114	[C@@H]12[C@@H](NC(=N1)O)N=C(N2)O
22233f1	23322	NCCNC	-,-,-,-,-	1.489067	1.587595	1.437862	1.349322	1.293026	101.568475	106.640206	101.311857	105.919071	122.631287	12.936011	-12.941378	0.000000	0.134516	0.0114	[C@@H]12[C@@H](NC(=N1)O)N=C(N2)O
22233f1	23322	NCCNC	-,-,-,-,-	1.499453	1.517498	1.448345	1.380946	1.306152	99.393052	103.987549	100.430409	101.734664	120.444164	37.378795	-30.494728	0.000000	0.362478	14.9187	CN1[C@@H]2[C@@H](C(=NC1=O)[O-])N=C(N2)Cl
22233f1	23322	NCCNC	-,-,-,-,N	1.463976	1.554979	1.428837	1.366752	1.331370	107.856614	105.766585	100.738159	112.625612	111.029419	6.123200	2.291278	0.000000	0.124594	6.6798	[C@@H]12[C@@H](NS(=O)(=O)N1)[N-]/C(=N\\[N+](=O)[O-])/N2
22233f1	23322	NCCNC	-,-,-,-,O	1.425865	1.546937	1.425865	1.378716	1.378716	111.246763	104.155430	104.155433	111.246765	108.961934	-0.000017	2.932012	0.000000	0.042330	0.0002	O=C1NC2NC(=O)NC2N1
22233f1	23322	NCCNC	-,-,-,-,O	1.436298	1.574843	1.436298	1.376734	1.376734	111.503197	103.495027	103.495026	111.503201	109.255079	0.000000	5.228049	0.000000	0.075574	0.0000	C12(C(NC(N1)=O)(NC(N2)=O)C)C
22233f1	23322	NCCNC	-,-,-,-,O	1.436298	1.574843	1.436298	1.376734	1.376734	111.503199	103.495026	103.495029	111.503198	109.255081	0.000001	-5.228044	0.000000	0.075574	0.0000	C12(C(NC(N1)=O)(NC(N2)=O)C)C
22233f1	23322	NCCNC	-,-,-,-,O	1.437876	1.558901	1.440136	1.397058	1.392838	111.023594	104.221783	104.063702	110.441832	108.673984	5.911080	-11.645830	0.000000	0.113549	5.4339	CN1[C@@H]2[C@@H](NNC(=O)N2)N(C1=O)C
22233f1	23322	NCCNC	-,-,-,-,O	1.449105	1.542192	1.436930	1.396195	1.395943	108.881034	102.905791	104.610908	109.853397	108.855549	-17.983555	7.677931	0.000000	0.207621	14.5114	OCN1C2C(N(CO)C1=O)N(CO)C(=O)N2CO
22233f1	23322	NCCNC	-,-,-,-,O	1.449105	1.542192	1.436931	1.396195	1.395943	108.881045	102.905798	104.610889	109.853407	108.855528	-17.983571	7.677935	0.000000	0.207621	14.5114	OCN1C2C(N(CO)C1=O)N(CO)C(=O)N2CO
22233f1	23322	NCCNC	-,-,-,-,O	1.456693	1.602815	1.461592	1.395122	1.396573	111.565626	102.523101	101.409424	112.427135	108.022716	-19.253510	15.550881	0.000000	0.197316	13.2347	ClN1C(=O)N(Cl)C2(N(Cl)C(=O)N(Cl)C12C3=CC=CC=C3)C4=CC=CC=C4
22233f1	23322	NCCNN	-,-,-,-,-	1.459982	1.489291	1.432271	1.398957	1.276986	107.437211	99.941571	96.442151	106.046971	108.775264	-43.410056	39.680616	0.000000	0.437066	11.7452	c1ccc(cc1)N2C(=O)[C@H]3[C@H](C2=O)N=NN3
22233f1	23322	OCCNC	-,-,-,-,O	1.419208	1.504867	1.410325	1.382666	1.383069	104.404859	102.085186	99.884485	105.260415	110.413989	41.773700	-35.871803	0.000000	0.396421	13.3305	C1C=C(O[C@@H]2[C@@H]1OC(=O)N2)C#N
22233f1	23322	OCCOC	-,-,-,-,O	1.403952	1.494367	1.403952	1.383836	1.383836	102.816205	100.080470	100.080471	102.816204	111.014585	47.909820	-38.017370	0.000000	0.447122	18.0000	C1[C@@H]2[C@@H](CS1)OC(=O)O2
22233f1	32223	CCCCC	-,-,-,O,-	1.498481	1.396037	1.463391	1.506276	1.532560	104.795509	112.371706	107.851215	109.729502	105.252069	0.000074	0.000028	0.000000	0.000001	10.7630	CC1=CC=C(C)C2=C1CCC2=O
22233f1	32223	CCCNC	-,-,-,-,-	1.489067	1.394877	1.417093	1.474123	1.540040	100.268304	109.073007	113.049352	102.563407	107.991647	-1.346725	17.265024	0.000000	0.255902	1.3951	c1ccc2c(c1)CCN2
22233f1	32223	CCCNC	-,-,-,-,-	1.489123	1.394642	1.426973	1.466801	1.536970	100.050088	109.210927	111.647222	102.712988	106.865118	-2.073151	20.445830	0.000000	0.296183	2.5057	C12C(=C(N)C=C(N=1)C)CCN2C
22233f1	32223	CCCNC	-,-,-,-,-	1.489384	1.400434	1.411904	1.480235	1.535593	99.983126	109.417873	112.340210	103.066233	107.625918	0.327800	16.540061	0.000000	0.265645	1.6248	N1(C(=C(C(=O)OCC)N=N1)CN2C3=C(C=CC=C3)CC2)C4C(=NON=4)N
22233f1	32223	CCCNC	-,-,-,-,-	1.491395	1.402674	1.420345	1.473094	1.536387	100.325674	109.478172	111.448143	103.791632	107.084719	0.284288	-17.452217	0.000000	0.270333	0.3823	c1ccc2c(c1)CCN2c3ccc4nnnn4n3
22233f1	32223	CCCOC	-,-,-,-,-	1.477406	1.381330	1.385266	1.442639	1.528664	99.040780	109.140596	113.493431	102.966588	109.139355	1.819615	13.884159	0.000000	0.237827	4.8759	Cc1ccnc2c1CCO2
22233f1	32223	CCCOC	-,-,-,-,-	1.478808	1.386582	1.370604	1.447766	1.529720	99.026200	109.241720	113.645372	103.545601	109.249783	2.180081	12.437723	0.000000	0.219836	6.0816	c1cc2c(cc1O)CCO2
22233f1	32223	CCCOC	-,-,-,-,-	1.479159	1.386449	1.370903	1.447230	1.529578	99.040554	109.177172	113.673029	103.521810	109.232041	-2.173265	-12.526835	0.000000	0.221126	6.0514	c1ccc2c(c1)CCO2
22233f1	32223	CCNNC	-,-,-,-,-	1.492134	1.338868	1.487112	1.486161	1.535913	102.324981	110.652673	111.532133	103.762967	105.894146	2.942467	12.563612	0.000000	0.236276	6.0430	Cc1cc([n+]2c(n1)CCN2c3ccccc3)C
22233f1	32223	CNCCC	-,-,-,-,-	1.479222	1.410456	1.399673	1.490488	1.537473	107.397863	103.434440	112.300584	109.374342	100.183384	16.455040	0.150501	0.000000	0.261142	1.3396	Cc1cnc(o1)CN2CCc3c2cccc3
22233f1	32223	CNCNC	-,-,-,-,-	1.429595	1.372549	1.294037	1.482774	1.519016	103.342070	107.915227	116.920750	105.208938	106.613014	-0.000085	-0.000057	0.000000	0.000002	15.0337	CC1=CC(=O)N2CCN=C2S1
22233f1	32223	CNCNC	-,-,-,-,-	1.439482	1.357420	1.345269	1.480360	1.559173	102.805259	110.058638	114.540154	106.793202	105.355937	6.456600	-2.852889	0.000000	0.061409	15.8711	C1CN2CC[NH+]=C2N1
22233f1	32223	CNCNC	-,-,C,-,-	1.467046	1.359818	1.374410	1.466873	1.541576	103.785954	109.642663	111.239708	109.315541	102.894508	1.110490	10.599564	0.000000	0.170391	4.1414	c1ccc(cc1)n2c(=O)cc3n(c2=O)CCN3
22233f1	32223	CNCOC	-,-,N,-,-	1.437486	1.363036	1.359469	1.438961	1.525454	100.984002	111.217467	110.956214	107.507591	106.369879	5.461540	6.343571	0.000000	0.164167	16.1888	c1c(c(=O)nc2n1CCO2)C#N
22233f1	32223	COCCC	-,-,-,-,-	1.450281	1.366847	1.384049	1.490528	1.546216	109.990272	105.143011	114.264595	109.775533	99.818840	6.486039	-0.252436	0.000000	0.095990	0.4598	OC(=O)[CH]1OC2=CC=CC=C2[CH]1C3=CC=CC=C3
22233f1	32223	NCCCS	-,-,-,S,-	1.453244	1.347596	1.475369	1.754190	1.775979	106.007570	117.056011	113.776316	107.512051	95.068310	-1.147357	-4.258449	0.000000	0.083955	5.3306	C[N+]1(C2=C(CCCC2)C(=S)S1)CC=C
22233f1	32223	SCCCC	-,-,-,O,-	1.729519	1.361182	1.428368	1.539566	1.880330	91.673493	114.144079	117.788093	109.622991	106.771345	-0.000003	-0.000011	0.000000	0.000000	8.2547	c1c[nH]c2c1SCC2=O
22233f1	32223	SCNCC	-,-,-,O,-	1.752095	1.277761	1.572894	1.496487	1.824888	94.107460	117.681802	109.958042	113.797863	104.351447	3.519666	-2.290462	0.000000	0.030581	0.2458	Cc1ccc(cc1)C2=N[N+]3=C(SC2)SCC3=O
22233f1	32223	SNCNC	-,-,-,-,-	1.692680	1.354578	1.355990	1.457464	1.837233	89.536686	114.800200	115.745021	111.611736	108.039190	-5.486474	5.611934	0.000000	0.044025	2.0023	Cc1cc2n(n1)S[C@@H](N2)Nc3ccccc3
22233f1	33222	CCCCC	-,-,-,-,O	1.538281	1.516331	1.345139	1.473348	1.493921	103.055601	104.790453	113.398813	106.812715	111.831851	3.380439	-2.095813	0.000000	0.032108	2.3769	CC1C2C(CC(C)C3CC(=O)C(=C3C2O)C)OC1=O
22233f1	33222	CCCCC	-,-,-,-,O	1.547215	1.496668	1.388013	1.455477	1.510603	104.459405	104.365734	112.383721	108.374203	109.632727	-6.860823	1.976135	0.000000	0.087127	11.1334	CC(=O)[CH]1CC2=C(C=CC=C2)C1=O
22233f1	33222	CCCCC	-,-,O,-,-	1.550486	1.510868	1.455401	1.388154	1.496537	104.558863	104.517108	109.824220	108.475062	112.452107	3.800904	-1.997050	0.000000	0.040929	9.6528	O=C([CH]1CC2=CC=CC=C2C1=O)C3=CC=CC=C3
22233f1	33222	CCCCO	-,-,-,-,-	1.546930	1.480813	1.384260	1.368447	1.457102	108.809104	100.080258	109.644096	113.998618	104.996400	10.367510	-1.820489	0.000000	0.151768	7.0513	CC1(C)CC2=CC(=CC=C2O1)Br
22233f1	33222	CCNCN	-,-,-,-,-	1.551695	1.461157	1.321233	1.320589	1.477358	104.049240	102.180218	110.817501	114.239671	108.713370	0.000269	0.000001	0.000000	0.000004	1.6597	C1CN2C=CN=C(C2=[NH+]1)Cl
22233f1	33222	CCNCN	-,-,-,N,-	1.536516	1.446093	1.364583	1.365067	1.456692	102.494378	103.292613	111.097062	109.197771	110.288981	-10.873795	-0.667186	0.000000	0.181308	1.0666	C1Cn2c(=O)[nH]c(=O)nc2N1
22233f1	33222	CCNCN	-,-,-,N,-	1.559173	1.439482	1.357420	1.345269	1.480360	105.355938	102.805257	110.058649	114.540149	106.793204	6.699749	-6.456585	0.000000	0.061408	15.8706	C1CN2CC[NH+]=C2N1
22233f1	33222	CCNCO	-,-,-,C,-	1.520495	1.438572	1.361533	1.386937	1.449198	106.323902	101.871428	110.339600	111.753842	105.592358	13.867232	-2.629228	0.000000	0.193503	6.9321	C[C@@H]1Cn2c(c(c(=O)[nH]c2=O)c3ccccc3)O1
22233f1	33222	CCOCC	-,-,-,-,-	1.565606	1.457338	1.370141	1.384332	1.486456	99.259885	107.862457	105.015660	113.918057	109.603444	-19.365759	10.364069	0.000000	0.202801	9.3624	CC(C)(C)C(=O)[C@@]1([C@@H](c2ccccc2O1)O)n3cncn3
22233f1	33222	CCOCN	-,-,-,N,-	1.523087	1.445072	1.328614	1.304011	1.444140	100.167704	106.517743	103.554320	116.479827	109.246568	-18.986304	11.745893	0.000000	0.191625	4.4783	C1COC2=[NH+]C[C@@H](CN21)Br
22233f2	22233	CCCCC	N,-,-,-,-	1.479364	1.415173	1.516551	1.546143	1.496693	109.043891	107.705179	112.588545	103.281068	107.131126	2.272667	0.871190	0.000000	0.048040	11.6730	C/N=C/1\\c2ccccc2[C@]3([C@@H]1[NH+]3C)c4ccccc4
22233f2	22233	COCCC	O,-,O,-,-	1.352672	1.352672	1.495228	1.527867	1.495228	110.943602	110.952869	110.943603	103.557934	103.557935	2.153242	-1.255125	0.000000	0.018243	0.0000	O=C1OC(=O)[CH]2[CH]3CC[CH](C=C3)[CH]12
22233f2	23322	CCCCO	O,-,-,O,-	1.500339	1.539983	1.502185	1.349541	1.347950	111.394813	102.908530	103.162016	111.038107	111.024754	6.501457	-6.306036	0.000000	0.067393	11.1536	CC(=O)OC1CCC2(C)C3(C1)C=CC4(C5CCC(C(C)=O)C5(C)CC6OC246)C7C3C(=O)OC7=O
22233f2	23322	CCCCO	O,-,-,O,-	1.505903	1.540392	1.498703	1.346740	1.349364	111.444677	102.605251	103.650287	111.170059	111.090625	1.615804	-0.825644	0.000000	0.018879	10.0559	CC(=O)O[CH]1CC[C]2(C)C3=CC[C]4(C)[CH](CC[CH]4[C]35C=C[C]2(C1)[CH]6[CH]5C(=O)OC6=O)C(C)=O
22233f2	23322	OCCNC	-,-,-,-,O	1.441436	1.537299	1.439763	1.397168	1.369573	110.108505	105.195834	103.919746	109.977539	109.953107	5.735270	-9.052280	0.000000	0.084104	5.3011	N12C3(C(CCC3(C)OC1=O)C(N2C4=CC=CC=C4)(C)C)C
22233f2	23322	OCCNC	-,-,-,-,O	1.441443	1.537277	1.439707	1.397133	1.369606	110.106362	105.196401	103.917808	109.980896	109.949464	5.744861	-9.071741	0.000000	0.084287	5.2748	N12C3(C(CCC3(C)OC1=O)C(N2C4C=CC(=CC=4)C)(C)C)C
22233f2	32223	CCCCC	-,-,-,-,-	1.500335	1.372682	1.372185	1.501290	1.549318	103.442692	111.545221	110.033703	111.463307	103.513089	0.110900	-0.372533	0.000000	0.004264	11.2418	C(C(C1C2=C3C(CCC(=CC=1)3)=CC=C2)=O)([P+](C4=CC=CC=C4)(C5C=CC=CC=5)C6=CC=CC=C6)Br
22233f2	32223	CCCCC	-,-,-,-,-	1.500782	1.372663	1.375182	1.502277	1.548815	103.474080	111.613255	109.951155	111.420464	103.540085	-0.319818	0.194170	0.000000	0.002842	2.7635	[O-][N+](=O)C1=C2C=CC=C3CCC(=C23)C=C1
22233f2	32223	CCCCC	-,-,-,-,-	1.500810	1.372773	1.373192	1.501155	1.548631	103.463904	111.605717	109.887349	111.570218	103.472811	0.000021	0.000007	0.000000	0.000000	9.8014	O=CC1=C2C=CC=C3CCC(=C23)C=C1
22233f2	32223	CCCCC	-,-,-,-,-	1.501750	1.372014	1.370615	1.499050	1.551623	103.767010	110.824534	110.751841	111.236953	103.419662	0.000000	-0.000018	0.000000	0.000000	0.8467	BrC1=C2CCC3=CC=CC(=C23)C=C1
22233f2	32223	CCCCC	-,-,-,-,-	1.511062	1.371270	1.369720	1.500004	1.565180	102.870758	111.295606	110.826175	111.326293	103.677980	0.000362	-0.372400	0.000000	0.005526	1.3179	C1(C2=C3C(C=CC=C(C1)3)=CC=C2)CC(=O)O
22233f2	32223	CCCNC	-,-,-,-,-	1.498310	1.385461	1.381835	1.461368	1.549845	102.517759	110.121073	111.570001	109.375846	106.414320	-0.072258	-0.143029	0.000000	0.003082	12.4714	N12C(C(=C(O)C3=C1C(=CC=C3)CC2)C4=CC=CC=C4)=O
22233f2	32223	CCCNC	-,-,-,-,-	1.498595	1.386075	1.385087	1.459882	1.549124	102.573758	110.214457	111.290572	109.546898	106.374316	-0.000037	0.000015	0.000000	0.000000	17.4153	Cc1cc(=O)n2c3c1cccc3CC2
22233f2	32223	CNCCC	-,-,-,-,-	1.463069	1.381350	1.385266	1.498215	1.549860	106.400058	109.223171	111.643062	110.111869	102.438807	2.113207	0.775756	0.000000	0.041617	10.1596	C1(C(N2CCC3C(=C(C=1O)C=CC=3)2)=O)C(=O)OCC
22233f3	22332	CCCCN	-,-,-,-,-	1.394392	1.508445	1.566641	1.468247	1.403729	110.304518	111.374095	101.714733	106.549311	109.616055	2.438785	-5.494121	0.000000	0.063306	12.2904	CCC(C(O)=O)C1=CC=C(C=C1)[N+]([O-])=O.COC2=CC3=C(C=C2OC)C45CCN6CC7=CCOC8CC(=O)N3C4C8C7C6C5
22233f3	22332	CCCCN	-,-,-,-,-	1.394392	1.508445	1.566641	1.468248	1.403729	110.304447	111.374201	101.714711	106.549322	109.616109	2.438274	-5.493462	0.000000	0.063300	12.2929	CCC(C)OC(=O)C1=C(C=CC=C1)C(O)=O.COC2=CC3=C(C=C2OC)C45CCN6CC7=CCOC8CC(=O)N3C4C8C7C6C5
22233f3	22332	CCCCN	-,-,-,-,-	1.397258	1.508616	1.561920	1.471029	1.404766	110.194798	111.133044	101.227516	106.461961	109.142753	-11.056030	13.289010	0.000000	0.133197	17.6429	CCC(C(O)=O)C1=CC=C(C=C1)[N+]([O-])=O.COC2=CC3=C(C=C2OC)C45CCN6CC7=CCOC8CC(=O)N3C4C8C7CC56
22233f3	22332	CCCCN	-,-,-,-,-	1.397258	1.508616	1.561921	1.471026	1.404765	110.194797	111.133064	101.227486	106.462090	109.142828	11.055599	-13.288320	0.000000	0.133190	17.6440	COC1=CC2=C(C=C1OC)C34CCN5CC6=CCOC7CC(=O)N2C3C7C6CC45.CC(C)CC(NC=O)C(O)=O
22233f3	22332	CCCCN	-,-,-,-,-	1.397258	1.508616	1.561921	1.471028	1.404765	110.194785	111.133068	101.227483	106.462013	109.142800	-11.055777	13.288731	0.000000	0.133194	17.6429	COC1=CC2=C(C=C1OC)[C]34CCN5CC6=CCO[CH]7CC(=O)N2[CH]3[CH]7[CH]6C[CH]45.OS(O)(=O)=O
22233f3	22332	CCCCN	-,-,-,-,-	1.398477	1.517215	1.543498	1.453897	1.401869	109.867927	111.675892	100.297408	108.831080	108.934216	-5.657871	6.098587	0.000000	0.061139	8.9281	COC1=CC2=C(C=C1OC)[C]34CCN5C[CH]3[CH]6[CH]7[CH](CC(=O)N2[CH]47)OCC=C6C5.OC[CH](O)[CH](O)[CH](O)[CH](O)[CH](O)C(O)=O
22233i	22233	CCCCS	N,-,-,-,-	1.460801	1.337529	1.497825	1.826944	1.736972	112.164334	111.955253	118.008779	104.807158	93.064279	0.063888	0.033818	0.000000	0.001502	16.8152	[H]/N=C\\1/C=C[C@@H](S1)C
22233i	22233	CCOCC	-,-,-,-,-	1.331294	1.393454	1.441567	1.524228	1.477204	108.802288	115.138628	103.257996	108.226223	100.940244	-12.373889	18.627673	0.000000	0.181694	0.1872	Cc1ccc(cc1)[S@@](=O)C2=CCCO2
22233i	22233	CCOCC	N,O,-,-,-	1.503589	1.358201	1.431762	1.509742	1.479640	109.401760	105.866363	109.915764	107.912768	98.849405	-9.368672	24.822471	0.000000	0.269354	16.6630	C1(\C(OCC1)=O)=N/O
22233i	22233	CNCCC	O,-,O,-,-	1.356937	1.356937	1.502008	1.523379	1.502008	107.388531	113.662685	107.388546	104.424376	104.424367	17.011586	-9.512997	0.000000	0.143319	0.0009	c1cc(ccc1[N+](=O)[O-])ON2C(=O)CCC2=O
22233i	22233	CNCCC	O,-,O,-,-	1.357369	1.357194	1.501361	1.522996	1.502328	107.276870	114.060939	107.563002	104.505163	104.561548	-13.863307	6.319565	0.000000	0.124494	9.9402	C1CCO[C@@H](C1)ON2C(=O)CCC2=O
22233i	22233	CNCCC	O,-,O,-,-	1.367881	1.363154	1.498948	1.513556	1.497957	109.628745	111.336656	109.560774	104.381376	104.267330	9.628246	-6.443648	0.000000	0.079941	9.1435	N1([C@@H]2C3O[C@@H](C(C2)=O)OC3)C(CCC1=O)=O
22233i	22233	CNCCS	N,-,-,-,-	1.357847	1.291691	1.509914	1.845819	1.732089	117.928768	108.496925	122.293763	100.985699	89.924547	1.988284	-5.313690	0.000000	0.066837	12.2703	[H]/N=C/1\\N=C([C@H](S1)CC(=O)[O-])O
22233i	22233	CNCCS	N,-,O,-,-	1.341080	1.365665	1.525189	1.833660	1.718143	113.210535	117.581326	111.714719	105.265573	92.227217	0.260986	-0.255291	0.000000	0.002405	14.8638	N=C1NC(=O)[CH](S1)C2=CC=CC=C2
22233i	22233	CNCCS	N,-,O,-,-	1.341486	1.363116	1.511635	1.819680	1.720315	112.811254	117.368925	111.895632	105.695345	92.228846	0.000003	0.000026	0.000000	0.000000	0.6006	N=C1NC(=O)CS1
22233i	22233	CNCSC	O,-,S,-,-	1.394537	1.388694	1.759830	1.789040	1.503368	112.564780	115.844691	110.417706	93.290438	106.680549	7.389165	-10.000332	0.000000	0.120721	2.0652	COC1=CC=C(C=C1)N2C(=O)CSC2=S
22233i	22233	CNNCC	-,-,-,-,-	1.299110	1.366468	1.463074	1.533754	1.509888	115.673689	106.830763	111.932432	103.241179	98.601017	11.850005	-19.253243	0.000000	0.186085	3.4464	CC1=NN(C[C]1(C)N=O)C2=CC=C(Cl)C=C2
22233i	22233	NCNCC	-,-,-,-,-	1.302478	1.361520	1.441661	1.535120	1.494190	103.176100	117.957787	107.110479	100.853663	106.360865	-13.488173	19.767572	0.000000	0.204939	3.7769	CC(=O)c1cc(cs1)CSC2=NCCN2
22233i	22233	NCNCC	-,-,-,-,-	1.311642	1.362254	1.436720	1.530654	1.493114	103.564773	116.509229	107.807938	100.470604	106.204687	-15.179184	21.903197	0.000000	0.223090	2.6857	Cc1cc(n/c(=N/C2=NCCN2)/[nH]1)C
22233i	22233	NCNCC	-,-,-,-,-	1.314542	1.376591	1.446043	1.528571	1.491224	104.440294	116.031799	107.817597	101.271789	106.348221	11.436267	-18.458957	0.000000	0.194937	6.8782	OC1=C(C=CC=C1)C2=NCCN2
22233i	22233	NCNOC	-,-,-,-,-	1.310066	1.370130	1.398647	1.445274	1.487615	98.117928	119.281539	106.605191	101.937326	112.056608	-11.969280	13.655948	0.000000	0.128058	10.2678	CC1(NC(=NO1)C2=NC(ON2)(C)C)C
22233i	22233	NCOCC	-,-,-,-,-	1.299586	1.353288	1.419171	1.511626	1.470233	103.065183	119.586407	104.440470	104.335446	105.210985	8.745524	-16.060097	0.000000	0.175098	11.1598	c1ccc(c(c1)C2=NCCO2)O
22233i	22233	NCOCC	-,-,-,-,-	1.301116	1.352236	1.422000	1.524574	1.477769	103.257600	119.581453	104.162888	103.992844	104.325875	-12.563747	19.807424	0.000000	0.206682	5.9933	CC[C@@](c1ccncc1Br)(C2=NC(CO2)(C)C)O
22233i	22233	NCOCC	-,O,-,-,-	1.371706	1.369577	1.449860	1.554126	1.430180	110.516120	109.531661	108.180136	102.024757	101.041559	13.884357	-26.317685	0.000000	0.283635	10.9987	N1(C(OC(C1(O)C)(CCC=C(C)C)C)=O)CC=C
22233i	22233	NCOCC	-,O,-,-,-	1.374375	1.366631	1.448423	1.549605	1.431906	110.386328	109.943131	108.421125	103.000468	101.306518	10.240188	-22.458904	0.000000	0.253164	15.4476	N1(C(OC(C1(O)C)(C)C)=O)CC(=O)O
22233i	22332	CCCCN	-,-,-,-,-	1.339764	1.499584	1.537639	1.461362	1.383396	110.538773	110.750972	102.758465	103.700952	110.279967	7.936564	-12.692219	0.000000	0.134828	0.8879	CCCCCCCCCCCCSC1=CCCN1
22233i	22332	CCCNO	-,-,-,-,-	1.329218	1.475426	1.491612	1.471816	1.392367	113.037351	109.782968	104.047202	106.595712	106.528602	-0.906940	0.599026	0.000000	0.008174	9.1268	CC1=C([C@@H](N(O1)C)c2ccccc2)S(=O)(=O)c3ccccc3
22233i	22332	CNCCN	-,-,-,-,-	1.297836	1.487886	1.530747	1.466780	1.409545	114.615771	106.087432	107.407361	100.324713	108.282117	11.613979	-17.169707	0.000000	0.175492	2.7643	CC1=NCCN1S(=O)(=O)c2ccccc2
22233i	22332	CNCCN	-,-,-,-,-	1.307437	1.491281	1.532425	1.443792	1.371585	116.879054	103.955662	106.357149	101.063901	107.438125	-13.470894	19.868541	0.000000	0.199790	4.9055	CCCCCCCCCCCCCCCCCC1=NCCN1
22233i	22332	CNCCN	-,-,-,-,-	1.308952	1.485464	1.529874	1.456196	1.381905	116.634400	104.690257	106.479665	101.570844	106.852153	-12.482367	18.596765	0.000000	0.187398	3.9774	CCCCCC1=NCCN1CCO
22233i	22332	CNCCN	-,-,-,-,-	1.310024	1.488846	1.530531	1.449168	1.375921	116.282457	104.608378	106.707147	101.268404	107.930285	-11.718276	17.151714	0.000000	0.172433	4.8857	CCCCCCCCCCCC1=NCCN1CCNCCCC
22233i	22332	CNCCN	C,-,-,-,-	1.389383	1.467415	1.545998	1.460479	1.384288	107.735964	110.750196	102.434170	101.970272	111.257062	19.063130	-23.223052	0.000000	0.233786	14.1659	C(=C1NCCN1)(C(=O)OC)C#N
22233i	22332	CNCCN	O,-,-,-,-	1.382339	1.437572	1.523778	1.437572	1.382339	107.850612	110.735594	103.187037	103.187037	110.735592	17.340912	-20.250484	0.000000	0.197262	18.0000	O=C1NCCN1
22233i	22332	CNCCN	O,-,-,-,-	1.415739	1.456512	1.567724	1.463709	1.413381	107.698170	109.864224	102.406503	101.220688	109.334711	-22.014569	29.488018	0.000000	0.298363	8.9527	N1(C(N(C)C(C1NO)(C)C)=O)C2C=CC=CC=2
22233i	22332	CNCCN	O,-,-,-,-	1.424685	1.473458	1.595038	1.465212	1.407407	108.199938	109.010700	101.462249	100.496433	109.987814	25.423575	-31.680090	0.000000	0.323143	14.1695	N1(C(N(C)C(C1(NO)C)(C)C)=O)C2C=CC=CC=2
22233i	22332	CNCCN	S,-,-,-,-	1.380147	1.441053	1.526492	1.441053	1.380147	108.490188	110.654733	103.491627	103.491627	110.654728	14.996506	-17.543267	0.000000	0.171007	18.0000	S=C1NCCN1
22233i	22332	CNCCN	S,-,-,-,-	1.417733	1.450332	1.515361	1.450332	1.417733	107.369375	109.629356	103.906215	103.906246	109.629359	19.651609	-23.359497	0.000000	0.224362	17.9998	S=C1N(CCN1C2CCCCC2)C3CCCCC3
22233i	22332	CNCCO	-,-,-,-,-	1.294558	1.472580	1.522113	1.426001	1.351231	120.082503	102.908794	105.007407	103.611705	104.309107	14.632108	-20.126676	0.000000	0.194092	11.4109	CC1=NC[C@@H](O1)c2ccccc2
22233i	22332	CNCCO	O,-,-,-,-	1.370554	1.430102	1.551757	1.452036	1.368050	109.560970	110.536072	101.232730	101.991067	108.277687	21.464334	-27.794883	0.000000	0.278596	10.9032	N1(C(OC2(C1(O)C)CCCCC2)=O)CC3=CN=CC=C3
22233i	22332	CNCCO	O,-,-,-,-	1.371980	1.430956	1.550657	1.448456	1.366082	110.175900	110.582920	102.201428	103.005381	108.625880	-16.089638	22.211129	0.000000	0.223008	7.3763	N1(C(OC(C1(O)C)(C)C)=O)CCN2C(OC(C2(O)C)(C)C)=O
22233i	22332	CNCCO	O,-,-,-,-	1.372365	1.433578	1.554477	1.452809	1.367042	110.062122	109.738346	100.761974	102.331193	108.268165	-25.514409	28.723710	0.000000	0.286157	14.8385	N1(C(OC2(C1(O)C)CCCCC2)=O)CC3N=CC=CC=3
22233i	22332	CNCCO	O,-,-,-,-	1.373587	1.434871	1.552248	1.457200	1.366091	109.680252	110.316204	101.490980	102.123172	108.908401	-22.282436	26.443351	0.000000	0.263610	16.6715	N1(C(OC(C1(O)C)(CCC=C(C)C)C)=O)CCC2C=C(OC)C(=CC=2)OC
22233i	22332	CNCCO	O,-,-,-,-	1.374024	1.434838	1.550291	1.447106	1.366145	110.182416	110.399692	101.649835	103.197599	108.480180	18.489726	-23.874544	0.000000	0.237097	11.8107	N1(C(OC(C1(O)C)(C)C)=O)CCN2C(OC(C2(O)C)(C)C)=O
22233i	22332	CNCCO	S,-,-,-,-	1.365083	1.436426	1.530425	1.440455	1.359923	111.330653	109.235181	100.824979	104.558820	107.126828	-22.986947	25.647001	0.000000	0.251070	12.4363	C1(NC(C)(C)CO1)=S
22233i	22332	CNNNO	O,-,-,-,-	1.366988	1.385407	1.442071	1.472730	1.367668	108.988088	113.129404	103.417418	108.187091	105.843970	-6.695450	4.264934	0.000000	0.057891	6.2031	O=C1NN(NO1)C2CCCCC2
22233i	22332	NCCCC	-,O,-,-,O	1.363123	1.501962	1.512756	1.501962	1.363123	114.233277	107.768689	104.831369	104.831369	107.768689	-6.277016	7.435166	0.000000	0.073480	18.0000	[O-][N+](=O)N1C(=O)CCC1=O
22233i	22332	NCCCC	-,O,-,-,O	1.363123	1.501962	1.512756	1.501962	1.363123	114.233277	107.768690	104.831366	104.831369	107.768688	-6.277031	7.435190	0.000000	0.073480	17.9999	CO.[O-][N+](=O)N1C(=O)CCC1=O
22233i	22332	NCCCC	-,O,-,-,O	1.363940	1.499356	1.516797	1.499179	1.364090	112.747601	109.035828	104.591584	104.565211	109.058155	0.301424	-0.081103	0.000000	0.003546	13.1551	CCCCCN1C(=O)CCC1=O
22233i	22332	NCCCC	-,O,-,-,O	1.363943	1.499352	1.516798	1.499177	1.364085	112.747819	109.035639	104.591535	104.565365	109.057896	-0.307016	0.076202	0.000000	0.003677	11.8987	CCCCCCCCCCN1C(=O)CCC1=O
22233i	22332	NCCCC	-,O,-,-,O	1.365742	1.500221	1.517164	1.500221	1.365741	113.548447	108.399706	104.826071	104.826066	108.399709	-0.000014	0.000002	0.000000	0.000000	6.4821	BrN1C(=O)CCC1=O
22233i	22332	NCCCC	-,O,-,-,O	1.370636	1.502485	1.521851	1.500556	1.375632	112.338238	107.477038	104.794723	104.303258	107.009705	6.164492	5.980310	0.000000	0.179786	16.7058	CN(C)C(=[O+]N1C(=O)CCC1=O)N(C)C
22233i	22332	NCCCC	-,O,-,-,O	1.376805	1.497078	1.509871	1.500624	1.376682	111.620317	109.552315	104.576047	105.026303	109.081937	3.107030	-3.718276	0.000000	0.036777	16.2805	C=CN1C(=O)CCC1=O
22233i	22332	NCCSC	-,-,-,-,O	1.295655	1.520968	1.794745	1.757873	1.368986	113.032073	117.057546	104.915500	90.580469	114.414413	-0.000017	0.000004	0.000000	0.000000	13.1572	c1ccc(c(c1)NC2=NC(=O)SC2)O
22233i	22332	NCSCC	-,-,-,-,O	1.284024	1.718191	1.815649	1.524284	1.380934	110.063068	121.412688	88.522605	105.173656	114.806732	-1.272313	1.255782	0.000000	0.015826	14.7990	CCOC(=O)c1c(sc(n1)N/N=C(\\C#N)/C2=NC(=O)CS2)C
22233i	22332	NCSCC	-,N,-,-,-	1.371695	1.757394	1.810789	1.491242	1.285211	109.240130	115.499367	90.593554	102.270720	122.394276	0.438213	-0.330297	0.000000	0.004790	7.5173	c1cc(cc(c1)O)/N=C/2\\N=C(CS2)O
22233i	22332	NCSCC	-,N,-,-,O	1.381320	1.749012	1.805687	1.504806	1.385322	117.588586	110.304821	93.547656	106.695533	111.827839	1.183337	-1.708138	0.000000	0.020285	9.1592	N1(\C(SCC1=O)=N/NC2=CC=CC=C2)N
22233i	22332	NCSCN	-,-,-,-,-	1.304026	1.758947	1.813380	1.459119	1.360943	110.998473	116.172873	88.661079	103.985661	115.758314	-8.077651	15.958454	0.000000	0.209148	5.5661	c1ccc(cc1)C2=NN[C@@H](S2)c3ccncc3
22233i	22332	NNCCC	-,-,-,-,O	1.403307	1.464333	1.529451	1.507653	1.384501	110.382642	107.208367	103.346386	100.163988	107.297016	26.686972	-33.045424	0.000000	0.330905	13.5638	N1(NC(=O)C(C1)C)C2C=CC=CC=2
22233i	22332	OCCCC	-,O,-,-,O	1.352954	1.498431	1.510132	1.490227	1.351543	110.300271	110.245958	102.708391	103.070309	110.494878	-15.247647	17.095007	0.000000	0.173149	16.7275	O1C([C@H](C)CC1=O)=O
22233i	23322	CCCCC	O,-,-,-,-	1.495258	1.524108	1.506616	1.339995	1.466746	111.966509	102.444854	105.643337	113.086871	106.757991	3.063960	-2.783410	0.000000	0.030852	17.8452	O=C1CCC(=C1)C2=CC=CC=C2
22233i	23322	CCCCN	O,-,-,O,-	1.498426	1.503695	1.498426	1.380112	1.380112	109.126823	103.977851	103.977855	109.126820	110.659595	-17.302387	14.856271	0.000000	0.171559	17.9999	O=C1CCC(=O)N1C2=CC=CC=C2
22233i	23322	CCSCN	O,-,-,O,-	1.503572	1.784435	1.752897	1.381468	1.388480	112.685419	106.810416	92.948037	111.425242	115.368534	-8.045312	6.942598	0.000000	0.095627	15.0270	O=C1CSC(=O)N1C2=CC=CC=C2
22233i	23322	CCSCN	O,-,-,S,-	1.506843	1.815049	1.742106	1.356868	1.365230	111.989396	105.628970	93.383539	110.316728	118.681368	-0.000014	0.000023	0.000000	0.000000	7.9636	O=C1CSC(=S)N1
22233i	23322	NCCCC	-,-,-,O,O	1.448411	1.525898	1.492928	1.523839	1.378662	112.425837	107.044290	102.363995	109.096426	105.719725	18.213950	-14.965000	0.000000	0.175849	16.0202	CCCCN1C[CH](C(=O)OCC)C(=O)C1=O
22233i	23322	NCCCC	-,-,-,O,O	1.448431	1.525906	1.492928	1.523873	1.378707	112.411353	107.041459	102.356737	109.095041	105.721046	18.280126	-14.979726	0.000000	0.176459	16.2208	CCCN1C[CH](C(=O)OCC)C(=O)C1=O
22233i	23322	NCCCN	-,-,-,-,-	1.457570	1.526923	1.502217	1.303117	1.368692	114.270870	103.222722	100.433883	116.026612	105.982108	2.221936	-2.557728	0.000000	0.024144	2.1499	N1(C(CC(=N1)C(F)(F)F)(C2=CC=NC=C2)O)C=O
22233i	23322	NCCCN	-,-,-,-,-	1.458963	1.528379	1.502135	1.297953	1.369034	114.337139	103.110935	100.169858	116.520890	105.734239	2.963816	-1.724948	0.000000	0.033788	6.0965	N1(C(CC(=N1)CC)(C2=CC=C(C=C2)OC)O)C=O
22233i	23322	NCCCN	-,-,-,-,-	1.459206	1.528303	1.502013	1.297933	1.369189	114.340594	103.108432	100.181473	116.535792	105.724044	2.709263	-1.498599	0.000000	0.031315	7.8399	N1(C(CC(=N1)CC)(C2=CC=CC=C2)O)C=O
22233i	23322	NCCNC	-,-,-,-,O	1.446120	1.521822	1.446121	1.395768	1.395769	110.030225	102.695773	102.695734	110.030261	107.389717	-26.109688	22.276844	0.000000	0.254908	18.0000	COCN1CCN(COC)C1=O
22233i	32223	CCCCC	-,O,-,-,-	1.510234	1.475397	1.340528	1.517776	1.552826	101.606819	112.790245	105.597995	114.787519	104.437723	5.957592	-0.130784	0.000000	0.087168	1.1629	CC[CH]1C(=O)C(=C(C2=CC=CC=C2)[C]1(O)C3=CC=CC=C3)CC
22233i	32223	CCCNC	-,C,O,-,-	1.498823	1.486872	1.374766	1.434607	1.521835	102.517581	108.219296	106.462752	112.159098	105.202664	3.882954	11.724574	0.000000	0.221248	10.2578	c1ccc(cc1)/C=C/2\\CCNC2=O
22233i	32223	CCCOC	-,C,O,-,-	1.480555	1.481263	1.361091	1.428035	1.509101	100.968737	107.554781	107.894829	109.510600	106.683286	-8.106758	-9.942334	0.000000	0.257881	17.3857	c1cc([nH]c1)/C=C/2\\CCOC2=O
22233i	32223	CCNCS	-,-,-,N,-	1.506715	1.295922	1.367211	1.749652	1.817848	103.026865	119.462695	111.629575	114.846204	90.831827	0.062262	3.227530	0.000000	0.049606	0.9370	CCOC(=O)[C@@H]1C(=N/C(=N/CC=C)/S1)C
22233i	32223	CCNCS	-,O,-,C,-	1.517392	1.374271	1.364809	1.726973	1.833753	105.156715	111.515818	118.947029	110.542653	93.788049	-1.502874	-0.105014	0.000000	0.023973	5.8299	C[C@@H]1C(=O)N/C(=C/C(=S)N)/S1
22233i	32223	CCNNC	-,-,-,-,-	1.495184	1.293739	1.367796	1.469188	1.518909	99.327462	116.237648	106.455557	111.795646	103.227127	0.033479	-11.349401	0.000000	0.164907	0.2154	COC(=O)[C@@H]1C=NN[C@@H]1C(=O)OC
22233i	32223	CCNNC	-,N,-,-,-	1.484297	1.372122	1.256041	1.478873	1.510406	97.989209	112.118918	109.664053	111.295230	104.846269	-8.572111	-5.420288	0.000000	0.195570	13.6613	Cc1ccc(o1)/C=N/N=C/2\\C[C@@H](N=N2)c3ccccc3
22233i	32223	CCOCC	-,O,-,O,-	1.521464	1.353279	1.354060	1.517775	1.540165	102.242313	109.843885	110.249382	110.892790	100.310347	5.791057	11.446416	0.000000	0.251031	12.6772	CC(=O)O[C]1(C)C(=O)OC(=O)[C]1(C)OC(C)=O
22233i	32223	CNCNC	-,-,O,-,-	1.444891	1.380381	1.380392	1.446944	1.547615	102.776417	111.297760	107.792389	111.533909	102.338251	-7.447931	-7.027134	0.000000	0.198352	17.4512	C[CH]1NC(=O)N[CH]1CCCCCC(O)=O
22233i	32223	CNCNO	-,-,-,-,-	1.458493	1.313184	1.311851	1.396532	1.448175	104.594551	108.051194	111.480545	111.226890	104.640342	-0.205903	-0.336323	0.000000	0.007458	14.7341	CC[C@@H]1[NH+]=C(NO1)c2ccccc2
22233i	32223	CNCOC	-,-,O,-,-	1.426076	1.387074	1.372031	1.434001	1.509441	101.125419	109.036726	109.250170	107.752863	105.011701	16.408187	2.034818	0.000000	0.262912	4.3773	COCC(=O)N(N1CCOC1=O)c2c(C)cccc2C
22233i	32223	CNCOC	-,-,O,-,-	1.429961	1.379608	1.375644	1.428123	1.503806	102.609882	109.536103	109.411834	108.152400	104.619488	6.628035	9.432899	0.000000	0.224350	14.7221	Cc1c(noc1N2CCOC2=O)C
22233i	32223	CNCOC	-,-,O,-,-	1.433440	1.377021	1.368974	1.432094	1.507562	101.671533	108.511555	109.900382	107.894126	104.360236	-14.275252	-4.142062	0.000000	0.261156	8.3702	Cc1ccc(c(c1)C)c2csc(n2)CN3CCOC3=O
22233i	32223	CNCOC	-,-,O,-,-	1.454216	1.396359	1.369941	1.437780	1.522539	99.757717	110.165909	109.381319	107.796199	106.334585	-12.073223	-5.272143	0.000000	0.244346	11.1064	c1ccc(cc1)S(=O)(=O)N2CCOC2=O
22233i	32223	CNNCC	-,-,-,-,-	1.457751	1.375273	1.298133	1.504237	1.512341	103.104903	110.975875	106.708884	114.857789	99.241437	-14.799107	0.048341	0.000000	0.215912	0.3944	c1ccc(cc1)CN2CCC(=N2)/C=C/c3ccco3
22233i	32223	CNNCC	-,-,-,O,-	1.456520	1.387434	1.374065	1.498871	1.519224	105.873145	105.831054	113.024473	107.348112	101.460243	-9.461498	-7.276038	0.000000	0.245551	15.8300	c1ccc(cc1)/N=N/N2CCC(=O)N2
22233i	33222	CCCCC	-,-,-,-,O	1.540064	1.508351	1.339374	1.467927	1.511103	101.580088	105.486158	113.329463	106.905799	111.925901	-7.074218	2.116745	0.000000	0.086533	11.7738	CC1(C)CC(=CC1=O)C2=CC=CC=C2
22233i	33222	CCCOC	-,-,O,-,O	1.509117	1.489369	1.352724	1.356045	1.509357	102.073316	102.384259	110.467682	110.051590	109.430302	-19.304023	6.835273	0.000000	0.229959	15.3536	CC(=C)CCC(C)=C[CH]1CC(=O)OC1=O
22233i	33222	CCNCC	-,-,-,O,O	1.522171	1.451482	1.390212	1.519730	1.484985	102.053951	108.135831	111.277047	105.951582	109.512681	12.979673	-2.639693	0.000000	0.169014	6.7900	CCOC(=O)[CH]1CN(C(=O)C1=O)C2=CC=CC=C2
22233i	33222	CCNCC	-,-,-,O,O	1.524223	1.455605	1.389957	1.522268	1.487377	101.822903	107.708864	110.251299	106.430477	109.119517	-20.035915	9.343106	0.000000	0.206238	13.3297	CCOC(=O)[CH]1CN(C(=O)C1=O)C(C)(C)C
22233i	33222	CCNCC	-,-,-,O,O	1.525453	1.450632	1.384126	1.524173	1.491367	101.855141	107.000427	111.095578	105.939041	108.973967	-21.501916	10.673097	0.000000	0.215787	11.4158	CCOC(=O)[CH]1CN(CC(C)C)C(=O)C1=O
22233i	33222	CCNCC	-,-,-,O,O	1.525515	1.448798	1.377287	1.523874	1.492786	102.170955	106.918126	112.167526	105.728109	109.079357	-18.099597	8.021527	0.000000	0.189739	15.7050	CCOC(=O)[CH]1CN(CC2=CC=CC=C2)C(=O)C1=O
22233i	33222	CCNCC	-,-,-,O,O	1.525517	1.448795	1.377247	1.523848	1.492813	102.181943	106.927761	112.177150	105.730925	109.086115	-18.019348	7.998546	0.000000	0.188768	15.6562	COC(=O)[CH]1CN(CC2=CC=CC=C2)C(=O)C1=O
22233i	33222	CCNCC	-,-,-,O,O	1.525668	1.446944	1.379500	1.524908	1.493211	102.122332	106.927876	112.014421	105.684501	109.036684	-19.219119	9.140465	0.000000	0.195714	13.2923	CCOC(=O)[CH]1CN(C)C(=O)C1=O
22233i	33222	CCNCC	-,-,-,O,O	1.525818	1.452545	1.385014	1.523446	1.491002	102.003227	107.123960	111.143407	106.052157	109.026926	20.154218	-9.609667	0.000000	0.205808	12.9175	CCOC(=O)[CH]1CN(C(C)C)C(=O)C1=O
22233i	33222	CCNCC	-,-,-,O,O	1.525831	1.448505	1.380240	1.524487	1.492995	102.140661	106.929144	111.988771	105.729408	109.036095	18.796815	-8.534093	0.000000	0.195265	14.8782	CCOC(=O)[CH]1CN(CC)C(=O)C1=O
22233i	33222	CCNCC	-,-,-,O,O	1.526348	1.448172	1.374239	1.522760	1.493839	102.654627	107.214068	113.136059	105.655522	109.131732	9.528718	-0.399140	0.000000	0.144634	0.0198	CCOC(=O)[CH]1CN(CCC2=CC=CC=C2)C(=O)C1=O
22233i	33222	CCNCN	-,-,-,O,-	1.519252	1.451263	1.407171	1.390226	1.448075	103.133422	104.161509	109.532876	108.057875	110.231520	15.414772	-2.953852	0.000000	0.209946	7.4109	COC(=O)[C@@H]1CN(C(=O)N1)C(=O)CCc2ccccc2
22233i	33222	CCNCN	-,-,-,S,-	1.583425	1.478758	1.390598	1.380165	1.467999	102.641377	101.484694	110.329918	108.536515	111.877477	-23.046330	18.290475	0.000000	0.217735	9.3706	C[C@@]12C[C@@]3(C(NC(=S)N3O)(C)C)ON1C(=S)NC2(C)C
22233i	33222	CCNCO	-,-,-,O,-	1.547950	1.433246	1.376909	1.368630	1.447355	102.873577	101.414927	110.238962	109.855517	108.251950	20.473545	-6.427599	0.000000	0.260454	12.2402	CC1([C@@](N(C(=O)O1)CCc2ccco2)(C)O)C
22233i	33222	CCOCC	-,-,-,-,-	1.527388	1.443788	1.376489	1.326782	1.478277	101.448682	108.617800	103.915920	116.363428	108.524677	-10.176061	6.262179	0.000000	0.101859	3.9731	C1COC=C1
22233i	33222	CCOCC	-,-,-,O,N	1.510243	1.432942	1.354589	1.501816	1.478522	98.964464	107.775294	109.732820	106.244450	109.141222	24.947536	-9.487529	0.000000	0.270932	16.8119	C\\1COC(=O)/C1=N\\NC(=S)N
22233i	33222	CCOCN	-,-,-,-,-	1.512271	1.419378	1.348732	1.287349	1.467325	105.163785	104.500442	104.462551	120.008018	103.452470	-13.554605	7.302923	0.000000	0.148499	11.5265	C1COC=N1
22233i	33222	CCOCO	-,-,-,O,-	1.498838	1.416644	1.367306	1.367260	1.418291	102.376253	102.491571	106.440214	111.022844	106.338297	-27.098105	10.731262	0.000000	0.315524	17.2409	C[CH]1COC(=O)O1
22233i	33222	CNNCN	-,-,-,-,-	1.470896	1.417794	1.320819	1.302110	1.437045	102.833619	106.424654	107.366449	113.630155	109.409018	-5.756101	3.913057	0.000000	0.053612	0.8048	CC1(NN(C(=[NH+]1)[S-])c2ccccc2)C
22233i	33222	CSCNC	-,-,S,-,O	1.799730	1.759790	1.388683	1.397092	1.513890	105.590565	92.826507	110.296129	115.846103	112.035970	14.817646	-7.783772	0.000000	0.203918	14.0549	C[CH]1SC(=S)N(C1=O)C2=CC=C(Cl)C=C2
22323f1	23232	CCCCC	-,-,O,-,-	1.506626	1.498507	1.499001	1.505949	1.337477	109.567552	92.694750	103.011830	92.735961	109.552359	-53.267561	53.261776	0.000000	0.548713	0.0554	ClC1=C(Cl)[C]2(Cl)[C]3(Cl)C(=C(Cl)[C](Cl)(C3=O)[C]2(Cl)C1=O)Cl
22323f1	32232	SCCSC	-,-,-,-,C	1.730997	1.336007	1.730273	1.758956	1.756672	94.094032	118.544906	117.728315	94.438970	115.193776	-0.000010	0.000050	0.000000	0.000001	5.7175	c1ccc2c(c1)c3c(c(=O)o2)SC(=C(C#N)C#N)S3
22323f1	32322	CCCNC	-,-,-,-,-	1.487303	1.481235	1.454379	1.296940	1.512618	96.860088	111.326941	104.969620	107.439873	118.233794	11.356582	-9.277515	0.000000	0.102302	15.7413	CC1[C@@-]2[C@@H](N=C[NH+]=C2O)N=C1C
22323i	23223	CCCOC	N,-,O,-,-	1.481769	1.495624	1.364548	1.432829	1.499325	109.750728	102.788666	110.853573	112.152088	104.337912	-2.277823	0.282266	0.000000	0.032898	4.7667	CC(C)(C)/N=C/1\\CC(=O)OC1
22323i	23223	CCCOC	N,-,O,-,-	1.492157	1.502261	1.370659	1.446395	1.511014	110.018409	102.957503	110.436102	112.866813	103.552929	4.092250	-4.111432	0.000000	0.037767	7.5934	C/N=C/1\\C(C(=O)O[C@@H]1C(C(=O)N)C(=O)N)Cl
22323i	23232	CSCCN	S,-,C,-,-	1.747910	1.737211	1.497973	1.443968	1.370045	110.039896	92.899012	112.357436	105.909098	118.794558	0.000010	-0.000019	0.000000	0.000000	5.7882	C1(SC(=C)CN1)=S
22333f1	22333	CCCOC	-,-,-,-,-	1.346546	1.501380	1.443931	1.492300	1.515255	106.302653	106.530800	97.580822	97.182729	97.711724	38.527943	-55.500754	0.000000	0.558127	4.2439	CC1=C([C@@]2([C@@H]3[C@@H]([C@]1(O2)C)C(=O)C=CC3=O)[NH3+])C#N
22333f1	22333	CNCCC	-,-,-,-,-	1.301203	1.486212	1.564553	1.538729	1.488946	110.445458	115.543679	99.081116	105.047473	102.311487	17.113983	-25.637953	0.000000	0.276153	0.6983	CC1=[N+]([C@@]2(CCc3c(non3)[C@@]2(C1)O)[NH3+])[O-]
22333f1	22333	NCCNC	-,-,-,-,-	1.295870	1.498381	1.462829	1.526383	1.487633	105.240725	117.028658	103.582327	105.163905	108.665832	5.649566	-2.426851	0.000000	0.049769	7.1046	C1C=CCC2=N[C@@H]([NH2+][C@@H]21)C(=O)[O-]
22333f1	22333	NCCNC	-,-,-,-,-	1.297647	1.501201	1.504994	1.492023	1.468226	110.736960	110.166531	104.956330	102.454698	106.880580	15.982058	-21.200427	0.000000	0.213395	7.4419	C[C@@]12CCCCC1=[N+](CN2O)[O-]
22333f1	23332	CCCCC	-,-,-,-,-	1.495014	1.551085	1.536228	1.492636	1.335828	112.322981	103.981937	106.717619	104.355337	112.593368	1.639988	-1.149110	0.000000	0.016520	7.9121	CC1=CC=C(C=C1)S(O)(=O)=O.NC(=N)SC2CC3CC2C4C=CCC34
22333f1	23332	CCCCC	-,-,-,-,-	1.516307	1.535426	1.531882	1.513363	1.341632	107.277851	97.756428	93.652989	98.114311	107.098428	-54.197485	54.245359	0.000000	0.594159	0.2193	[C@@]1(C2C=CC([C@@H]1C(=O)O)C2)(C(=O)O)C
22333f1	23332	CCCCC	-,-,-,-,-	1.516567	1.534323	1.536022	1.514689	1.343431	107.246430	97.981282	93.696854	98.055984	107.159982	54.012982	-54.100791	0.000000	0.592722	0.0076	C1(=CC(=O)C2C1C3C=CC2C3)O
22333f1	23332	CCCCC	-,-,-,-,-	1.516585	1.532384	1.528764	1.510257	1.341925	107.131048	98.176324	93.774435	98.903513	107.167833	53.563317	-53.145961	0.000000	0.582759	1.1577	C1(C(OC(O1)=O)=C)(C2C3C=CC(C2)C3)C
22333f1	23332	CCCCC	-,-,-,-,-	1.527693	1.560427	1.561551	1.513995	1.337816	107.718463	98.854370	92.116542	99.358414	107.095678	-52.384877	53.439123	0.000000	0.593577	0.7313	OC(=O)[CH]1[CH](C(O)=O)[C]2(Cl)C(=C(Cl)[C]1(Cl)C2(Cl)Cl)Cl
22333f1	23332	CCCCN	-,-,-,-,-	1.582641	1.513972	1.512283	1.457049	1.315060	110.510395	102.609220	107.100617	106.965760	112.601725	-3.033812	4.564780	0.000000	0.043436	7.8609	C1COC2(O1)[C@@]3(C[C@@]3(C(=[NH+]2)N)C#N)C#N
22333f1	23332	CCCCO	O,-,-,-,-	1.509287	1.533075	1.516281	1.431631	1.366799	110.821938	100.607895	102.569502	104.554289	109.347800	31.092279	-34.216055	0.000000	0.339973	3.3603	[C@]12(C(OCC1C(=C)CC[C@@H]2O)=O)C
22333f1	23332	CCCCO	O,-,-,-,-	1.509686	1.528904	1.526801	1.436023	1.369829	110.360100	101.068091	101.985879	103.625286	109.306248	32.123303	-36.547864	0.000000	0.360962	6.8882	C1(C(C2(O)CCCCC(O1)2)C)=O
22333f1	23332	CCCSC	-,-,-,-,-	1.509220	1.527976	1.846792	1.726526	1.334797	115.707751	108.860321	105.850948	93.545991	113.957754	-14.472065	12.583079	0.000000	0.155480	0.1508	C1C(=O)[C@@H]2[C@@H](C=CS2)S(=O)(=O)N1
22333f1	23332	CCOCC	-,-,-,-,-	1.511256	1.465718	1.471040	1.496827	1.348255	107.076648	97.884674	97.962862	98.953995	106.440441	52.002916	-52.185266	0.000000	0.534569	0.8623	C[C@@]12C(=C[C@@H](O1)C(=O)C23CC3)C(=O)OC
22333f1	23332	NCCSC	-,-,-,-,-	1.483357	1.559916	1.829178	1.713148	1.308916	115.841815	108.155669	105.639458	92.839710	115.647710	13.587146	-12.001282	0.000000	0.149301	1.9213	C1=C[C@H]2[C@@H](C(=C1)Cl)[NH+]=C(S2)N
22333f1	32233	CCCCC	-,-,-,-,-	1.459902	1.354142	1.467731	1.581099	1.574888	99.085774	117.244095	111.132678	101.785570	107.960681	-0.198611	10.331830	0.000000	0.169059	1.2339	C1Cc2c(onc2c3c4c(on3)CCC4)C1
22333f1	32233	CCCCC	-,-,-,-,-	1.476196	1.364433	1.471432	1.567298	1.570092	101.919378	111.356558	115.192158	100.173787	107.412625	-0.127203	-11.939870	0.000000	0.200067	0.7241	N1C2=C(CCC2)C3=C1C=CC=C3
22333f1	32233	CCCCC	-,-,-,-,-	1.487575	1.367129	1.480754	1.557241	1.560229	102.550506	110.436764	114.457689	100.716891	106.633910	0.460183	-14.162773	0.000000	0.228733	0.4676	C1(=C(SC2=C1CCC2)N)C(=O)N
22333f1	32233	CCCCC	-,-,-,-,-	1.493357	1.391476	1.502743	1.533421	1.535784	101.322160	110.677335	111.022461	100.802603	106.416814	-0.024060	18.642767	0.000000	0.308607	0.0937	CC1=CC=C(C=C1)S(=O)(=O)NC2=C3CCCC3=NC(=C2)O
22333f1	32233	CCCCC	-,-,-,-,-	1.495166	1.391970	1.502153	1.532704	1.536190	101.438629	110.516573	111.184594	100.887713	106.491776	0.073032	18.315658	0.000000	0.304178	0.1127	CC1=CC=C(C=C1)S(=O)(=O)OC2=CC(=C3CCCC3=N2)N
22333f1	32233	CCCCC	-,-,-,-,-	1.496473	1.394303	1.502249	1.531603	1.535555	101.676846	110.206851	111.279804	100.848338	106.430136	0.641586	-18.930912	0.000000	0.305237	0.9713	CC(=O)NC1=C2CCCC2=NC(=C1)OC(C)=O
22333f1	32233	CCCCC	-,-,-,-,-	1.499667	1.401517	1.513587	1.561381	1.540309	101.563976	111.307421	110.614933	100.824415	106.141033	-0.190157	18.468964	0.000000	0.308367	0.4941	c1ccc2c(c1)C[C@@H]([C@@H]2Sc3ncccn3)O
22333f1	32233	CCCCC	-,-,-,-,-	1.500368	1.340323	1.493100	1.528538	1.530457	102.901169	110.860679	112.664577	102.225096	106.442311	0.622065	-13.928443	0.000000	0.219175	1.0922	C[C@@]12CCCC[NH+]1CCC3=C2CCC3
22333f1	32233	CCCCC	-,-,-,-,-	1.501378	1.402424	1.499712	1.536609	1.543032	100.474291	110.562504	110.845435	100.715426	106.248958	0.953991	19.147391	0.000000	0.330681	1.4400	C12[C@@H]([C@@H](Cl)CC=1C=CC=C2)O
22333f1	32233	CCCCO	-,-,-,-,-	1.481779	1.359205	1.482337	1.471905	1.471715	104.952993	108.909498	112.995939	102.627169	110.512382	0.019664	-0.283643	0.000000	0.004276	1.8264	CC1(c2c(c(sc2C(O1)(C)C)N)C#N)C
22333f1	32233	CCCCP	-,-,-,-,O	1.506485	1.409069	1.507977	1.812323	1.819163	105.479630	115.147045	115.238562	105.565637	95.693862	0.008774	11.217031	0.000000	0.193108	0.0171	c1ccc2c(c1)CP(=O)(C2)CCl
22333f1	32233	CCCCS	-,-,-,-,-	1.498684	1.349776	1.480659	1.826820	1.823218	105.965100	115.341242	118.433550	104.997490	95.262618	0.001053	-0.001162	0.000000	0.000010	13.5781	Cc1c2c(=O)c3c([nH]c2n(n1)C)CSC3
22333f1	32233	CNCCC	-,-,-,-,-	1.443483	1.359405	1.469779	1.548922	1.542793	102.386257	112.674042	112.210497	101.245586	106.159727	-1.108305	14.798184	0.000000	0.228994	2.5033	Cc1c(snn1)c2nnc3n2CCC3
22333f1	32233	CNCCC	-,-,-,-,-	1.450218	1.362227	1.476724	1.549338	1.538604	101.902545	113.376910	110.904148	101.803976	105.931076	-0.304255	15.153234	0.000000	0.244627	1.0670	c1cc2n(c1)CCC2
22333f1	32233	CNCCC	-,-,C,-,-	1.451702	1.374839	1.497527	1.531454	1.525089	103.351729	111.304591	110.032718	101.932810	104.445006	0.068004	-18.088301	0.000000	0.293853	0.6698	c1ccnc(c1)Nc2ccc3n(c2=O)CCC3
22333f1	32233	CNCCC	-,-,C,-,-	1.452951	1.385443	1.506969	1.529806	1.519664	103.322081	111.853020	108.508731	102.762605	104.188840	0.952905	17.731852	0.000000	0.300021	0.7087	C1(=C2N(CCC2)C(C=C1O)=O)C(=O)OCC
22333f1	32233	CNCSC	-,-,-,-,-	1.443760	1.354386	1.715459	1.841076	1.533043	106.413658	117.546837	113.067464	91.444807	106.584579	2.282942	10.474136	0.000000	0.236593	1.6239	c1c(nc2n1CCS2)C=O
22333f1	32233	CNCSC	-,-,-,-,-	1.464642	1.340318	1.757571	1.807353	1.527421	106.787526	115.000481	112.976519	90.777226	105.653130	3.183509	13.736008	0.000000	0.313288	2.1378	c1cnc2[n+](c1)CCS2
22333f1	32233	CNCSC	-,-,N,-,-	1.444273	1.364209	1.741867	1.816353	1.517548	107.814368	115.462089	110.978131	92.457351	103.919521	-5.398976	-12.514121	0.000000	0.318013	5.0555	N1=C2N(CCS2)C(C(=C1O)C)=O
22333f1	32233	CNCSC	-,-,N,-,-	1.444310	1.363935	1.741855	1.816305	1.517496	107.806086	115.422410	110.996155	92.460639	103.902148	5.651897	12.351301	0.000000	0.318315	5.4310	N1=C2N(CCS2)C(C(=C1O)CC)=O
22333f1	32233	SCCCC	-,-,-,-,-	1.693854	1.332424	1.477015	1.553027	1.856142	90.737487	116.008877	116.900143	105.350382	107.268814	-0.090778	13.245899	0.000000	0.210612	1.6315	C1C[C@H]2C[C@@H]1C3=C2SC([C@@H]3F)(F)F
22333f1	32233	SCCCC	-,-,-,-,-	1.775950	1.373920	1.488299	1.534222	1.818750	91.462620	111.710878	115.781986	106.325358	106.778672	-2.395922	20.710606	0.000000	0.300368	1.0620	c1c2c(nc(n1)N)SCC2
22333f1	32233	SCCSC	O,-,-,O,-	1.789549	1.392593	1.791582	1.819174	1.814315	93.899139	116.675818	116.984570	93.930202	111.878581	-3.069323	-12.877626	0.000000	0.304108	4.8038	c1ccc2c(c1)[S@@](=O)C[S@@]2=O
22333f1	33223	CCCCC	-,-,-,-,-	1.527083	1.503055	1.339942	1.496848	1.526371	105.868493	102.817172	110.931754	111.949518	102.513793	-14.529344	-0.333125	0.000000	0.240477	0.5013	C1Cc2c(c(=S)sc(c2C#N)N)C1
22333f1	33223	CCCCC	-,-,-,-,-	1.531734	1.509812	1.341299	1.514739	1.534137	93.591459	98.898177	107.218186	107.143122	98.477867	-34.540765	-0.635175	0.000000	0.582024	0.6041	Cn1cc(nc1)c2nc(on2)[C@@H]3C[C@H]4C[C@@H]3C=C4
22333f1	33223	CCCCC	-,-,-,-,-	1.532107	1.509265	1.341358	1.509526	1.533817	93.553390	98.815736	107.198868	107.201551	98.553114	-34.522702	-0.652759	0.000000	0.581844	0.5667	COP(=O)([C@@H]1C[C@H]2C[C@@H]1C=C2)OC
22333f1	33223	CCCCC	-,-,-,-,-	1.532595	1.510380	1.342151	1.509647	1.534674	93.701816	98.712408	107.600674	106.896196	98.674997	-33.986236	-1.128340	0.000000	0.579909	1.0276	C1[C@@H]2C[C@@H]([C@H]1C=C2)[NH3+]
22333f1	33223	CCCCC	-,-,-,-,-	1.535128	1.514395	1.343558	1.514395	1.535128	93.585072	98.029181	107.173292	107.173292	98.029180	35.507630	0.000001	0.000000	0.593819	0.0000	O=C1OC(=O)[CH]2[CH]3C[CH](C=C3)[CH]12
22333f1	33223	CCCCC	-,-,-,-,-	1.535636	1.515271	1.342259	1.505909	1.524807	99.747892	99.465346	108.994045	109.570819	100.116460	28.892446	-1.231235	0.000000	0.465254	1.4311	c1ccc(cc1)[C@@H]2[C@@H]3C[C@@H](C=C3)N(C2=O)O
22333f1	33223	CCCCC	-,-,-,-,-	1.536546	1.495219	1.399825	1.505463	1.546700	107.572198	101.693741	111.160096	111.342094	101.088259	16.894506	-1.143756	0.000000	0.264992	1.9976	C1CC2=C(C=CC=C2)[CH]1C3=CC4=CC=CC=C4C3
22333f1	33223	CCCCC	-,-,-,-,-	1.581100	1.467731	1.354142	1.459902	1.574888	107.960639	101.785562	111.132648	117.244123	99.085790	10.331951	-0.198695	0.000000	0.169060	1.2341	C1Cc2c(onc2c3c4c(on3)CCC4)C1
22333f1	33223	CCCCC	-,-,N,O,-	1.557711	1.514637	1.500718	1.526454	1.562890	94.073098	100.606614	105.367389	104.471021	100.484021	34.923304	0.088881	0.000000	0.587869	0.2707	CC1(C)[CH]2CC[C]1(C)C(=O)C2=NO
22333f1	33223	CCCCC	-,-,O,O,-	1.556616	1.516958	1.516100	1.526152	1.562135	94.092039	100.943034	104.686425	104.491589	100.510591	-34.969356	-0.171174	0.000000	0.589264	0.2705	CC1(C)[CH]2CC[C]1(C)C(=O)C2=O
22333f1	33223	CCCOC	-,-,O,-,-	1.520847	1.517757	1.379559	1.441616	1.515773	98.582263	99.156820	108.459463	107.798372	102.535463	28.067357	0.857981	0.000000	0.472203	0.1995	C1C=C[C@@H]2C[C@H]1OC2=O
22333f1	33223	CCNCC	-,-,-,O,-	1.518118	1.460790	1.380168	1.510723	1.528304	103.606474	102.292763	112.097677	107.650821	103.475162	-24.712288	6.249744	0.000000	0.321676	8.6030	c1coc2c1C(=O)[C@@H]3CCC(=O)N3C2
22333f1	33223	CCNCC	-,-,-,O,-	1.523171	1.433879	1.375542	1.512122	1.530555	102.901696	101.713162	112.402313	107.258629	103.106805	-29.435497	10.958482	0.000000	0.343443	14.2808	c1ccc2c(c1)[C@@H]3CCC(=O)N3CN2
22333f1	33223	CCNCC	-,-,-,O,-	1.528090	1.440487	1.384975	1.508119	1.527868	103.438670	103.423693	112.813306	107.103459	102.113610	-12.683614	-8.677482	0.000000	0.327960	14.0440	C[C@@]12CCC(=O)N1CC[N-]2
22333f1	33223	CCNCC	-,-,-,O,-	1.545739	1.428360	1.383105	1.527956	1.582372	97.197120	102.553867	111.043331	106.899622	98.551832	26.130643	4.700710	0.000000	0.489528	6.0095	CC1([C@@]2(NC(=O)[C@]1(C([C@@H](O2)c3ccccc3)(C#N)C#N)C#N)C)C
22333f1	33223	CCOCC	-,-,-,N,-	1.539387	1.450735	1.370991	1.503068	1.541844	90.661415	102.810798	104.046546	108.040706	97.094658	-33.540797	-4.314939	0.000000	0.601673	3.8753	CC1(C[C@]2(C([C@@]1(C(=[N-])O2)C#N)(C#N)C#N)C)C
22333f1	33223	CSCCS	-,-,-,-,-	1.827207	1.722375	1.336058	1.730484	1.828094	109.624376	96.173229	119.237935	117.906277	96.474199	-4.673420	-0.026825	0.000000	0.091072	0.3347	C[C@@H]1Sc2c(=S)ssc2S1
22333f1	33223	OCCCC	-,-,-,-,-	1.469885	1.508872	1.348993	1.508740	1.469800	97.577905	97.493831	106.595782	106.619990	97.523235	-33.868249	0.106175	0.000000	0.555655	0.1011	O1C2C3C=NC=CC(C1C=C2)=3
22333f1	33322	CCCCC	-,-,-,-,-	1.523085	1.519232	1.470904	1.343457	1.514111	104.604155	107.290484	104.499320	113.682357	109.872631	-2.165124	1.364541	0.000000	0.022255	1.4456	C12C(C(=O)O)C1C(C)C=C2
22333f1	33322	CCCCC	-,-,-,-,-	1.564711	1.560863	1.499000	1.396762	1.499370	101.941861	104.607671	102.195946	111.018546	111.055462	-28.530218	17.804673	0.000000	0.304425	1.1765	CC[C@@]1(Cc2ccc(cc2C1)N)c3c[nH]c[nH+]3
22333f1	33322	CCCCO	-,-,-,O,-	1.504836	1.503323	1.489926	1.376137	1.453765	101.725270	99.429032	98.482732	107.243222	108.674034	-47.310507	35.953980	0.000000	0.477936	10.0384	c1ccc(cc1)[C@@H]2[NH2+][C@H]3[C@H](S2)COC3=O
22333f1	33322	CCCCO	-,-,-,O,-	1.507955	1.513292	1.497440	1.374062	1.438726	103.399236	100.761708	100.195181	108.672030	109.128727	-39.768649	27.916696	0.000000	0.410649	4.8425	COC1=CC=C(C=C1OC)[CH]2[CH]3COC(=O)[CH]3CC4=C2C=C(OC)C(=C4)OC
22333f1	33322	CCCCO	-,-,-,O,-	1.508034	1.514686	1.497466	1.373472	1.438181	103.592286	100.754670	100.346372	108.710006	109.165208	39.302654	-27.616609	0.000000	0.406100	4.8404	CC(=O)OC1=CC=C(C=C1OC(C)=O)[CH]2[CH]3COC(=O)[CH]3CC4=C2C=C(OC(C)=O)C(=C4)OC(C)=O
22333f1	33322	CCCCO	-,-,-,O,-	1.508242	1.513205	1.497275	1.373609	1.438799	103.427769	100.755418	100.236900	108.684457	109.137585	39.680536	-27.885159	0.000000	0.409705	4.8734	COC1=C(O)C=C2[CH]([CH]3COC(=O)[CH]3CC2=C1)C4=CC=C(O)C(=C4)OC
22333f1	33322	CCCCO	-,-,-,O,-	1.508369	1.513117	1.497282	1.373570	1.439022	103.402189	100.742635	100.221690	108.700112	109.115143	-39.727585	27.874367	0.000000	0.410396	4.7752	OC1=CC=C(C=C1O)[CH]2[CH]3COC(=O)[CH]3CC4=CC(=C(O)C=C24)O
22333f1	33322	CCCCO	-,-,-,O,-	1.510326	1.519068	1.506569	1.366128	1.427526	104.518883	102.969195	100.733514	110.688008	109.224642	-30.804010	18.230425	0.000000	0.334542	3.7044	COc1cc(cc(OC)c1OC)C2C3C(COC3=O)C(O)c4cc5OCOc5cc24
22333f1	33322	CCCCO	-,-,-,O,-	1.512418	1.530230	1.510874	1.357901	1.421365	108.236073	105.218652	103.582569	111.462056	110.653279	-5.218931	-0.149177	0.000000	0.085783	1.5972	C12(C3(OC(C1COC2=O)CC3)C)C
22333f1	33322	CCCCO	-,-,-,O,-	1.513387	1.527691	1.507545	1.359813	1.424022	108.011526	103.723825	104.151208	110.859704	110.046730	-13.458653	4.611870	0.000000	0.171132	16.3961	[C@]12([C@@H](C3(CO)OC1CC3)COC2=O)C
22333f1	33322	CCCCO	-,-,-,O,-	1.513412	1.531565	1.512882	1.360312	1.425156	108.004256	104.774042	104.001579	110.842919	110.911110	8.823862	-2.587326	0.000000	0.115384	14.1154	[C@]12(C3CC([C@@H]1COC2=O)CC3)C
22333f1	33322	CCCCO	-,-,-,O,-	1.514690	1.528984	1.507030	1.359067	1.423186	108.299918	103.680563	104.332008	110.889781	110.187404	12.291234	-4.422793	0.000000	0.154666	17.2622	C12(C(C3(C)OC1CC3)COC2=O)C
22333f1	33322	CCCCO	-,-,-,O,-	1.515375	1.529901	1.502708	1.354755	1.425151	108.352734	104.787470	104.224957	111.433248	110.864261	-4.980251	2.550391	0.000000	0.056388	9.6258	C12(C3(C(COC3=O)C(O1)CC2)C)C(C(=O)C)=O
22333f1	33322	CCCCO	-,-,-,O,-	1.516572	1.535348	1.514255	1.366722	1.429235	104.551527	102.135888	100.378151	110.169217	109.794618	32.930104	-21.240323	0.000000	0.353207	0.2544	C12(C(COC1=O)C(Cl)CCC2OC(=O)C)C
22333f1	33322	CCCOC	-,-,-,-,O	1.528951	1.525758	1.427283	1.370032	1.512654	101.144158	99.780010	104.536005	108.403608	109.788751	39.637914	-28.286868	0.000000	0.394842	4.7834	C[CH]1[CH]2CC[C]3(C)C=CC(=O)C(=C3[CH]2OC1=O)C
22333f1	33322	CCCOC	-,-,-,-,O	1.530588	1.522727	1.436883	1.365442	1.506566	101.375558	100.445492	103.979956	109.002878	109.795876	38.316230	-27.388156	0.000000	0.383670	4.8199	CC1C2C(CC(C)C3CC(=O)C(=C3C2O)C)OC1=O
22333f1	33322	CCSCC	-,-,O,-,-	1.531548	1.797667	1.751795	1.397761	1.509622	107.626888	105.035706	93.840189	111.103928	113.647084	25.570372	-14.167096	0.000000	0.313323	1.7368	Br[CH]1[CH](Br)S(=O)(=O)C2=C1C=CC=C2
22333f1	33322	SCCCC	-,-,-,-,-	1.812366	1.547156	1.497806	1.342729	1.742992	89.724828	102.612444	104.741083	111.966244	114.212860	41.005208	-30.003332	0.000000	0.436310	2.2946	c1ccc2c(c1)C=C[C@@H]3[C@@H]2SC(=C3)C=O
22333f1	33322	SCCCC	O,-,-,-,-	1.791499	1.531500	1.510217	1.399606	1.750113	93.789141	105.665700	107.306738	113.546600	111.324535	-29.603110	22.246461	0.000000	0.304123	3.9962	O=S1(=O)CCC2=C1C=CC3=CC=CC=C23
22333f2	23332	OCCCC	-,-,-,-,O	1.448298	1.540202	1.541092	1.520697	1.376532	109.469219	101.634993	99.341284	99.494013	108.724024	43.875929	-41.633220	0.000000	0.456659	1.0852	CC(C)C1CCC2(C)C(CCC3C4(C)CCCC23OC4=O)C1
22333f2	23332	OCCCC	-,-,-,-,O	1.448370	1.540393	1.541107	1.520744	1.376532	109.462967	101.641508	99.328845	99.491369	108.726855	-43.878233	41.652834	0.000000	0.456830	1.0449	CCC1(C)CCC2(C)C(CCC3C4(C)CCCC23OC4=O)C1
22333f2	32233	CCCCC	-,-,-,-,-	1.514407	1.408512	1.545395	1.563164	1.543246	105.846051	111.656783	110.024697	104.934887	106.995738	0.860651	3.786882	0.000000	0.073665	5.3740	c1ccc2c(c1)CC3[C@@H]2NC3=O
22333f2	33223	CCCCC	-,-,-,-,-	1.543177	1.492228	1.332424	1.492859	1.544480	94.609845	97.695217	108.606676	107.978239	98.025917	-34.400708	0.249139	0.000000	0.571301	0.1534	C1C[C@H]2C[C@@H]1C3=C2SC([C@@H]3F)(F)F
22333f2	33223	OCCCC	-,-,-,-,-	1.469885	1.496290	1.407750	1.502675	1.469800	97.577905	96.111068	105.939383	105.153050	96.278807	35.382546	-0.050471	0.000000	0.588662	0.0792	O1C2C3C=NC=CC(C1C=C2)=3
22333f2	33322	CCCNN	-,-,-,-,-	1.562599	1.543518	1.439763	1.434086	1.494906	103.045110	104.746219	103.821979	110.411800	109.874710	28.554117	-24.984946	0.000000	0.277165	16.3693	N12C3(C(CCC3(C)OC1=O)C(N2C4=CC=CC=C4)(C)C)C
22333f2	33322	CCCNN	-,-,-,-,-	1.562602	1.543515	1.439707	1.434055	1.494965	103.048685	104.743974	103.820896	110.409576	109.870084	28.561231	-25.025030	0.000000	0.277238	16.2675	N12C3(C(CCC3(C)OC1=O)C(N2C4C=CC(=CC=4)C)(C)C)C
22333i	22333	CCCCC	-,-,-,-,-	1.339842	1.495272	1.527786	1.528215	1.493999	111.254855	112.045682	102.520240	106.128730	102.983949	13.683537	-21.424033	0.000000	0.222523	0.0705	c1ccc(c(c1)/C=N/NC(=O)COC2=CCCC2)Cl
22333i	22333	CCCCC	-,-,-,-,-	1.340544	1.507740	1.568589	1.568589	1.507740	111.793007	111.793013	100.222896	103.286440	100.222896	21.526561	-33.300962	0.000000	0.360728	0.0000	ClC1=C(Cl)C(Cl)(Cl)C(Cl)(Cl)C1(Cl)Cl
22333i	22333	CCCCC	-,-,-,-,-	1.341838	1.495470	1.525880	1.528777	1.501244	111.330967	111.711694	102.847418	106.105183	102.826819	14.463366	-21.929243	0.000000	0.224902	1.5759	C1(=C(C#N)CCC1)NC(=O)C
22333i	22333	CCCCS	-,-,-,-,-	1.341496	1.498496	1.523535	1.821460	1.750400	112.668065	115.563156	107.471209	105.904859	92.374706	-17.440890	24.637059	0.000000	0.263032	0.7325	CC1=C(CCS1)C(=O)[O-]
22333i	22333	CCCCS	-,-,-,-,O	1.342583	1.517704	1.520715	1.782515	1.724409	112.026302	114.128996	107.533467	104.633484	94.523135	-19.854945	26.874688	0.000000	0.282757	1.9005	c1ccc(cc1)NC2=CS(=O)(=O)CC2
22333i	22333	CNCCC	C,-,-,-,-	1.393176	1.466355	1.524208	1.525331	1.521278	107.398027	111.992185	102.573393	103.748190	102.704578	-20.413876	32.243942	0.000000	0.334312	1.1385	C(/[N+]([O-])=O)=C1/N(CCC1)CC
22333i	22333	CNCCC	N,-,-,-,-	1.371824	1.442925	1.529840	1.531381	1.510279	110.035826	110.785656	101.903563	104.739556	101.724021	-28.913995	32.685891	0.000000	0.317083	15.9268	C1(/NCCC1)=N/O
22333i	22333	CNCCS	N,-,-,-,-	1.353934	1.447991	1.529425	1.827046	1.743004	112.266867	114.224727	106.104178	104.563635	91.622087	-33.629452	33.195270	0.000000	0.327446	13.3309	N=C1NCCS1
22333i	22333	CNCCS	N,-,-,-,-	1.354100	1.437824	1.533216	1.823571	1.750213	111.510656	115.417436	106.929493	103.571885	91.749825	-28.858837	33.573445	0.000000	0.338003	9.4476	[H]/N=C/1\\N[C@]2(CSC(=[NH+]2)N)CS1
22333i	22333	CNCCS	S,-,-,-,-	1.370131	1.439877	1.516934	1.815838	1.748615	109.683497	115.631091	107.488680	103.224483	93.238354	29.928030	-33.358153	0.000000	0.330986	11.9111	S=C1NCCS1
22333i	22333	CNCSC	O,-,-,-,-	1.394144	1.448282	1.807417	1.798042	1.518534	111.881903	115.477850	106.651451	91.806098	106.979470	-22.299015	24.954348	0.000000	0.297565	8.4646	c1cc(oc1)[C@@H]2N(C(=O)CS2)c3nccs3
22333i	22333	COCCC	O,-,-,-,-	1.363308	1.453659	1.534769	1.519497	1.502946	109.833331	111.389117	101.728677	103.861669	101.219262	22.147354	-33.316066	0.000000	0.339904	1.9275	O=C1O[C](C[CH]1C2=CC=CC=C2)(C3=CC=CC=C3)C4=C5C=CC=CC5=CC=C4
22333i	22333	NCCCC	-,O,-,-,-	1.387455	1.509546	1.525929	1.516537	1.440257	111.299038	107.971022	103.227416	103.689897	102.631957	-11.051538	27.146457	0.000000	0.322258	15.4668	N1(C(=O)CCC1)CC(=O)N
22333i	22333	NCSCC	-,-,-,-,-	1.288296	1.758636	1.816871	1.526592	1.474260	110.453306	115.875139	90.413599	100.713005	109.969303	-15.900476	28.228161	0.000000	0.373465	3.6214	C1(=NCC(S1)CI)NC2C=CC(=CC=2)Cl
22333i	22333	NCSCC	-,-,-,-,-	1.288670	1.746502	1.799839	1.518745	1.475540	109.625941	117.330557	89.735670	102.403984	109.909620	-15.652062	26.884553	0.000000	0.348438	2.6089	C1(=NCCS1)NC2CCCCC2
22333i	22333	NCSCC	-,-,-,-,-	1.288709	1.759341	1.807684	1.523802	1.475159	110.638686	116.148241	90.463606	101.899605	110.177945	-14.908493	26.274433	0.000000	0.343768	3.2545	C1(=NCC(S1)C)NC2C=C(O)C=CC=2
22333i	22333	NCSCC	-,-,-,-,-	1.290691	1.740434	1.799910	1.520475	1.477964	108.854298	118.232358	89.541027	102.584337	110.025781	14.840183	-26.300944	0.000000	0.343599	3.8835	N1(C(=C(C(=O)OC)N=N1)CSC2=NCCS2)C3C(=NON=3)N
22333i	22333	NCSCC	-,-,-,-,-	1.291105	1.741303	1.799582	1.520366	1.478104	108.915947	118.116860	89.556440	102.548501	110.053462	-15.270461	26.516275	0.000000	0.345012	3.2112	C1CCC(CC1)NCSC2=NCCS2
22333i	22333	NCSCC	-,-,-,-,-	1.296817	1.753184	1.817185	1.524863	1.476768	110.006336	116.063690	90.412040	100.936208	109.598265	14.469541	-28.057575	0.000000	0.375895	6.2263	COc1ccc(cc1)C2=NC[C@@H](S2)Cn3cnc(n3)C#N
22333i	22333	NCSCC	-,S,-,-,-	1.386602	1.764071	1.831300	1.552639	1.457608	115.834981	109.604754	92.870313	102.180372	106.964497	16.448402	-29.626880	0.000000	0.378011	1.8311	N1(C(SC(C1NO)(C)C)=S)CC
22333i	22333	NCSCC	-,S,-,-,-	1.387562	1.765147	1.831929	1.552666	1.456979	115.175396	109.707905	93.193717	102.176957	106.555982	-11.543259	27.644029	0.000000	0.375110	10.6116	N1(C(SC(C1NO)(C)C)=S)C
22333i	22333	NCSCC	-,S,-,-,-	1.388370	1.764913	1.832269	1.550930	1.458521	115.708221	109.717295	92.654325	102.349637	106.828469	16.399129	-29.811945	0.000000	0.380477	2.0813	N1(C(SC(C1NO)(C)C)=S)CC=C
22333i	22333	NCSCC	-,S,-,-,-	1.393256	1.766212	1.829066	1.553631	1.465590	114.625514	109.931528	92.730842	101.696354	107.105912	-17.145593	31.007215	0.000000	0.397460	2.2420	N1(C(SC(C1NO)(C)C)=S)C(CC)C
22333i	22333	NCSCC	-,S,-,-,-	1.396360	1.761561	1.840531	1.544583	1.459608	114.497719	109.754981	93.583077	101.912379	107.384867	-10.074512	26.521688	0.000000	0.366786	12.8230	N1(C(SC(C1NO)(C)C)=S)N
22333i	23332	CCCCC	N,-,-,-,C	1.508828	1.525680	1.525624	1.496930	1.491771	109.646425	102.100927	105.892606	103.226038	106.814577	31.842770	-35.386709	0.000000	0.342145	7.5682	CN(C)/N=C/1\\CCCC1=C2SS2
22333i	23332	CCCCN	O,-,-,-,-	1.508100	1.526440	1.515774	1.430146	1.379742	108.135001	102.842795	103.735503	103.156721	112.021565	-27.619232	31.505659	0.000000	0.308194	9.1324	O=C1CCCN1
22333i	23332	CCCCO	O,-,-,-,-	1.498186	1.516752	1.519215	1.429382	1.364382	110.603259	102.768584	102.325060	106.176415	109.299327	-27.065114	28.993367	0.000000	0.289654	1.5620	O=C1C[CH](CO1)C2=CC=CC=C2
22333i	23332	CCCCO	O,-,-,-,-	1.498827	1.507722	1.506204	1.427153	1.365997	110.126257	101.899674	102.435377	105.156402	109.072219	30.377654	-33.008752	0.000000	0.325305	2.8237	O=C1CCCO1
22333i	23332	CCOCC	-,-,-,-,-	1.484865	1.437486	1.452235	1.485918	1.332248	110.123711	105.435148	108.419849	105.246376	109.699902	10.286168	-9.957370	0.000000	0.097328	2.9582	C[C@@]1([C@@H](N(C(=O)NC1=O)[C@H]2C=C[C@@H](O2)CO)N=[N+]=[N-])Br
22333i	23332	NCCCC	-,-,-,-,O	1.439074	1.515264	1.524435	1.510492	1.389628	111.527672	102.973166	103.620162	103.297348	107.757905	-32.700621	27.882783	0.000000	0.318024	11.8909	CN1CCCC1=O
22333i	32233	CCCCC	-,-,-,-,-	1.499423	1.339939	1.503374	1.539636	1.532626	102.013633	111.255909	111.828635	101.312470	105.316671	-0.390009	17.635755	0.000000	0.285837	0.6239	C1C=C[C@@H]([C@@H]1N=O)Cl
22333i	32233	CCCCS	-,-,-,-,O	1.494433	1.341766	1.501258	1.789061	1.785378	103.777593	117.469284	116.572355	103.866931	98.247518	0.310052	1.462715	0.000000	0.029042	4.3417	C1C=C(CS1(=O)=O)NC(=S)N
22333i	32233	CCCPO	-,-,-,O,-	1.509843	1.338869	1.781642	1.643604	1.433187	108.593147	113.137778	110.579543	93.602721	113.364593	0.533577	-4.934222	0.000000	0.085572	5.5417	CC1(C=C[P@@](=O)(O1)[O-])C
22333i	32233	CCCSS	-,-,-,-,O	1.495085	1.340029	1.729930	2.056264	1.825103	108.942008	120.325440	117.733924	96.009623	96.952401	-0.240761	1.331008	0.000000	0.023614	6.3389	C1C(=C(S[S@@]1=O)Cl)Cl
22333i	32233	CCNCC	-,N,-,-,-	1.480232	1.318296	1.466992	1.523225	1.527326	102.408505	111.039233	111.730048	102.634920	103.335903	-0.501861	18.632064	0.000000	0.293194	0.6035	c1ccc(cc1)C(=O)C/[NH+]=C/2\\CCCN2
22333i	32233	CNCCC	-,-,O,-,-	1.438225	1.391433	1.507601	1.522140	1.515624	103.401114	110.874119	108.363995	102.730269	103.425696	-5.657578	-15.591984	0.000000	0.324744	7.6136	CC1([C@@H](N(S1(=O)=O)C(=O)OC)N2CCCC2=O)C
22333i	32233	COCCC	-,-,O,-,-	1.436594	1.368850	1.515346	1.517943	1.530468	103.707247	109.913433	110.307076	100.590502	102.963684	-0.454236	-21.006713	0.000000	0.346912	0.0969	CC(=O)OC[CH](OC(C)=O)[CH](OC(C)=O)[CH](OC(C)=O)[CH]1OC(=O)[CH](OC(C)=O)[CH]1OC(C)=O
22333i	32233	COCCC	-,-,O,-,-	1.438897	1.369866	1.518584	1.515932	1.523151	104.026767	108.856913	110.842612	100.277016	102.894094	2.425812	19.807785	0.000000	0.353359	2.7272	OC[CH](O)[CH](O)[CH]1OC(=O)[CH](O)[CH]1O
22333i	32233	COCCC	-,-,O,-,-	1.440433	1.366967	1.515026	1.515670	1.520927	104.855700	108.828292	110.174544	100.361555	101.807697	-3.565535	25.223979	0.000000	0.365977	5.3448	OC[CH](O)[CH](O)[CH](O)[CH]1OC(=O)[CH](O)[CH]1O
22333i	32233	COCCC	-,-,O,-,-	1.441928	1.364466	1.515468	1.516576	1.522526	105.139720	109.602406	110.942660	101.202735	103.752625	1.355941	-19.546751	0.000000	0.299810	2.7589	OC[CH](O)[CH]1OC(=O)[CH](O)[CH]1O
22333i	32233	COCCC	-,-,O,-,-	1.442129	1.363604	1.515426	1.516445	1.521405	105.376190	109.563168	110.933873	101.288195	103.709985	2.037020	-19.839548	0.000000	0.296112	3.8900	OC[CH]1OC(=O)[CH](O)[CH]1O
22333i	32233	COCCC	-,-,O,-,-	1.442382	1.365055	1.514994	1.516737	1.522622	105.078190	109.857941	110.800320	101.181780	103.973207	-2.652545	20.251190	0.000000	0.295968	4.9195	O[CH](C=O)[CH]1OC(=O)[CH](O)[CH]1O
22333i	32233	SCNCC	-,N,-,-,-	1.763185	1.368563	1.448512	1.532396	1.829207	92.623465	110.475197	114.973812	106.664589	103.931476	16.810844	-33.876282	0.000000	0.330041	14.2592	C1(\SC(C)CN1)=N/C2C=CC(N(C)C)=CC=2
22333i	32233	SCNCC	-,S,-,-,-	1.759864	1.393924	1.492828	1.577028	1.832005	93.924231	110.368258	114.492302	105.576920	102.222799	11.458991	-32.701590	0.000000	0.382494	12.0506	S1C(N(C)C(C1(NO)C)(C)C)=S
22333i	33223	CCCCC	-,-,-,-,-	1.532774	1.493852	1.337458	1.491890	1.528530	106.064844	102.211419	112.108460	111.475297	102.811426	-14.444341	0.571963	0.000000	0.228534	1.1279	C1C[CH](O[CH]2CCC=C2)C=C1
22333i	33223	CCCCC	-,-,-,-,-	1.533490	1.497013	1.337326	1.492191	1.528051	106.157980	102.187627	112.065351	111.540912	102.854203	14.089050	-0.352190	0.000000	0.225706	0.7243	ClC1=CC=CC(=C1)NC(=O)O[CH]2CCC=C2
22333i	33223	CCCCC	-,-,-,-,-	1.535861	1.499947	1.338184	1.491502	1.530126	106.467823	101.720212	112.401861	111.485276	102.650654	-13.519591	-0.472777	0.000000	0.227702	0.9804	S=C(S[CH]1CCC=C1)N2CCOCC2
22333i	33223	CCCCC	-,-,-,-,-	1.541095	1.505419	1.340922	1.492585	1.530106	105.923982	101.137879	112.045513	111.438045	102.355843	16.479327	-0.594368	0.000000	0.264622	1.1128	O=C([CH]1CCC=C1C2=CC=CC=C2)C3=CC=CC=C3
22333i	33223	CCCCS	-,-,-,-,O	1.529142	1.507135	1.339011	1.729392	1.786417	105.574809	107.482286	116.404497	111.103540	95.120104	13.912164	0.229873	0.000000	0.223086	2.7977	c1nc([nH]n1)S[C@@H]2CS(=O)(=O)C=C2
22333i	33223	CCCNC	-,-,-,-,-	1.512598	1.477735	1.289637	1.481038	1.523530	103.106933	97.824408	120.121845	103.312671	105.927791	-18.538911	-0.403527	0.000000	0.306521	2.2216	C1CC(=NC1)O
22333i	33223	CCCNC	-,-,-,-,-	1.519609	1.506407	1.296436	1.478528	1.522320	103.448382	97.625157	118.565488	104.444556	105.952496	18.968709	0.033818	0.000000	0.311217	1.1266	CC1(CC(=O)/C(=C/[C@@H]2CCN=C2S)/C(=O)N1)C
22333i	33223	CCCNO	-,-,O,-,-	1.519669	1.506059	1.376010	1.417546	1.435593	106.302254	98.655752	107.738220	110.846463	105.257040	-28.123346	13.861354	0.000000	0.321783	13.5013	c1ccc(c(c1)/C=N\\[C@@H]2CONC2=O)O
22333i	33223	CCCOC	-,-,O,-,-	1.515007	1.521449	1.369078	1.427564	1.508644	102.255046	102.246942	109.447257	109.508684	106.478602	19.356923	-0.180870	0.000000	0.308860	1.2093	Cc1cccc(C)c1N(C2CCOC2=O)C(=O)CCl
22333i	33223	CCCOC	-,-,O,-,-	1.517799	1.515592	1.363039	1.426124	1.510405	104.598776	103.858477	110.454073	109.597819	107.178476	-1.104223	13.984755	0.000000	0.192865	0.7661	Clc1cccc(c1)N(C2CCOC2=O)C(=O)C3CC3
22333i	33223	CCNCC	-,-,-,O,-	1.524250	1.445003	1.377930	1.505490	1.528170	104.292663	102.826541	112.763019	108.232797	102.775973	-19.034342	0.886491	0.000000	0.296174	0.4292	CN(c1ccccc1)/C(=N/NC(=O)[C@H]2CCC(=O)N2)/S
22333i	33223	CCNCS	-,-,-,-,-	1.532741	1.467936	1.310708	1.719902	1.829522	104.867241	107.982951	115.534686	114.627109	91.836431	-16.987036	1.707488	0.000000	0.242695	1.0429	[H]/N=C/1\\N[C@]2(CSC(=[NH+]2)N)CS1
22333i	33223	CCNNC	-,-,-,-,-	1.527848	1.463978	1.415672	1.462107	1.524866	100.504626	104.410976	107.537442	109.105583	105.690426	28.838335	-9.675289	0.000000	0.347300	14.2125	CC(=O)SC1CN(N(C1)C=O)C=O
22333i	33223	NCOCC	-,-,-,O,-	1.448259	1.412623	1.361267	1.527076	1.479835	107.741148	106.664715	108.596888	111.172611	99.552451	-16.393079	1.316193	0.000000	0.235867	1.8203	CS(=O)(=O)N1COC(=O)[C@@H]1c2ccccc2
22333i	33322	CCCCC	-,-,-,-,-	1.528530	1.532774	1.493852	1.337458	1.491890	102.811409	106.064861	102.211393	112.108461	111.475304	22.083231	-14.444390	0.000000	0.228534	1.1280	C1C[CH](O[CH]2CCC=C2)C=C1
22333i	33322	CCCCC	-,-,-,-,-	1.530142	1.531735	1.492991	1.337296	1.490731	103.209046	106.017912	103.222773	111.621676	111.988393	-19.045928	12.447295	0.000000	0.196583	1.0312	O[CH]1CCC=C1
22333i	33322	CCCCC	-,-,-,-,-	1.538117	1.528988	1.492416	1.338078	1.496072	101.730180	105.796333	102.502059	111.458486	112.070805	-24.108476	15.133623	0.000000	0.251714	0.8041	CCCCCCCN[CH]1CCC=C1
22333i	33322	CCCCC	-,-,-,-,-	1.574563	1.541470	1.499578	1.343429	1.548456	100.062737	103.953279	101.691035	112.795506	109.974546	-31.699287	19.538090	0.000000	0.342775	2.8598	C1(C(CC(=C1N)C=O)(C#N)C#N)(C#N)CC(=O)C
22333i	33322	CCCCN	-,-,-,O,-	1.522353	1.529442	1.507333	1.377262	1.442676	102.762458	103.819097	102.944648	108.293970	112.233460	27.921317	-14.669534	0.000000	0.307681	7.6474	NC(=O)[CH]1CCC(=O)N1
22333i	33322	CCCCN	-,-,-,O,-	1.523856	1.516272	1.510883	1.407694	1.454208	103.172423	103.503499	103.050967	107.939247	110.615446	31.408844	-18.206783	0.000000	0.333644	3.8647	CC1CCC(=O)N1c2ccccc2
22333i	33322	CCCCO	-,-,-,O,-	1.514245	1.509679	1.499254	1.367220	1.431581	104.262559	101.981547	101.690341	110.061186	108.988010	-32.092694	18.731074	0.000000	0.349698	4.7097	CS(=O)(=O)CC[C@@H]1CCC(=O)O1
22333i	33322	CCCNC	-,-,-,-,O	1.522126	1.516835	1.446219	1.395141	1.530898	102.387227	103.264130	103.500103	110.603060	107.959796	-34.801979	25.726024	0.000000	0.340524	7.5017	O[CH]1CCN(C2CCCCC2)C1=O
22333i	33322	CCCNC	-,-,-,-,O	1.524712	1.516861	1.442352	1.387229	1.531334	102.327800	103.294299	103.263785	111.587942	107.560980	-33.991454	24.334333	0.000000	0.337082	5.0348	O[CH]1CCN(CC2=CC=CC=C2)C1=O
22333i	33322	CCCNN	-,-,-,-,-	1.527378	1.525499	1.462474	1.415468	1.462284	104.537869	100.429909	105.682645	109.042138	107.628603	29.773817	-13.921686	0.000000	0.346332	13.4469	c1ccc(cc1)SC2CN(N(C2)C=O)C=O
22333i	33322	CCCNN	-,-,-,-,O	1.550541	1.555717	1.465172	1.447291	1.476395	100.625887	108.851649	105.320318	108.013931	114.912732	-12.559421	4.506476	0.000000	0.148377	17.9292	CC(=O)O[C@@]1(CC(N[N+]1=O)(C)C)C
22333i	33322	CCCOC	-,-,-,-,O	1.515987	1.507204	1.427662	1.364325	1.495485	101.703092	102.598523	104.908267	108.969761	110.671714	-33.181654	23.967129	0.000000	0.322986	6.2640	CC(=O)[CH]1CCOC1=O
22333i	33322	CCCOC	-,-,-,-,O	1.521970	1.507974	1.426586	1.367067	1.513887	101.200530	102.998518	105.235531	109.598620	110.244167	-32.258517	21.905018	0.000000	0.318391	2.5434	CC1(C)CCOC1=O
22333i	33322	CCNNC	-,-,-,-,O	1.523004	1.468754	1.395188	1.380580	1.498361	102.337348	105.258315	104.154448	113.112861	107.165956	28.179525	-21.123549	0.000000	0.268450	6.9890	C1CNNC1=O
22333i	33322	CCSCC	-,-,O,-,-	1.525297	1.790087	1.731891	1.339527	1.501380	107.506910	105.484281	94.486377	111.348584	116.092848	20.123891	-12.322575	0.000000	0.241317	2.0364	C1CS(=O)(=O)C=C1
22333i	33322	CCSCC	-,-,O,-,-	1.534584	1.783859	1.725481	1.338585	1.505390	107.391365	105.349245	95.246678	111.016083	116.521068	-19.386803	13.013898	0.000000	0.228954	5.9129	C[N+](C)(C)[CH]1CS(=O)(=O)C=C1
22333i	33322	CCSCN	-,-,-,-,-	1.539180	1.827630	1.728924	1.315609	1.449871	107.487293	104.711383	91.507662	114.180799	115.737925	-19.875383	9.169543	0.000000	0.262975	8.1377	C[C@@]1(CSC(=[NH+]1)Nc2c([nH]cn2)C(=O)Nc3ccccc3)O
23233i	32332	CCCCC	-,O,-,-,O	1.508655	1.507185	1.523796	1.507779	1.508384	102.156575	111.953668	104.640365	104.823895	112.169671	19.041920	-20.270613	0.000000	0.200056	11.0374	C1(C(CCC1=O)=O)C
23333f1	23333	CCCCC	C,-,-,-,-	1.507122	1.522991	1.533936	1.548873	1.534179	110.069951	103.899252	103.716240	103.389727	102.188283	32.880769	-41.744973	0.000000	0.402235	16.6441	CC(=O)OCC=C1CC[CH]2[CH]3CCC4=CC(=O)CC[C]4(C)[CH]3[CH](O)C[C]12C
23333f1	23333	CCCCC	C,-,-,-,-	1.510589	1.524844	1.530622	1.550934	1.534224	109.675065	104.397055	103.522034	103.336955	101.829387	31.308531	-42.125546	0.000000	0.408446	12.2157	COC(=O)C=C1CC[CH]2[CH]3CCC4=CC(=O)CC[C]4(C)[CH]3C(=O)C[C]12C
23333f1	23333	CCCCC	O,-,-,-,-	1.514399	1.534253	1.534558	1.565102	1.528862	109.253293	99.479348	94.239961	102.928602	97.959055	-53.450101	57.575677	0.000000	0.588979	3.2273	C12(C(C(C)(C)C(C1)CC2)=O)C(=O)O
23333f1	32333	CNCNC	-,-,-,-,-	1.435234	1.440487	1.469698	1.478950	1.526665	101.749632	111.604209	106.439557	106.342585	106.261091	12.505680	5.987085	0.000000	0.262391	12.5755	C[C@@]12CCC(=O)N1CC[N-]2
23333f1	33233	CCNCC	-,-,-,-,-	1.528134	1.463065	1.452534	1.525129	1.527709	104.935479	102.520953	110.830420	105.967127	105.284105	-29.642495	15.149937	0.000000	0.311119	11.4435	CC(C)[CH]1NC(=O)[CH](NC(=O)C2=C3N=C4C(=C(C)C(=O)C(=C4C(=O)N[CH]5[CH](C)OC(=O)[CH](C(C)C)N(C)C(=O)CN(C)C(=O)[CH]6CCCN6C(=O)[CH](NC5=O)C(C)C)N)OC3=C(C)C=C2)[CH](C)OC(=O)[CH](C(C)C)N(C)C(=O)CN(C)C(=O)[CH]7CCCN7C1=O
23333f1	33233	CCNCC	-,-,-,-,-	1.538807	1.463749	1.453372	1.518441	1.523433	104.444242	104.592379	111.241656	103.323361	103.270406	5.029538	-25.728687	0.000000	0.351456	5.9858	CC(C)[CH]1NC(=O)[CH](NC(=O)C2=C3N=C4C(=C(C)C(=O)C(=C4C(=O)N[CH]5[CH](C)OC(=O)[CH](C(C)C)N(C)C(=O)CN(C)C(=O)[CH]6CCCN6C(=O)[CH](NC5=O)C(C)C)N)OC3=C(C)C=C2)[CH](C)OC(=O)[CH](C(C)C)N(C)C(=O)CN(C)C(=O)[CH]7CCCN7C1=O
23333f1	33233	CCNOC	-,-,-,-,-	1.526084	1.468907	1.436859	1.441597	1.526761	104.634886	103.569642	110.099603	108.987144	106.336342	-20.085866	6.693247	0.000000	0.245826	13.6911	C[C@@]12C[C@@]3(C(NC(=S)N3O)(C)C)ON1C(=S)NC2(C)C
23333f1	33233	OCCCC	-,-,O,-,-	1.471040	1.536696	1.499458	1.525895	1.465718	97.962862	97.129453	104.482253	102.561555	98.339601	-34.358623	-1.015908	0.000000	0.590694	0.9910	C[C@@]12C(=C[C@@H](O1)C(=O)C23CC3)C(=O)OC
23333f1	33323	CCCCC	-,-,-,N,-	1.555108	1.548179	1.514706	1.529297	1.555652	92.591517	104.259794	98.177154	109.532922	99.633305	37.766187	-2.224837	0.000000	0.593049	3.0908	CC1(C)[CH]2CC[C]1(C)C(C2)=NO
23333f1	33323	CCCCC	-,-,-,O,-	1.518037	1.510937	1.525852	1.507927	1.524802	104.647152	106.463887	101.654874	112.008497	102.231399	28.069404	-9.071672	0.000000	0.350048	14.9040	CC1(O[C@@H]2CCC(=O)[C@@H]2O1)C
23333f1	33323	CCCCC	-,-,-,O,-	1.537837	1.557439	1.525086	1.505244	1.521029	105.589392	103.687024	101.835901	112.511992	102.086039	-28.665691	9.427586	0.000000	0.372285	15.1116	[C@H]12[C@@H](C(CC3[C@]1(C4C(C5CCC([C@](CC4)(C)5)=O)CC3)C)=O)O2
23333f1	33323	CCCCC	-,-,-,O,-	1.552824	1.548146	1.515674	1.529368	1.563920	92.846374	104.190197	98.597134	109.440795	99.075004	-36.682489	0.724882	0.000000	0.594383	1.6341	CC1(C)[CH]2CC[C]1(CS(O)(=O)=O)C(=O)C2
23333f1	33323	CCCCC	-,-,-,O,-	1.560257	1.555413	1.531427	1.534960	1.556270	92.444968	103.339137	98.240853	108.652729	100.313223	-39.980568	4.683204	0.000000	0.603855	5.3452	CC1(C)[CH]2CC[C]1(C)C(=O)[CH]2N.OS(O)(=O)=O
23333f1	33323	CCCCC	-,-,-,O,-	1.567548	1.550148	1.513237	1.537450	1.566598	91.540378	102.879527	98.931919	108.379952	100.683379	41.629165	-6.238226	0.000000	0.611718	6.5555	C[C]1(CS(O)(=O)=O)[CH]2CC[C]1(C)C(=O)[CH]2Br
23333f1	33323	CCCCC	-,-,-,O,-	1.573871	1.549038	1.514513	1.535026	1.557519	92.103728	102.548064	98.974362	108.741160	100.087989	-40.340914	5.085338	0.000000	0.611342	5.5070	C12(C(C(C)(CC1)C(C2Br)=O)(C)C)C(=O)O
23333f1	33323	CCCNC	-,-,-,-,-	1.519944	1.532323	1.464892	1.462337	1.525356	102.510455	102.592643	103.859359	110.934839	104.043105	-31.956924	11.607318	0.000000	0.392745	16.8203	C1C[C@@H]2N=Cc3c(c(sc3N2C1)C(=O)N)N
23333f1	33323	CCCNO	-,-,-,-,-	1.517068	1.521864	1.500292	1.411007	1.433126	105.451981	101.357890	101.891511	111.039343	105.585679	-30.261146	12.946096	0.000000	0.368134	15.3550	CC(=O)[C@@H]1C[C@@]2(C(=O)c3ccccc3N2O1)c4ccccc4
23333f1	33332	CCCCC	-,-,-,-,C	1.565384	1.537152	1.527181	1.518717	1.527027	99.202145	102.506338	93.621581	100.583191	107.412405	-57.202806	54.535588	0.000000	0.592597	2.4071	CC1(C)[CH]2CC[CH](C2)C1=C
23333f1	33332	CCCCC	-,-,-,-,N	1.572995	1.536201	1.530981	1.529224	1.532758	97.123472	103.435688	94.063476	99.247574	109.582496	58.312092	-53.368174	0.000000	0.592569	3.4747	CC1(C)[CH]2CC[C](C)(C2)C1=NO
23333f2	23333	CCCCC	O,-,-,-,-	1.499001	1.548250	1.600703	1.568666	1.498507	103.011830	96.114822	104.859864	102.815351	96.145757	32.414033	0.922399	0.000000	0.578718	1.2799	ClC1=C(Cl)[C]2(Cl)[C]3(Cl)C(=C(Cl)[C](Cl)(C3=O)[C]2(Cl)C1=O)Cl
23333f3	33332	CNCCC	-,-,-,-,C	1.479639	1.486024	1.557243	1.509302	1.505696	102.782844	102.450909	106.629711	102.012399	107.818053	-36.995258	16.106323	0.000000	0.406104	13.8306	CCC(C(O)=O)C1=CC=C(C=C1)[N+]([O-])=O.COC2=CC3=C(C=C2OC)C45CCN6CC7=CCOC8CC(=O)N3C4C8C7C6C5
23333f3	33332	CNCCC	-,-,-,-,C	1.479639	1.486025	1.557244	1.509300	1.505696	102.783013	102.450820	106.629786	102.012374	107.818113	-36.995171	16.106456	0.000000	0.406102	13.8303	CCC(C)OC(=O)C1=C(C=CC=C1)C(O)=O.COC2=CC3=C(C=C2OC)C45CCN6CC7=CCOC8CC(=O)N3C4C8C7C6C5
23333i	23333	CCCCC	N,-,-,-,-	1.504383	1.522711	1.524151	1.524176	1.506938	112.616358	101.480731	104.441106	104.624253	101.560733	-32.084490	40.445356	0.000000	0.381479	16.1236	ON=C1CCCC1
23333i	23333	CCCCC	O,-,-,-,-	1.506679	1.523472	1.522634	1.523472	1.506679	112.228179	101.751291	104.463156	104.463155	101.751290	-31.455076	40.498253	0.000000	0.382099	18.0000	O=C1CCCC1
23333i	23333	CCCCC	O,-,-,-,-	1.531020	1.543647	1.524263	1.543933	1.530059	113.848249	100.173439	105.544045	105.401890	100.072129	-30.436427	40.611532	0.000000	0.379532	16.7362	O=C1C(CCC#N)(CCC#N)CCC1(CCC#N)CCC#N
23333i	23333	CSCCS	N,-,-,-,-	1.747657	1.829571	1.526091	1.812517	1.749957	114.698721	96.769602	106.438773	108.886467	95.804807	-33.152431	44.842233	0.000000	0.440366	17.0626	C1(/SC(/C=N/O)(C)CS1)=N/C
23333i	23333	CSCCS	N,-,-,-,-	1.760271	1.829474	1.525863	1.825234	1.763396	111.963677	95.099918	105.635591	109.437449	97.491221	-44.112088	43.020871	0.000000	0.486263	10.6460	C1(SC(/C=N/O)(C)CS1)=[N+](C)C
23333i	23333	CSCCS	O,-,-,-,-	1.751807	1.827796	1.526618	1.812723	1.749841	114.816757	96.626901	106.466470	109.018063	95.636954	-33.164861	44.963837	0.000000	0.440595	17.1372	C1(SC(/C=N/O)(C)CS1)=O
23333i	23333	NCCCC	-,-,-,-,-	1.447735	1.522166	1.525041	1.522570	1.450526	111.967727	104.152648	102.942250	103.000317	104.139398	30.467691	-37.160168	0.000000	0.364327	17.3051	CC(C)OC(=O)N1CCCC1
23333i	23333	NCCCC	-,-,-,-,-	1.454929	1.523702	1.523537	1.521262	1.450008	111.515995	104.282414	103.049491	102.811019	104.330614	-29.574878	37.398001	0.000000	0.366786	15.9535	C(C(=O)NN)(N1CCCC1)=O
23333i	23333	NCCOC	-,-,-,-,-	1.439811	1.510406	1.435041	1.441436	1.440800	110.166230	102.278518	104.899338	106.694162	106.035968	-30.032070	30.753361	0.000000	0.296247	0.8173	CC(=O)N1CCO[C@@H]1c2c(c(c(s2)Cl)Cl)Cl
23333i	23333	NCCSC	-,-,-,-,-	1.467490	1.520352	1.811192	1.836747	1.461370	116.205647	108.213484	104.613057	93.954468	105.500869	34.953087	-28.728657	0.000000	0.354949	2.4091	N1(C(C(=O)O)CSC1(C)C)C=O
23333i	23333	NNCCC	-,-,-,-,-	1.440603	1.486982	1.524999	1.517894	1.458000	112.125625	104.887148	105.516259	102.793884	101.557522	17.065049	-32.851893	0.000000	0.351403	7.8274	N1(N(CCC1NC2C=CC(=CC=2)Cl)C(C)C)C=O
23333i	23333	NNCCC	-,-,-,-,-	1.441122	1.487124	1.525021	1.518036	1.458566	112.110802	104.851066	105.532615	102.777416	101.487862	16.973176	-32.922686	0.000000	0.352988	8.1185	N1(N(CCC1NC2C=CC=CC=2)C(C)C)C=O
23333i	32333	CCCCO	-,N,-,-,-	1.508787	1.491159	1.511864	1.432978	1.444219	101.823065	111.383221	98.711163	105.926389	107.173438	17.722927	-34.267135	0.000000	0.360486	7.0033	C[C@@H]1/C(=N/OC(=O)c2ccccc2)/CCO1
23333i	32333	CCCSS	-,N,-,-,-	1.521656	1.523419	1.803326	2.038698	1.804482	106.483764	117.317204	109.148964	96.023564	94.884455	-1.086294	-22.609841	0.000000	0.485648	2.0284	C1C(=NNC(=O)N)CSS1
23333i	32333	CNCCC	-,-,-,-,-	1.454894	1.451120	1.527377	1.520557	1.527681	103.759479	112.332680	103.396124	102.949057	103.201732	14.534508	-32.210354	0.000000	0.371630	14.1399	CCSc1nc(s[s+]1)N2CCCC2
23333i	32333	CNCCC	-,-,-,-,-	1.454907	1.452701	1.521753	1.523778	1.522230	104.312932	111.372800	104.397360	102.888404	102.914253	-11.909952	30.591571	0.000000	0.368111	17.9532	c1ccc(c(c1)[C@@H]2NC(=NO2)CC(=O)N3CCCC3)O
23333i	32333	CNCCC	-,-,-,-,-	1.456517	1.451941	1.520862	1.522558	1.523778	104.445596	111.128145	104.482263	102.687018	102.970319	13.573162	-31.704012	0.000000	0.370148	15.6764	N1(C2C(=NON=2)N)C(=C(C(N3CCCC3)=O)N=N1)C4=CC=CC=C4
23333i	32333	CNCCC	-,-,-,-,-	1.456646	1.451918	1.520835	1.522431	1.523842	104.462967	111.107555	104.496539	102.686326	102.979866	-13.639437	31.727892	0.000000	0.369870	15.5672	N1(C2C(=NON=2)N)N=NC(=C1C)C(N3CCCC3)=O
23333i	32333	CNCCC	-,-,-,-,-	1.457832	1.451025	1.520775	1.523632	1.523779	104.352030	111.224412	104.344859	102.625086	102.953145	-14.200249	32.206712	0.000000	0.372978	14.9171	c1cc(ccc1c2cc3c([n-]nn3)nc2)C(=O)N4CCCC4
23333i	32333	CNCCC	-,-,-,-,-	1.463041	1.465580	1.522569	1.519677	1.520939	104.764077	109.931224	104.914711	102.781648	102.569902	-10.505239	30.582313	0.000000	0.378964	15.5730	c1cc([nH]c1)C(=O)CSC(=S)N2CCCC2
23333i	32333	CNCCC	-,-,-,-,-	1.464542	1.462308	1.521406	1.519437	1.522239	104.903525	110.007480	104.825847	102.678954	102.786022	13.113141	-31.960624	0.000000	0.375973	16.6005	c1nc(no1)CSC(=S)N2CCCC2
23333i	32333	CNCCC	-,-,-,-,-	1.477897	1.477262	1.533313	1.516556	1.535612	104.544972	110.376199	103.786513	103.268709	102.984557	14.819761	-33.222292	0.000000	0.380014	13.9439	C[CH]1CC[CH](C)N1C2=CC=C(C=C2)[CH](C3=CC=C(C=C3)N(C)C)C4=CC=C(C=C4)N5[CH](C)CC[CH]5C
23333i	32333	CNCCS	-,-,-,-,-	1.464798	1.490705	1.528082	1.810893	1.819912	106.868290	110.302140	108.282959	107.491727	93.929440	-39.151389	24.938856	0.000000	0.338021	6.0652	c1cc[n+](c(c1)N2CSC[C@@H]2C(=O)[O-])[O-]
23333i	32333	NCSCC	-,C,-,-,-	1.418189	1.735993	1.837234	1.523842	1.561845	103.589619	108.072923	92.546714	105.674650	106.403689	-32.425586	3.510264	0.000000	0.460651	8.1507	[H]/[O+]=C\\1/C=CC=C/C1=C\\2/[NH2+][C@H](CS2)C(=O)[O-]
23333i	32333	NNCCS	-,-,-,-,-	1.422865	1.467040	1.514401	1.810946	1.666855	108.510913	112.017923	105.564363	103.240261	96.569061	-40.823536	32.734078	0.000000	0.350399	5.8867	C[NH2+]N1N(CCS1)/C(=N/C)/S
23333i	32333	SCSCC	-,C,-,-,-	1.757232	1.758386	1.814838	1.514478	1.813083	96.109626	113.016108	97.016406	107.645559	106.860531	-5.448681	32.063819	0.000000	0.461916	9.3419	C1(C(CC(CC1=O)(C)C)=O)=C2SCCS2
23333i	33323	CCCNC	-,-,-,-,-	1.517908	1.524266	1.462709	1.465334	1.528597	103.315190	102.328190	103.563858	110.583214	104.592554	36.025450	-19.927776	0.000000	0.385940	6.9936	C1CCN(C1)c2c(nns2)CO
23333i	33332	CCCCC	-,-,-,-,N	1.540532	1.533492	1.525913	1.486304	1.493617	99.981601	106.390676	105.774220	100.260262	116.702250	34.332502	-28.647879	0.000000	0.324483	10.7480	COC(=O)/C=C\\SC(=S)[C@@H]1CCCC1=[NH2+]
23333i	33332	CCCCN	-,-,-,-,-	1.530583	1.525367	1.519585	1.454061	1.468350	103.934951	103.427221	102.879640	104.740374	111.279417	-37.121434	31.169086	0.000000	0.363465	15.7112	NC(=O)C1CCCN1C(=O)COC(=O)c2ccccc2
23333i	33332	CCCCN	-,-,-,-,-	1.533350	1.516585	1.535598	1.477563	1.477533	103.769328	103.270506	102.990595	104.551958	110.386581	-38.822130	29.775383	0.000000	0.379922	13.8846	C[CH]1CC[CH](C)N1C2=CC=C(C=C2)[CH](C3=CC=C(C=C3)N(C)C)C4=CC=C(C=C4)N5[CH](C)CC[CH]5C
23333i	33332	CCCON	-,-,-,-,-	1.507338	1.507954	1.435246	1.437432	1.453565	103.777618	100.396638	105.532323	107.163223	108.252749	36.252261	-22.357534	0.000000	0.370768	2.1684	CO[C@@H]1CCON1C(=O)c2ccccc2
23333i	33332	CCOSN	-,-,-,O,-	1.534905	1.429744	1.617090	1.715332	1.458594	103.826149	107.095215	109.647382	95.806746	109.732375	36.516119	-19.543928	0.000000	0.348326	4.4038	C[C@@H]1CO[S@@](=O)N1c2ccccc2
23333i	33332	CCSCC	-,-,-,-,O	1.522363	1.819806	1.810362	1.507644	1.506333	107.006854	105.183763	94.751959	105.551188	115.094411	30.771184	-15.955892	0.000000	0.371401	1.6802	c1cc(sc1)[C@@H]2CC(=O)CS2
23333i	33332	CCSCC	-,-,O,-,O	1.527513	1.774041	1.763983	1.501032	1.527160	105.077470	106.615268	97.499313	104.740022	116.296705	27.448544	-13.083075	0.000000	0.325325	5.1852	CC1(C)CS(=O)(=O)CC1=O
33333f1	33333	CCCCC	-,-,-,-,-	1.527581	1.559771	1.555545	1.523757	1.519168	104.224512	107.057558	103.990800	105.778222	103.322066	4.037445	20.137133	0.000000	0.384324	5.4239	C12(C(CC1CCC2)C#N)[N+]3(C)CCCC3
33333f1	33333	CCCCC	-,-,-,-,-	1.528588	1.539686	1.534638	1.542542	1.533062	93.425707	101.326771	102.842354	103.153873	100.066751	-34.742616	-2.226395	0.000000	0.611018	2.1143	[C@]1([C@H](C2CC1CC2)C(=O)OC)(C(=O)OC)C
33333f1	33333	CCCCC	-,-,-,-,-	1.528618	1.539541	1.534634	1.542333	1.533095	93.422350	101.328329	102.836053	103.171543	100.203522	35.001665	1.861395	0.000000	0.609875	1.7702	[C@@]1([C@@H](C2CC1CC2)C(=O)O)(C(=O)O)C
33333f1	33333	CCCCC	-,-,-,-,-	1.531152	1.517358	1.542601	1.562992	1.563312	104.920716	102.721917	104.326775	105.247667	105.075084	42.196019	-30.018707	0.000000	0.410070	8.6739	CC(=C)[CH]1CC[C]2(C)CC[C]3(C)[CH](CC[CH]4[C]5(C)CC[CH](OC(=O)C6=CC=CC=C6)C(C)(C)[CH]5CC[C]34C)[CH]12
33333f1	33333	CCCCC	-,-,-,-,-	1.531289	1.541111	1.539231	1.541365	1.534964	93.240590	101.076665	102.923510	102.886443	100.016669	34.756645	2.487407	0.000000	0.616760	2.3388	C1(C2(C(C3CC2CC3)C(O1)=O)C)=O
33333f1	33333	CCCCC	-,-,-,-,-	1.532119	1.535016	1.534291	1.546716	1.543267	96.795003	105.429220	104.260370	104.499712	104.504890	29.897791	0.130613	0.000000	0.486333	0.2569	CC1(C)[CH]2CC[C]1(C)C(=O)OC2=O
33333f1	33333	CCCCC	-,-,-,-,-	1.532451	1.531952	1.549763	1.554177	1.561066	103.381295	105.355147	107.602774	104.531941	102.412604	-12.564296	-13.203126	0.000000	0.406188	17.2071	C[C]1(O)CC[CH]2[CH]3CCC4=CC(=O)CC[C]4(C)[CH]3[CH](O)C[C]12C
33333f1	33333	CCCCC	-,-,-,-,-	1.532595	1.545774	1.553388	1.548885	1.534674	93.701816	101.162516	102.364000	103.127351	101.866991	38.676071	-3.271961	0.000000	0.600647	3.2040	C1[C@@H]2C[C@@H]([C@H]1C=C2)[NH3+]
33333f1	33333	CCCCC	-,-,-,-,-	1.533128	1.528614	1.537705	1.549039	1.554053	104.387130	106.345646	106.069684	103.971627	100.524985	-1.864314	27.442383	0.000000	0.428910	2.4609	CC(=O)OCC(=O)C1CCC2C3CCC4=CC(=O)CCC4(C)C3CCC12C
33333f1	33333	CCCCC	-,-,-,-,-	1.534397	1.530176	1.537224	1.542804	1.550899	105.200834	106.197382	105.858623	103.820159	100.798917	6.262221	-30.400333	0.000000	0.420936	8.3035	CC(=O)[CH]1CC[CH]2[CH]3CCC4=CC(=O)CC[C]4(C)[CH]3[CH](O)C[C]12C
33333f1	33333	CCCCC	-,-,-,-,-	1.534558	1.544738	1.542099	1.539658	1.534253	94.239961	99.492459	103.305506	103.021887	101.915364	40.054082	-5.262893	0.000000	0.603266	5.0713	C12(C(C(C)(C)C(C1)CC2)=O)C(=O)O
33333f1	33333	CCCCC	-,-,-,-,-	1.535781	1.534248	1.540713	1.548853	1.560396	104.019134	105.899848	106.761573	104.213923	101.053274	2.392964	23.549391	0.000000	0.422213	3.1411	CC1(O)CCC2C3CCC4=CC(=O)CCC4(C)C3CCC21C
33333f1	33333	CCCCC	-,-,-,-,-	1.536062	1.540000	1.537644	1.542911	1.527784	93.153672	100.349588	102.841789	102.921943	100.916605	37.818405	-1.422461	0.000000	0.616069	1.3111	[C@]12(C3CC([C@@H]1COC2=O)CC3)C
33333f1	33333	CCCCC	-,-,-,-,-	1.536336	1.535333	1.532362	1.546280	1.551392	96.176396	105.670845	104.317630	104.443606	105.028437	-30.719024	0.732553	0.000000	0.486443	0.7546	C12(C(OC(=O)C(C1(CBr)C)CC2)=O)C
33333f1	33333	CCCCC	-,-,-,-,-	1.536583	1.531021	1.539670	1.552761	1.552883	104.027185	106.605636	106.142112	102.916175	101.283404	4.699973	-29.579934	0.000000	0.433044	6.0364	CC(=O)[CH]1CC[CH]2[CH]3CC=C4C[CH](O)CC[C]4(C)[CH]3CC[C]12C
33333f1	33333	CCCCC	-,-,-,-,-	1.537134	1.523443	1.540556	1.561670	1.576900	106.474493	104.468025	104.146209	102.352950	104.744729	-38.409303	42.289439	0.000000	0.414127	9.6040	CC(=C)[CH]1CC[C]2(CO)CC[C]3(C)[CH](CC[CH]4[C]5(C)CC[CH](O)C(C)(C)[CH]5CC[C]34C)[CH]12
33333f1	33333	CCCCC	-,-,-,-,-	1.538516	1.542284	1.547351	1.530769	1.530202	106.196781	104.212578	101.056595	104.560639	106.143599	-40.250567	40.152471	0.000000	0.417123	0.6376	C[C]12CC[CH]3[CH](CCC4=C3C=CC(=C4)O)[CH]1CC[CH]2OC(=O)CCC5CCCC5
33333f1	33333	CCCCC	-,-,-,-,-	1.538641	1.544035	1.546370	1.530030	1.533157	106.486504	104.163685	101.652136	105.012581	106.154727	-39.075061	38.522722	0.000000	0.401724	1.9575	C[C]12CC[CH]3[CH](CCC4=CC(=O)CC[CH]34)[CH]1CC[CH]2O
33333f1	33333	CCCCC	-,-,-,-,-	1.538664	1.533944	1.530780	1.541642	1.532747	103.020395	101.635480	93.386355	100.190747	103.083504	56.329784	-58.103332	0.000000	0.607662	3.2603	Cc1ccc2c(c1)[C@@H]3[C@@H]4CC[C@@H](C4)[C@@H]3[S@@](=O)N2
33333f1	33333	CCCCC	-,-,-,-,-	1.539483	1.531245	1.534241	1.540485	1.534305	102.885896	102.006685	93.227069	100.099772	103.027808	56.048988	-58.338532	0.000000	0.608259	4.1356	CC(=O)O[C@@H]1[C@@H]2CC[C@@H](C2)[C@@H]1[N+](=O)[O-]
33333f1	33333	CCCCC	-,-,-,-,-	1.540334	1.536790	1.538359	1.545050	1.557560	104.001901	106.106985	106.081934	103.111753	100.954021	4.641478	-30.159792	0.000000	0.440359	5.8167	C[C]1(O)CC[CH]2[CH]3CCC4=CC(=O)CC[C]4(C)C3=CC[C]12C
33333f1	33333	CCCCC	-,-,-,-,-	1.540645	1.530853	1.532294	1.537861	1.535689	103.022826	101.107965	93.537223	101.055243	103.113959	-56.913807	57.072807	0.000000	0.603126	0.1750	CC(=O)OC[CH]1[CH]2CC[CH](C2)[CH]1COC(C)=O
33333f1	33333	CCCCC	-,-,-,-,-	1.540670	1.526668	1.548284	1.581046	1.573002	103.363100	107.548329	107.227568	100.598527	102.679654	-9.882902	32.488626	0.000000	0.434390	12.4235	CC(C)CCC[CH](C)[CH]1CC[C]2(C)C3=C(C(=O)C[C]12C)[C]4(C)CC[CH](O)C(C)(C)[CH]4CC3=O
33333f1	33333	CCCCC	-,-,-,-,-	1.541096	1.526653	1.534530	1.550009	1.563214	103.688344	106.901634	106.266540	104.387326	101.138707	-0.944469	26.068912	0.000000	0.417749	1.2226	C[CH]([CH]1CC[CH]2[CH]3CCC4=CC(=O)CC[C]4(C)[CH]3CC[C]12C)C(O)=O
33333f1	33333	CCCCC	-,-,-,-,-	1.541099	1.560999	1.557844	1.535460	1.530634	105.488871	102.130947	99.783656	104.406783	106.362677	45.838609	-40.812039	0.000000	0.465405	10.4975	CC(=O)OC1CCC2(C)C3(C1)C=CC4(C5CCC(C(C)=O)C5(C)CC6OC246)C7C3C(=O)OC7=O
33333f1	33333	CCCCC	-,-,-,-,-	1.542160	1.526806	1.536012	1.554830	1.562715	104.565965	106.534229	106.224105	104.223378	100.488446	-3.662913	28.447411	0.000000	0.422226	4.7358	CC(C)CCC[CH](C)[CH]1CC[CH]2[CH]3C[CH](NCC4=CC=CC=C4)[C]56C[CH]5CC[C]6(C)[CH]3CC[C]12C
33333f1	33333	CCCCC	-,-,-,-,-	1.542249	1.535377	1.497911	1.486332	1.504421	104.139376	104.801813	104.661932	108.587799	108.383058	-29.270619	17.712915	0.000000	0.302228	1.8999	CNC(=O)O[C@@H]1CC[C@H]2[C@@H]1O2
33333f1	33333	CCCCC	-,-,-,-,-	1.542289	1.543033	1.562577	1.530496	1.531784	107.241603	104.697854	102.484747	104.280063	106.340222	35.456897	-38.166416	0.000000	0.383981	5.7844	CC1CC2C3CCC(O)(C(=O)C)C3(C)CC(O)C2(F)C4(C)C=CC(=O)C=C14
33333f1	33333	CCCCC	-,-,-,-,-	1.542449	1.526333	1.544836	1.578758	1.568318	103.979618	107.918745	107.088476	102.518960	102.893919	6.833083	-28.525334	0.000000	0.397451	9.3960	C[CH](CCC(Br)=C(C)C)[CH]1CC[C]2(C)C3=C(CC[C]12C)[C]4(C)CC[CH](O)C(C)(C)[CH]4CC3
33333f1	33333	CCCCC	-,-,-,-,-	1.542958	1.529364	1.532372	1.542228	1.533602	102.594858	101.400208	93.513905	102.288701	103.434929	57.060582	-54.740751	0.000000	0.592150	3.5440	COC(=O)C1C2CC(Br)C(C2)C1C(=O)OC
33333f1	33333	CCCCC	-,-,-,-,-	1.542969	1.557192	1.563678	1.542639	1.529959	107.398831	104.247657	102.608316	102.990063	106.501567	35.961129	-40.002888	0.000000	0.402404	9.2777	CC12CC(O)C3C(CCC4=CC(=O)CCC34C)C1CC[C@@]2(O)C(=O)CO
33333f1	33333	CCCCC	-,-,-,-,-	1.543199	1.562587	1.558078	1.539714	1.533594	106.790857	103.924287	101.220071	103.813252	106.276127	39.402555	-41.062769	0.000000	0.422855	3.2675	CO[CH]1C[CH](O[CH](C)[CH]1O[CH]2O[CH](CO)[CH](O)[CH](O)[CH]2O)O[CH]3CC[C]4(C=O)[CH]5CC[C]6(C)[CH](CC[C]6(O)[CH]5CC[C]4(O)C3)C7=CC(=O)OC7
33333f1	33333	CCCCC	-,-,-,-,-	1.543422	1.528983	1.545013	1.584942	1.568085	103.539727	107.833630	106.952644	101.582701	102.629353	-8.216275	30.647556	0.000000	0.421074	10.6622	C[CH](CCC(O)=O)[CH]1CC[C]2(C)[CH]3[CH](C(=O)C[C]12C)[C]4(C)CC[CH](O)C(C)(C)[CH]4CC3=O
33333f1	33333	CCCCC	-,-,-,-,-	1.543705	1.528764	1.532384	1.560694	1.570040	103.336969	100.756889	93.774435	103.320745	101.230570	57.957862	-55.299917	0.000000	0.597425	4.9460	C1(C(OC(O1)=O)=C)(C2C3C=CC(C2)C3)C
33333f1	33333	CCCCC	-,-,-,-,-	1.543738	1.524840	1.531876	1.553031	1.564734	103.712260	107.288196	106.158045	104.446504	101.297134	2.674876	-27.064273	0.000000	0.411997	3.5180	CC(C)CCC[CH](C)[CH]1CC[CH]2[CH]3CC[CH]4C[CH](O)CC[C]4(C)[CH]3CC[C]12C
33333f1	33333	CCCCC	-,-,-,-,-	1.543797	1.532659	1.536963	1.547170	1.564293	103.606026	106.341471	106.528875	104.318812	101.199176	0.548570	25.117833	0.000000	0.422144	0.7980	CC(=O)OCC(=O)[C]1(O)CC[CH]2[CH]3CCC4=CC(=O)CC[C]4(C)[CH]3[CH](O)C[C]12C
33333f1	33333	CCCCC	-,-,-,-,-	1.543797	1.547804	1.551801	1.558061	1.562182	102.353187	102.911756	103.844478	91.358285	102.443880	34.350561	-55.270678	0.000000	0.603124	2.6280	CCCCCN(CCCCC)CC(=O)O[CH]1C[CH]2CC[C]1(C)C2(C)C
33333f1	33333	CCCCC	-,-,-,-,-	1.543877	1.535367	1.534849	1.547215	1.561589	103.530517	106.701810	105.877232	104.127158	101.044553	2.169451	-27.730930	0.000000	0.429691	2.7582	C[C]1(O)CC[CH]2[CH]3CCC4=CC(=O)CC[C]4(C)[C]35O[CH]5C[C]12C
33333f1	33333	CCCCC	-,-,-,-,-	1.544330	1.548057	1.551383	1.558144	1.561617	102.281072	102.950936	103.866628	91.354990	102.491684	-34.210094	55.168606	0.000000	0.602754	2.7734	CC(C)(CO[CH]1C[CH]2CC[C]1(C)C2(C)C)[N+]([O-])=O
33333f1	33333	CCCCC	-,-,-,-,-	1.544429	1.548013	1.551366	1.558147	1.561670	102.272759	102.956300	103.862515	91.355608	102.500760	34.230291	-55.174181	0.000000	0.602726	2.7513	CC(C)(N)CO[CH]1C[CH]2CC[C]1(C)C2(C)C
33333f1	33333	CCCCC	-,-,-,-,-	1.544600	1.551256	1.558486	1.555813	1.537474	102.808653	103.531295	91.360794	102.780850	102.809085	55.672653	-55.489186	0.000000	0.599761	0.4820	CO[CH]1C[CH]2CC[C]1(C)C2(C)C
33333f1	33333	CCCCC	-,-,-,-,-	1.544721	1.551383	1.558144	1.555944	1.537411	102.815233	103.550681	91.354990	102.786992	102.792373	-55.634759	55.513327	0.000000	0.599661	0.5699	CC(C)(CO[CH]1C[CH]2CC[C]1(C)C2(C)C)[N+]([O-])=O
33333f1	33333	CCCCC	-,-,-,-,-	1.544723	1.551366	1.558147	1.555964	1.537411	102.816084	103.553205	91.355608	102.785763	102.791330	55.631020	-55.514834	0.000000	0.599646	0.5792	CC(C)(N)CO[CH]1C[CH]2CC[C]1(C)C2(C)C
33333f1	33333	CCCCC	-,-,-,-,-	1.544739	1.548270	1.551256	1.558486	1.562041	102.244975	102.973989	103.882695	91.360794	102.490859	34.140863	-55.132298	0.000000	0.602747	2.8583	CO[CH]1C[CH]2CC[C]1(C)C2(C)C
33333f1	33333	CCCCC	-,-,-,-,-	1.544804	1.551801	1.558061	1.555786	1.537448	102.839989	103.550209	91.358285	102.767757	102.777394	55.580494	-55.572027	0.000000	0.599781	0.7188	CCCCCN(CCCCC)CC(=O)O[CH]1C[CH]2CC[C]1(C)C2(C)C
33333f1	33333	CCCCC	-,-,-,-,-	1.544920	1.550235	1.563976	1.555380	1.537502	102.950165	103.522425	91.571657	102.153168	102.924356	55.397371	-55.956198	0.000000	0.602132	1.7789	CC(=O)N[CH]1C[CH]2CC[C]1(C)C2(C)C
33333f1	33333	CCCCC	-,-,-,-,-	1.544930	1.550250	1.563896	1.555412	1.537505	102.950763	103.523065	91.571579	102.159112	102.921591	55.395829	-55.952674	0.000000	0.602086	1.7736	CCCCC(=O)N[CH]1C[CH]2CC[C]1(C)C2(C)C
33333f1	33333	CCCCC	-,-,-,-,-	1.544932	1.550278	1.563867	1.555437	1.537496	102.951191	103.522506	91.572681	102.160059	102.922111	-55.395331	55.950072	0.000000	0.602068	1.7708	CCCC(=O)N[CH]1C[CH]2CC[C]1(C)C2(C)C
33333f1	33333	CCCCC	-,-,-,-,-	1.544979	1.548424	1.573841	1.568044	1.543281	102.894156	103.657148	91.806452	101.407457	103.035604	55.886797	-55.997084	0.000000	0.606631	2.0250	CC(=O)OCC[C]12CC[CH](C[CH]1Cl)C2(C)C
33333f1	33333	CCCCC	-,-,-,-,-	1.545501	1.546098	1.550278	1.563867	1.569107	102.421038	103.026101	103.712889	91.572681	102.191962	-35.166478	55.698797	0.000000	0.604032	1.8800	CCCC(=O)N[CH]1C[CH]2CC[C]1(C)C2(C)C
33333f1	33333	CCCCC	-,-,-,-,-	1.545559	1.546088	1.550250	1.563896	1.568975	102.416484	103.029012	103.708937	91.571579	102.197568	35.170808	-55.697649	0.000000	0.604031	1.8751	CCCCC(=O)N[CH]1C[CH]2CC[C]1(C)C2(C)C
33333f1	33333	CCCCC	-,-,-,-,-	1.545632	1.546088	1.550235	1.563976	1.569031	102.410761	103.033145	103.709615	91.571657	102.194481	35.162300	-55.695816	0.000000	0.604076	1.8888	CC(=O)N[CH]1C[CH]2CC[C]1(C)C2(C)C
33333f1	33333	CCCCC	-,-,-,-,-	1.545706	1.537152	1.527181	1.537769	1.539960	103.017410	99.725403	93.621581	101.896776	102.909849	58.309477	-56.424671	0.000000	0.608781	3.9137	CC1(C)[CH]2CC[CH](C2)C1=C
33333f1	33333	CCCCC	-,-,-,-,-	1.545973	1.544221	1.528730	1.535031	1.550083	102.395607	103.139210	100.915968	93.510311	102.388516	-38.958343	57.554294	0.000000	0.599233	3.3712	CC1=CC=C(C=C1)S(O)(=O)=O.NC(=N)SC2CC3CC2C4C=CCC34
33333f1	33333	CCCCC	-,-,-,-,-	1.546201	1.536201	1.530981	1.539003	1.541125	103.414114	99.792802	94.063476	102.486112	102.789263	-57.516926	55.239428	0.000000	0.598620	4.8769	CC1(C)[CH]2CC[C](C)(C2)C1=NO
33333f1	33333	CCCCC	-,-,-,-,-	1.546286	1.523875	1.531838	1.552919	1.565572	103.545989	107.423785	106.189334	104.085502	101.584117	-4.195036	28.210041	0.000000	0.412872	5.5002	CC(C)CCC[CH](C)[CH]1CC[CH]2[CH]3CC=C4C[CH](Cl)CC[C]4(C)[CH]3CC[C]12C
33333f1	33333	CCCCC	-,-,-,-,-	1.548038	1.530853	1.532294	1.549666	1.552809	102.423119	103.154692	93.537223	100.515608	102.684326	54.871343	-58.097643	0.000000	0.599476	5.9188	CC(=O)OC[CH]1[CH]2CC[CH](C2)[CH]1COC(C)=O
33333f1	33333	CCCCC	-,-,-,-,-	1.548338	1.526940	1.542579	1.580007	1.569350	103.771860	108.061572	106.557603	101.862100	103.023788	-11.737030	32.497305	0.000000	0.411067	15.6559	CC(C)CCCC(C)C1CCC2(C)C3=CCC4C(C)(C)C(O)CCC4(C)C3=CCC12C.CC(CCC=C(C)C)C5CCC6(C)C7=C(CCC56C)C8(C)CCC(O)C(C)(C)C8CC7
33333f1	33333	CCCCC	-,-,-,-,-	1.548787	1.523452	1.530081	1.545785	1.572499	104.928354	107.399479	104.549090	103.187119	103.633902	24.262922	-39.082894	0.000000	0.397433	0.4502	C[CH](O)[CH]1CC[CH]2[CH]3CC[CH]4C[CH](O)CC[C]4(C)[CH]3CC[C]12C
33333f1	33333	CCCCC	-,-,-,-,-	1.548986	1.541907	1.526139	1.546452	1.556652	103.491696	106.166131	104.400574	103.731829	98.945162	-6.452060	33.932297	0.000000	0.476821	7.4887	CC(C)CCCC(C)C1CCC2C3CC(SC(N)=N)C4(O)CC(O)CCC4(C)C3CCC12C.CC5=CC=C(C=C5)S(O)(=O)=O
33333f1	33333	CCCCC	-,-,-,-,-	1.549866	1.527413	1.540358	1.583760	1.572353	103.660450	108.107713	106.319387	101.810261	102.586425	-12.471485	33.552336	0.000000	0.421166	16.2413	C[CH](CCC(O)=O)[CH]1CC[C]2(C)[CH]3CC[CH]4C(C)(C)[CH](O)CC[C]4(C)[CH]3C(=O)C[C]12C
33333f1	33333	CCCCC	-,-,-,-,-	1.550550	1.545329	1.537566	1.555031	1.566567	91.466282	103.441744	102.940055	102.924882	101.875061	34.878604	2.166605	0.000000	0.606491	2.1819	CC1(C)[CH]2CC[C]1(C)[CH](S)C2
33333f1	33333	CCCCC	-,-,-,-,-	1.550550	1.549168	1.544947	1.565838	1.566567	91.466282	103.871787	102.831569	102.604928	101.806093	-34.193876	-2.994104	0.000000	0.607425	3.0855	CC1(C)[CH]2CC[C]1(C)[CH](S)C2
33333f1	33333	CCCCC	-,-,-,-,-	1.550713	1.531245	1.534241	1.547904	1.542864	101.861483	101.392292	93.227069	100.731489	103.679705	-58.219946	57.119178	0.000000	0.611291	0.8466	CC(=O)O[C@@H]1[C@@H]2CC[C@@H](C2)[C@@H]1[N+](=O)[O-]
33333f1	33333	CCCCC	-,-,-,-,-	1.550940	1.558033	1.544836	1.531512	1.534557	104.968825	100.708193	101.215811	105.649263	106.050392	45.678308	-36.299005	0.000000	0.459959	15.1399	CC(=O)O[CH]1CC[C]2(C)C3=CC[C]4(C)[CH](CC[CH]4[C]35C=C[C]2(C1)[CH]6[CH]5C(=O)OC6=O)C(C)=O
33333f1	33333	CCCCC	-,-,-,-,-	1.551213	1.529364	1.532372	1.548568	1.548385	102.517450	102.674076	93.513905	100.272381	102.694723	-55.289376	58.571940	0.000000	0.604460	5.6883	COC(=O)C1C2CC(Br)C(C2)C1C(=O)OC
33333f1	33333	CCCCC	-,-,-,-,-	1.551694	1.544590	1.537453	1.555829	1.558378	91.371181	103.553096	102.829003	102.804782	102.747948	-35.883732	-0.571343	0.000000	0.599713	0.6761	CC1(C)[CH]2CC[C]1(C)[CH](C2)OC(=O)CSC#N
33333f1	33333	CCCCC	-,-,-,-,-	1.551694	1.547709	1.544491	1.562080	1.558378	91.371181	103.846212	102.934477	102.319235	102.444797	34.296744	2.564320	0.000000	0.603098	2.6913	CC1(C)[CH]2CC[C]1(C)[CH](C2)OC(=O)CSC#N
33333f1	33333	CCCCC	-,-,-,-,-	1.552824	1.545254	1.544605	1.551625	1.563920	92.846374	102.872156	103.161778	103.450495	102.957468	36.874461	-1.909682	0.000000	0.584463	1.8454	CC1(C)[CH]2CC[C]1(CS(O)(=O)=O)C(=O)C2
33333f1	33333	CCCCC	-,-,-,-,-	1.555108	1.550161	1.545632	1.547295	1.555652	92.591517	102.936485	103.286943	102.948024	103.689361	-36.087093	1.187407	0.000000	0.582055	1.1948	CC1(C)[CH]2CC[C]1(C)C(C2)=NO
33333f1	33333	CCCCC	-,-,-,-,-	1.555821	1.543486	1.532107	1.533817	1.545791	102.593506	102.743291	101.415527	93.553390	100.465211	34.628253	-57.205026	0.000000	0.611463	2.1874	COP(=O)([C@@H]1C[C@H]2C[C@@H]1C=C2)OC
33333f1	33333	CCCCC	-,-,-,-,-	1.556111	1.521899	1.538122	1.589034	1.584927	103.618500	107.671536	105.425931	99.925589	103.121278	-24.758764	41.836478	0.000000	0.450508	4.9712	CC(C)CCCC(C)C1CCC2(C)C3=CCC4C(C)(C)C(O)CCC4(C)C3=CCC12C.CC(CCC=C(C)C)C5CCC6(C)C7=C(CCC56C)C8(C)CCC(O)C(C)(C)C8CC7
33333f1	33333	CCCCC	-,-,-,-,-	1.556616	1.542509	1.554637	1.551560	1.562135	94.092039	103.322449	103.565382	103.650440	102.831916	34.165000	-0.102134	0.000000	0.566237	0.0155	CC1(C)[CH]2CC[C]1(C)C(=O)C2=O
33333f1	33333	CCCCC	-,-,-,-,-	1.556996	1.573841	1.548424	1.544391	1.538043	103.129904	101.563677	91.806452	103.465193	103.093381	56.026764	-55.374270	0.000000	0.604281	2.2373	CC(=O)OCC[C]12CC[CH](C[CH]1Cl)C2(C)C
33333f1	33333	CCCCC	-,-,-,-,-	1.557711	1.544628	1.554556	1.551347	1.562890	94.073098	103.148273	103.640128	103.600361	102.826370	-34.210621	0.091341	0.000000	0.568130	0.0201	CC1(C)[CH]2CC[C]1(C)C(=O)C2=NO
33333f1	33333	CCCCC	-,-,-,-,-	1.558706	1.552183	1.528618	1.533095	1.565681	101.449471	103.267744	102.998792	93.422350	101.720562	-32.241069	54.962304	0.000000	0.595557	4.4444	[C@@]1([C@@H](C2CC1CC2)C(=O)O)(C(=O)O)C
33333f1	33333	CCCCC	-,-,-,-,-	1.559315	1.552866	1.528588	1.533062	1.566753	101.465458	103.234118	103.003591	93.425707	101.841938	32.554543	-55.046109	0.000000	0.594669	4.0536	[C@]1([C@H](C2CC1CC2)C(=O)OC)(C(=O)OC)C
33333f1	33333	CCCCC	-,-,-,-,-	1.559404	1.533120	1.519830	1.552593	1.562354	102.809861	107.400843	103.796658	103.907405	99.364425	-9.646432	35.875789	0.000000	0.472097	11.2816	CC(C)CCC[CH](C)[CH]1CC[CH]2[CH]3C[CH](Br)[C]4(Br)C[CH](Cl)CC[C]4(C)[CH]3CC[C]12C
33333f1	33333	CCCCC	-,-,-,-,-	1.560257	1.553684	1.544308	1.545564	1.556270	92.444968	102.192014	103.362045	102.930274	103.835760	37.410152	-2.564750	0.000000	0.588974	2.5874	CC1(C)[CH]2CC[C]1(C)C(=O)[CH]2N.OS(O)(=O)=O
33333f1	33333	CCCCC	-,-,-,-,-	1.560483	1.546382	1.543177	1.544480	1.545232	103.229512	103.280425	100.006182	94.609845	100.087856	36.121329	-57.624884	0.000000	0.611985	0.0844	C1C[C@H]2C[C@@H]1C3=C2SC([C@@H]3F)(F)F
33333f1	33333	CCCCC	-,-,-,-,-	1.560947	1.552470	1.534137	1.531734	1.545331	102.790337	102.283460	100.264381	93.591459	101.528283	-38.945684	58.884958	0.000000	0.614053	2.9777	Cn1cc(nc1)c2nc(on2)[C@@H]3C[C@H]4C[C@@H]3C=C4
33333f1	33333	CCCCC	-,-,-,-,-	1.562192	1.558364	1.539387	1.541844	1.579163	100.321012	102.719805	104.699052	90.661415	106.850954	39.251269	-55.335383	0.000000	0.578023	3.9919	CC1(C[C@]2(C([C@@]1(C(=[N-])O2)C#N)(C#N)C#N)C)C
33333f1	33333	CCCCC	-,-,-,-,-	1.566792	1.535426	1.531882	1.554656	1.571847	101.418845	101.344651	93.652989	102.578503	103.094315	58.266359	-55.651001	0.000000	0.602223	4.2381	[C@@]1(C2C=CC([C@@H]1C(=O)O)C2)(C(=O)O)C
33333f1	33333	CCCCC	-,-,-,-,-	1.567548	1.553259	1.542175	1.545352	1.566598	91.540378	101.664931	103.425738	102.714564	104.079256	-39.538711	4.273708	0.000000	0.602821	4.1532	C[C]1(CS(O)(=O)=O)[CH]2CC[C]1(C)C(=O)[CH]2Br
33333f1	33333	CCCCC	-,-,-,-,-	1.573871	1.558664	1.542641	1.544299	1.557519	92.103728	101.277808	103.449400	102.970560	104.085403	38.915094	-4.200058	0.000000	0.599186	4.1846	C12(C(C(C)(CC1)C(C2Br)=O)(C)C)C(=O)O
33333f1	33333	CCCCC	-,-,-,-,-	1.576951	1.561615	1.560427	1.561551	1.556371	102.936236	101.807952	104.014108	92.116542	101.793623	-32.588250	55.065168	0.000000	0.606134	4.1696	OC(=O)[CH]1[CH](C(O)=O)[C]2(Cl)C(=C(Cl)[C]1(Cl)C2(Cl)Cl)Cl
33333f1	33333	CCCCN	-,-,-,-,-	1.562717	1.522438	1.522707	1.526754	1.560737	101.898981	103.974310	101.050020	103.281771	107.691814	-46.477489	43.045191	0.000000	0.458237	5.9174	CC1([C@@H]2[C@@H](C[NH+]1C)[C@@H](NC(=[NH2+])N2)[NH3+])C
33333f1	33333	CCCCO	-,-,-,-,-	1.523255	1.513132	1.515229	1.445214	1.439979	108.897578	103.193602	104.047152	107.403644	108.218125	-27.615305	27.229250	0.000000	0.279414	5.8923	COCc1cn(nn1)[C@H]2CO[C@H]3[C@@H]2OC[C@H]3O
33333f1	33333	CCCCS	-,-,-,-,-	1.508493	1.494367	1.508493	1.839308	1.839308	101.355434	105.117895	105.117893	101.355434	95.515674	-61.420899	44.810638	0.000000	0.522963	18.0000	C1[C@@H]2[C@@H](CS1)OC(=O)O2
33333f1	33333	CCCCS	-,-,-,-,O	1.517313	1.537848	1.509895	1.789395	1.794430	102.632115	104.625487	105.418565	102.501684	97.764826	-56.191661	41.909887	0.000000	0.495699	17.9609	C1[C@@H]2[C@@H](CS1(=O)=O)[NH+]=C(NN2)O
33333f1	33333	CCCCS	-,-,-,-,O	1.520374	1.518607	1.510899	1.804774	1.802504	102.013635	104.221014	105.983392	102.341858	97.119302	57.557576	-40.802539	0.000000	0.503906	13.7546	CC(C)(C)N1[C@H]2CS(=O)(=O)C[C@@H]2CO1
33333f1	33333	CCCOC	-,-,-,-,-	1.514891	1.529292	1.437797	1.428894	1.511886	103.185835	103.230483	108.176693	107.796380	105.465263	10.262371	12.051188	0.000000	0.332154	17.8122	CC1=C([C@@H]2CCO[C@@H]2O1)C(=O)OC
33333f1	33333	CCCOC	-,-,-,-,-	1.554640	1.544086	1.444809	1.452679	1.547225	101.110972	102.142626	102.071772	97.467932	101.857557	33.012046	-55.803053	0.000000	0.551656	1.5967	[C@]1([C@H]([C@@]2(C)O[C@@H]1CC2)C(=O)OC)(C(=O)OC)C
33333f1	33333	CCNCC	-,-,-,-,-	1.520486	1.489990	1.501977	1.536020	1.527985	106.128182	102.687648	106.865006	103.338441	106.733796	38.721210	-33.179073	0.000000	0.361285	13.2600	CC(=O)C1=CCC[C@@H]2CC[C@H]1[NH2+]2
33333f1	33333	CCNCN	-,-,-,-,-	1.529123	1.457636	1.446473	1.446578	1.457542	105.492882	105.370382	106.760644	106.553027	104.541561	10.554713	-28.206110	0.000000	0.310472	17.5559	C1CN2CN1CN3CCN(C2)C3
33333f1	33333	CCNCO	-,-,-,-,-	1.513688	1.484571	1.482267	1.446637	1.429833	103.378986	103.434987	104.053709	108.524021	106.225476	27.211957	-7.263396	0.000000	0.358922	11.5028	N12C(COC31CCCCC3)(COC2)CO
33333f1	33333	CCNCO	-,-,-,-,-	1.526880	1.484571	1.456572	1.426344	1.432721	105.942954	103.774545	102.150554	110.769992	106.917401	31.704012	-26.176709	0.000000	0.309607	14.3777	N12C(COC31CCCCC3)(COC2)CO
33333f1	33333	CCNNC	-,-,-,-,-	1.515903	1.461659	1.454185	1.461659	1.515903	102.285149	102.999547	108.069185	108.069166	102.999498	-23.656103	-0.000258	0.000000	0.381823	0.0003	C1CN2CCCN2C1
33333f1	33333	CCNOC	-,-,-,-,-	1.524409	1.465342	1.466577	1.435580	1.518466	103.847091	105.914482	102.545430	104.227604	102.126836	-26.253500	45.006962	0.000000	0.428029	0.8410	C1CN2C[NH+]3CC=CC[C@@H]3[C@@H]1O2
33333f1	33333	CCOCC	-,-,-,-,-	1.526884	1.450250	1.451418	1.541056	1.531214	102.039247	100.883665	97.442096	99.485658	102.386094	57.808028	-58.081736	0.000000	0.570711	1.6517	C12(C(OC(C1C3CCC2(O3)C)=O)=O)C
33333f1	33333	CCOCO	-,-,-,-,-	1.513764	1.438516	1.434339	1.444498	1.438311	104.505362	100.474153	101.625429	107.218308	105.176543	-45.002362	37.892415	0.000000	0.427545	16.5059	O=C(O[CH]1[CH]2CO[CH](O2)[CH](OC(=O)C3=CC=CC=C3)[CH]1OC(=O)C4=CC=CC=C4)C5=CC=CC=C5
33333f1	33333	CCOCO	-,-,-,-,-	1.517379	1.431750	1.437064	1.438731	1.438972	104.996930	100.881956	101.664307	107.247393	105.063141	-43.952158	39.181348	0.000000	0.417371	15.3411	CC1=CC=C(C=C1)S(=O)(=O)O[CH]2[CH]3CO[CH](O3)[CH]4OC(C)(C)O[CH]24
33333f1	33333	CCOCO	-,-,-,-,-	1.517468	1.432713	1.437549	1.437984	1.440833	105.066605	100.918118	101.533749	107.288211	104.958451	-43.968571	39.634996	0.000000	0.418234	14.5025	O[CH]1[CH]2CO[CH](O2)[CH]3O[CH](O[CH]13)C4=CC=CC=C4
33333f1	33333	CCOCO	-,-,-,-,-	1.518126	1.429308	1.436707	1.436294	1.437959	105.033423	101.201327	101.412939	107.370404	104.994419	-43.634868	39.766896	0.000000	0.414993	13.6077	CC(=O)OC[CH]1O[CH](O[CH]2[CH]3CO[CH](O3)[CH]4OC(C)(C)O[CH]24)[CH](OC(C)=O)[CH](OC(C)=O)[CH]1OC(C)=O
33333f1	33333	CCOCO	-,-,-,-,-	1.518537	1.436154	1.432969	1.441942	1.442865	104.788791	100.620212	101.526927	107.831604	104.673503	-44.421456	38.338661	0.000000	0.422601	17.7799	O[CH]1[CH](O)[CH]2CO[CH](O2)[CH]1O
33333f1	33333	CCOCO	-,-,-,-,-	1.520302	1.434484	1.438947	1.434650	1.441644	104.583877	100.560632	100.779037	107.574437	104.810173	-45.392871	40.196365	0.000000	0.434052	16.2645	C1[C@@H]2C=CC(=O)[C@H](O1)O2
33333f1	33333	CCSCC	-,-,-,-,-	1.531844	1.805846	1.805877	1.531944	1.542636	109.380677	101.125369	90.243674	101.160998	109.379224	47.411162	-47.348718	0.000000	0.602958	0.1033	c1cc(oc1)C(=O)OC2C[C@@H]3CC[C@H](C2)S3
33333f1	33333	CNCNC	-,-,-,-,-	1.457636	1.446473	1.446578	1.457542	1.529123	105.370380	106.760640	106.553025	104.541558	105.492879	-28.206143	34.674880	0.000000	0.310472	17.5559	C1CN2CN1CN3CCN(C2)C3
33333f1	33333	CNNCC	-,-,-,-,-	1.461659	1.454185	1.461659	1.515903	1.515902	102.999451	108.069155	108.069143	102.999496	102.285083	-0.000200	-23.656302	0.000000	0.381826	0.0003	C1CN2CCCN2C1
33333f1	33333	COCCO	-,-,-,-,-	1.430002	1.417870	1.510254	1.429688	1.435412	110.579477	105.930937	105.158005	104.886544	105.121057	22.493962	-29.593567	0.000000	0.271106	14.6890	CC1(C)O[CH]2O[CH]([CH](O)CO)[CH](O)[CH]2O1
33333f1	33333	COCCO	-,-,-,-,-	1.436501	1.427632	1.510937	1.411516	1.433804	109.826066	104.964385	103.917175	105.080216	106.063526	-28.338947	32.191961	0.000000	0.298805	8.7999	CC1(O[C@@H]2CCC(=O)[C@@H]2O1)C
33333f1	33333	COCCO	-,-,-,-,-	1.436889	1.436553	1.519360	1.432815	1.434044	109.872391	105.742921	105.081039	103.209545	105.067806	-19.578394	32.086961	0.000000	0.312856	0.5423	CC1(C)O[CH]2[CH](O)[CH]3OC[CH](O3)[CH]2O1
33333f1	33333	COCCO	-,-,-,-,-	1.437135	1.427254	1.516724	1.438606	1.438762	109.736053	104.676291	102.244656	102.477371	103.815771	-32.740878	41.723789	0.000000	0.389736	17.0073	CC1(C)O[CH]2O[CH](COC(=O)C3=CC=CC=C3)[CH](OC(=O)C4=CC=CC=C4)[CH](OC(=O)C5=CC=CC=C5)[CH]2O1
33333f1	33333	NCCCO	-,-,-,-,-	1.456431	1.518607	1.495345	1.443609	1.483391	103.573952	99.872495	100.555684	103.266226	108.265831	-49.068778	38.186817	0.000000	0.473724	15.7515	CC(C)(C)N1[C@H]2CS(=O)(=O)C[C@@H]2CO1
33333f1	33333	NCCNS	-,-,-,-,O	1.477744	1.554979	1.461965	1.678482	1.678056	107.951787	107.657873	107.804719	106.142456	94.297239	9.274824	-32.128963	0.000000	0.417816	11.3819	[C@@H]12[C@@H](NS(=O)(=O)N1)[N-]/C(=N\\[N+](=O)[O-])/N2
33333f1	33333	NCCSP	-,-,-,-,O	1.482048	1.553630	1.833691	2.083347	1.659385	112.964395	111.187631	105.602437	93.236389	99.818797	45.439116	-31.466757	0.000000	0.419593	10.5122	C1CC[C@H]2[C@@H](C1)N[P@@](=O)(S2)C3CCC(CC3)[N+](=O)[O-]
33333f1	33333	NCNCC	-,-,-,-,-	1.448856	1.457373	1.475549	1.517658	1.479697	101.775365	103.989403	105.968219	104.853592	103.111135	-32.149402	6.539859	0.000000	0.420871	7.7077	CN1CN[CH]2[CH]1C(=O)N(C)C(=O)N2C
33333f1	33333	NCSCC	-,-,-,-,-	1.503199	1.837815	1.786954	1.503323	1.490196	107.318175	105.275319	93.636035	100.468821	105.307978	7.417258	-34.420747	0.000000	0.512758	13.4685	c1ccc(cc1)[C@@H]2[NH2+][C@H]3[C@H](S2)COC3=O
33333f1	33333	OCCCC	-,-,-,-,-	1.432478	1.536569	1.535010	1.541610	1.442751	102.461162	103.316205	102.745047	103.473235	104.740978	-34.074187	7.489296	0.000000	0.445940	9.8943	CC(=O)OC1COC2OC1C(OC(C)=O)C2OC(C)=O
33333f1	33333	OCCCC	-,-,-,-,-	1.434024	1.510254	1.510025	1.530671	1.453635	107.471781	108.439959	103.024422	101.499583	106.929790	-26.815563	34.447431	0.000000	0.346801	10.6901	CC1(C)O[CH]2O[CH]([CH](O)CO)[CH](O)[CH]2O1
33333f1	33333	OCCCC	-,-,-,-,-	1.435471	1.538044	1.536342	1.538496	1.431593	107.253589	102.688706	102.003213	102.279161	108.184633	-41.555905	28.861392	0.000000	0.401612	11.1881	C[CH]1CC[C]2(OC1)O[CH]3C[CH]4[CH]5CC[CH]6C[CH](O)CC[C]6(C)[CH]5CC[C]4(C)[CH]3[CH]2C
33333f1	33333	OCCCC	-,-,-,-,-	1.435868	1.528245	1.531325	1.534544	1.467181	97.946622	100.715580	102.388508	102.408173	98.775085	32.900703	2.812843	0.000000	0.570873	2.9477	C12(C3(C(COC3=O)C(O1)CC2)C)C(C(=O)C)=O
33333f1	33333	OCCCC	-,-,-,-,-	1.442845	1.541438	1.530516	1.526546	1.455960	97.249080	100.461450	102.228214	101.994811	100.002821	-33.121657	-2.480911	0.000000	0.572363	2.4068	C12(C(C3(C)OC1CC3)COC2=O)C
33333f1	33333	OCCCC	-,-,-,-,-	1.444809	1.543075	1.528006	1.528934	1.452679	97.467932	100.484274	102.243300	102.047460	99.185418	-31.228893	-4.726726	0.000000	0.576092	4.6914	[C@]1([C@H]([C@@]2(C)O[C@@H]1CC2)C(=O)OC)(C(=O)OC)C
33333f1	33333	OCCCC	-,-,-,-,-	1.445100	1.543360	1.530936	1.527054	1.456281	97.146075	100.357456	102.154184	102.050014	100.043580	33.453386	2.160635	0.000000	0.574246	2.0483	[C@]12([C@@H](C3(CO)OC1CC3)COC2=O)C
33333f1	33333	OCCCC	-,-,-,-,-	1.445192	1.529614	1.507804	1.504739	1.434184	108.165592	106.855919	101.995825	102.827490	107.759509	29.023361	-34.502512	0.000000	0.342682	17.5162	CC1(C)OC[CH](O1)[CH]2O[CH]3OC(C)(C)O[CH]3[CH]2O
33333f1	33333	OCCCC	-,-,-,-,-	1.447506	1.540436	1.531742	1.526918	1.454343	97.405861	100.592805	102.299334	102.025092	99.748491	31.927061	3.677331	0.000000	0.571839	3.6554	C12(C(C(=O)OC1=O)C3(C)OC2CC3)C
33333f1	33333	OCCCC	-,-,-,-,-	1.449358	1.515229	1.513501	1.519071	1.439703	108.240943	107.102756	102.989336	101.784040	106.936846	26.853007	-35.027428	0.000000	0.350432	11.0734	COCc1cn(nn1)[C@H]2CO[C@H]3[C@@H]2OC[C@H]3O
33333f1	33333	OCCCC	-,-,-,-,-	1.454233	1.540420	1.529019	1.527993	1.443649	97.200557	99.671255	102.256440	101.990763	101.042333	-35.836792	1.261768	0.000000	0.570725	1.4191	C12(C3(OC(C1COC2=O)CC3)C)C
33333f1	33333	OCCOC	-,-,-,-,-	1.418228	1.504739	1.438496	1.437719	1.431260	105.803248	104.672782	104.576124	104.437392	110.443949	32.481135	-26.559686	0.000000	0.298117	14.7471	CC1(C)OC[CH](O1)[CH]2O[CH]3OC(C)(C)O[CH]3[CH]2O
33333f1	33333	OCCOC	-,-,-,-,-	1.425823	1.509798	1.421886	1.449587	1.448521	102.996803	101.167654	102.036705	102.564618	109.409282	47.424397	-37.089535	0.000000	0.437547	17.9454	COc1ccc2c(c1)CC[C@@H]3[C@@H]2O[C@@H](O3)c4cccnc4
33333f1	33333	OCCOC	-,-,-,-,-	1.427668	1.513077	1.432554	1.440656	1.434617	105.130110	104.114260	104.126536	105.278026	110.076564	-34.185155	25.612848	0.000000	0.316226	14.0476	O[CH]1[CH]2CO[CH](O2)[CH]3O[CH](O[CH]13)C4=CC=CC=C4
33333f1	33333	OCCOC	-,-,-,-,-	1.429841	1.515910	1.436769	1.437424	1.434477	104.665838	103.575639	104.455397	105.898868	109.714743	-33.167659	20.377637	0.000000	0.321569	1.1840	CC1=CC=C(C=C1)S(=O)(=O)O[CH]2[CH]3CO[CH](O3)[CH]4OC(C)(C)O[CH]24
33333f1	33333	OCCOC	-,-,-,-,-	1.430664	1.518869	1.438538	1.433945	1.431451	104.705060	104.099471	103.994199	106.350060	109.899039	-32.180226	19.979732	0.000000	0.311795	1.8537	CC(=O)OC[CH]1O[CH](O[CH]2[CH]3CO[CH](O3)[CH]4OC(C)(C)O[CH]24)[CH](OC(C)=O)[CH](OC(C)=O)[CH]1OC(C)=O
33333f1	33333	OCCOC	-,-,-,-,-	1.442695	1.517173	1.435502	1.430901	1.434205	101.512892	99.859432	104.981788	104.986445	107.779581	-37.077385	14.400608	0.000000	0.427383	16.7802	N1([C@@H]2C3O[C@@H](C(C2)=O)OC3)C(CCC1=O)=O
33333f1	33333	OCOCC	-,-,-,-,-	1.432971	1.441944	1.442862	1.518531	1.436157	101.526736	107.831759	104.673248	104.788710	100.619704	14.762456	13.418573	0.000000	0.422611	17.7760	C1(C2OC(C(C1O)O)CO2)O
33333f1	33333	OCOCC	-,-,-,-,-	1.437181	1.446908	1.435482	1.518890	1.442864	104.978907	107.253102	101.295585	100.705167	105.070292	39.584899	-44.408988	0.000000	0.424625	15.4871	OC[C]12OC[CH](O1)[CH](O)[CH](O)[CH]2O
33333f1	33333	OCOCC	-,-,-,-,-	1.444233	1.437573	1.437485	1.513150	1.436100	105.061063	107.319737	101.490714	99.944021	104.033176	36.594921	-45.930242	0.000000	0.440074	12.3033	CC1(C)O[CH]2[CH](O)[CH]3OC[CH](O3)[CH]2O1
33333f2	33333	CCCCC	-,-,-,-,-	1.499100	1.504022	1.555354	1.566596	1.537206	104.542680	109.517646	107.130135	103.001148	105.101006	0.689875	18.772725	0.000000	0.325017	0.3628	CC(C)CCC[CH](C)[CH]1CC[CH]2[CH]3C[CH](NCC4=CC=CC=C4)[C]56C[CH]5CC[C]6(C)[CH]3CC[C]12C
33333f2	33333	CCCCC	-,-,-,-,-	1.520952	1.522607	1.542879	1.541500	1.526501	103.910453	104.170466	100.206977	106.691436	105.437505	-43.973424	31.997811	0.000000	0.431180	11.1108	c1ccc(cc1)N2C(=O)N[C@@H]3c4ccccc4[C@H]5CC[C@@H]3[C@@H]5NC2=O
33333f2	33333	CCCCC	-,-,-,-,-	1.526710	1.538496	1.554802	1.545891	1.538323	105.351761	107.857241	104.881765	102.872106	103.892107	-12.709949	31.892622	0.000000	0.385464	17.0142	C[CH]1CC[C]2(OC1)O[CH]3C[CH]4[CH]5CC[CH]6C[CH](O)CC[C]6(C)[CH]5CC[C]4(C)[CH]3[CH]2C
33333f2	33333	CCCCC	-,-,-,-,-	1.528730	1.549026	1.551085	1.548597	1.535031	93.510311	103.305111	102.547928	102.831478	102.585269	34.264699	1.151330	0.000000	0.579679	1.1446	CC1=CC=C(C=C1)S(O)(=O)=O.NC(=N)SC2CC3CC2C4C=CCC34
33333f2	33333	CCCCC	-,-,-,-,-	1.530780	1.547784	1.549976	1.555063	1.533944	93.386355	101.106753	103.364600	101.959091	101.146958	-35.656765	-0.974077	0.000000	0.610521	1.1025	Cc1ccc2c(c1)[C@@H]3[C@@H]4CC[C@@H](C4)[C@@H]3[S@@](=O)N2
33333f2	33333	CCCCC	-,-,-,-,-	1.531289	1.542652	1.524987	1.551604	1.534964	93.240590	103.061530	103.462915	102.804978	102.269330	-33.647871	-1.873573	0.000000	0.580660	2.0073	C1(C2(C(C3CC2CC3)C(O1)=O)C)=O
33333f2	33333	CCCCC	-,-,-,-,-	1.535128	1.541573	1.532777	1.541573	1.535128	93.585072	102.263447	103.219669	103.219668	102.263446	-35.187990	-0.000002	0.000000	0.582973	0.0000	O=C1OC(=O)[CH]2[CH]3C[CH](C=C3)[CH]12
33333f2	33333	CCCCC	-,-,-,-,-	1.536022	1.541239	1.558317	1.551768	1.534323	93.696854	102.538159	103.273000	102.192001	102.646938	-34.954779	-0.281434	0.000000	0.583926	0.4642	C1(=CC(=O)C2C1C3C=CC2C3)O
33333f2	33333	CCCCC	-,-,-,-,-	1.536062	1.552045	1.531565	1.551234	1.527784	93.153672	102.026495	102.963808	102.795033	103.699877	-38.061624	3.557859	0.000000	0.581912	3.5724	[C@]12(C3CC([C@@H]1COC2=O)CC3)C
33333f2	33333	CCCCC	-,-,-,-,-	1.536746	1.543515	1.537277	1.531892	1.522907	103.335954	104.224442	106.962364	104.954065	103.470804	14.387873	11.138813	0.000000	0.403578	15.5160	N12C3(C(CCC3(C)OC1=O)C(N2C4C=CC(=CC=4)C)(C)C)C
33333f2	33333	CCCCC	-,-,-,-,-	1.536765	1.543518	1.537299	1.531885	1.522898	103.339131	104.221008	106.964904	104.954098	103.472191	14.392718	11.130456	0.000000	0.403534	15.5057	N12C3(C(CCC3(C)OC1=O)C(N2C4=CC=CC=C4)(C)C)C
33333f2	33333	CCCCC	-,-,-,-,-	1.539648	1.539648	1.509400	1.512166	1.509400	104.766634	105.659246	104.766640	108.173461	108.173469	-28.177057	17.474107	0.000000	0.286205	0.0000	C1C(C[C@@]23[C@@]1(O2)C=CC=C3)O
33333f2	33333	CCCCC	-,-,-,-,-	1.542665	1.574588	1.494610	1.483942	1.494121	106.357669	107.548462	105.726752	109.962465	110.388306	1.294500	-0.950764	0.000000	0.012729	9.7609	C12C(C3C4CC5C(C(C1C3)4)O5)O2
33333f2	33333	CCCCC	-,-,-,-,-	1.543207	1.523891	1.495683	1.525390	1.540777	93.183009	102.850589	104.098267	104.175216	102.818986	34.355790	-0.056265	0.000000	0.563947	0.0455	C12C(C3C4CC5C(C(C1C3)4)O5)O2
33333f2	33333	CCCCC	-,-,-,-,-	1.543207	1.551269	1.574588	1.554788	1.540777	93.183009	101.702547	102.540491	102.216775	101.767975	-36.282198	-0.054469	0.000000	0.609442	0.1108	C12C(C3C4CC5C(C(C1C3)4)O5)O2
33333f2	33333	CCCNC	-,-,-,-,-	1.534100	1.541538	1.486733	1.470162	1.518172	102.997850	101.213619	105.311605	108.762291	105.467796	-32.299811	12.354217	0.000000	0.396494	17.6847	CCC(C(O)=O)C1=CC=C(C=C1)[N+]([O-])=O.COC2=CC3=C(C=C2OC)C45CCN6CC7=CCOC8CC(=O)N3C4C8C7CC56
33333f2	33333	CCCNC	-,-,-,-,-	1.534100	1.541538	1.486734	1.470162	1.518171	102.997628	101.213597	105.311546	108.762245	105.467758	-32.299785	12.353704	0.000000	0.396498	17.6838	COC1=CC2=C(C=C1OC)[C]34CCN5CC6=CCO[CH]7CC(=O)N2[CH]3[CH]7[CH]6C[CH]45.OS(O)(=O)=O
33333f2	33333	CCCNC	-,-,-,-,-	1.534100	1.541538	1.486735	1.470162	1.518171	102.997787	101.213602	105.311632	108.762210	105.467734	32.299551	-12.353575	0.000000	0.396496	17.6838	COC1=CC2=C(C=C1OC)C34CCN5CC6=CCOC7CC(=O)N2C3C7C6CC45.CC(C)CC(NC=O)C(O)=O
33333f2	33333	CCCNN	-,-,-,-,-	1.523077	1.542375	1.463350	1.425385	1.456618	100.937558	106.584203	99.691861	103.570166	103.124119	-15.455727	40.971919	0.000000	0.466836	17.0752	O=C1OC(=O)[CH]2[CH]1[CH](N3[CH]4[CH]([CH](N23)C5=CC=CC=C5)C(=O)OC4=O)C6=CC=CC=C6
33333f2	33333	CNNCC	-,-,-,-,-	1.456618	1.425385	1.463350	1.542375	1.523077	100.937623	103.124207	103.570263	99.691896	106.584223	53.440190	-40.971827	0.000000	0.466833	17.0750	O=C1OC(=O)[CH]2[CH]1[CH](N3[CH]4[CH]([CH](N23)C5=CC=CC=C5)C(=O)OC4=O)C6=CC=CC=C6
33333f2	33333	OCCCC	-,-,-,-,-	1.435868	1.531271	1.529901	1.543805	1.467181	97.946622	101.506943	102.148631	102.645784	99.967329	-34.350354	-0.338296	0.000000	0.556217	0.4601	C12(C3(C(COC3=O)C(O1)CC2)C)C(C(=O)C)=O
33333f2	33333	OCCCC	-,-,-,-,-	1.442845	1.546997	1.528984	1.531872	1.455960	97.249080	102.429622	101.389081	102.807304	100.979903	32.070972	2.632526	0.000000	0.550932	2.5808	C12(C(C3(C)OC1CC3)COC2=O)C
33333f2	33333	OCCCC	-,-,-,-,-	1.445100	1.549179	1.527691	1.531623	1.456281	97.146075	102.919211	101.389077	102.789833	101.067723	-30.640276	-4.084859	0.000000	0.548010	4.1459	[C@]12([C@@H](C3(CO)OC1CC3)COC2=O)C
33333f2	33333	OCCCC	-,-,-,-,-	1.447506	1.534041	1.522321	1.531409	1.454343	97.405861	101.603732	102.199703	102.579145	101.007147	-33.397454	-0.932829	0.000000	0.551728	0.9387	C12(C(C(=O)OC1=O)C3(C)OC2CC3)C
33333f2	33333	OCCCC	-,-,-,-,-	1.451418	1.543703	1.522478	1.524202	1.450250	97.442096	100.770273	101.651207	103.083225	101.844904	-36.295379	2.755327	0.000000	0.552085	3.2272	C12(C(OC(C1C3CCC2(O3)C)=O)=O)C
33333f2	33333	OCCCC	-,-,-,-,-	1.454233	1.546093	1.530230	1.535376	1.443649	97.200557	100.870504	101.924754	102.136319	102.486059	36.310544	-2.784021	0.000000	0.552887	3.1177	C12(C3(OC(C1COC2=O)CC3)C)C
33333f2	33333	OCCCC	-,-,-,-,-	1.492300	1.518811	1.536607	1.531142	1.443931	97.182729	93.839908	101.259788	101.112935	102.888862	52.141779	-21.830279	0.000000	0.623779	15.3059	CC1=C([C@@]2([C@@H]3[C@@H]([C@]1(O2)C)C(=O)C=CC3=O)[NH3+])C#N
33333f3	33333	CCCCC	-,-,-,-,-	1.519337	1.548940	1.550321	1.551844	1.525120	97.150131	103.998553	104.908824	102.424959	105.189965	-30.549617	-0.032548	0.000000	0.499449	0.2379	C12C3C4CC(C5C4C(C15)C3O)2
33333f3	33333	CCCCC	-,-,-,-,-	1.519337	1.563717	1.551234	1.544953	1.525120	97.150131	104.059358	105.890875	99.823527	102.764728	17.159188	16.114527	0.000000	0.535595	17.9011	C12C3C4CC(C5C4C(C15)C3O)2
33333f3	33333	CCCCC	-,-,-,-,-	1.524090	1.544953	1.551844	1.559740	1.521044	96.893610	103.698793	99.822619	105.699598	105.169303	-44.055839	16.410079	0.000000	0.521373	16.9706	C12C3C4CC(C5C4C(C15)C3O)2
33333f3	33333	CCCCC	-,-,-,-,-	1.524090	1.551234	1.550503	1.548425	1.521044	96.893610	104.635825	102.146317	105.038587	102.977752	31.237353	0.472321	0.000000	0.517841	0.3042	C12C3C4CC(C5C4C(C15)C3O)2
33333f3	33333	CCCCC	-,-,-,-,-	1.528170	1.563727	1.529653	1.529002	1.530442	103.490076	105.914401	105.171203	104.062884	102.327506	0.593893	25.318466	0.000000	0.425661	0.7087	c1ccc2c(c1)[C@@H]3CC4(C[C@H]2CC4(C3)O)[NH3+]
33333f3	33333	CCCCC	-,-,-,-,-	1.530442	1.529002	1.529653	1.563727	1.528170	103.490077	102.327491	104.062865	105.171192	105.914410	41.801963	-25.318649	0.000000	0.425661	0.7085	c1ccc2c(c1)[C@@H]3CC4(C[C@H]2CC4(C3)O)[NH3+]
33333f3	33333	CCCCC	-,-,-,-,-	1.574223	1.534157	1.522605	1.543498	1.551799	106.084878	99.374918	103.065711	106.760327	103.681922	45.207272	-36.851228	0.000000	0.452223	14.4214	COC1=CC2=C(C=C1OC)[C]34CCN5C[CH]3[CH]6[CH]7[CH](CC(=O)N2[CH]47)OCC=C6C5.OC[CH](O)[CH](O)[CH](O)[CH](O)[CH](O)C(O)=O
33333i	33333	CCCCC	-,-,-,-,-	1.518410	1.527243	1.528650	1.527243	1.518410	103.753420	105.130553	106.360118	106.360115	105.130555	-21.766870	-0.000004	0.000000	0.354057	0.0000	BrC1CCCC1
33333i	33333	CCCCC	-,-,-,-,-	1.518588	1.523855	1.537897	1.536561	1.522287	103.080850	103.849643	105.540713	106.093301	104.911251	30.247962	-8.066796	0.000000	0.395062	11.3213	C1CCC(C1)n2nc(nn2)C[C@@H]3C[NH2+]CCO3
33333i	33333	CCCCC	-,-,-,-,-	1.526363	1.527257	1.527228	1.529971	1.527232	104.821638	102.239005	104.829700	106.107270	106.096304	38.203823	-23.733634	0.000000	0.389507	0.2026	OC1(CCCC1)C#CC2(O)CCCC2
33333i	33333	CCCCC	-,-,-,-,-	1.527257	1.522678	1.528295	1.527386	1.528087	102.219804	103.566582	105.729015	106.352959	104.808393	30.196906	-7.141126	0.000000	0.406427	9.7069	CCCCC(CCC1CCCC1)(C(O)=O)C(O)=O
33333i	33333	CCCCC	-,-,-,-,-	1.527257	1.526362	1.527232	1.529971	1.527228	104.829832	102.238986	104.821594	106.096282	106.107248	-38.294579	23.981877	0.000000	0.389507	0.2034	OC1(CCCC1)C#CC2(O)CCCC2
33333i	33333	CCCCC	-,-,-,-,-	1.527419	1.521940	1.527771	1.528060	1.528664	102.281586	103.412092	105.563666	106.390124	105.042389	31.828408	-9.507722	0.000000	0.406259	12.9786	CCCC(CCC1CCCC1)(C(O)=O)C(O)=O
33333i	33333	CCCCC	-,-,-,-,-	1.527770	1.527483	1.526433	1.528685	1.523784	103.757077	102.069696	104.486846	106.257507	105.893511	-38.642308	21.564052	0.000000	0.408986	5.4340	C[C]12CC[CH]3[CH](CCC4=C3C=CC(=C4)O)[CH]1CC[CH]2OC(=O)CCC5CCCC5
33333i	33333	CCCCC	-,-,-,-,-	1.528025	1.525929	1.528784	1.530706	1.529183	103.048716	104.102413	105.949415	106.617218	105.241780	28.757996	-7.433013	0.000000	0.379153	10.8383	NC1(CCCC1)C(O)=O
33333i	33333	CCCCC	-,-,-,-,-	1.528250	1.524404	1.520465	1.522619	1.528426	106.447580	105.882690	104.140733	103.204628	105.254258	-28.464912	38.936929	0.000000	0.377896	10.2571	C1CCC(C1)NC(=[NH2+])CS
33333i	33333	CCCCC	-,-,-,-,-	1.528275	1.535834	1.534499	1.532228	1.533458	104.770091	105.412363	106.432531	104.409223	101.647227	-1.801360	-23.355065	0.000000	0.407941	2.4644	Cl[CH]1CC[CH](Cl)[CH]1Cl
33333i	33333	CCCCC	-,-,-,-,-	1.529455	1.528143	1.526820	1.529333	1.524952	103.791881	101.662390	104.171379	106.117004	105.857772	40.240276	-23.750013	0.000000	0.419241	2.8502	C1CCC(CC1)NC2CCCC2
33333i	33333	CCCCC	-,-,-,-,-	1.531926	1.529116	1.522882	1.519514	1.526539	105.055134	107.181140	104.060999	103.184898	104.176355	-19.382429	36.699507	0.000000	0.393352	7.6078	O=C1NC(=O)C2(CCCC2)N1
33333i	33333	CCCCC	-,-,-,-,-	1.533931	1.533136	1.529570	1.528205	1.528663	104.279367	101.817778	104.611531	106.194935	106.157037	38.887523	-23.418019	0.000000	0.403682	1.9808	Cc1cccc(c1)NC2=C(C(=O)NC3(S2)CCCC3)C#N
33333i	33333	CCCCC	-,-,-,-,-	1.534230	1.531339	1.540776	1.539352	1.530385	105.095948	106.448634	105.989697	101.131685	104.457771	-16.285256	35.147079	0.000000	0.404161	13.2358	C[CH]1CC[C]2(CCC3=C(C2)C=C(C)C=C3)C1
33333i	33333	CCCCC	-,-,-,-,-	1.534873	1.537212	1.525231	1.526478	1.528223	104.973798	100.933776	104.643069	105.815961	106.201486	-40.486846	26.959653	0.000000	0.409951	3.2145	CC(C)OC(=O)C1(CCCC1)S(=O)(=O)c2ccc(C)cc2
33333i	33333	CCCCC	-,-,-,-,-	1.537102	1.530821	1.548578	1.573710	1.555304	105.463085	106.637045	106.268724	102.092745	101.326471	10.551215	-32.982794	0.000000	0.427288	13.8070	COC(=O)[CH]1CC[C](C)(C(N)=O)C1(C)C
33333i	33333	CCCCC	-,-,-,-,-	1.538979	1.523454	1.526218	1.527535	1.537371	100.620312	105.165475	105.692351	106.235276	105.678104	-27.567025	3.752637	0.000000	0.400519	5.1754	CC(=O)OC1(CCCC1)/N=N/C
33333i	33333	CCCCC	-,-,-,-,-	1.541707	1.540765	1.522140	1.518201	1.531192	105.719543	105.337634	102.863877	102.682472	105.337414	31.415625	-42.456742	0.000000	0.413960	11.6088	C1(C2(CCCC2)CC1OCC)(C#N)C#N
33333i	33333	CCCCC	-,-,-,-,-	1.542315	1.542900	1.525674	1.526713	1.531085	105.976242	101.052126	104.751753	105.772267	106.417068	39.803384	-29.727178	0.000000	0.394516	10.2580	Cc1cc2n(n1)C3(CCCC3)N(NC2=O)C
33333i	33333	CCCCC	-,-,-,-,-	1.550031	1.547760	1.541234	1.531698	1.543539	102.860272	107.165486	105.331557	104.564223	103.361258	-0.019467	24.385837	0.000000	0.402224	0.0832	CC1(C)CC(C)(CC1C(=O)O)C(=O)O
33333i	33333	CCCCC	-,-,-,-,-	1.554112	1.537493	1.531759	1.544958	1.569672	101.634126	105.288199	106.850523	106.293824	102.762600	17.474592	8.720299	0.000000	0.414068	11.7337	CC1(C)[CH](CC[C]1(C)C(O)=O)C(O)=O
33333i	33333	CCCCC	-,-,-,-,-	1.554997	1.537007	1.530784	1.548430	1.573777	101.333528	105.432388	106.661165	106.249446	102.085599	-16.598146	-10.524944	0.000000	0.427565	13.7645	CC1(C)[CH](CC[C]1(C)C(N)=O)C(O)=O
33333i	33333	CCCCO	-,-,-,-,-	1.518891	1.508090	1.514032	1.435427	1.437593	106.171020	101.487319	101.926870	106.957771	108.430305	-37.743553	29.983962	0.000000	0.377171	13.4174	C[CH]1CCCO1
33333i	33333	CCCCO	-,-,-,-,-	1.519168	1.507964	1.513870	1.435285	1.444363	105.615555	101.561452	102.006131	107.052357	108.466733	37.989290	-29.051484	0.000000	0.380439	10.9198	CCCCCCCCCCCCCCCC(=O)OC[CH]1CCCO1
33333i	33333	CCCCO	-,-,-,-,-	1.519254	1.507944	1.513833	1.435290	1.444357	105.610577	101.572703	102.000261	107.048603	108.476214	-37.990925	29.086076	0.000000	0.380371	11.0019	CC(=O)OC[CH]1CCCO1
33333i	33333	CCCCO	-,-,-,-,-	1.520250	1.507906	1.513975	1.436259	1.440283	105.915225	101.505351	101.830967	106.998972	108.399052	38.130695	-30.044671	0.000000	0.381246	12.8722	CCCCCCCCC=CCCCCCCCC(=O)OC[CH]1CCCO1
33333i	33333	CCCCO	-,-,-,-,-	1.520844	1.508130	1.514146	1.435960	1.439449	106.181387	101.428750	102.019689	107.068751	108.327813	37.641687	-29.743981	0.000000	0.376642	12.9063	N#CCCOC[CH]1CCCO1
33333i	33333	CCCCO	-,-,-,-,-	1.521238	1.507905	1.513649	1.435331	1.439064	106.059405	101.516973	101.881431	106.983146	108.451445	37.875032	-30.289627	0.000000	0.378346	13.8357	OCCC[CH]1CCCO1
33333i	33333	CCCCO	-,-,-,-,-	1.521354	1.511171	1.517677	1.436036	1.437874	105.870521	103.042607	102.257036	107.948843	108.900489	33.478357	-24.492157	0.000000	0.337283	8.2424	CS(=O)(=O)O[C@@H]1C[C@@H](CO1)Cl
33333i	33333	CCCCO	-,-,-,-,-	1.521431	1.508196	1.513194	1.435801	1.443492	105.723198	101.607915	102.012612	107.001304	108.541924	-37.879065	29.628686	0.000000	0.378391	12.4082	ClC[CH]1CCCO1
33333i	33333	CCCCO	-,-,-,-,-	1.522773	1.508065	1.512965	1.434237	1.449463	105.744097	101.699911	101.881116	106.910900	108.501267	-38.237971	31.216101	0.000000	0.380342	15.4056	CC(=O)OC(OC(C)=O)[CH]1CCCO1
33333i	33333	CCCCO	-,-,-,-,-	1.525324	1.513709	1.541334	1.462906	1.441710	107.239007	102.488358	101.340633	107.078157	107.688183	36.688828	-29.958550	0.000000	0.368725	15.9583	C([C@@H]1[C@@H]([C@@H]([C@@H](O1)OP(=O)([O-])[O-])O)O)O
33333i	33333	CCCCS	-,-,-,-,-	1.523454	1.526851	1.523455	1.823465	1.823465	105.309371	107.321083	107.321099	105.309341	95.619813	47.583607	-35.883829	0.000000	0.416513	17.9999	OC(=O)C1CCC(S1)C(=O)O
33333i	33333	CCCCS	-,-,-,-,O	1.522697	1.545524	1.528826	1.787943	1.781451	104.089498	107.407705	104.913934	105.807087	97.350278	48.544762	-35.126463	0.000000	0.435001	15.1017	C1[C@@H]([C@@H](CS1(=O)=O)SC(=[NH2+])N)O
33333i	33333	CCCNC	-,-,-,-,-	1.520000	1.527092	1.490904	1.488958	1.512938	102.991612	104.742363	105.178734	108.793620	103.499639	19.682476	4.035324	0.000000	0.372920	5.0940	C1C[C@@H]([NH2+]C1)n2[nH]c(=S)nn2
33333i	33333	CCCNC	-,-,-,-,-	1.524199	1.522684	1.464711	1.465626	1.519611	104.972235	105.304425	103.504045	104.729129	102.840870	22.029299	-40.723509	0.000000	0.405555	5.0119	NC1=CC=C(C=C1)C(O)=O.C2CCN(C2)CCN3C4=C(SC5=C3C=CC=C5)C=CC=C4
33333i	33333	CCCNC	-,-,-,-,-	1.524200	1.519609	1.465625	1.464710	1.522684	105.304405	104.972170	102.840772	104.729136	103.503911	27.926256	-43.022845	0.000000	0.405558	5.0122	NC1=CC(=C(C=C1)C(O)=O)O.C2CCN(C2)CCN3C4=C(SC5=C3C=CC=C5)C=CC=C4
33333i	33333	CCCOC	-,-,-,-,-	1.508252	1.521468	1.442352	1.436806	1.513485	102.010552	101.571681	105.705853	108.547750	106.967635	-34.273939	16.438336	0.000000	0.379425	12.0136	C1C[C@@H](OC1)Cn2c(nnn2)S
33333i	33333	CCCOC	-,-,-,-,-	1.509236	1.521015	1.446394	1.436039	1.511197	101.720007	102.811899	106.691727	108.425730	106.610966	26.272386	-5.278847	0.000000	0.359824	8.5852	C1C[C@@H](OC1)c2[nH]c(nn2)S
33333i	33333	CCCOC	-,-,-,-,-	1.516432	1.546605	1.442198	1.444080	1.522855	101.897467	102.184025	105.787255	108.720808	107.855180	-32.411016	15.276976	0.000000	0.361858	12.2681	OC[CH]1O[CH](O[CH]2[CH](O)[CH](CO)O[C]2(CO)O[CH]3O[CH](CO)[CH](O)[CH](O)[CH]3O)[CH](O)[CH](O)[CH]1O
33333i	33333	CCCOC	-,-,-,-,-	1.522616	1.534848	1.447661	1.440663	1.531120	102.422266	102.889066	107.269398	108.403177	108.377392	28.308960	-12.514591	0.000000	0.320946	14.4781	COC1=CC=C(C[CH](N)C(=O)N[CH]2[CH](O)[CH](O[CH]2CO)N3C=NC4=C(N=CN=C34)N(C)C)C=C1
33333i	33333	CCCOC	-,-,-,-,-	1.532774	1.539893	1.439760	1.434402	1.518305	103.021139	98.773455	107.114458	108.038102	107.085897	-35.966511	19.478291	0.000000	0.393546	8.7865	Cc1cc(n2c(n1)cc(n2)NC[C@@]3(CCOC3)c4ccc(cc4)F)C
33333i	33333	CCCSC	-,-,-,-,-	1.524690	1.529873	1.822197	1.814508	1.517726	106.416376	106.050868	105.206053	95.101258	105.351706	-37.525905	13.118723	0.000000	0.445475	16.8538	c1ccc2c(c1)c(nc(n2)[O-])C(=O)N[C@@H]3CCSC3
33333i	33333	CCCSC	-,-,-,-,-	1.541626	1.523268	1.811919	1.824686	1.542849	104.699828	108.001291	105.082993	95.212993	106.917153	-39.317726	16.030500	0.000000	0.431013	13.6712	CCOC(=O)NN[C@@]1(CCSC1)C#N
33333i	33333	CCCSC	-,-,-,O,-	1.532938	1.530402	1.782741	1.783936	1.520722	105.910016	105.830255	104.822622	96.901998	105.040532	-37.655762	13.741068	0.000000	0.444324	17.8665	c1nnnn1CC(=O)N[C@@H]2CCS(=O)(=O)C2
33333i	33333	CCCSC	-,-,-,O,-	1.537164	1.536230	1.789083	1.783883	1.523557	106.173195	105.437485	105.682172	96.540501	105.075424	-35.700828	11.575289	0.000000	0.441614	14.5287	Cc1nc(on1)COC(=O)C[C@@H]2CCS(=O)(=O)C2
33333i	33333	CCNCC	-,-,-,-,-	1.531646	1.491179	1.462828	1.515825	1.522150	105.191363	104.712440	105.729137	101.711887	103.613537	-28.683520	43.158564	0.000000	0.414335	3.2910	COC(C)C(NC(=O)C1CCCN1C)C2OC(SCCOC(=O)C3=C(O)C=CC=C3)C(O)C(O)C2O.OC(=O)C4=C(O)C=CC=C4
33333i	33333	CCOCC	-,-,-,-,-	1.513127	1.434561	1.445184	1.522516	1.508320	101.805244	106.757692	108.173411	106.652871	101.628365	-14.305299	-10.403966	0.000000	0.376628	15.3773	C1CO[CH](C1)CNC[CH]2CCCO2
33333i	33333	CCOCC	-,-,-,-,-	1.519100	1.444800	1.435225	1.513879	1.507925	101.557466	105.558577	108.457750	107.075258	102.014454	-17.525607	-7.183364	0.000000	0.380886	10.4884	O=C(OC[CH]1CCCO1)C2=CC=CC=C2
33333i	33333	CCOCC	-,-,-,-,-	1.519921	1.448411	1.433863	1.512993	1.506889	101.407669	105.514798	107.910693	107.676400	102.121321	-19.789348	-4.695201	0.000000	0.380982	6.9818	Cn1cc(c(c1[C@@H]2CCCO2)C(=O)[O-])c3ccccc3
33333i	33333	CCOCC	-,-,-,-,-	1.520311	1.444869	1.434553	1.513805	1.507904	101.542352	105.680069	108.458097	107.055411	101.981891	-16.632787	-8.115242	0.000000	0.380392	11.7688	C1CO[CH](C1)CNC[CH]2CCCO2
33333i	33333	CCOCC	-,-,-,-,-	1.521554	1.439211	1.436185	1.513285	1.507864	101.649078	105.315543	108.789859	106.944331	101.946280	17.735879	6.923933	0.000000	0.381267	10.1842	c1cc(ccc1c2nnc(n2C[C@H]3CCCO3)S)O
33333i	33333	CCOCC	-,-,-,-,-	1.522327	1.444008	1.435743	1.513217	1.508023	101.604471	105.666205	108.547472	106.996753	101.966715	-16.021120	-8.703010	0.000000	0.379768	12.5998	Cc1cc([nH]c1c2nc(no2)C[C@@H]3CCCO3)C
33333i	33333	CCOCC	-,-,-,-,-	1.522708	1.435745	1.439722	1.533548	1.522145	101.197801	107.329489	108.452344	106.502221	101.486061	12.330237	12.583661	0.000000	0.380723	17.6190	C/C=C/C=C/[C@H]1CO[C@H]([C@@H]1O)/C=C/C=C
33333i	33333	CCOCC	-,-,-,-,-	1.525125	1.445221	1.458033	1.526671	1.515655	100.641214	106.655580	107.469990	106.730370	102.008873	-18.193672	-7.514611	0.000000	0.396604	10.8078	CCOC(=O)c1c([nH]c(n1)[C@@H]2[C@H]([C@@H]([C@@H](O2)CO)O)O)O
33333i	33333	CCOCC	-,-,-,-,-	1.525411	1.445960	1.449621	1.525359	1.513044	103.413039	106.549170	109.046960	107.478202	103.362249	14.927052	5.228068	0.000000	0.311213	9.5590	c1nc2c(c(n1)N)[nH]nc2[C@@H]3C[C@@H]([C@H](O3)CO)O
33333i	33333	CCOCC	-,-,-,-,-	1.525635	1.447261	1.453350	1.524758	1.515235	100.943458	107.124962	107.760880	106.510771	102.254125	-14.082310	-10.988826	0.000000	0.383693	15.9437	c1cn(nc1C(=O)N)[C@@H]2[C@H]([C@@H]([C@@H](O2)CO)O)O
33333i	33333	CCOCC	-,-,-,-,-	1.533066	1.444716	1.446375	1.523174	1.517783	102.239373	107.226599	109.157071	106.170842	103.134111	-7.233616	-14.849935	0.000000	0.340351	11.9634	c1c(c(=O)[nH]c(=O)o1)[C@@H]2[C@H]([C@@H]([C@@H](O2)CO)O)O
33333i	33333	CCOCO	-,-,-,-,-	1.507127	1.431190	1.414810	1.414053	1.431370	104.155481	103.295074	103.968721	111.463562	104.984584	31.535296	-18.163009	0.000000	0.327689	6.7774	C1COC2(O1)[C@@]3(C[C@@]3(C(=[NH+]2)N)C#N)C#N
33333i	33333	CCOCO	-,-,-,-,-	1.510122	1.430920	1.431873	1.429684	1.428773	103.013848	103.131185	104.251908	110.318458	104.536807	30.971149	-12.658739	0.000000	0.361496	17.6477	C1OC[CH](O1)[CH]2COCO2
33333i	33333	CCOCO	-,-,-,-,-	1.513301	1.433266	1.433464	1.432513	1.428074	104.664358	104.927980	106.330898	110.072507	104.611757	16.229596	2.146562	0.000000	0.287354	3.3952	CCOC(=O)c1c(ocn1)[C@@H]2COC(O2)(C)C
33333i	33333	CCOCS	-,-,-,-,-	1.531522	1.437227	1.433541	1.817328	1.803681	103.646136	107.780399	108.353892	109.000431	92.202674	-46.686511	30.227513	0.000000	0.403808	2.8831	c1cn(c(=O)nc1N)[C@@H]2CS[C@@H](O2)CO
33333i	33333	CCOPO	-,-,-,O,-	1.516829	1.426015	1.636114	1.636005	1.426595	104.489103	104.527600	109.122374	96.495354	108.933862	-33.016778	12.565928	0.000000	0.375948	16.9461	C1COP(=O)O1
33333i	33333	CCSCC	-,-,-,-,-	1.520598	1.816961	1.822561	1.522638	1.522342	106.769403	105.682610	95.518035	104.583561	107.189180	-11.564268	-15.170585	0.000000	0.428043	14.7833	C1CSC[C@@]12C(=O)NC(=O)N2
33333i	33333	CCSCS	-,-,-,-,-	1.514929	1.811003	1.810493	1.810493	1.811003	107.532305	107.532303	96.731786	110.690067	96.731786	-37.127636	11.768251	0.000000	0.474918	17.9999	C1CSCS1
33333i	33333	CCSSC	-,-,-,-,-	1.531265	1.811052	2.049727	1.811052	1.531265	109.095461	107.074153	97.057115	97.057138	107.074175	26.274254	-0.000118	0.000000	0.460725	0.0002	CC1CSSC1
33333i	33333	CCSSO	-,-,-,O,-	1.519093	1.804721	2.056401	1.616830	1.429116	109.097403	104.364248	94.267101	97.198358	112.591156	-26.753470	2.268546	0.000000	0.440526	6.1717	C1CS[S@@](=O)O1
33333i	33333	CNCCC	-,-,-,-,-	1.463341	1.464968	1.522492	1.524334	1.520001	102.935384	104.786730	103.267522	105.263742	105.021587	41.317243	-23.160945	0.000000	0.406021	3.1752	C1(C2=C(C=CC(=C2)Cl)SC=1)CN3CCCC3
33333i	33333	CNCCC	-,-,-,-,-	1.464723	1.465746	1.522647	1.524329	1.519752	102.835435	104.694329	103.415079	105.288220	104.974206	40.963939	-22.298195	0.000000	0.407088	4.6726	CCCOC1=CC(=C(C(=O)O[CH](C)CN2CCCC2)C(=C1)C)C
33333i	33333	CNCCC	-,-,-,-,-	1.464781	1.464918	1.519760	1.524201	1.522630	103.432574	104.729445	102.883240	104.985170	105.288302	42.955308	-27.596227	0.000000	0.405789	4.3700	C[CH](CCCN1CCCC1)NC2=C3C=CC(=CC3=NC=C2)Cl
33333i	33333	CNCCC	-,-,-,-,-	1.464873	1.465281	1.519462	1.524041	1.522939	103.564357	104.729814	102.843167	104.943912	105.314769	-43.069555	28.226099	0.000000	0.405069	5.5968	CC(=O)C1=CC=C(CCN2CCCC2)C=C1
33333i	33333	CNCCC	-,-,-,-,-	1.465170	1.465960	1.522760	1.524208	1.519696	102.859673	104.636502	103.465960	105.286880	104.959597	-40.897780	22.193949	0.000000	0.407183	4.8578	CCCOC1=CC(=C(C(=O)OCCN2CCCC2)C(=C1)C)C
33333i	33333	CNCCC	-,-,-,-,-	1.465258	1.466027	1.522750	1.524213	1.519727	102.861290	104.623597	103.459642	105.284116	104.960790	40.936057	-22.249499	0.000000	0.407409	4.7880	CCCOC1=CC=C(C=C1)C(=O)OCCN2CCCC2
33333i	33333	CNCCC	-,-,-,-,-	1.465773	1.465250	1.521038	1.524350	1.521424	102.902624	104.450150	103.205558	105.103226	105.083827	42.326493	-24.607238	0.000000	0.412072	1.4295	N1(C(=C(C(=O)OCC)N=N1)CN2CCCC2)C3C(=NON=3)N
33333i	33333	CNCCC	-,-,-,-,-	1.540998	1.544809	1.518722	1.512966	1.517439	103.899347	106.002955	104.990078	103.838400	102.792031	6.379232	-30.354465	0.000000	0.415917	8.4469	C12(C(C3=CCCCC(CC1)3)CC2C#N)[N+]4(C)CCCC4
33333i	33333	CNCCC	-,-,-,-,-	1.544063	1.537938	1.515024	1.510744	1.521229	105.655658	105.295294	103.866691	102.536345	104.507462	-25.264522	40.891559	0.000000	0.412033	0.4440	C12(C(CC1CCC2)C#N)[N+]3(C)CCCC3
33333i	33333	CNCCC	-,-,-,-,-	1.549158	1.609907	1.529859	1.513386	1.514344	105.671752	103.979155	103.295200	102.696999	102.866361	14.741564	-37.729785	0.000000	0.447918	16.5789	C[N+]1(CCC[CH]1C2=CN=CC=C2)CC[N+]3(C)CCC[CH]3C4=CN=CC=C4
33333i	33333	CNCCC	-,-,-,-,-	1.558475	1.589482	1.542093	1.513520	1.509983	103.657355	101.966500	105.531541	106.585181	103.214069	17.343728	9.020628	0.000000	0.425264	11.0426	C[N+]1(CCC[CH]1C2=CN=CC=C2)CC[N+]3(C)CCC[CH]3C4=CN=CC=C4
33333i	33333	CNCCC	-,-,-,-,-	1.567457	1.571892	1.537696	1.511430	1.512004	104.457720	104.422404	104.584866	103.984620	102.294736	-5.751859	31.044893	0.000000	0.434898	7.3522	C[N+]1(CCC[CH]1C2=C[N+](=CC=C2)CC3=CC(=C(Cl)C=C3)Cl)CC4=CC(=C(Cl)C=C4)Cl
33333i	33333	CNOCC	-,-,-,-,-	1.465836	1.467892	1.442575	1.515770	1.508465	101.751317	103.772976	107.833666	105.798909	102.812176	-28.779569	3.792075	0.000000	0.404429	4.2696	c1ccc2c(c1)nnn2CN3CC[C@@H](O3)C#N
33333i	33333	COCCC	-,-,-,-,-	1.447827	1.448598	1.533192	1.515732	1.523888	105.497029	107.838744	108.201976	101.174459	102.683172	3.129718	-25.194830	0.000000	0.372981	5.1330	OC[CH]1O[CH]([CH](O)[CH]1O)N2C=NC3=C(S)N=CN=C23
33333i	33333	COCCC	-,-,-,-,-	1.450453	1.446057	1.533181	1.515620	1.525743	107.039322	108.306795	107.060892	101.334847	103.490066	16.519072	-32.186874	0.000000	0.349853	10.0274	OCC1OC(C(O)C1O)n2cnc3c(O)ncnc23
33333i	33333	COCCC	-,-,-,-,-	1.453002	1.445862	1.535730	1.516785	1.522289	106.617821	107.720699	106.975913	101.365357	101.339748	9.818620	-31.063889	0.000000	0.391404	14.0202	OC[CH]1O[CH]([CH](O)[CH]1O)N2C=NC3=C(Cl)N=CN=C23
33333i	33333	COCCC	-,-,-,-,-	1.458861	1.442475	1.537442	1.521454	1.530438	107.279052	107.858357	104.308075	100.862121	101.846323	26.995787	-41.162486	0.000000	0.412468	1.6204	OCC1OC2(COC3(CO2)OC(CO)C(O)C3O)C(O)C1O
33333i	33333	COCCO	-,-,-,-,-	1.429684	1.428773	1.510122	1.430920	1.431873	110.318438	104.536813	103.013830	103.131186	104.251912	-30.732667	38.974832	0.000000	0.361497	17.6478	C1OC[CH](O1)[CH]2COCO2
33333i	33333	COCCO	-,-,-,-,-	1.432140	1.428492	1.514172	1.433987	1.433618	109.904689	104.637460	104.192397	104.680646	106.236142	-31.017396	30.776345	0.000000	0.301962	1.5154	CC1(OC[C@@H](O1)[C@@H]2CC23SCCCS3)C
33333i	33333	COCCO	-,-,-,-,-	1.435986	1.429440	1.510411	1.437996	1.437396	109.695087	104.419495	102.898164	102.779628	104.671605	-33.038771	39.838647	0.000000	0.371309	14.8944	CC1(C)OC[CH](O1)[CH]2O[CH]3OC(C)(C)O[CH]3[CH]2O
33333i	33333	COCCO	-,-,-,-,-	1.436320	1.429868	1.510123	1.436228	1.435915	109.784664	104.300770	102.831235	103.268950	104.850246	33.496697	-38.963269	0.000000	0.364189	11.7460	CC1(C)OC[CH](COC(C2=CC=CC=C2)(C3=CC=CC=C3)C4=CC=CC=C4)O1
33333i	33333	COCCO	-,-,-,-,-	1.436859	1.428282	1.504202	1.426475	1.436596	109.586930	105.301521	104.212053	103.305770	104.488497	25.061004	-36.303085	0.000000	0.339274	8.1196	CCC1(C)OCCO1
33333i	33333	COCCO	-,-,-,-,-	1.440230	1.434760	1.505038	1.430081	1.433455	109.180777	102.969243	102.804175	104.187293	105.844863	-37.257521	36.509503	0.000000	0.363286	3.4405	C[NH+](C)/C=C(\\C1OCCO1)/N=C(C#N)C#N
33333i	33333	COCOC	-,-,-,-,-	1.428745	1.437816	1.436882	1.435345	1.509083	102.471479	104.225082	109.281846	105.177730	103.417051	-19.661551	-5.385257	0.000000	0.369127	7.7124	C1O[CH](O[CH]1[CH]2O[CH](O[CH]3CO[CH](O[CH]23)C4=CC=CC=C4)C5=CC=CC=C5)C6=CC=CC=C6
33333i	33333	CSCCS	-,-,-,-,-	1.825100	1.827645	1.526283	1.814161	1.816683	110.601093	97.308331	106.207514	109.721618	96.864270	37.227172	-47.534921	0.000000	0.461488	12.6885	C1(SC(/C=N/O)(C)CS1)N(C)C
33333i	33333	NCCCC	-,-,-,-,-	1.462429	1.515749	1.523566	1.537923	1.476314	105.776768	101.966073	104.171695	105.345597	104.193327	-37.002454	17.175578	0.000000	0.406495	11.7510	CN1CCC[CH]1C2=CC=CN=C2
33333i	33333	NCCCC	-,-,-,-,-	1.463977	1.516304	1.524642	1.536623	1.474753	105.322616	102.526905	104.869309	105.600057	103.114440	31.260440	-8.180417	0.000000	0.405572	11.1904	CN1CCC[CH]1[CH]2CCCNC2
33333i	33333	NCCCC	-,-,-,-,-	1.547641	1.515815	1.513877	1.530974	1.569286	105.293218	105.354410	103.221801	102.537856	103.162559	33.694957	-45.692502	0.000000	0.438313	11.2224	C[N+]1(C)CCC[CH]1C2=CN=CC=C2
33333i	33333	NCCCC	-,-,-,-,-	1.552709	1.517556	1.511609	1.529497	1.582039	104.404210	106.042861	103.994440	102.339257	102.980248	-29.889974	44.678242	0.000000	0.436874	4.3876	CCCCCCCCCCCCCCCC[N+]1(C)CCC[CH]1C2=CN=CC=C2
33333i	33333	NCCCC	-,-,-,-,-	1.553650	1.517167	1.511362	1.529702	1.581049	104.319313	106.143215	103.994907	102.372550	103.008990	29.574949	-44.501088	0.000000	0.436057	3.9467	CCCCCCCCCCCCCCCC[N+]1(C)CCCC1C2=CC=CN=C2.SC#N
33333i	33333	NCOCC	-,-,-,-,-	1.468018	1.435156	1.439340	1.536565	1.468862	102.472778	108.930062	106.283440	104.985934	101.012718	6.099313	18.845791	0.000000	0.386953	8.0655	N1(C(OC(C1C)C2=CC=CC=C2)C3=CC=C(Cl)C=C3)C
33333i	33333	NCOCC	-,-,-,-,-	1.468369	1.434090	1.430240	1.511124	1.461061	101.917863	108.600847	106.660215	105.169386	102.604116	-7.613976	-16.569695	0.000000	0.368203	10.7238	C1(NCCO1)C2C=CC(=CC=2)O
33333i	33333	OCCCC	-,-,-,-,-	1.437766	1.521786	1.507931	1.513639	1.435081	108.547926	105.951781	101.515558	101.881175	106.971890	-33.795715	37.875161	0.000000	0.378696	13.2664	O1C(CC(CCC(O)C)CC)CCC1
33333i	33333	OCCCC	-,-,-,-,-	1.441236	1.547717	1.524199	1.531381	1.446608	109.045705	106.190751	101.563990	103.586740	107.516343	-33.175761	32.695026	0.000000	0.342205	2.6722	OC[CH]1O[CH](OC[CH]2O[CH](O[C]3(CO)O[CH](CO)[CH](O)[CH]3O)[CH](O)[CH](O)[CH]2O)[CH](O)[CH](O)[CH]1O
33333i	33333	OCCCC	-,-,-,-,-	1.444074	1.540987	1.516239	1.524091	1.448297	108.151564	106.456784	101.798631	100.767237	106.461335	-30.074110	39.031266	0.000000	0.396261	11.3420	OCC1OC2(COC3(CO2)OC(CO)C(O)C3O)C(O)C1O
33333i	33333	OCCCC	-,-,-,-,-	1.445069	1.522071	1.508346	1.513402	1.435025	108.188061	106.523881	101.551321	101.861772	106.855069	-31.538996	37.857873	0.000000	0.377220	17.4198	N1=C(CNCC2OCCC2)C=CC=C1
33333i	33333	OCCCC	-,-,-,-,-	1.445492	1.521767	1.508351	1.513540	1.435512	108.155858	106.476682	101.510892	101.893818	106.907993	31.976311	-37.907855	0.000000	0.377672	17.6326	N1C=C(CNCC2OCCC2)C=CC=1
33333i	33333	OCCCC	-,-,-,-,-	1.445736	1.521824	1.508314	1.513470	1.435587	108.138536	106.503358	101.524729	101.882558	106.897425	31.825247	-37.905948	0.000000	0.377630	17.9908	N1=CC=C(CNCC2OCCC2)C=C1
33333i	33333	OCCCC	-,-,-,-,-	1.446017	1.551699	1.522747	1.525358	1.440616	108.778267	105.860061	102.415115	100.760773	107.476768	29.615341	-37.170304	0.000000	0.377560	13.7755	COC[CH]1O[CH](O[C]2(COC)O[CH](COC)[CH](OC)[CH]2OC)[CH](OC)[CH](OC)[CH]1OC
33333i	33333	OCCCC	-,-,-,-,-	1.447823	1.547523	1.523130	1.523696	1.438609	108.836904	107.093662	102.368734	102.391775	107.213127	-25.164032	33.581464	0.000000	0.341593	9.9318	CC(=O)OC[CH]1O[CH](O[C]2(COC(C)=O)O[CH](COC(C)=O)[CH](OC(C)=O)[CH]2OC(C)=O)[CH](OC(C)=O)[CH](OC(C)=O)[CH]1OC(C)=O
33333i	33333	OCCCC	-,-,-,-,-	1.448349	1.536548	1.525242	1.526001	1.450328	107.681540	107.194636	101.200651	100.639091	105.849439	-28.920549	39.732630	0.000000	0.409422	7.5645	CN(C)C1=C2N=CN([CH]3O[CH](CO)[CH](N)[CH]3O)C2=NC=N1
33333i	33333	OCCOC	-,-,-,-,-	1.429774	1.517133	1.440871	1.434363	1.435313	104.377905	102.055707	103.167885	105.761440	108.904986	-38.545236	24.888096	0.000000	0.373574	3.6616	O=C(OC[CH]1O[CH](O[CH]1[CH]2O[CH](O[CH]2COC(=O)C3=CC=CC=C3)C4=CC=CC=C4)C5=CC=CC=C5)C6=CC=CC=C6
33333i	33333	OCCOC	-,-,-,-,-	1.440139	1.517003	1.429484	1.437059	1.433716	105.444994	102.737122	102.384814	104.748385	109.162848	39.340367	-34.480791	0.000000	0.371873	10.9504	O=C(OC[CH]1O[CH](O[CH]1[CH]2O[CH](O[CH]2COC(=O)C3=CC=CC=C3)C4=CC=CC=C4)C5=CC=CC=C5)C6=CC=CC=C6
33333i	33333	OCOCC	-,-,-,-,-	1.437569	1.441938	1.426889	1.503592	1.426050	104.288708	109.401158	104.811568	103.493018	103.017581	-8.599946	28.699203	0.000000	0.362664	12.3521	c1ccc(cc1)/C(=N\\OCC2OCCO2)/C#N
33333i	33333	POCCO	-,-,-,-,-	1.630131	1.427364	1.508954	1.427916	1.629904	96.125051	109.871212	104.604143	104.455007	109.245355	31.156623	-40.818311	0.000000	0.367048	13.9793	CCO[P@@](=S)(C)OP1OCCO1
33333i	33333	SCCCC	O,-,-,-,-	1.782037	1.529949	1.537017	1.522943	1.785167	96.856823	104.412921	105.252428	105.707752	105.144428	40.275356	-50.772392	0.000000	0.456956	14.2051	S1(CC(NN)CC1)(=O)=O
33333i	33333	SNCCO	O,-,-,-,-	1.669702	1.468275	1.535013	1.431908	1.615547	95.796377	111.086668	102.583525	106.543298	110.091908	25.924240	-37.660749	0.000000	0.350058	8.1625	S1(NC(C)(C)CO1)=O
33333i	33333	SOCCO	O,-,-,-,-	1.618214	1.422897	1.507446	1.422927	1.618575	96.517007	109.101858	104.020816	104.444722	109.515026	-34.962348	41.646648	0.000000	0.374463	14.2207	O=S1OCCO1
