#种子 0xbeef	NCONF 100
#花样	杂化	元素	双键伙伴	l0	l1	l2	l3	l4	l5	a0	a1	a2	a3	a4	a5	t0	t1	t2	Q	theta	SMILES
222222f1	222222	CCCCCC	-,-,-,N,O,-	1.440086	1.403911	1.421168	1.495559	1.495549	1.352504	121.005391	120.666949	121.424214	118.732793	116.748357	121.422296	0.000001	0.000001	0.000000	0.000000	60.4023	COC1=CC(=O)C(=[N+]=[N-])c2c1non2
222222f1	222222	CCCCCC	-,-,O,-,-,C	1.348839	1.488667	1.503892	1.349053	1.467247	1.462177	120.693121	119.155667	118.498567	119.469288	119.934059	119.927786	-13.893013	12.444387	0.346487	0.160146	85.9851	C[CH]1OC=C2C(=C(C(O)=O)C(=O)C(=C2[CH]1C)C)O
222222f1	222222	CCCCCC	-,-,O,-,-,N	1.334404	1.474988	1.483426	1.386842	1.485990	1.490341	122.215109	122.391215	117.193545	120.421704	121.709807	116.066159	-0.356597	0.318476	0.093163	0.005279	84.2763	OC1=C2N=CC=CC2=C(C=C1)N=C3C=CC(=O)C4=C3C=CC=N4
222222f1	222222	CCCCCC	-,O,-,-,O,-	1.484812	1.474011	1.391280	1.474034	1.491387	1.340075	122.427470	117.526323	120.540200	120.624399	118.084454	120.338026	-3.576289	-0.309388	5.914888	0.068570	73.9190	C1(=C(C(C2C=CC=CC(C1=O)=2)=O)Cl)OC3=CC=CC=C3
222222f1	222222	CCCCCC	-,O,-,-,O,-	1.484812	1.474012	1.391281	1.474035	1.491387	1.340076	122.427565	117.526242	120.540199	120.624390	118.084417	120.337985	-3.576918	-0.309469	5.915485	0.068577	73.9215	ClC1=C(OC2=CC=CC=C2)C(=O)C3=C(C=CC=C3)C1=O
222222f1	222222	CCCCCC	-,O,-,-,O,-	1.485999	1.468446	1.391686	1.476844	1.490455	1.340940	122.372810	118.246657	120.054944	120.728413	118.583101	119.979477	-0.791931	-0.055782	1.543105	0.018221	69.0702	OC1=C(CCC[CH]2CC[CH]3CCCC[CH]3C2)C(=O)C4=C(C=CC=C4)C1=O
222222f1	222222	CCCCCC	-,O,-,-,O,-	1.486075	1.468871	1.391990	1.476916	1.490118	1.340465	122.318303	118.232244	120.079656	120.716831	118.536622	120.103062	0.484497	0.032046	-0.950216	0.011265	68.8435	OC1=C(CCCC2=CC=C(OC3=CC=CC=C3)C=C2)C(=O)C4=C(C=CC=C4)C1=O
222222f1	222222	CCCCCC	-,O,-,-,O,-	1.486215	1.465866	1.390140	1.477485	1.494915	1.343743	122.891064	118.328110	119.895340	120.846085	118.945253	119.094147	0.000000	0.000350	-0.000561	0.000004	64.4576	OC1=C(C2CCCCC2)C(=O)C3=C(C=CC=C3)C1=O
222222f1	222222	CCCCCC	-,O,-,-,O,-	1.486775	1.474414	1.391324	1.474414	1.486775	1.338350	121.534138	117.840197	120.625664	120.625662	117.840199	121.534141	-0.000002	0.000023	-0.000024	0.000000	83.2642	ClC1=C(Cl)C(=O)C2=C(C=CC=C2)C1=O
222222f1	222222	CCCCCC	-,O,-,-,O,-	1.487971	1.477287	1.393633	1.473319	1.475221	1.338967	120.510872	118.062539	120.650261	120.329966	117.788750	122.657614	0.000047	-0.000002	-0.000053	0.000001	83.7810	CC1=CC(=O)C2=C(C=CC=C2)C1=O
222222f1	222222	CCCCCC	-,O,-,-,O,-	1.488347	1.472280	1.388999	1.469802	1.501127	1.345557	123.102041	117.771722	120.441153	120.416131	119.472937	118.584412	-1.651732	0.232024	3.328127	0.044170	66.3751	ClC1=C(NC2=CC=CC=C2)C(=O)C3=C(C=CC=C3)C1=O
222222f1	222222	CCCCCC	-,O,-,-,O,-	1.490104	1.476988	1.391889	1.468713	1.486030	1.340623	120.083213	118.542908	120.728100	120.070190	118.240602	122.328762	0.563004	-0.005789	-0.192773	0.007307	61.9629	CCCCCC(O)(CCCCC)CCCCCCCCC1=C(O)C(=O)C2=C(C=CC=C2)C1=O
222222f1	222222	CCCCCC	-,O,-,-,O,-	1.493744	1.473061	1.392871	1.475309	1.484309	1.340701	118.910896	118.458827	118.950242	120.528043	117.308116	122.387965	19.726892	-6.521924	-8.336697	0.191464	77.1438	CCCOC1=C(Cl)C(=O)C2=CC=CC(=C2C1=O)[N+]([O-])=O
222222f1	222222	CCCCCC	-,O,-,-,O,-	1.494846	1.468743	1.389205	1.473685	1.492502	1.344123	119.796667	119.119307	120.217025	120.519075	118.030436	121.871172	4.992003	0.842852	-4.164473	0.067989	76.8557	CC(=O)NC1=C(Cl)C(=O)C2=C(C=CC=C2)C1=O
222222f1	222222	CCCCCC	-,O,-,-,O,-	1.495324	1.475284	1.391904	1.473661	1.484483	1.341105	119.785633	118.622111	120.534627	120.553876	117.601391	122.881566	0.618906	-0.028656	0.223243	0.012179	50.5972	CCOC1=C(Cl)C(=O)C2=C(C=C(C=C2)[N+]([O-])=O)C1=O
222222f1	222222	CCCCCC	-,O,-,-,O,-	1.496291	1.474946	1.390484	1.472591	1.485039	1.341375	119.722508	118.443312	120.770991	120.522572	117.508033	123.005848	-0.939599	-0.036643	0.147000	0.014555	57.2479	COC1=C(Cl)C(=O)C2=C(C=CC=C2)C1=O
222222f1	222222	CCCCCC	-,O,-,-,O,-	1.502468	1.471941	1.390680	1.473698	1.486206	1.343047	118.950843	118.921682	120.514945	120.525387	117.482164	123.255676	-5.193644	0.143383	3.908203	0.061889	80.5403	NC1=C(Cl)C(=O)C2=C(C=CC=C2)C1=O
222222f1	222222	CCCCCC	-,O,-,-,O,-	1.507118	1.469107	1.387817	1.470597	1.495791	1.348021	119.280633	119.357137	120.426192	120.455333	118.404802	121.943718	2.529053	-0.397898	-2.777667	0.037435	79.9581	CCCCCCCNC1=C(OCC)C(=O)C2=C(C=CC=C2)C1=O
222222f1	222222	CCCCCC	-,O,-,-,O,-	1.507301	1.469096	1.387767	1.470486	1.495789	1.348014	119.227704	119.384535	120.423608	120.444161	118.407391	121.976642	-2.641448	0.420363	2.810739	0.038110	80.9281	CCCCNC1=C(OCC)C(=O)C2=C(C=CC=C2)C1=O
222222f1	222222	CCCCCC	-,O,-,-,O,-	1.512992	1.475951	1.388684	1.469332	1.484352	1.347230	117.810240	118.965929	120.999815	120.385657	117.442610	124.313423	-2.557736	0.159090	2.003663	0.030416	83.5914	CCCCCCCCCCCCCCNC1=C(Cl)C(=O)C2=C(C=CC=C2)C1=O
222222f1	222222	CCCCCC	-,O,-,-,O,-	1.513053	1.473868	1.388048	1.469582	1.486247	1.348277	117.986548	119.078279	120.850307	120.409926	117.639680	123.838562	-3.943859	0.307767	3.164521	0.047043	85.2037	CN(C)C1=C(Cl)C(=O)C2=C(C=CC=C2)C1=O
222222f1	222222	CCCCCC	-,O,-,-,O,-	1.513181	1.475938	1.388661	1.469325	1.484421	1.347236	117.807998	118.977419	121.001551	120.388474	117.452581	124.313036	2.155793	-0.130397	-1.712471	0.025755	84.0498	CCNC1=C(Cl)C(=O)C2=C(C=CC=C2)C1=O
222222f1	222222	CCCCCC	O,-,-,O,-,-	1.468896	1.387945	1.470518	1.492674	1.348323	1.502017	119.503893	120.339968	120.377044	118.268681	121.930488	119.071345	0.046706	4.242418	-8.540238	0.063387	57.1232	O=C1C(=C(OC2=CC=CC=C2)C(=O)C3=CC=CC=C13)NC4=CC=CC=C4
222222f1	222222	CCCCCC	O,-,-,O,-,-	1.487894	1.338921	1.475249	1.473560	1.392608	1.477247	118.057214	120.493305	122.655932	117.794008	120.307111	120.692249	0.017216	0.095183	-0.158940	0.001339	71.9825	CC1=CC2=C(C=C1)C(=O)C(=CC2=O)C
222222f1	222222	CCCCCN	-,-,-,-,C,-	1.339999	1.443152	1.344290	1.476902	1.420828	1.395187	123.638770	118.584651	120.328280	121.672664	115.847586	119.914444	-0.055980	-0.706758	0.472058	0.010937	77.3257	C1(=C2N(C=CC=C2)CCC1=O)C#N
222222f1	222222	CCCCCN	-,-,-,-,C,-	1.340009	1.443249	1.344460	1.473925	1.426156	1.396737	123.785710	118.553328	120.324677	121.812802	115.876171	119.647312	-0.000024	0.000004	0.000003	0.000000	56.2969	C12N(C=CC=C1)CC=CC=2Br
222222f1	222222	CCCCCN	-,-,-,-,C,-	1.340075	1.443841	1.345116	1.472346	1.423551	1.396157	123.688850	118.551676	120.403407	121.561134	116.137834	119.657099	0.000023	-0.000004	-0.000037	0.000001	69.1169	C12N(C=CC=C1)CC=CC=2O
222222f1	222222	CCCCCN	-,-,-,-,C,-	1.341900	1.447285	1.344739	1.464241	1.410859	1.396267	123.464172	118.753730	120.146396	120.988254	117.507915	119.139533	0.000031	0.000011	-0.000051	0.000001	78.8818	C12N(CC=C(C=1)Br)C=CC=C2
222222f1	222222	CCCCCN	-,-,-,-,C,-	1.341911	1.447309	1.344724	1.464025	1.411739	1.396347	123.471329	118.768055	120.152836	120.978054	117.532324	119.097403	-0.000029	-0.000004	0.000044	0.000000	77.2181	C12N(CC=C(C=1)Cl)C=CC=C2
222222f1	222222	CCCCCN	-,-,-,-,C,-	1.342025	1.447592	1.344831	1.464264	1.408386	1.395738	123.405206	118.728985	120.128668	120.981794	117.484489	119.266600	-0.301106	-0.226431	0.688493	0.006475	75.9492	C12N(CC=C(C=1)NC3C=CC=CC=3)C=CC=C2
222222f1	222222	CCCCCN	-,-,-,-,C,-	1.344269	1.456683	1.348090	1.454803	1.400574	1.379690	121.390543	119.030598	120.778363	119.644666	117.605276	121.550555	0.000001	0.000001	-0.000003	0.000000	62.6952	C1(=C2N(C=CC=C2)CC1=O)C#N
222222f1	222222	CCCCCN	-,-,-,-,N,-	1.341434	1.449121	1.342670	1.500245	1.398287	1.388726	122.540799	119.462209	121.593528	117.826210	118.880251	119.651410	0.754774	-0.442545	-1.160574	0.019845	67.1071	C1CN2C=CC=CC2=NC1=O
222222f1	222222	CCCCCN	-,-,-,-,N,-	1.344219	1.452463	1.343365	1.502099	1.396390	1.393722	123.163389	118.794388	121.643227	118.247645	118.674541	119.476799	-0.001656	0.019141	-0.007676	0.000321	74.7136	CC1=NC2=C(CN1C)CN3C=C(C=CC3=N2)Br
222222f1	222222	CCCCNC	-,-,-,-,-,C	1.344901	1.447535	1.341913	1.395830	1.410833	1.464229	120.995791	120.161034	118.742639	123.421185	119.238148	117.441202	0.000088	-0.000017	-0.000082	0.000001	84.0859	N12C(=CC=C(C1)O)C=CC=C2
222222f1	222222	CCCNNC	-,-,-,-,-,-	1.489555	1.419917	1.427603	1.374247	1.379191	1.345322	116.764847	118.722750	119.878387	117.893594	121.215868	123.859212	-3.730316	12.534987	-15.818907	0.113977	59.6900	CC1=CNNc2c1cccc2
222222f1	222222	CCNCCN	-,-,-,-,N,-	1.345989	1.384848	1.304536	1.454806	1.321233	1.375277	118.233366	124.622153	116.406688	121.049578	119.795275	119.892940	0.000127	-0.000065	-0.000098	0.000002	78.9056	C1CN2C=CN=C(C2=[NH+]1)Cl
222222f1	222222	CNCCNC	C,-,-,-,-,O	1.392585	1.348638	1.407330	1.374461	1.377655	1.539000	118.102729	122.212478	119.312610	122.837979	120.880785	116.653420	0.000027	0.000001	-0.000015	0.000000	69.6430	CCOC(=O)C=C1C(=O)Nc2c(non2)N1
222222f1	222222	CNCCNC	C,-,-,-,-,O	1.399305	1.349615	1.404875	1.372110	1.378341	1.548552	117.512736	122.245640	119.612548	122.739204	121.161034	116.628775	1.340515	0.283888	0.376277	0.028998	55.1160	COC(=O)/C=C/1\\C(=O)Nc2c(non2)N1
222222f1	222222	CNCNCC	C,-,N,-,-,-	1.373161	1.373806	1.378317	1.420555	1.352334	1.451707	115.392994	125.481161	116.172424	122.157277	118.247114	121.615744	7.637580	-11.748925	8.495613	0.088969	66.6608	C=C1C=C(N2[C@@H](N=C(N=C2N1)N3CCOCC3)c4ccccc4)[O-]
222222f1	222222	CNNCCC	C,-,-,-,-,-	1.399953	1.364989	1.299725	1.481129	1.408093	1.499611	112.007540	124.285087	117.829442	122.522414	117.544204	117.916343	22.521150	1.416617	-9.388482	0.260171	65.1362	c1ccc2c(c1)C(=C(C#N)C#N)NN=C2Cl
222222f1	222222	CNNCNC	-,-,-,N,N,-	1.372475	1.458310	1.336144	1.512775	1.468497	1.364245	126.233050	116.014846	124.425664	117.501384	118.221441	117.603614	-0.000117	0.000077	0.000021	0.000001	82.2930	CC(C)(C)C1=C([N+](=[NH2+])c2n[nH]c(=S)n2[N-]1)O
222222f1	222222	COCNCC	O,-,C,-,-,-	1.365957	1.423982	1.371632	1.396647	1.395339	1.471938	116.921896	125.044915	115.813560	123.222978	120.354583	118.642068	-0.000217	0.000051	0.000096	0.000002	74.6678	c1ccc2c(c1)C(=O)O/C(=C\\3/C=CC=CC3=[NH2+])/N2
222222f1	222222	NNCCCC	-,-,-,-,C,-	1.380505	1.421403	1.361988	1.452992	1.486820	1.296605	117.191960	124.033789	118.492975	119.408464	115.851676	123.753505	-11.301971	1.666514	6.560772	0.111826	82.6869	CC1(C=C2C(=NN(C(=C2C#N)N)c3ccccc3)CO1)C
222222f1	222222	NNCNNC	-,-,N,-,-,-	1.370394	1.370471	1.374421	1.385380	1.392723	1.302975	113.298739	125.394348	118.351771	117.532719	117.462916	126.474084	2.779034	-11.388486	14.566247	0.108645	59.7750	c1cocc1C2=Nn3c(=S)[nH]nc3NN2
222222f2	222222	CCCCCC	O,-,-,-,-,O	1.475331	1.407258	1.484793	1.407261	1.475331	1.513074	118.713158	120.375473	120.911367	120.911532	120.375248	118.713223	-0.000264	0.000190	-0.000305	0.000004	32.7314	O=C1C(=O)c2ccccc2c3ccccc13
222222f2	222222	CCCCCC	O,-,-,N,-,-	1.480337	1.387707	1.484158	1.492760	1.395528	1.473269	119.498500	120.813395	120.205547	118.852645	120.460583	120.169329	0.000025	0.000062	-0.000137	0.000001	67.7245	C12=C(C(=O)C3=C(C1=N)C=CC=N3)C(O)=CC=C2O
222222f2	222222	CCCCCC	O,-,-,N,-,-	1.496151	1.417023	1.510265	1.450256	1.415181	1.438470	114.657384	122.332590	120.622574	114.385419	122.708650	123.317229	5.491189	-14.683803	13.026055	0.146875	77.2996	CC1=C2C(=O)C3=C(C=CC=C3)C(=NNC4=C(C=C(C=C4)[N+]([O-])=O)[N+]([O-])=O)C2=C(C)O1
222222f2	222222	CCCCCC	O,-,-,O,-,-	1.445040	1.427304	1.445039	1.493599	1.407413	1.493598	115.327564	122.695342	122.695331	115.327504	121.963750	121.963633	-2.126770	1.459971	-0.328985	0.014301	55.5264	O=C1C2=C(C=CC=C2)C(=O)C3=C(OC(=C13)C4=CC=CC=C4)C5=CC=CC=C5
222222f2	222222	CCCCCC	O,-,-,O,-,-	1.446650	1.422142	1.440250	1.495653	1.416851	1.509835	115.872750	123.090296	122.523095	115.485373	122.904500	120.087491	2.316002	-1.113981	-0.005576	0.016663	54.4046	CC1=CC=CC2=C1C(=O)C3=C(OC(=C3C2=O)C4=CC=CC=C4)C5=CC=CC=C5
222222f2	222222	CCCCCC	O,-,-,O,-,-	1.449261	1.377806	1.433080	1.492581	1.410878	1.498780	116.955667	118.959909	127.154468	114.019043	121.160830	120.582720	2.227003	4.847161	-3.088690	0.109103	71.6536	[O-][N+](=O)C1=CC=CC2=C1C(=O)C3=C(OC4=C3C5=CC=CC=C5C=C4)C2=O
222222f2	222222	CCCCCC	O,-,-,O,-,-	1.455546	1.388663	1.468096	1.455546	1.388663	1.468096	111.669546	126.223891	122.106574	111.669529	126.223884	122.106576	-0.000038	0.000017	0.000073	0.000001	65.3068	c1csc2c1C(=O)c3c(ccs3)C2=O
222222f2	222222	CCCCCC	O,-,-,O,-,-	1.458112	1.413875	1.458112	1.458112	1.413875	1.458112	110.304505	124.847745	124.847750	110.304504	124.847745	124.847751	-0.000105	0.000104	-0.000102	0.000001	12.6390	c12c(non1)C(=O)c3c(non3)C2=O
222222f2	222222	CCCCCC	O,-,-,O,-,-	1.466048	1.424124	1.466049	1.466048	1.424124	1.466048	110.556563	124.721710	124.721732	110.556553	124.721718	124.721724	-0.000172	0.000520	-0.000387	0.000006	87.5643	c12c(n[nH]n1)C(=O)c3c(n[nH]n3)C2=O
222222f2	222222	CCCCCC	O,-,-,O,-,-	1.468766	1.388901	1.478635	1.492005	1.401621	1.478109	119.482339	119.976164	120.799299	120.022572	118.056068	121.663557	0.000032	-0.000394	0.000420	0.000004	82.1808	CC1=C(Cl)C2=C(C=C1)C(=O)C3=C(C=CC=C3)C2=O
222222f2	222222	CCCCCC	O,-,-,O,-,-	1.469137	1.387117	1.473419	1.489456	1.409822	1.489389	119.529502	119.711587	120.075039	119.670999	118.512054	119.474009	0.273714	-14.354924	13.896676	0.182453	89.9018	NC1=C(Br)C=C(Br)C2=C1C(=O)C3=C(C=CC=C3)C2=O
222222f2	222222	CCCCCC	O,-,-,O,-,-	1.471966	1.390999	1.476602	1.481303	1.397213	1.478626	119.351251	120.063056	120.527237	119.995314	118.877839	121.185303	-0.000120	-0.000064	0.000230	0.000002	79.5731	CC1=C(C2=C(C=C1)C(=O)C3=CC=CC=C3C2=O)[N+]([O-])=O
222222f2	222222	CCCCCC	O,-,-,O,-,-	1.472090	1.397444	1.479651	1.480110	1.397269	1.472065	119.962674	117.164263	120.071338	118.719754	120.180354	117.390835	-9.917043	-10.240025	13.515840	0.257068	75.6696	OS(=O)(=O)C1=C2C(=O)C3=C(C=CC=C3C(=O)C2=CC=C1)S(O)(=O)=O
222222f2	222222	CCCCCC	O,-,-,O,-,-	1.472766	1.391124	1.476215	1.488318	1.397916	1.477212	119.313546	120.179679	120.481246	119.654957	118.846392	121.116697	-0.369025	5.804052	-6.998297	0.065528	77.0882	Cc1ccc2C(=O)c3ccccc3C(=O)c2c1N
222222f2	222222	CCCCCC	O,-,-,O,-,-	1.473298	1.392140	1.474042	1.478175	1.397606	1.477325	119.811832	120.116428	120.195954	119.991394	119.661470	120.222922	0.000094	-0.000256	0.000215	0.000002	78.2153	OC1=CC(=C(O)C2=C1C(=O)C3=C(C=CC=C3)C2=O)Cl
222222f2	222222	CCCCCC	O,-,-,O,-,-	1.473708	1.392430	1.473489	1.477650	1.398247	1.477609	119.810649	120.136256	120.130437	120.097240	119.627413	120.197823	-0.005902	0.104970	-0.167108	0.001262	61.5783	OC1=CC(=C(O)C2=C1C(=O)C3=C(C=CC=C3)C2=O)S(O)(=O)=O
222222f2	222222	CCCCCC	O,-,-,O,-,-	1.473972	1.391574	1.473972	1.487540	1.344018	1.487540	118.120100	120.560268	120.560263	118.120103	121.316186	121.316194	0.033718	0.209227	-0.763626	0.007046	52.2822	O=C1C2=C(CCCC2)C(=O)C3=C1C=CC=C3
222222f2	222222	CCCCCC	O,-,-,O,-,-	1.475074	1.390318	1.470959	1.477142	1.401871	1.487431	119.953182	120.406642	120.074885	119.933726	120.495319	119.047430	-0.134853	-1.635887	0.829549	0.030130	74.1233	CC1=CC=C(NC2=C3C(=O)C4=CC=CC=C4C(=O)C3=C(O)C=C2)C=C1
222222f2	222222	CCCCCC	O,-,-,O,-,-	1.475556	1.390830	1.471581	1.476584	1.400460	1.487468	119.632254	120.386153	120.094812	119.860590	120.370245	119.272724	0.388820	3.679486	-2.405297	0.063316	76.6776	NC1=CC=C(O)C2=C1C(=O)C3=C(C=CC=C3)C2=O
222222f2	222222	CCCCCC	O,-,-,O,-,-	1.475999	1.397502	1.482243	1.475999	1.397502	1.482243	120.191581	120.246829	118.885031	120.191591	120.246820	118.885039	-2.358170	10.421747	-8.022075	0.121864	90.0000	NC1=CC=C(O)C2=C1C(=O)C3=C(C(=CC=C3O)N)C2=O
222222f2	222222	CCCCCC	O,-,-,O,-,-	1.476029	1.390767	1.472322	1.477458	1.400904	1.488661	119.788162	120.510003	120.173764	119.361633	121.141143	118.674160	0.324771	3.576783	-2.376577	0.060855	77.1955	CNC1=CC=CC2=C1C(=O)C3=C(C=CC=C3)C2=O
222222f2	222222	CCCCCC	O,-,-,O,-,-	1.476238	1.396441	1.475382	1.472568	1.395584	1.475148	119.852347	120.012468	119.885122	120.226520	119.812948	120.210595	-0.000006	-0.000012	-0.000000	0.000000	64.3107	Oc1ccc2C(=O)c3c(O)ccc(O)c3C(=O)c2c1O
222222f2	222222	CCCCCC	O,-,-,O,-,-	1.476238	1.396441	1.475382	1.472568	1.395584	1.475149	119.852355	120.012466	119.885125	120.226517	119.812960	120.210577	-0.000009	0.000003	-0.000017	0.000000	46.9249	OC1=C(O)C2=C(C=C1)C(=O)C3=C(C(=CC=C3O)O)C2=O
222222f2	222222	CCCCCC	O,-,-,O,-,-	1.476302	1.393871	1.476564	1.476995	1.394447	1.476996	119.171150	120.392715	120.423015	119.248854	120.277258	120.487008	0.000091	-0.000057	-0.000037	0.000001	89.3516	OC(=O)C1=CC2=C(C=C1)C(=O)C3=C(C=CC=C3)C2=O
222222f2	222222	CCCCCC	O,-,-,O,-,-	1.476329	1.391636	1.473458	1.477096	1.398933	1.486458	119.527241	120.487916	120.245204	119.308718	120.918792	119.156012	0.357581	3.582409	-2.391902	0.061242	77.1387	NC1=CC=CC2=C1C(=O)C3=C(C=CC=C3)C2=O
222222f2	222222	CCCCCC	O,-,-,O,-,-	1.476403	1.395713	1.476865	1.476403	1.395713	1.476865	119.326712	120.297699	120.375152	119.326708	120.297703	120.375147	0.242867	-0.240519	0.240339	0.002156	0.0032	OS(=O)(=O)C1=CC2=C(C=C1)C(=O)C3=C(C=CC(=C3)S(O)(=O)=O)C2=O
222222f2	222222	CCCCCC	O,-,-,O,-,-	1.476477	1.393982	1.476343	1.476569	1.395712	1.477167	119.195218	120.409665	120.409443	119.257614	120.320248	120.399975	0.020896	-0.771880	0.878335	0.009234	83.0616	OS(=O)(=O)C1=CC2=C(C=C1)C(=O)C3=C(C=CC=C3)C2=O
222222f2	222222	CCCCCC	O,-,-,O,-,-	1.476479	1.393994	1.476585	1.476430	1.394627	1.476852	119.157831	120.405980	120.422963	119.217713	120.338434	120.457079	0.000030	-0.000188	0.000196	0.000002	80.7724	BrC1=CC2=C(C=C1)C(=O)C3=C(C=CC=C3)C2=O
222222f2	222222	CCCCCC	O,-,-,O,-,-	1.476479	1.394044	1.476586	1.476245	1.394738	1.476887	119.161726	120.400795	120.419128	119.231128	120.331502	120.455721	0.000230	-0.000857	0.000565	0.000010	87.2949	ClC1=CC2=C(C=C1)C(=O)C3=C(C=CC=C3)C2=O
222222f2	222222	CCCCCC	O,-,-,O,-,-	1.476528	1.394103	1.476243	1.476374	1.394955	1.477154	119.196826	120.394520	120.387503	119.286343	120.309936	120.416265	-0.045421	0.828800	-0.947066	0.009636	81.4386	ClS(=O)(=O)C1=CC2=C(C=C1)C(=O)C3=C(C=CC=C3)C2=O
222222f2	222222	CCCCCC	O,-,-,O,-,-	1.476538	1.399759	1.484382	1.479983	1.393387	1.471525	119.620771	120.934624	117.997424	119.564661	120.833042	118.532818	-1.845896	12.901536	-10.105698	0.166131	87.0268	[O-][N+](=O)C1=CC=CC2=C1C(=O)C3=C(C(=CC=C3)Cl)C2=O
222222f2	222222	CCCCCC	O,-,-,O,-,-	1.476549	1.392428	1.473043	1.476977	1.399003	1.486220	119.552021	120.507969	120.141153	119.407467	120.899983	119.127733	-0.366279	-3.640748	2.466274	0.061918	77.3233	NC1=CC=CC2=C1C(=O)C3=C(C=C(Cl)C=C3)C2=O
222222f2	222222	CCCCCC	O,-,-,O,-,-	1.476556	1.393973	1.476865	1.476551	1.392129	1.476419	119.094638	120.403746	120.431698	119.137907	120.390057	120.538593	0.097372	-0.479374	0.333867	0.006068	86.2547	Nc1ccc2C(=O)c3ccccc3C(=O)c2c1
222222f2	222222	CCCCCC	O,-,-,O,-,-	1.476556	1.393973	1.476865	1.476551	1.392129	1.476419	119.094638	120.403751	120.431693	119.137910	120.390055	120.538593	0.097348	-0.479352	0.333859	0.006068	86.2538	NC1=CC2=C(C=C1)C(=O)C3=C(C=CC=C3)C2=O
222222f2	222222	CCCCCC	O,-,-,O,-,-	1.476587	1.393878	1.476694	1.476960	1.392937	1.476647	119.122619	120.421718	120.431883	119.135109	120.411247	120.477225	-0.019637	-0.099599	0.166439	0.001400	73.1708	CC1=CC2=C(C=C1)C(=O)C3=C(C=CC=C3)C2=O
222222f2	222222	CCCCCC	O,-,-,O,-,-	1.476737	1.394025	1.476481	1.476169	1.395145	1.476880	119.133069	120.437677	120.416089	119.205954	120.373156	120.434055	-0.000134	0.000085	0.000038	0.000001	84.6970	OC1=CC2=C(C=C1)C(=O)C3=C(C=CC=C3)C2=O
222222f2	222222	CCCCCC	O,-,-,O,-,-	1.476810	1.391728	1.473257	1.478013	1.398144	1.482499	119.398970	120.447078	120.137817	119.238702	120.857781	119.101539	-0.357221	-4.868855	2.316794	0.091290	73.8066	OC(=O)C1=CC=CC2=C1C(=O)C3=C(C=CC=C3)C2=O
222222f2	222222	CCCCCC	O,-,-,O,-,-	1.476883	1.391274	1.476883	1.476604	1.393812	1.476604	119.120764	120.464866	120.464866	119.120768	120.414205	120.414200	0.226571	-0.161882	0.029104	0.001632	58.4030	O=C1C2=C(C=CC=C2)C(=O)C3=C1C=C4CCCCC4=C3
222222f2	222222	CCCCCC	O,-,-,O,-,-	1.477275	1.395257	1.474055	1.477275	1.395257	1.474055	120.685037	119.068383	120.246560	120.685048	119.068364	120.246570	-0.049851	0.050539	-0.049962	0.000449	0.2148	OC1=C(O)C(=C(O)C2=C1C(=O)C3=C(C(=C(O)C(=C3O)S(O)(=O)=O)O)C2=O)S(O)(=O)=O
222222f2	222222	CCCCCC	O,-,-,O,-,-	1.477435	1.398548	1.478961	1.477436	1.398548	1.478961	119.064882	120.240006	117.203544	119.064877	120.240006	117.203541	-4.811209	23.219134	-18.483498	0.276670	90.0000	OS(=O)(=O)C1=C2C(=O)C3=CC=CC(=C3C(=O)C2=CC=C1)S(O)(=O)=O
222222f2	222222	CCCCCC	O,-,-,O,-,-	1.477506	1.399633	1.483945	1.478148	1.394943	1.479627	119.528640	121.164077	118.161746	119.688178	120.968694	118.640437	1.851417	-11.776846	9.999097	0.142974	89.9322	NC1=CC=CC2=C1C(=O)C3=C(C(=CC=C3)Cl)C2=O
222222f2	222222	CCCCCC	O,-,-,O,-,-	1.477714	1.391895	1.473236	1.477082	1.396223	1.485711	119.284684	120.580359	120.259097	119.318147	120.837045	119.518938	0.313255	2.363909	-1.204703	0.045358	73.4988	OCC1=CC(=C2C(=O)C3=CC=CC=C3C(=O)C2=C1)OC[CH](O)[CH](O)[CH](O)C=O
222222f2	222222	CCCCCC	O,-,-,O,-,-	1.478961	1.398548	1.477436	1.478961	1.398548	1.477436	119.064884	117.203542	120.240011	119.064877	117.203548	120.240004	-4.811193	-18.483489	23.219110	0.276670	90.0000	OS(=O)(=O)c1cccc2C(=O)c3c(cccc3C(=O)c12)S(=O)(=O)O
222222f2	222222	CCCCCC	O,-,-,O,-,-	1.488845	1.406434	1.498641	1.451265	1.380237	1.435637	114.100366	120.743205	121.938105	116.730799	118.920751	127.566773	-0.000049	-0.000052	0.000195	0.000002	61.8717	O=C1C2=C(C(=O)C3=C1C=CC=C3)C4=C(O2)C=CC5=CC=CC=C45
222222f2	222222	CCCCCC	O,-,-,O,-,-	1.497074	1.412097	1.497073	1.441452	1.414808	1.441452	114.710528	121.981381	121.981385	114.710527	123.308093	123.308087	-0.000047	0.000063	-0.000022	0.000001	85.4974	CC1=C2C(=O)C3=C(C=CC=C3)C(=O)C2=C(C)O1
222222f2	222222	CCCCCC	O,-,-,O,-,-	1.499057	1.412136	1.496787	1.424828	1.374233	1.444775	114.743822	121.747003	121.125966	114.574089	125.178446	122.630674	-0.000041	-0.000031	0.000057	0.000001	79.7501	Cn1c2c(nn1)C(=O)c3ccccc3C2=O
222222f2	222222	CCCCCC	O,O,-,-,-,-	1.513230	1.484622	1.416674	1.486670	1.403452	1.470271	116.949872	117.288252	117.469462	121.133211	120.684028	119.019268	-22.042427	-0.395754	14.063339	0.276293	70.8728	CC(C)C1=CC=C2C(=C1)C(=O)C(=O)C3=C2C=CC=C3C
222222f2	222222	NNCCNC	-,-,-,-,-,-	1.408048	1.361739	1.366330	1.339731	1.423752	1.309843	114.855443	122.754515	118.847476	121.672857	116.547262	125.319253	-0.395393	0.004848	0.078081	0.004859	57.9811	COc1ccc(cc1OC)N2C=NN3C2=NNc4c3[nH]c5c4cccc5
222222f2	222222	OCCNCC	-,-,-,-,C,N	1.411206	1.394757	1.389525	1.379323	1.487181	1.390380	122.001470	120.298168	119.456064	122.097517	119.463575	116.667520	-0.354891	1.237223	-1.565545	0.010811	55.6872	Cn1c(=O)c(c2c(n1)Oc3ccccc3N2)Cl
222222f2	222222	OCCOCC	-,-,-,-,-,-	1.371114	1.392779	1.370705	1.373764	1.396263	1.373181	115.596481	122.138244	122.232213	115.967569	121.600636	122.464858	0.000175	-0.000093	-0.000079	0.000002	88.7462	Clc1cccc2Oc3ccccc3Oc12
222222f2	222222	OCCOCC	-,-,-,-,-,-	1.375109	1.395169	1.375473	1.369413	1.391844	1.370263	116.948466	121.535677	121.485382	116.565033	122.165134	121.300308	0.000152	-0.000249	0.000117	0.000003	87.1063	Clc1cc(Cl)c2Oc3c(Cl)c(Cl)c(Cl)c(Cl)c3Oc2c1
222222f2	222222	OCCOCC	-,-,-,-,-,-	1.375311	1.395319	1.374988	1.370496	1.391675	1.369446	116.524552	121.505664	121.554003	116.909833	121.311076	122.194872	-0.000070	-0.000153	0.000033	0.000004	66.3749	Clc1cccc2Oc3c(Cl)c(Cl)c(Cl)c(Cl)c3Oc12
222222f2	222222	OCCOCC	-,-,-,-,-,-	1.376560	1.396603	1.376559	1.368368	1.389568	1.368368	116.475041	121.570292	121.570252	116.475075	121.954666	121.954673	0.000039	-0.000588	0.000769	0.000006	73.1868	Clc1cc2Oc3c(Cl)c(Cl)c(Cl)c(Cl)c3Oc2cc1Cl
222222f3	222222	CCCCCC	O,-,-,-,-,-	1.478270	1.405402	1.487807	1.423360	1.411555	1.480607	118.923371	119.842729	120.128421	119.945747	121.037719	120.058571	-0.228358	1.844269	-1.163920	0.026116	81.3140	c1ccc2c(c1)-c3ccc(c4c3c(ccc4)C2=O)[S@@](=O)CC(=O)[O-]
222222f3	222222	CCCCCC	O,-,-,-,-,-	1.479975	1.402228	1.416590	1.487851	1.404733	1.475458	118.804377	121.005788	120.021062	120.738351	120.017014	119.413409	0.000406	-0.000588	0.000511	0.000004	45.9278	O=C1C2=CC=CC=C2C3=CC=C4C5=CC=C6C7=C(C=CC=C7)C(=O)C8=C6C5=C(C=C8)C9=C4C3=C1C=C9
222222f3	222222	CCCCCC	O,-,-,-,-,-	1.479975	1.402229	1.416591	1.487850	1.404733	1.475459	118.804640	121.005370	120.021198	120.738533	120.016811	119.413449	-0.000098	0.000459	-0.000653	0.000005	57.9094	O=C1C2=CC=CC=C2C3=CC=C4C5=CC=C6C7=C(C=CC=C7)C(=O)C8=C6C5=C(C=C8)C9=C4C3=C1C=C9
222222f3	222222	CCCCCC	O,-,-,-,-,-	1.507780	1.419372	1.450919	1.362295	1.378832	1.474590	117.660603	120.015548	116.585826	124.580336	121.359132	119.798555	0.000116	-0.000123	0.000047	0.000001	68.3660	c1ccc2c(c1)-c3c4c(cccc4n[nH]3)C2=O
222222f3	222222	CCCCCC	O,-,-,O,-,-	1.463437	1.352438	1.463438	1.481729	1.400499	1.481729	116.501042	122.519420	122.519483	116.501045	120.979441	120.979568	0.000735	-0.000349	-0.000154	0.000006	70.6998	O=C1C2=C(C=CC=C2)C(=O)C3=C1C4C5=C(C=CC=C5)C3C6=C4C=CC=C6
222222i	222222	CCCCCC	-,-,-,-,N,C	1.339321	1.437444	1.338177	1.492768	1.528546	1.462347	122.138163	121.810446	122.355422	120.165754	117.371988	116.158227	-0.000681	0.000507	-0.000072	0.000005	69.9912	c1ccc2c(c1)C(=O)O/C(=C\\3/C=CC=CC3=[NH2+])/N2
222222i	222222	CCCCCC	-,-,-,-,O,C	1.340018	1.440929	1.338840	1.487569	1.509367	1.462100	121.914119	121.324829	121.902755	121.004559	116.683690	117.168675	0.162879	-0.001131	-0.294512	0.003729	67.0182	C[C@@H]1CCCCN1C2=N/C(=C/3\\C=CC=CC3=O)/NC(=C2)C
222222i	222222	CCCCCC	-,-,N,-,-,C	1.339664	1.488647	1.493758	1.340685	1.469079	1.468526	122.111183	121.858958	115.671511	121.367923	122.422330	116.567944	-0.068643	0.086002	0.001600	0.001301	83.3552	CC1=C(N)C=CC(=C1)C(C2=CC=C(NC3=CC=CC=C3)C=C2)=C4C=CC(C=C4)=NC5=CC=CC=C5
222222i	222222	CCCCCC	-,-,N,-,-,C	1.340464	1.498543	1.503318	1.342547	1.464900	1.467259	122.890006	121.478840	115.068043	121.688717	122.520176	116.354050	0.102567	-0.000625	-0.108610	0.001295	87.8361	CC[N+](C)(C)C1=CC=C(C=C1)C(C2=CC=C(C=C2)N(C)C)=C3C=CC(C=C3)=[N+](C)C
222222i	222222	CCCCCC	-,-,N,-,-,C	1.340518	1.499678	1.499679	1.340518	1.465603	1.465603	122.672336	121.422769	115.343843	121.422800	122.672301	116.465831	0.052243	0.051840	-0.104100	0.001048	89.8957	CN(C)C1=CC=C(C=C1)C(C2=CC=C(C=C2)N(C)C)=C3C=CC(C=C3)=[N+](C)C
222222i	222222	CCCCCC	-,-,N,-,-,C	1.340543	1.501595	1.501885	1.340663	1.464226	1.464443	122.695600	121.723902	114.782455	121.733587	122.678305	116.385897	0.014884	-0.133549	0.113587	0.001603	88.9874	CCN(CC)C1=CC=C(C=C1)C(C2=CC=CC=C2)=C3C=CC(C=C3)=[N+](CC)CC.OS([O-])(=O)=O
222222i	222222	CCCCCC	-,-,N,-,-,C	1.340629	1.482801	1.479720	1.340001	1.470426	1.471122	122.310957	120.709849	117.193783	121.018316	122.118353	116.648740	-0.013063	0.007973	0.007819	0.000183	82.9794	CC(O)=O.CC1=C(N)C=CC(=C1)C(C2=CC=C(N)C=C2)=C3C=CC(=N)C=C3
222222i	222222	CCCCCC	-,-,N,-,-,C	1.340745	1.497962	1.507990	1.342145	1.462824	1.465388	121.707762	118.991048	113.667621	120.374512	120.080954	115.179292	26.796650	-22.469992	-4.145129	0.337422	88.8755	CCN(CC)C1=CC=C(C=C1)C(C2=CC=C(C=C2)N(CC)CC3=CC(=CC=C3)S([O-])(=O)=O)=C4C=CC(C=C4)=[N+](CC)CC5=CC(=CC=C5)S(O)(=O)=O
222222i	222222	CCCCCC	-,-,N,-,-,C	1.341102	1.497518	1.507894	1.342515	1.463931	1.466320	121.409137	118.475575	113.381021	119.788795	119.893093	114.809875	-30.074878	25.739244	3.461079	0.373231	87.9574	CCN(CC1=CC(=CC=C1)S([O-])(=O)=O)C2=CC=C(C=C2)C(C3=CC=CC=C3)=C4C=CC(C=C4)=[N+](CC)CC5=CC(=CC=C5)S(O)(=O)=O
222222i	222222	CCCCCC	-,-,N,-,-,C	1.341303	1.505949	1.493943	1.340931	1.467154	1.464136	120.961976	120.761462	114.030367	119.583569	122.315046	115.279849	19.616848	-23.650912	5.316206	0.284024	87.2628	CCN(CC1=CC(=CC=C1)S([O-])(=O)=O)C2=CC=C(C=C2)C(=C3C=CC(C=C3)=[N+](CC)CC4=CC(=CC=C4)S(O)(=O)=O)C5=C(Cl)C=CC=C5
222222i	222222	CCCCCC	-,-,N,-,-,C	1.342846	1.500882	1.509182	1.342989	1.462266	1.464681	118.656713	115.415782	113.297151	117.067684	116.858967	114.711370	39.830616	-36.104386	-3.573901	0.515655	88.9418	CCN(CC)C1=CC=C(C=C1)C(=C2C=CC(C=C2)=[N+](CC)CC)C3=C(C=C(C(=C3)O)S(O)(=O)=O)S([O-])(=O)=O
222222i	222222	CCCCCC	-,-,N,-,-,C	1.343449	1.510656	1.502030	1.342833	1.463956	1.462537	116.949041	116.772667	112.731966	115.451872	118.429301	114.485470	37.814723	-40.870190	3.898200	0.528796	88.3964	CCN(CC1=CC=CC=C1)C2=CC=C(C=C2)C(=C3C=CC(C=C3)=[N+](CC)CC4=CC=CC=C4)C5=C(C=C(C(=C5)O)S(O)(=O)=O)S([O-])(=O)=O
222222i	222222	CCCCCC	-,-,N,-,-,C	1.344188	1.505967	1.500512	1.340373	1.467502	1.462782	118.360570	118.074068	113.058356	116.638187	119.944454	114.646193	34.136424	-36.699604	4.219006	0.465556	87.5498	CCN(CC1=CC(=CC=C1)S(O)(=O)=O)C2=CC=C(C=C2)C(=C3C=CC(C=C3)=[N+](CC)CC4=CC(=CC=C4)S(O)(=O)=O)C5=C(C=CC=C5)S([O-])(=O)=O
222222i	222222	CCCCCC	-,-,O,-,-,C	1.343010	1.486695	1.468889	1.340195	1.467687	1.468943	121.012629	120.709922	116.976545	120.572845	121.187162	115.945436	8.894140	-3.753002	-11.970175	0.188181	71.9173	OC(=O)C1=C(C=CC=C1)C(C2=CC=C(O)C(=C2)S(O)(=O)=O)=C3C=CC(=O)C(=C3)S(O)(=O)=O
222222i	222222	CCCCCC	-,-,O,-,-,C	1.344644	1.493109	1.493109	1.344644	1.482069	1.482069	121.184309	120.910323	117.656349	120.910336	121.184267	118.153346	0.157951	0.158299	-0.307282	0.003192	89.9900	ClC1=C(Cl)C(C(=C(Cl)C1=O)Cl)=C2C(=C(Cl)C(=O)C(=C2Cl)Cl)Cl
222222i	222222	CCCCCC	-,-,O,-,-,O	1.336369	1.497397	1.480350	1.340730	1.484693	1.471090	123.357318	118.815623	117.454360	123.389717	118.661465	118.305425	-1.515504	1.027888	-0.037018	0.012427	67.6630	C1C(C(CCl)=CC(C=1OC)=O)=O
222222i	222222	CCCCCC	-,O,-,-,C,-	1.493109	1.493109	1.344644	1.482069	1.482070	1.344644	120.910300	117.656372	120.910331	121.184286	118.153341	121.184301	0.158334	-0.307318	0.159283	0.003192	89.9924	ClC1=C(Cl)C(C(=C(Cl)C1=O)Cl)=C2C(=C(Cl)C(=O)C(=C2Cl)Cl)Cl
222222i	222222	CCCCCC	-,O,-,-,N,-	1.480795	1.471959	1.339085	1.500581	1.493533	1.340070	120.265563	117.403066	122.736210	120.847235	115.520657	123.226458	-0.031936	-0.124589	0.295450	0.002655	58.4836	CC1=C/C(=N\\C(=O)c2ccco2)/C(=CC1=O)C
222222i	222222	CCCCCC	-,O,-,-,O,-	1.476176	1.490857	1.340917	1.476176	1.490857	1.340917	123.141032	117.818671	119.024495	123.141004	117.818684	119.024476	-1.618834	1.101294	0.497598	0.018492	89.9977	COC1=CC=C(C=C1)C2=CC(=O)C(=CC2=O)C3=CC=C(OC)C=C3
222222i	222222	CCCCCC	-,O,-,-,O,-	1.487880	1.477299	1.335383	1.473600	1.475802	1.340444	120.087657	117.592681	121.651104	121.098062	117.430598	122.139898	-0.000009	0.000006	-0.000003	0.000000	34.4169	CC1=CC(=O)C=CC1=O
222222i	222222	CCCCCC	-,O,-,-,O,-	1.488676	1.471352	1.334469	1.488676	1.471353	1.334469	121.311378	117.961743	120.726876	121.311381	117.961746	120.726876	-0.000051	-0.000018	0.000082	0.000001	82.6115	OC1=CC(=O)C(=CC1=O)O
222222i	222222	CCCCCC	-,O,-,-,O,-	1.490889	1.490889	1.344604	1.490889	1.490889	1.344604	120.501715	118.989981	120.501715	120.501714	118.989981	120.501714	0.929211	-0.943305	0.929166	0.008287	0.0021	CC1=C(C)C(=O)C(=C(C)C1=O)C
222222i	222222	CCCCCC	-,O,-,-,O,-	1.492586	1.476572	1.338303	1.482204	1.477043	1.341906	118.653183	118.076331	122.672546	119.653261	117.662831	123.278058	-0.375391	-0.018787	0.091224	0.005590	59.1225	CC(C)C1=CC(=O)C(=CC1=O)C
222222i	222222	CCCCCC	-,O,-,-,O,-	1.499216	1.479219	1.338327	1.482553	1.472269	1.337149	119.019840	117.413784	122.828781	119.704735	117.660574	123.358319	-0.901383	0.044554	0.326907	0.011181	63.0782	COC1=CC(=O)C(=CC1=O)C
222222i	222222	CCCCCC	N,-,-,N,-,-	1.482266	1.336183	1.485613	1.482266	1.336183	1.485613	115.841362	122.368594	121.790043	115.841363	122.368589	121.790049	0.000008	-0.000065	0.000068	0.000001	83.3076	ON=C1C=CC(C=C1)=NO
222222i	222222	CCCCCC	N,-,-,O,-,-	1.484391	1.336323	1.489241	1.490817	1.338424	1.487478	115.119923	123.378136	120.950421	116.438343	121.533816	122.579360	-0.000036	0.000040	-0.000006	0.000000	87.3110	ClN=C1C=C(Br)C(=O)C(=C1)Br
222222i	222222	CCCCCC	N,-,-,O,-,-	1.491828	1.335674	1.471483	1.472604	1.337326	1.495024	114.806276	122.904664	121.227763	117.107931	121.864308	122.089059	-0.000012	-0.000019	0.000010	0.000000	69.2953	ClN=C1C=CC(=O)C=C1
222222i	222222	CCCCCC	O,-,-,O,-,-	1.473993	1.342910	1.495944	1.478490	1.334438	1.471523	117.576661	122.543730	119.443333	117.606865	121.872664	120.948809	0.998700	-1.030739	0.508981	0.008069	59.0726	O=C1C=CC(=O)C(=C1)C2=CC=CC=C2
222222i	222222	CCCCCC	O,C,-,-,-,-	1.518610	1.469124	1.341366	1.442726	1.339447	1.493733	114.160239	114.010287	120.469888	121.188450	121.328005	119.515667	-23.981690	-0.031081	13.313597	0.308378	66.8482	[H]/[O+]=C\\1/C=CC=C/C1=C\\2/[NH2+][C@H](CS2)C(=O)[O-]
222222i	222222	CCCCCN	-,-,-,O,C,-	1.474055	1.337377	1.483597	1.505748	1.481424	1.281989	123.577212	119.458892	122.018704	116.312067	117.281490	121.351636	-0.000022	0.000088	-0.000076	0.000001	83.4330	CC1=[NH+]C(=C2C(=CC=C(N2)C)O)C(=O)C=C1
222222i	222222	CCCCNC	-,-,-,-,-,C	1.347269	1.449955	1.345691	1.384658	1.396321	1.490830	121.046001	120.860772	119.315791	120.044993	125.033973	113.698470	-0.000021	-0.000023	0.000084	0.000001	63.9510	CC1=[NH+]C(=C2C(=CC=C(N2)C)O)C(=O)C=C1
222222i	222222	CCCCNC	-,-,-,-,-,C	1.347389	1.448219	1.340016	1.373646	1.406600	1.483849	121.877883	120.733169	118.173493	121.958312	124.074693	113.180060	0.042677	-0.412574	0.635554	0.004216	61.9750	c1ccnc(c1)/C(=C/2\\C=CC=CN2)/N=O
222222i	222222	CCCCNC	-,-,-,-,O,C	1.347135	1.444365	1.337483	1.445219	1.454367	1.480146	119.279358	122.756973	121.421809	115.923473	122.998016	112.484662	9.426845	0.866052	-20.127836	0.217609	66.6327	C1=CN(C(=C2C(=CC=C[N+]2=O)N)C(=C1)N)[O-]
222222i	222222	CCCCNC	-,-,-,C,-,-	1.440089	1.352914	1.526189	1.438940	1.384220	1.335918	118.030273	122.470891	119.413687	113.904274	121.317730	123.764349	2.653413	-10.249869	11.170896	0.106273	72.1799	C1=CN(C(=C2C(=CC=C[N+]2=O)N)C(=C1)N)[O-]
222222i	222222	CCCNCC	-,-,-,-,C,-	1.450482	1.341407	1.375262	1.394874	1.474855	1.347139	120.472081	118.324685	121.940212	123.290390	114.593794	121.378838	0.000001	-0.000006	-0.000016	0.000000	58.1556	C1=C/C(=C\\2/C=CN=N2)/NC=C1
222222i	222222	CCNCCC	-,-,-,N,N,-	1.488006	1.291116	1.380088	1.534025	1.487721	1.340227	117.954909	126.744686	115.180608	119.924858	112.529767	118.911901	1.607096	-26.041392	35.183022	0.291505	67.4229	CC1=C/C(=N\\O)/C(=N\\O)/N=C1
222222i	222222	CCNCCC	N,O,-,-,-,O	1.513824	1.363861	1.368630	1.335096	1.472606	1.514811	119.218851	114.706436	126.585900	122.836493	120.380393	116.271610	0.006057	-0.103534	0.034057	0.001804	70.0903	[H]/N=C\\1/C(=O)C=C(NC1=O)ONCCO
222222i	222222	CCNCNC	C,O,-,O,-,O	1.481015	1.367030	1.360819	1.360592	1.367463	1.480897	119.695545	115.033836	126.719360	116.759542	126.701595	114.988334	0.698221	-1.236099	2.988308	0.025168	40.1848	C1(C(NC(NC1=O)=O)=O)=CNCCBr
222222i	222222	CNCCNN	-,-,O,C,-,-	1.376639	1.366210	1.502977	1.379350	1.359829	1.298427	124.093127	123.226521	114.266128	116.079109	126.174126	116.160989	0.000546	-0.000466	0.000130	0.000005	67.2682	CCOC(=O)C1=NNC(=CC(=O)c2cccs2)C(=O)N1
222222i	222222	CNCCOC	-,-,-,-,-,-	1.494381	1.286063	1.452387	1.376863	1.395521	1.347757	121.607808	115.477947	123.561864	120.400058	117.395313	121.551766	0.094491	-0.238023	0.593976	0.005768	44.0929	c1cc(ccc1C2=C[N+](=C([CH-]O2)O)c3ccc(cc3)Cl)[N+](=O)[O-]
222222i	222222	CNCNCC	-,-,-,-,O,C	1.277178	1.347163	1.276402	1.369007	1.492357	1.470072	126.386755	114.574809	128.668298	120.774273	116.977872	112.512604	-1.532290	-0.237173	2.943373	0.032156	67.8127	c1cc([nH]c1)/C=C\\2/C(=NC(=NC2=O)O)O
222222i	222222	CNNCCC	-,-,-,O,C,-	1.381477	1.330855	1.546883	1.479208	1.454293	1.349306	124.775265	119.829829	120.885628	116.912520	115.809457	121.781860	0.377322	0.262148	-0.721584	0.007557	79.3887	CC1=C/C(=C/2\\NCC=[NH+]2)/C(=O)[NH+]=N1
222222i	222222	CNNCCC	O,-,-,O,-,-	1.374197	1.253656	1.374197	1.469061	1.328561	1.469061	117.266489	123.415705	123.415705	117.266488	119.317806	119.317806	0.000048	-0.011272	0.010680	0.000140	89.7721	O=c1ccc(=O)nn1
222222i	222222	CNNCNN	O,-,-,O,-,-	1.371985	1.395316	1.371984	1.371985	1.395316	1.371985	115.999246	121.784298	121.784287	115.999251	121.784278	121.784292	7.847456	-7.419376	7.419515	0.064346	0.0015	C1(=O)NNC(=O)NN1
222222i	222222	NCCCNC	-,O,C,O,-,O	1.383856	1.476551	1.476726	1.383337	1.386776	1.386297	125.252076	115.313404	120.739588	115.372349	125.349122	116.958007	-4.878283	3.728336	-6.465936	0.074368	30.3206	N1(C(N(C(=O)C(C1=O)=CNCCBr)C)=O)C
222222i	222222	NCCCNC	-,O,N,O,-,O	1.386548	1.496949	1.499618	1.385316	1.392446	1.394093	124.913594	112.948618	115.668910	112.338853	123.839348	117.316519	36.407297	-40.963309	27.325031	0.319691	48.3984	N1(C(N(C(=O)C(C1=O)=NO)C)=O)C
222222i	222222	NCNCCC	-,C,-,-,-,-	1.387758	1.382620	1.369055	1.339803	1.506140	1.313178	118.180780	120.042115	122.759018	119.458494	116.978534	122.422150	4.244844	-3.171939	-0.352233	0.038825	83.8893	C[C@@H]1CCCCN1C2=N/C(=C/3\\C=CC=CC3=O)/NC(=C2)C
222222i	222222	NCNOCC	-,O,-,-,-,-	1.380016	1.349884	1.396584	1.387761	1.352529	1.391967	120.210350	116.715794	126.096958	114.432818	122.107085	120.420448	-0.419842	1.280224	-1.001078	0.012699	84.3436	C=CCN1C(=C(ONC1=O)N)C#N
222223f1	222223	CCCCCC	-,-,O,-,-,-	1.335777	1.472435	1.498141	1.357218	1.534480	1.515650	124.462683	120.800091	118.028598	120.581776	122.589509	112.601153	-5.677304	4.011773	4.331099	0.102812	76.7734	C[CH]1[CH]2CC[C]3(C)C=CC(=O)C(=C3[CH]2OC1=O)C
222223f1	222223	CCCCCC	-,-,O,-,-,-	1.338314	1.469313	1.476251	1.347956	1.553531	1.529752	125.975837	120.758120	117.147988	122.978546	122.562516	110.569745	-0.336195	0.461071	0.143353	0.009061	75.0866	CC1CC2C3CCC(O)(C(=O)C)C3(C)CC(O)C2(F)C4(C)C=CC(=O)C=C14
222223f1	222223	CCCCCC	O,-,-,-,-,-	1.483233	1.341055	1.448835	1.343809	1.506173	1.521399	117.645131	118.207961	122.847743	120.941176	120.461179	112.402729	-4.521908	11.987102	4.268433	0.277567	67.2581	c1ccc2=[NH+][C@@H]3C(=O)C=CC=C3C=c2c1
222223f1	222223	CCCCNC	-,-,-,-,-,-	1.340150	1.438988	1.339038	1.385954	1.463037	1.501968	122.870634	119.329422	120.703108	122.014396	121.143111	112.683556	-5.323929	1.361642	8.417682	0.111429	69.6018	CCc1c(nnc(n1)SCC2=N[C@@H]3C=CC=CN3C(=O)C2)CC
222223f1	222223	CCCCNC	-,-,-,-,-,-	1.344413	1.446308	1.342527	1.391021	1.487924	1.513497	124.184706	120.426371	118.553570	124.221211	121.473885	111.124662	0.897753	-0.535311	-0.626915	0.013128	79.3465	N12C(C=CC(=C1)Br)C(=O)CCC2
222223f1	222223	CCNCNC	-,-,-,-,-,-	1.355518	1.416377	1.393147	1.350560	1.464859	1.527686	122.755517	117.646276	122.689273	120.826595	121.379720	113.111341	3.868388	1.941467	-12.093506	0.119232	63.3563	c1ccc(cc1)[C@@H]2C(=C(n3c(ncn3)N2)N)C#N
222223f1	222223	CNCCOC	O,-,-,-,-,-	1.365371	1.393508	1.396414	1.366261	1.418677	1.528379	115.476336	121.697505	120.268057	123.983710	115.085600	120.844897	3.450327	0.685762	-12.105538	0.150124	60.0145	O=C1COc2ccccc2N1
222223f1	222223	COCCCC	O,-,O,-,-,-	1.346992	1.350897	1.475105	1.388896	1.488112	1.500057	119.342290	123.091976	118.810638	119.671194	118.896142	113.692957	8.994874	-14.938641	-1.523556	0.261852	75.2321	O=C1CC2=C(C=CC=C2)C(=O)O1
222223f1	222223	NCCCCC	-,-,-,-,-,-	1.387799	1.338389	1.459625	1.402758	1.526123	1.492679	118.885148	123.090495	120.564061	119.017531	119.418980	112.394120	5.140492	-9.730687	-6.239540	0.258143	67.0725	N1(C(CC(=O)O)C2C=CC=CC(C=C1)=2)C(=O)C
222223f1	222223	NCCCCC	-,-,-,-,-,-	1.404419	1.411811	1.474741	1.345178	1.500388	1.464504	116.680736	121.001382	117.963239	118.334280	123.112527	111.254657	2.392865	12.912106	-0.331785	0.333536	66.9694	N1C(C=C(C=O)C2=C1C=CC=C2)C3=CC=C(C=C3)F
222223f1	222223	NCCCNC	-,-,-,-,-,-	1.401761	1.396858	1.460581	1.281083	1.474383	1.465825	114.355113	120.589724	114.900935	128.021297	113.982551	117.146253	-4.211236	-10.024025	-2.003358	0.312535	62.5746	Cc1ccc(o1)[C@@H]2Nc3ccccc3C(=N2)O
222223f1	222223	NCNCCC	-,-,-,-,-,-	1.277904	1.549713	1.270518	1.430561	1.477120	1.450540	120.796807	123.413197	115.619176	124.259903	118.992156	115.123059	-6.324542	4.001081	6.498998	0.135728	71.8685	CC1[C@@-]2[C@@H](N=C[NH+]=C2O)N=C1C
222223f1	222223	NCNCNC	-,-,-,-,-,-	1.288323	1.365830	1.299136	1.378317	1.459588	1.476483	117.137792	123.815910	117.934288	125.372974	112.371677	115.518508	16.007121	-4.883021	-18.223621	0.279220	71.7244	C=C1C=C(N2[C@@H](N=C(N=C2N1)N3CCOCC3)c4ccccc4)[O-]
222223f1	222232	CCCNCC	-,-,-,-,-,-	1.478719	1.410740	1.401840	1.465524	1.509870	1.345110	117.597018	118.772946	121.677372	118.853114	111.670428	124.978199	-3.453426	23.778908	-29.558657	0.245889	65.2106	CC1=CC(C)(C)NC2=C1C=CC=C2
222223f1	222232	CCCOCC	-,-,-,-,-,-	1.469433	1.400337	1.365416	1.437805	1.509148	1.340436	116.837121	119.489170	124.415403	119.013967	115.895721	124.348618	0.000167	-0.006406	0.008739	0.000073	68.6286	CC1=CC(C)(C)OC2=C1C=C(O)C=C2
222223f1	222232	CNCCCC	-,-,-,-,-,-	1.394094	1.362471	1.338920	1.494020	1.551705	1.363442	120.433852	121.423143	122.362082	123.012496	110.764170	121.547289	4.328925	1.463650	-6.254434	0.071003	78.4808	CC1=C([C@@H](C2=C(N1)c3ccccc3C2=O)c4ccco4)C#N
222223f1	222232	NCCOCC	-,-,-,-,-,O	1.393508	1.396414	1.366261	1.418677	1.528379	1.365371	121.697507	120.268056	123.983712	115.085612	120.844907	115.476344	0.685768	-12.105489	19.557647	0.150123	60.0146	N1C(=O)COC2C1=CC=CC=2
222223f1	222232	NCNCCC	-,-,-,O,-,-	1.360276	1.290307	1.370667	1.521998	1.513403	1.293862	118.554839	125.036050	119.009436	115.921501	107.864352	121.623518	1.186179	27.963201	-38.531971	0.346389	67.1833	C[C@H](C(=O)C1=N[C@@H]2C(=NC(=NC2=O)N)NC1)O
222223f1	222322	CCCCNC	-,-,-,-,-,-	1.443102	1.342243	1.516790	1.478969	1.410833	1.345104	120.677782	120.241889	122.824046	113.094264	120.940285	122.221733	0.000059	-0.000048	-0.000006	0.000001	85.7034	N12C(=CC=C(C1)O)C=CC=C2
222223f1	222322	CCCSCN	-,-,-,-,C,-	1.487613	1.388807	1.770103	1.745841	1.370241	1.298326	125.476751	119.761053	122.934866	98.253246	124.440466	120.953638	0.499198	18.016891	-32.081903	0.314733	67.4825	CCCCC1=N/C(=C\\C#N)/Sc2c1ccc(n2)C
222223f1	222322	CCCSNN	-,-,-,O,-,-	1.423198	1.415016	1.734565	1.675258	1.459956	1.338458	122.010986	123.802675	121.216032	106.112455	120.224936	126.437705	0.841912	-3.654828	3.213377	0.049920	81.4154	CCOC(=O)CNC1=[NH+]N=[S@](=O)(c2c1cccc2)O
222223f1	222322	NCCSNC	-,-,-,O,-,-	1.399294	1.381489	1.749394	1.612747	1.282182	1.364950	121.773052	121.260685	119.019971	108.374976	118.884386	130.686930	0.000012	-0.000298	0.000322	0.000004	80.9313	CN1C=NS(=O)(=O)c2c1nccc2
222223f1	222322	NCNCCC	-,N,-,-,-,-	1.370939	1.352117	1.475486	1.478720	1.367778	1.377982	118.243719	122.872170	123.033973	110.799438	123.039069	121.903100	-4.125464	3.464772	-1.230147	0.028930	58.9848	c1cc(c(cc1O)O)[C@@H]2c3c([nH]cn3)NC(=[NH2+])N2
222223f1	222322	OCNCCC	-,O,-,-,-,-	1.396344	1.396848	1.446931	1.482144	1.377350	1.402491	120.510084	117.075474	119.050300	111.257402	118.424151	119.959200	24.139667	-42.171149	30.469250	0.362634	71.0276	c1ccc2c(c1)cc3c(n2)OC(=O)N(C3)C4CC4
222223f1	223222	CNCCCC	-,-,-,-,-,-	1.392518	1.449048	1.495774	1.345622	1.485174	1.357259	120.809708	124.634610	111.161093	123.537712	120.191089	118.352486	-13.773802	8.631399	-0.342538	0.110230	66.6898	CC1=C2C=CC=CC2=CCN1
222223f1	223222	CNCCCN	-,-,-,-,-,-	1.385796	1.452497	1.487385	1.338430	1.365381	1.295823	125.193638	119.493566	111.541671	121.692587	122.769734	118.073868	-12.601637	8.314284	0.361390	0.109294	68.3486	CC1=NC2=C(CN1C)CN3C=C(C=CC3=N2)Br
222223f1	223222	CNCNCC	-,-,-,-,-,-	1.272800	1.473048	1.461651	1.372535	1.340569	1.461749	130.936892	115.317955	114.627118	123.647486	120.605218	113.965977	-7.668161	11.494983	-7.267532	0.091971	67.7651	C[NH+]1CCC2=C(C1)C(=NC3(N2)CCCCC3)O
222223f1	223222	CNCNCC	-,-,-,-,-,-	1.402136	1.441185	1.470426	1.286933	1.504324	1.353445	121.346239	122.623040	111.633508	123.738929	122.022410	115.852460	20.059081	-13.327949	2.065632	0.155109	61.3826	CCC1=c2ccc(cc2=[NH+][C@@H](N1)[NH+]=C(N)N)C
222223f1	223222	NCCCCC	-,-,-,O,-,-	1.297035	1.490024	1.489932	1.474284	1.403487	1.419787	119.186477	125.471170	113.515174	116.803484	118.926407	121.798045	-12.513636	22.954303	-18.257913	0.210819	70.6127	c1cc2ccc3c(c2nc1)N=C[C@H](C3=O)C(=O)[O-]
222223f1	223222	NCCCCC	-,O,-,-,-,-	1.536036	1.501890	1.498449	1.346897	1.502324	1.280926	120.552944	120.170094	112.039549	126.148304	118.444551	122.644558	-0.000001	0.000002	-0.000005	0.000000	47.9252	c1cc2=[NH+]C(=O)CC=c2c(c1)O
222223f1	232222	CCCCOC	-,-,-,-,-,-	1.509690	1.520374	1.398361	1.374260	1.387945	1.347126	121.449014	111.493043	119.869185	122.565667	118.529911	123.296499	-14.239084	1.831803	11.846428	0.176292	82.1427	C1(=C(OC2C=CC=CC(C1C3C=CC=CC=3)=2)C4=CC(OC)=C(C=C4)OC)C=O
222223f1	232222	CCCCOC	-,-,-,-,-,-	1.513169	1.522768	1.398428	1.373834	1.386642	1.347273	121.595536	111.372878	119.989521	122.685054	118.582998	123.387029	13.046059	-1.692494	-11.124966	0.163093	82.9147	C1(=C(OC2C=CC=CC(C1C3=C(C)C=CC=C3)=2)C4=CC=C(C=C4)OCC)C=O
222223f1	232222	CSCNCC	-,-,N,-,O,-	1.733386	1.721789	1.372549	1.370407	1.476365	1.339605	123.009376	104.018453	120.577066	129.689714	117.139525	125.565867	-0.000011	0.000012	-0.000004	0.000000	60.6441	CC1=CC(=O)N2CCN=C2S1
222223f1	322222	CCCCCN	-,-,-,-,-,-	1.498980	1.339978	1.451407	1.356636	1.426156	1.474795	112.829458	123.451777	120.992221	119.422797	121.730966	121.572781	0.000023	-0.000044	-0.000005	0.000001	73.0674	C12N(C=CC=C1)CC=CC=2Br
222223f1	322222	CCCCCN	-,-,-,-,-,-	1.500026	1.339312	1.441933	1.356854	1.423551	1.476884	113.085941	123.257079	120.667190	120.400745	121.181867	121.407178	0.000023	0.000011	-0.000053	0.000000	69.3370	C12N(C=CC=C1)CC=CC=2O
222223f1	322222	CCCCCN	-,-,-,-,-,-	1.500658	1.338885	1.439622	1.344566	1.411739	1.474679	113.002852	122.969862	120.757316	120.012054	122.100472	121.157444	-0.000013	-0.000017	0.000011	0.000000	67.7565	C12N(CC=C(C=1)Cl)C=CC=C2
222223f1	322222	CCCCCN	-,-,-,-,-,-	1.500986	1.340814	1.443386	1.344761	1.410859	1.473472	112.996466	123.414569	120.026874	120.335455	122.149466	121.077170	0.000005	-0.000011	-0.000004	0.000000	69.2469	C12N(CC=C(C=1)Br)C=CC=C2
222223f1	322222	CCCCCN	-,-,-,-,-,-	1.503073	1.345080	1.453261	1.344481	1.408386	1.470268	113.134349	124.627286	117.658370	121.605441	122.132392	120.585115	-3.664277	4.647057	-1.084749	0.051836	89.8420	C12N(CC=C(C=1)NC3C=CC=CC=3)C=CC=C2
222223f1	322222	CCCNCC	-,-,-,-,-,-	1.498429	1.342232	1.385913	1.402108	1.356357	1.501525	113.124076	120.263398	123.589669	120.103425	119.945224	122.699973	1.989580	2.872695	-4.113047	0.054730	82.2617	C1C(=C(N2C(=O)CSC2=C1C(=O)N)N)C#N
222223f1	322222	CCCNCC	-,N,-,-,-,-	1.476710	1.457673	1.292322	1.373719	1.345639	1.502969	108.992916	121.006578	125.333160	115.782370	125.710232	123.174745	0.000058	-0.000054	0.000051	0.000000	5.7309	C1C(=CN=C2C1=NN=N2)O
222223f1	322222	CNCCCN	-,-,O,-,-,-	1.459285	1.397447	1.484606	1.397561	1.398900	1.459852	109.822932	118.897260	116.261558	118.807344	121.076779	115.111869	22.733885	2.245771	0.601349	0.405192	56.2582	CC1Nc2cc(Cl)c(cc2C(=O)N1c3ccccc3C)S(=O)(=O)N
222223f1	322222	CNCNNC	-,-,-,-,-,-	1.421828	1.365725	1.286061	1.411744	1.303726	1.541347	108.093738	120.563522	128.567276	116.993468	118.431461	126.807612	3.825430	2.400490	-3.079322	0.074612	70.1391	COC1(C=NN=C2N1C=NN2)OC
222223f1	322222	COCNCC	-,-,O,-,-,-	1.461815	1.371099	1.377638	1.361120	1.388796	1.471077	113.171574	124.009640	118.970894	121.484828	121.964638	120.398426	0.000002	0.000008	-0.000007	0.000000	81.9750	Cc1c2c(n[nH]1)COC(=O)N2
222223f2	222223	CCCCCC	C,-,-,O,C,-	1.484366	1.406054	1.481029	1.492126	1.519828	1.528256	113.521653	119.920446	120.092882	118.778430	116.358034	109.893568	-0.996542	11.615623	12.016053	0.455692	61.7436	CN(C)C1C2C(O)C3C(=C)c4cccc(O)c4C(=O)C3=C(O)C2(O)C(=O)C(=C1O)C(=O)N
222223f2	222223	CCCCNC	-,-,-,-,-,-	1.339999	1.449989	1.355191	1.413827	1.483870	1.503373	123.299636	120.734495	120.011238	120.792087	122.044998	111.693755	-4.759826	-1.461151	11.479003	0.116766	66.8017	C1CCN2[C@@H](C1)C=CC3=C2CCCC3=O
222223f2	222223	NCCCNC	-,-,-,-,-,-	1.289037	1.442442	1.374996	1.356056	1.464892	1.462317	117.614979	123.410616	118.760745	122.405710	117.044797	119.801237	-3.928078	3.907794	3.156228	0.096944	71.6139	C1C[C@@H]2N=Cc3c(c(sc3N2C1)C(=O)N)N
222223f2	222322	CCCCCC	O,-,-,-,-,-	1.477270	1.400559	1.529443	1.520203	1.404128	1.478575	118.937953	119.079569	121.332894	111.315352	121.187914	119.297686	-9.450067	29.995751	-29.592332	0.312674	74.8792	OCC1OC(C(O)C(O)C1O)C2c3cccc(O)c3C(=O)c4c(O)cc(CO)cc24
222223f2	222322	CCCCCC	O,-,-,-,-,-	1.480973	1.399786	1.505049	1.505049	1.399786	1.480973	119.039713	120.448363	122.090692	115.882178	122.090689	120.448366	-0.000055	0.000547	-0.000527	0.000007	87.5116	O=C1C2=C(CC3=C1C=CC=C3)C=CC=C2
222223f2	222322	CCCSCC	N,-,-,O,-,-	1.492395	1.391200	1.753749	1.754757	1.393618	1.496125	117.423616	121.539485	118.550470	105.892883	118.741174	121.099602	1.259859	27.504156	-26.562506	0.473060	88.7958	ON=C1C2=C(C=CC=C2)S(=O)(=O)C3=CC=CC=C13
222223f2	222322	CCCSCC	O,-,-,O,-,-	1.481912	1.387775	1.747678	1.747678	1.387775	1.481912	122.775206	123.621384	120.530640	108.920744	120.530641	123.621385	0.000064	-0.000037	-0.000009	0.000001	74.2847	O=C1C2=C(C=CC=C2)S(=O)(=O)C3=CC=CC=C13
222223f2	222322	NCCCCC	-,N,C,-,-,-	1.313594	1.561998	1.517113	1.519538	1.402062	1.360297	123.003276	120.280492	114.999233	113.692292	121.008991	122.603759	-24.580720	20.658970	-7.515564	0.208333	62.2185	CC1=NC(=C2[C@@H](C1C#N)c3ccccc3NC2=[NH2+])C
222223f2	222322	NCCSCC	-,-,-,-,-,-	1.402651	1.402903	1.782611	1.788674	1.410383	1.411677	127.893037	122.216417	122.533588	103.134795	123.331632	120.642265	1.667367	1.365620	-1.192246	0.047791	74.3135	COC(=O)C1=C2NC3=CC=CC=C3SC2=CC=C1
222223f2	222322	NCCSCC	-,-,-,-,-,-	1.406277	1.405106	1.785114	1.785114	1.405106	1.406277	126.583500	122.281722	122.820747	102.916005	122.820747	122.281721	-2.443287	-0.842934	0.842925	0.049871	68.7942	N1C2=CC=CC=C2SC3=C1C=CC=C3
222223f2	222322	NCCSCC	-,-,-,-,-,-	1.407748	1.412028	1.805658	1.778659	1.400705	1.403343	127.171574	123.273241	120.314359	104.293367	122.625388	122.030565	-2.206821	-1.143042	1.145036	0.050622	71.9813	N1C2=CC=CC=C2SC3=C1C=CC4=C3C=CC=C4
222223f2	222322	NCCSCC	-,-,-,-,-,-	1.407964	1.401091	1.778396	1.778396	1.401091	1.407964	126.282429	122.096502	123.387085	102.502404	123.387083	122.096504	2.404690	0.535758	-0.535749	0.044787	66.0277	c1cncc2c1Nc3ccncc3S2
222223f2	222322	NCCSCC	-,-,-,-,-,-	1.408128	1.409518	1.790729	1.790777	1.408285	1.407475	129.226036	121.430528	121.197979	105.418228	120.930053	121.797175	0.001005	0.000307	-0.000412	0.000019	69.6040	ClC1=C2NC3=C(Cl)C(=CC(=C3SC2=C(Cl)C=C1)Cl)C#N
222223f2	222322	NCCSCC	-,-,-,-,-,-	1.417344	1.409904	1.782774	1.782774	1.409904	1.417344	124.911188	121.298653	122.697263	101.617480	122.697265	121.298651	-1.936578	17.430474	-17.430359	0.270957	82.3232	CN1C2=C(SC3=C1C=CC=C3)C=CC=C2
222223f2	222322	NCCSCC	-,-,-,-,-,-	1.425952	1.409816	1.776601	1.776602	1.409816	1.425951	125.357600	121.737554	123.611150	102.291525	123.611143	121.737558	2.042080	-10.440829	10.440744	0.150811	79.4077	CCN1C2=C(SC3=C1C=CC=C3)C=CC=C2
222223f2	222322	NCCSCC	-,-,-,-,-,-	1.444770	1.411659	1.791638	1.775294	1.406099	1.443555	116.020648	123.311040	118.753307	98.702299	121.395837	121.030807	-1.829162	32.640292	-33.932747	0.538663	83.1773	CC(=O)N1C2=C(SC3=C1C=CC4=C3C=CC=C4)C=CC=C2
222223f2	222322	NCCSCC	-,-,-,-,-,-	1.447356	1.407305	1.777173	1.773400	1.404372	1.440540	116.117565	121.580722	122.090255	98.256492	121.671229	122.412660	1.345365	-29.812599	29.577759	0.495892	84.9504	CC(=O)N1C2=C(SC3=C1C=C(C=C3)C(=O)CCl)C=CC=C2
222223f2	222322	NCCSCC	-,-,-,O,-,-	1.414608	1.406115	1.798233	1.797724	1.405972	1.413354	122.941388	121.104347	121.241287	97.698659	121.238352	121.170361	-10.395725	33.425601	-33.320009	0.454790	74.0440	CC[N+]([O-])(CC)CCCN1C2=C(C=CC=C2)S(=O)C3=C1C=CC=C3
222223f2	222322	NCCSCC	-,-,-,O,-,-	1.416604	1.409010	1.800528	1.800528	1.409010	1.416604	121.641732	120.177898	120.866587	96.785283	120.866591	120.177889	8.437972	-35.972269	35.972293	0.522825	77.4054	CN1C2=C(C=CC=C2)S(=O)C3=C1C=CC=C3
222223f2	222322	NCCSCC	-,-,-,O,-,-	1.420853	1.410018	1.793462	1.791439	1.407509	1.422731	123.557811	121.000391	121.882139	98.117484	121.932381	121.032240	-11.141730	32.007120	-32.246543	0.419630	72.0379	CCN1C2=C(C=CC=C2)[S](=O)C3=C1C=CC(=C3)[N+]([O-])=O
222223f2	222322	NCCSCC	-,-,-,O,-,-	1.443642	1.407641	1.797536	1.791448	1.402698	1.438629	114.207689	120.852949	120.540687	93.774647	120.410904	121.594301	8.267352	-41.998542	40.921731	0.641007	80.1863	CC(=O)N1C2=C(C=CC=C2)S(=O)C3=C1C=CC=C3
222223f2	222322	OCCCCC	-,-,-,-,-,-	1.373757	1.400728	1.517276	1.517276	1.400728	1.373757	118.202566	123.284908	119.019171	112.094355	119.019173	123.284902	3.125271	-19.857595	19.857575	0.237350	80.7478	CC(=O)OC1=CC2=C(C=C1)C3(OC(=O)C4=C3C=CC=C4)C5=C(O2)C=C(OC(C)=O)C=C5
222223f2	222322	OCCCCC	-,-,-,-,-,-	1.374480	1.399840	1.516575	1.517124	1.399353	1.373967	118.058819	123.162412	119.059955	111.985142	119.018955	123.223367	2.628351	-20.150147	20.247450	0.246356	81.8006	Oc1ccc2c(Oc3cc(O)ccc3C42OC(=O)c5ccccc54)c1
222223f2	222322	OCCSCC	-,-,-,-,-,-	1.371973	1.394401	1.769914	1.769914	1.394401	1.371973	121.428088	126.091968	122.889162	100.609701	122.889209	126.091872	-0.000062	0.000499	-0.000386	0.000008	88.3421	O1C2=CC=CC=C2SC3=C1C=CC=C3
222223f2	232222	NCCCCC	-,-,C,-,-,-	1.480992	1.506173	1.453500	1.346343	1.506135	1.285267	123.128026	111.750834	116.543869	121.564565	117.990918	120.976743	32.449531	-20.629029	-0.864471	0.282075	64.6002	c1ccc2=[NH+][C@@H]3C(=O)C=CC=C3C=c2c1
222223f2	322222	CCCCCC	-,-,-,N,-,-	1.528086	1.405493	1.490524	1.493662	1.407351	1.529043	109.578043	120.048000	118.817881	114.740047	118.222623	120.477525	3.579399	30.666535	-30.634066	0.462813	86.0330	CC(C)(C1c2ccccc2C(=NO)c3c1cccc3)[N+](=O)[O-]
222223f2	322222	CCCCCN	-,-,-,-,-,-	1.507840	1.410557	1.480245	1.416683	1.413266	1.461610	112.827533	119.011982	118.141013	118.619506	121.014938	114.474462	-3.259025	-13.083124	-1.759928	0.384790	65.0890	CC(O)=O.C1NC2=CC=CC=C2C3=C1C=CC=C3
222223f2	322222	CCCOCC	-,-,-,-,-,-	1.501612	1.396245	1.373819	1.373235	1.395764	1.503118	113.403614	120.226672	123.654300	118.751653	123.634871	120.246076	-1.097845	-1.311297	1.611660	0.029798	74.3721	OC1C2=C(OC3=C1C=CC=C3)C=CC=C2
222223f2	322222	CCCOCC	-,-,-,-,-,-	1.527626	1.398685	1.374408	1.374408	1.398685	1.527626	112.300974	120.806113	122.676898	120.717946	122.676933	120.806077	-0.160625	-0.875334	0.875420	0.012940	81.4718	CC1(CCC(O)=O)C2=C(OC3=C1C=CC4=C3C=CC=C4)C5=C(C=CC=C5)C=C2
222223f2	322222	CCNNCC	-,O,-,-,-,-	1.519428	1.388559	1.431547	1.396808	1.348527	1.497392	114.718023	117.549994	120.424012	120.351907	122.046988	119.846092	14.502864	4.440694	-12.083544	0.228511	71.1853	COc1ccc2c(c1)CCC3=C2CC(=O)N4N3CCCC4
222223f2	322222	CNCNCC	-,-,-,-,-,-	1.454974	1.396390	1.299770	1.366428	1.338430	1.488401	112.114159	119.187230	125.861179	117.749238	123.015416	122.070865	0.325607	0.022122	-0.139882	0.004259	63.6746	CC1=NC2=C(CN1C)CN3C=C(C=CC3=N2)Br
222223f2	322222	COCCNC	-,-,-,-,-,N	1.420231	1.370624	1.403119	1.392921	1.344530	1.502288	118.707943	116.799223	124.525819	117.934043	122.440112	118.571742	8.333764	-0.584932	-3.265069	0.095151	63.9700	CCn1c(=O)n-2c(n1)COc3c2cccc3
222223f2	322222	SCCCCC	O,-,-,S,-,-	1.803393	1.400703	1.478204	1.478544	1.401440	1.803297	95.877773	121.379534	118.520937	117.722119	118.480145	121.329358	6.188274	38.726737	-38.144678	0.618735	81.2501	S1(C2=C(C=CC=C2)C(C3=C1C=CC=C3)=S=O)=O
222223f2	322222	SCCNCC	-,-,-,-,-,-	1.772850	1.350499	1.378427	1.377774	1.350108	1.743695	103.147097	119.376643	126.627815	124.565219	122.211895	124.069080	-0.005777	0.177998	0.083027	0.005020	61.9022	CC1(CC2=C(C(=O)C1)Sc3c(c(=O)[nH]cn3)N2)C
222223f2	322222	SCCNCC	-,-,-,-,-,-	1.775704	1.408797	1.425612	1.426504	1.409781	1.776332	102.324361	123.691632	121.749860	125.378787	121.741794	123.622598	1.810192	9.409848	-9.284280	0.143166	79.4678	CN1CCN(CCCN2c3ccccc3Sc4ccc(cc24)C(F)(F)F)CC1
222223f2	322222	SCCNCC	-,-,-,-,-,-	1.776581	1.409879	1.425359	1.426134	1.409873	1.776643	102.342556	123.628579	121.677007	125.497626	121.670899	123.619353	-1.935222	-9.648101	9.684698	0.146484	79.7017	NC1=CC(=C(C=C1)C(O)=O)O.C2CCN(C2)CCN3C4=C(SC5=C3C=CC=C5)C=CC=C4
222223f2	322222	SCCNCC	-,-,-,-,-,-	1.776643	1.409873	1.426133	1.425359	1.409878	1.776580	102.342518	123.619348	121.670905	125.497564	121.677032	123.628598	-1.866452	-9.684515	9.648598	0.146486	79.7017	NC1=CC=C(C=C1)C(O)=O.C2CCN(C2)CCN3C4=C(SC5=C3C=CC=C5)C=CC=C4
222223f2	322222	SCCNCC	-,-,-,-,-,-	1.783763	1.409689	1.420294	1.430562	1.406644	1.781726	100.825889	122.303130	122.084661	121.732817	122.281997	122.091668	0.781359	25.295002	-24.451994	0.343011	83.4100	CCN1CCC[CH](C1)N2C3=C(SC4=C2C=CC=C4)C=CC=C3
222223f2	322222	SCCNCC	-,-,-,-,-,-	1.785264	1.405198	1.406523	1.405802	1.403200	1.783869	102.910081	122.772478	122.261193	126.600450	122.257039	122.906163	2.386408	-6.540866	6.557479	0.049790	69.2067	ClCC(=O)C1=CC2=C(SC3=CC=CC=C3N2)C=C1
222223f2	322222	SCCNCC	O,-,-,-,-,-	1.799144	1.401975	1.409439	1.409439	1.401975	1.799144	98.991079	122.003680	121.813913	123.174059	121.813906	122.003688	-5.921383	-23.025115	23.025157	0.378279	77.5989	O=S1C2=C(NC3=C1C=CC=C3)C=CC=C2
222223f2	322222	SCCOCC	O,-,-,-,-,-	1.742305	1.385325	1.368684	1.368684	1.385325	1.742305	106.013995	118.993007	126.851386	122.297217	126.851389	118.993006	0.000008	-0.000123	0.000117	0.000001	84.9229	O=S1(=O)C2=CC=CC=C2OC3=C1C=CC=C3
222223f2	322222	SCCOCC	O,-,-,-,-,-	1.791885	1.395500	1.374782	1.374782	1.395500	1.791885	95.068604	120.900323	123.635495	116.687888	123.635497	120.900337	-4.422961	-33.858245	33.858364	0.514093	80.3547	O=S1C2=C(OC3=C1C=CC=C3)C=CC=C2
222223f2	322222	SNCCCC	O,-,-,-,-,-	1.687561	1.428942	1.415331	1.488462	1.407667	1.761725	101.038207	114.203393	120.132282	120.805527	121.225265	118.011126	42.826231	-1.650111	-21.388997	0.540766	65.9021	c1ccc2c(c1)-c3ccccc3S(=O)(=O)N2
222223f3	322222	COCCCC	-,-,-,-,-,-	1.443199	1.372648	1.400618	1.456481	1.401759	1.506410	115.496683	114.861780	122.213892	119.640072	118.255970	117.387112	26.235159	0.310812	-11.252849	0.331757	64.8776	COc1c(cc2c-3c1COc4c3c(cc(c4)O)CC2)O
222223i	222223	CCNCCC	-,-,-,-,-,-	1.351547	1.386224	1.387390	1.353333	1.527742	1.523760	121.789392	119.374451	124.582572	119.648301	121.319827	112.978659	-4.977629	4.317731	0.832371	0.057401	86.8598	C1(C(C(C(=O)OCC)=C(NC=1C)C)C2=CC=CC=C2)C(=O)OCC
222223i	222223	CCNCNC	-,-,-,-,-,-	1.345212	1.374428	1.288623	1.360923	1.458819	1.514420	123.009265	122.530069	115.660341	127.675578	120.427682	108.080956	8.600756	0.505389	-15.031915	0.160138	71.5594	C1C(NC=NC=1C2=CC=CC=C2)(C3=CC=CC=C3)C4=CC=CC=C4
222223i	222223	CNCNCC	O,-,O,-,O,-	1.368724	1.357709	1.357709	1.368724	1.536215	1.536215	116.143441	123.753297	117.048049	123.753322	116.143452	108.610770	-19.847795	19.847716	-30.370161	0.305953	29.1153	CCC1(C(=O)NC(=O)NC1=O)c2ccccc2
222223i	222223	CNCNCC	O,-,S,-,-,-	1.363191	1.369099	1.367356	1.291395	1.487636	1.491009	115.938478	126.087902	119.261908	120.116185	125.026133	113.569394	0.000000	0.000000	0.000000	0.000000	51.8607	O=C1CC=NC(=S)N1
222223i	222223	CNCNCC	O,-,S,-,O,-	1.366321	1.358319	1.358319	1.366320	1.496724	1.496724	117.379703	125.945400	117.306381	125.945401	117.379704	116.043411	-0.000022	-0.000004	0.000017	0.000000	77.4422	O=C1CC(=O)NC(=S)N1
222223i	222223	NCCCCC	-,-,-,-,-,-	1.382682	1.343181	1.456658	1.350583	1.507878	1.476131	121.342937	122.303154	121.169641	118.162389	123.652838	112.418255	-0.525366	2.398388	3.214785	0.093996	62.0868	CCN1CC(=C(C=C1O)C)C(=O)N
222223i	222232	CCCCCC	-,O,-,-,-,-	1.491261	1.491261	1.342678	1.517659	1.517659	1.342678	121.119909	117.250321	121.119912	123.639885	113.230087	123.639887	0.000008	-0.000026	0.000031	0.000000	55.6583	ClC1=C(Cl)C(Cl)(Cl)C(=C(Cl)C1=O)Cl
222223i	222232	CNCNCC	-,-,N,-,-,-	1.365914	1.354467	1.364612	1.483034	1.502145	1.331607	114.666339	124.735338	122.151100	120.029147	110.234599	128.183477	0.000015	-0.000036	0.000026	0.000000	79.9937	CC1=CC(N(C(=[NH2+])N1)C)(C)C
222223i	222232	CNCNCC	-,-,O,-,-,-	1.375975	1.362350	1.354205	1.449056	1.501391	1.345159	118.038541	125.468617	116.388457	124.653953	111.307071	122.329414	0.446218	-12.122102	16.283275	0.126565	64.8092	CC1=C([C@@H](NC(=O)N1)c2ccco2)C(=O)C
222223i	222232	CNCNCC	-,-,S,-,-,-	1.370982	1.360837	1.357968	1.459468	1.509253	1.340434	118.854932	124.274574	117.168080	124.564594	109.695825	122.879871	0.053246	-13.876338	19.164570	0.151827	64.1859	CC1=CC(C)(C)NC(=S)N1
222223i	222232	CNCNCC	-,-,S,-,-,-	1.404541	1.404064	1.366137	1.448668	1.496226	1.342923	119.711568	120.661714	116.566277	124.923269	108.117465	123.336264	-1.034528	-21.795316	30.825581	0.246564	66.8849	CC1=CC(C)(C)NC(=S)N1CCO
222223i	222232	CNCNCC	-,-,S,-,-,-	1.406125	1.413214	1.372648	1.450649	1.496467	1.343325	120.131624	120.361312	116.304019	124.290865	108.157344	123.210434	2.516938	-25.593296	33.106297	0.255778	63.2585	CC1=CC(C)(C)NC(=S)N1C2=CC=C(C=C2)[N+]([O-])=O
222223i	222232	CNCNCN	N,-,-,-,-,-	1.349824	1.365978	1.292074	1.469397	1.448298	1.347419	113.168666	126.957137	122.190291	114.571752	117.209046	120.002544	-7.995346	-2.484800	20.014029	0.223001	62.2411	N=C1N[CH](N=C(N1)NC2=CC=CC=C2)C3=CC=CC=C3
222223i	222232	CNNCSC	-,-,-,S,-,-	1.396532	1.397279	1.370114	1.744261	1.745669	1.352884	123.259872	121.614237	122.636886	119.358746	104.754108	120.667935	34.120681	-18.363181	-4.349473	0.278568	80.9927	CC1=C(SC(=S)NN1c2ccccc2)C
222223i	222232	NCNCCC	-,O,-,O,-,O	1.358383	1.358415	1.366797	1.512278	1.512215	1.366738	125.660359	116.817511	125.706131	117.047300	113.853300	117.044961	-11.830616	15.897864	-18.141916	0.150522	23.2561	N1C(C(C2=CC=C(C=C2)C)C(NC1=O)=O)=O
222223i	222232	NCNCCC	-,O,-,O,-,O	1.358390	1.358390	1.366729	1.512244	1.512244	1.366729	125.708106	116.814030	125.708105	117.058215	113.883142	117.058220	11.802989	-15.908643	18.000462	0.148517	23.2037	N1C(C(C2=CC=CC=C2)C(NC1=O)=O)=O
222223i	222232	NCNCCC	-,O,-,O,-,O	1.378939	1.361367	1.362751	1.503537	1.512392	1.387573	124.095314	116.951550	126.570541	116.632225	114.320130	117.174157	9.509293	-16.110280	20.667684	0.167067	32.9337	N1(C(C(C2=CC=CC=C2)C(NC1=O)=O)=O)C
222223i	222232	NNCCCC	-,-,O,N,-,-	1.353686	1.369718	1.508785	1.492068	1.502139	1.298616	119.870299	127.768492	116.004010	117.337777	115.839604	123.179819	-0.000186	0.000774	-0.000950	0.000008	60.3411	c1ccc(cc1)C2=NNC(=O)/C(=N/N=c/3\\c4ccccc4nc[nH]3)/C2
222223i	222322	CCNCNN	-,O,-,-,-,-	1.520367	1.394982	1.452848	1.446637	1.368231	1.301712	123.217089	116.345460	117.774517	111.409934	121.833504	116.419456	-13.211396	34.768279	-43.331461	0.326059	58.8062	CC1=NN[C@@H](N(C1=O)N)SC
222223i	222322	CNCCCN	O,-,O,-,O,-	1.358583	1.362952	1.495798	1.495798	1.362952	1.358583	116.645404	126.355335	117.406477	115.830971	117.406479	126.355334	0.000019	-0.000026	0.000011	0.000000	80.9479	C1(NC(=O)CC(N1)=O)=O
222223i	222322	CNCCCN	O,-,O,-,O,-	1.361310	1.369878	1.492385	1.492385	1.369878	1.361310	116.304118	126.475255	117.195046	116.253305	117.195046	126.475256	-2.682985	2.740854	-2.740836	0.023172	13.2053	O=C1NC(=O)C(C(=O)N1)N(=O)=O
222223i	222322	CNCCCN	O,-,O,-,O,-	1.391337	1.379883	1.485222	1.485222	1.379883	1.391338	117.352560	121.868670	116.494679	116.350002	116.494710	121.868699	-28.962905	13.664375	13.663693	0.302793	89.9997	C1(N(C(=O)CC(N1C(C)C)=O)C(C)C)=O
222223i	222322	NCNCCC	-,-,-,-,-,-	1.291204	1.359067	1.443089	1.512147	1.355901	1.387102	117.027476	125.866306	119.102766	110.319186	119.924061	122.255953	-20.106086	26.610773	-16.970605	0.229251	68.5752	N1C(=C(SC2C=CC=CC=2)CNC=1SC)CCl
222223i	223222	CCCCCN	-,-,-,-,-,-	1.360896	1.507667	1.499567	1.345412	1.407719	1.424939	119.040622	122.389921	114.296305	120.715062	122.068346	121.230526	4.143146	-3.748001	-0.317372	0.053166	88.4515	c1ccc(c(c1)N2C(=C([C@@H](C(=C2O)C#N)O)C#N)N)Br
222223i	223222	CNCCNC	-,-,-,O,-,C	1.276696	1.482732	1.540054	1.369060	1.369302	1.480091	128.120914	116.430090	116.072332	117.465568	123.610455	115.105007	-16.795118	20.673034	-10.826728	0.180957	67.4219	Cc1ccc(cc1)/C=C\\2/C(=N[C@@H](C(=O)N2)C)O
222223i	223222	CNCNCC	-,-,-,-,O,-	1.380896	1.435743	1.419895	1.364612	1.480067	1.341212	119.685190	120.993825	106.968197	120.985872	116.841967	118.172202	42.926154	-44.757248	25.695420	0.358370	56.2451	CC1=CC(=O)N[C@@H](N1)NN
222223i	223222	COCOCC	-,-,-,-,O,-	1.371805	1.431890	1.434324	1.345351	1.459799	1.335307	122.991057	114.679404	116.086636	118.969965	116.533488	120.525254	34.377500	-36.840550	17.701955	0.288088	59.1880	CC1=CC(=O)OC(C)(C)O1
222223i	223222	COCOCC	O,-,-,-,O,C	1.346483	1.426026	1.426065	1.346890	1.466317	1.465893	115.531737	118.810226	113.850453	118.994656	115.422622	121.283961	44.199357	-43.863770	17.318850	0.371306	66.2434	CCOC(=O)c1ccc(cc1)NC=C2C(=O)OC(OC2=O)(C)C
222223i	223222	NCCCCC	-,O,-,-,-,-	1.374836	1.529833	1.493271	1.334752	1.477582	1.287523	119.849981	120.115305	114.593793	121.794560	117.021229	126.276025	6.932718	-3.898639	-0.483694	0.058919	68.0470	N1=C(C=CCC1=O)Cl
222223i	223222	NCCCNC	-,O,-,O,-,O	1.366505	1.509353	1.509353	1.366505	1.359300	1.359300	124.909420	115.891743	113.422335	115.891742	124.909430	116.934893	-26.866860	26.866833	-22.698393	0.220446	26.1217	N1C(NC(=O)C(C1=O)CC)=O
222223i	223222	NCCCNC	-,O,-,O,-,O	1.367752	1.508455	1.508455	1.367752	1.360325	1.360325	123.814835	115.231533	111.883557	115.231535	123.814843	116.986163	34.219555	-34.219532	28.580001	0.282371	26.9383	N1C(NC(=O)C(C1=O)C)=O
222223i	223222	NCCCNC	-,O,-,O,-,O	1.383891	1.495898	1.486929	1.358363	1.360993	1.379851	124.202640	117.841404	116.525892	117.049542	127.188443	116.905421	5.108064	-2.472896	0.898274	0.043552	42.9109	N1(C(NC(=O)CC1=O)=O)CC
222223i	223222	NCCCNC	-,O,-,O,-,O	1.389735	1.516499	1.512824	1.388418	1.391658	1.390930	123.759760	113.550707	110.095791	113.926866	123.895555	116.742533	-45.402648	44.569999	-26.194420	0.384656	48.8680	N1(C(N(C(=O)C(C1=O)NC(=O)OCC)C)=O)C
222223i	223222	NNCNNC	-,-,-,-,-,-	1.391998	1.464994	1.495380	1.384522	1.389556	1.300389	117.998643	120.573949	113.471669	115.175303	119.956478	125.294285	27.297179	-31.103202	22.302229	0.242098	48.0835	c1ccc(cc1)C2=NN(CN(N2)c3ccccc3)c4[n-]nnn4
222223i	232222	CCCCCC	-,-,-,-,O,-	1.516155	1.516155	1.351359	1.498912	1.498912	1.351359	122.202632	114.072275	122.202636	119.525670	118.020991	119.525667	-18.114777	1.899241	15.364226	0.228304	86.1743	CC1=C(C(=O)C(=C(C1[NH+]=C(C)C)C)C)C
222223i	232222	CCCCNC	-,-,-,-,-,-	1.515075	1.515075	1.352411	1.387174	1.387174	1.352411	120.826863	114.361752	120.826864	119.511182	124.647522	119.511181	4.824701	-0.655153	-4.218451	0.058091	82.8980	CCOC(=O)C1=C(C)NC(=C(C1)C(=O)OCC)C
222223i	232222	CCNCNC	-,-,-,O,-,-	1.501508	1.452219	1.354565	1.362685	1.376533	1.345967	122.466469	111.384008	125.034659	116.449866	125.473348	118.149920	12.222857	-9.113774	-0.068693	0.097140	67.5612	CCOC(=O)C1=C(C)NC(=O)N[CH]1C2=CC=CC=C2
222223i	232222	CCOCNN	-,-,-,O,-,-	1.529063	1.433612	1.357592	1.374185	1.358804	1.296275	121.977610	112.800917	119.506523	116.897829	127.108982	115.993641	26.477293	-14.373009	-7.031802	0.234235	70.8213	CC1=NNC(=O)OC1(C)C
222223i	232222	NCNCCC	-,-,-,-,-,O	1.419895	1.435743	1.380896	1.341212	1.480067	1.364612	120.985891	106.968212	120.993827	119.685197	118.172212	116.841960	-42.926097	22.082347	1.680922	0.358370	56.2451	N1C(C=C(C)NC1NN)=O
222223i	322222	CCCCCC	-,-,-,O,-,-	1.500049	1.342219	1.483394	1.483394	1.342219	1.500049	114.299487	123.259223	120.709981	117.741488	120.709980	123.259222	0.468661	-1.519749	1.519748	0.014741	73.9899	CC(=O)NC1(C=CC(=O)C=C1)OC
222223i	322222	CCNCNC	-,O,-,-,-,O	1.520682	1.401594	1.407860	1.295571	1.362413	1.513526	108.823880	115.633604	121.139729	121.054710	120.746504	116.056544	3.082084	14.759331	1.307407	0.397299	64.3543	CCC1(CC)C(=O)N=C(NC2=CC=CC=C2)N(C1=O)C3=CC=CC=C3
222223i	322222	CCNCNC	-,O,-,O,-,O	1.511872	1.366887	1.361187	1.379072	1.394213	1.521046	115.496197	117.033990	127.760106	116.720062	124.893285	117.476485	2.780281	-0.782224	-6.023015	0.072368	64.2325	C1(C(N(C)C(NC1=O)=O)=O)(Cl)Cl
222223i	322222	CCNCNC	-,O,-,O,-,O	1.517069	1.364988	1.358614	1.358704	1.365718	1.520671	113.417992	116.921927	125.957595	116.913920	125.303616	116.728161	-14.902111	11.107666	-13.987189	0.170013	26.8207	CCC1(CCSC(N)=N)C(=O)NC(=O)NC1=O
222223i	322222	CCNCNC	-,O,-,O,-,O	1.518341	1.364955	1.358271	1.358271	1.364955	1.518341	114.537338	117.329307	126.480660	117.025506	126.480665	117.329307	6.020293	-1.395076	1.395041	0.082236	48.6981	NC1C(=O)NC(=O)NC1=O
222223i	322222	CCNCNC	-,O,-,O,-,O	1.520982	1.371802	1.358698	1.358698	1.371802	1.520982	114.773122	117.363107	126.979433	116.541799	126.979434	117.363105	0.000026	-0.000019	0.000014	0.000000	25.0211	C1(C(NC(NC1=O)=O)=O)(Cl)Cl
222223i	322222	CCNCNC	-,O,-,O,-,O	1.522965	1.368133	1.359666	1.359168	1.367629	1.522319	110.474652	116.057446	124.243188	116.904067	123.348499	115.896251	26.613973	-19.425733	21.922371	0.282226	25.7840	CCC1(CC=C)C(=O)NC(=O)NC1=O
222223i	322222	CCNCNC	-,O,-,O,-,O	1.523615	1.368106	1.361052	1.360584	1.367031	1.522144	109.580962	115.680018	123.772797	116.975499	122.848417	115.581501	29.067798	-20.170402	22.448715	0.311557	27.6633	CCC1(CCSC#N)C(=O)NC(=O)NC1=O
222223i	322222	CCNCNC	-,O,-,O,-,O	1.523714	1.366154	1.358805	1.359483	1.366688	1.521738	111.433269	116.131671	123.773220	116.962050	125.247383	116.425664	29.587931	-19.700863	14.993242	0.250062	28.6810	CCCC1(CCS)C(=O)NC(=O)NC1=O
222223i	322222	CCNCNC	-,O,-,O,-,O	1.529626	1.367714	1.359187	1.359187	1.367714	1.529626	108.722499	115.786677	123.141739	116.974964	123.141735	115.786677	-32.457969	22.486249	-22.486263	0.319522	26.5682	CCC1(C(C)C)C(=O)NC(=O)NC1=O
222223i	322222	CNCNCC	-,-,O,-,O,N	1.445477	1.363278	1.364503	1.374954	1.519730	1.502297	106.131797	120.976786	115.941436	126.288447	113.940603	112.104678	23.496122	3.390628	2.899805	0.456704	54.1492	Cc1ccc(cc1)/N=C\\2/CNC(=O)NC2=O
222223i	322222	CNCNCN	-,-,-,-,-,-	1.452033	1.308960	1.333204	1.289623	1.360779	1.438172	106.992050	120.869600	123.182370	117.767528	121.214044	119.605411	2.481437	14.301114	-3.269192	0.310523	67.6274	CC1(NC(=NC(=[NH+]1)N)Nc2ccccc2)C
222223i	322222	CNCNCN	-,-,N,-,N,-	1.471845	1.382278	1.357956	1.350203	1.354095	1.453848	111.238059	118.369173	114.486431	129.831190	113.956310	120.696462	-17.835845	-4.079589	4.167554	0.309288	58.0232	CCCCCC[CH]1NC(=N)NC(=N)N1C2=CC=C(Cl)C=C2
222223i	322222	CNCNCN	-,-,N,-,N,-	1.472270	1.382410	1.357976	1.350203	1.354075	1.453802	111.221119	118.333853	114.466989	129.848356	113.960683	120.698488	-18.079335	-3.872753	4.112984	0.309737	57.8625	CCCCCC[CH]1NC(=N)NC(=N)N1C2=CC(=CC=C2)Cl
222223i	322222	CNCNCN	-,-,N,-,N,-	1.475606	1.382389	1.360250	1.352214	1.351187	1.446177	110.647829	118.309113	115.073661	129.095587	113.806796	121.129374	17.029421	3.245828	-1.369155	0.311787	56.1325	CC[CH]1NC(=N)NC(=N)N1C2=CC(=C(Cl)C=C2)Cl
222223i	322222	CNCNCN	-,-,N,-,N,-	1.485520	1.383011	1.358526	1.349346	1.349038	1.452320	110.465848	119.727264	115.044808	129.359864	114.006072	122.151112	-12.722863	-4.325880	0.453663	0.276272	56.9043	CC1(C)NC(=N)NC(=N)N1C2=C(Cl)C=CC=C2
222223i	322222	CNCNCN	-,-,N,-,N,-	1.490696	1.386152	1.358060	1.348513	1.348690	1.452953	110.604110	118.980539	115.406679	129.400960	113.898217	121.984291	-12.701430	-4.437331	0.215061	0.283440	56.7673	CC1(C)NC(=N)NC(=N)N1C2=CC=C(Cl)C=C2
222223i	322222	CNCNCN	-,-,N,-,N,-	1.490807	1.386206	1.358020	1.348460	1.348611	1.452986	110.627582	118.978787	115.426174	129.403225	113.894842	122.003938	-12.579635	-4.478966	0.203267	0.282611	56.8098	CC1(C)NC(=N)NC(=N)N1C2=CC=C(C=C2)C(O)=O
222223i	322222	CNCNCN	-,-,N,-,N,-	1.490985	1.386262	1.358011	1.348441	1.348570	1.452972	110.624694	118.968985	115.425299	129.410181	113.895763	122.019336	12.668928	4.392914	-0.188877	0.282382	56.7299	CC1(C)NC(=N)NC(=N)N1C2=CC(=CC=C2)Br
222223i	322222	CNCNCN	-,-,N,-,N,-	1.491350	1.386459	1.357975	1.348415	1.348528	1.452791	110.634116	118.939522	115.436964	129.415904	113.888638	122.027168	12.636482	4.423854	-0.205033	0.282454	56.7601	CC1(C)NC(=N)NC(=N)N1C2=CC(=CC=C2)Cl
222223i	322222	CNCNCN	-,-,N,-,N,-	1.492449	1.386983	1.357879	1.348416	1.348517	1.452046	110.638486	118.860317	115.452491	129.425885	113.868997	122.021736	-12.541031	-4.589607	0.292441	0.283752	56.9162	CC1(C)NC(=N)NC(=N)N1C2=CC(=C(Cl)C=C2)Cl
222223i	322222	SNCCCN	O,-,-,N,-,-	1.621383	1.289754	1.520187	1.507300	1.292606	1.629571	105.344281	113.934133	118.139015	114.813439	117.174979	114.937363	-10.004599	-37.337795	37.948096	0.667935	80.9709	S1(N=C(C(=NO)C(=N1)N)N)(=O)=O
222233f1	222233	CCCCCC	-,-,-,-,-,-	1.336980	1.435342	1.337065	1.522130	1.549291	1.521776	122.934564	121.854468	121.861234	122.852267	115.289611	115.153496	1.006053	-1.282078	-0.368746	0.024102	72.9887	C12C(C(O)=CC=C1O)C(=O)C=CC2=O
222233f1	222233	CCCCCC	-,-,-,-,-,-	1.341311	1.443119	1.341591	1.497393	1.573231	1.497473	122.517253	121.982093	121.999406	122.374033	115.651418	115.404550	-1.537895	0.993330	1.211116	0.028179	72.6575	CCCCNC(=O)NCC1=[NH+][C@@H]2C=CC=C[C@@H]2N1
222233f1	222233	CCCCCC	-,-,-,-,-,-	1.348160	1.454790	1.340922	1.501771	1.566945	1.508986	123.182298	119.263623	121.482280	122.541314	112.941718	113.291077	-16.614269	2.188566	20.667757	0.288971	73.0997	C1CO[C@@H]2C=C(C=C[C@@H]2O1)[C@@H](C[NH3+])O
222233f1	222233	CCCCCC	O,-,-,O,-,-	1.468035	1.329287	1.467953	1.521094	1.549291	1.521594	121.162323	122.273301	122.266739	121.191679	116.185006	116.371347	0.266352	6.463375	-7.364446	0.077657	82.3756	C12C(C(O)=CC=C1O)C(=O)C=CC2=O
222233f1	222233	CCCCCC	O,-,-,O,-,-	1.511025	1.351985	1.504687	1.488430	1.536607	1.492825	112.702162	120.362050	119.786971	113.927109	104.089024	104.550451	7.241252	14.202377	-54.239047	0.625935	54.7484	CC1=C([C@@]2([C@@H]3[C@@H]([C@]1(O2)C)C(=O)C=CC3=O)[NH3+])C#N
222233f1	222233	CNCCSC	O,-,-,-,-,-	1.367372	1.401999	1.401264	1.779521	1.804686	1.511622	119.028622	126.309569	122.192975	121.913448	98.856720	113.856406	-10.996042	-2.800267	28.053514	0.468886	58.5308	O=C1CSC2=C(N1)C=CC=C2
222233f1	222233	CNCNCC	O,-,O,-,-,-	1.382590	1.385066	1.381736	1.442190	1.517658	1.502924	116.959084	124.698520	117.579334	122.732880	117.553640	112.838342	14.191605	-7.850697	14.634132	0.229432	37.6170	CN1CN[CH]2[CH]1C(=O)N(C)C(=O)N2C
222233f1	222233	CNCNCC	O,-,O,-,-,-	1.388654	1.379927	1.371868	1.423176	1.501735	1.486297	112.947747	126.414159	115.145420	115.586875	109.269150	102.885103	2.795962	19.015093	-56.825138	0.555043	52.4442	c1ccc(cc1)C2=NO[C@@H]3[C@@H]2C(=O)NC(=O)N3
222233f1	222233	CNCNCC	O,-,O,-,-,-	1.401840	1.395199	1.388159	1.448245	1.562046	1.528079	110.080453	126.572015	115.265075	116.552995	103.597736	104.190804	18.306095	12.467493	-56.621610	0.647052	60.8082	CC1=C([C@@H]2[C@@H]1C(=O)NC(=O)N2)C
222233f1	222233	CNNCCC	O,-,-,O,-,-	1.389686	1.420649	1.393473	1.525830	1.529269	1.511133	114.143123	118.132960	119.048586	114.288028	105.874827	110.072509	42.581642	-7.248838	-43.031529	0.641730	76.2342	O=C1C[CH](C(=O)N2N1C(=O)[CH](CC2=O)C3=CC=CC=C3)C4=CC=CC=C4
222233f1	222233	CNNCCC	O,-,-,O,-,-	1.392086	1.424917	1.392086	1.509517	1.514869	1.509517	113.974855	118.583790	118.583795	113.974854	109.074471	109.074469	43.611479	-14.573572	-36.566806	0.622526	77.4351	O=C1CCC(=O)N2N1C(=O)CCC2=O
222233f1	222233	COCCCC	N,-,-,-,-,-	1.353158	1.346384	1.377576	1.492965	1.557062	1.520435	118.959148	118.523483	122.427572	124.117850	103.483570	112.114937	-12.612474	-0.144689	30.844953	0.453977	61.1001	[H]/N=C/1\\CC2(CC[NH+](CC2)C)c3c(nc([nH]3)COC)O1
222233f1	222233	NCNCCC	-,-,-,O,-,-	1.299581	1.386126	1.389976	1.512301	1.512304	1.466531	110.760362	123.540203	123.678890	111.026475	103.411140	111.046523	12.080872	9.656785	-45.950240	0.570998	57.6037	CCCC1=NN([C@@H]2[C@@H]1N=C(NC2=O)Cc3ccc(cc3)N)C
222233f1	222233	NCNCCC	-,O,-,-,-,-	1.411844	1.384074	1.310318	1.515278	1.517498	1.415895	111.072482	118.692498	123.737161	115.073030	101.579031	109.070459	-18.939431	-2.544121	44.308240	0.610619	61.6693	CN1[C@@H]2[C@@H](C(=NC1=O)[O-])N=C(N2)Cl
222233f1	222233	NCNCCC	-,O,-,O,-,-	1.352389	1.358770	1.367675	1.522177	1.523270	1.422286	123.715167	117.101999	126.612385	116.983019	111.242661	116.284869	-8.502486	17.727575	-27.213304	0.243011	39.1142	O=C1NC2NC(=O)NC(=O)C2N1
222233f1	222332	CCCCCC	-,-,-,-,-,-	1.442059	1.340006	1.504835	1.559916	1.504921	1.340924	121.675285	121.315742	123.342633	114.397686	115.458499	122.531711	-0.313833	-8.742483	12.750688	0.118171	67.5356	C1=C[C@H]2[C@@H](C(=C1)Cl)[NH+]=C(S2)N
222233f1	222332	CCCCCC	-,-,-,-,-,-	1.451409	1.342827	1.513452	1.559029	1.502919	1.343580	118.946242	122.950891	123.560515	112.679609	116.732719	123.774323	0.406238	9.181077	-12.762750	0.123840	71.1139	CC(C)C1=CCC2C(=C1)CCC3C2(C)CCCC3(C)C(O)=O.CC(C)(N)CO
222233f1	222332	CCCCCC	-,-,-,-,-,-	1.452196	1.343190	1.519939	1.555464	1.502597	1.343943	119.127603	123.060968	122.968274	113.288577	116.505782	123.851822	-0.319651	-8.683679	12.065887	0.116043	70.6113	CC(C)C1=CC[CH]2C(=C1)CC[CH]3[C]2(C)CCC[C]3(C)C(O)=O
222233f1	222332	CCCCNC	-,-,-,-,-,-	1.487398	1.408388	1.499117	1.466970	1.406426	1.350956	120.224211	117.799628	117.413343	111.102802	113.688566	118.805514	-0.852621	33.245767	-53.283436	0.436725	64.4614	CC1=C([NH2+]Cc2c1cccc2)/N=C(/NC(=O)c3ccccc3)\\[S-]
222233f1	222332	NCCCSC	-,-,-,-,-,-	1.372551	1.352972	1.534527	1.847618	1.732475	1.290655	120.772062	124.680982	121.966125	107.681369	97.839109	125.333037	3.168679	35.259533	-45.885749	0.554616	65.9970	N1=C(SC2(CCCCC2)C3=C1CCCC3)N
222233f1	222332	NNCSCC	-,-,-,-,-,-	1.490678	1.277762	1.720534	1.791212	1.517089	1.305018	114.046602	127.129648	125.138210	97.017807	111.701716	127.691692	-0.219625	28.049533	-42.469053	0.474648	62.6382	Cc1ccc(cc1)C2=N[N+]3=C(SC2)SCC3=O
222233f1	223322	CCCCCC	-,-,-,-,-,-	1.357309	1.521106	1.527304	1.504813	1.409379	1.489396	119.942071	119.771616	113.136820	111.184378	119.445600	119.687752	30.931772	-46.424011	32.875674	0.419473	67.3059	C1(C2=C(C=CC=C2)CCC=1N)C#N
222233f1	223322	CCCCNC	-,O,-,-,-,-	1.487382	1.505993	1.511366	1.468762	1.420828	1.351981	117.515191	118.326357	109.530104	110.101107	119.607465	122.768113	42.031691	-52.979308	40.023131	0.439913	53.6587	C1(=C2N(C=CC=C2)CCC1=O)C#N
222233f1	223322	CNCCCC	C,-,-,-,-,-	1.392304	1.467864	1.550767	1.511058	1.407034	1.494324	114.949601	124.390205	110.016753	111.092156	118.675262	118.427266	21.682707	-47.780011	37.342961	0.508091	77.8226	C1(=C/C(=O)OCC)/C2=C(C=C(C(=C2)OC)OC)CC(N1)(C)C
222233f1	223322	COCCCC	O,-,-,-,-,-	1.365213	1.436485	1.516508	1.497236	1.399953	1.504912	116.473314	119.636915	110.664578	108.004327	119.454737	119.551648	50.522215	-57.004134	32.957895	0.493035	62.1680	Cc1c2cc3c(nc2n(n1)C)C(=O)OCC3
222233f1	223322	COCCCC	O,-,-,-,-,-	1.374492	1.455227	1.533762	1.480375	1.378828	1.439309	113.116102	120.079812	113.232839	107.631803	119.640922	126.102563	-49.270820	48.775749	-26.376956	0.420075	56.8900	c1ccc2c(c1)c3c([nH]2)C(=O)OCC3
222233f1	223322	NCCSCC	-,O,-,-,-,-	1.367733	1.511506	1.805123	1.779878	1.402404	1.401264	126.398917	119.056761	113.822007	98.977998	121.817782	122.192301	41.619588	-44.961450	28.033679	0.467637	58.5061	ClC1=CC2=C(NC(=O)CS2)C=C1
222233f1	223322	NCCSCN	-,-,-,-,-,-	1.302133	1.519434	1.799594	1.719997	1.372424	1.367575	116.558352	126.719174	112.539819	97.957173	121.137895	129.848329	37.498416	-40.327176	26.616678	0.442594	61.1459	Cc1nnc2n1N=C(CS2)C
222233f1	233222	CCCCCN	-,-,-,-,-,-	1.509551	1.550973	1.517113	1.352048	1.375691	1.298124	122.758128	107.824289	109.648521	118.561556	122.258122	118.837199	46.828955	-29.173555	-7.902417	0.469847	70.1329	CC1=NC(=C2[C@@H](C1C#N)c3ccccc3NC2=[NH2+])C
222233f1	233222	CCCCNN	O,-,-,O,-,-	1.509517	1.514869	1.509517	1.392086	1.424917	1.392086	113.974850	109.074475	109.074478	113.974853	118.583786	118.583789	62.139565	-36.566773	-14.573615	0.622526	77.4351	O=C1CCC(=O)N2N1C(=O)CCC2=O
222233f1	233222	CCCCNN	O,-,-,O,-,-	1.525830	1.529267	1.511132	1.389686	1.420649	1.393473	114.287991	105.874757	110.072446	114.143007	118.133032	119.048444	63.139611	-32.991964	-19.431100	0.641733	76.2341	O=C1C[CH](C(=O)N2N1C(=O)[CH](CC2=O)C3=CC=CC=C3)C4=CC=CC=C4
222233f1	233222	CCCCNN	O,-,-,O,-,-	1.528027	1.537751	1.528026	1.394989	1.417720	1.394989	113.614823	107.080374	107.080345	113.614835	118.473142	118.473134	-65.664443	39.323323	14.387107	0.669002	76.2249	C[CH]1[CH](C)C(=O)N2N(C1=O)C(=O)[CH](C)[CH](C)C2=O
222233f1	233222	NCCNCC	-,-,-,-,-,-	1.466160	1.535171	1.466161	1.420188	1.419787	1.420188	112.284092	110.935787	110.935852	112.284237	122.225278	122.225217	-61.618508	46.706538	-21.308688	0.470181	44.1187	N1C2C(=CC=CC=2)NCC1
222233f1	233222	NCCNCC	-,-,-,-,-,-	1.482691	1.522904	1.486929	1.303970	1.493061	1.318918	122.474832	109.227817	108.022469	121.244325	120.189147	116.071928	-51.910775	36.589543	0.212787	0.490798	68.1490	c1cc(oc1)C2=[N+]([C@@H]3CCCC[C@@H]3[N+](=C2)[O-])[O-]
222233f1	233222	NCCNCC	-,-,-,-,-,-	1.489940	1.538946	1.451342	1.402685	1.399748	1.443009	117.056438	111.542902	109.765698	112.281385	121.760680	120.367924	54.570933	-57.223343	32.759674	0.473736	52.4564	NC1=NC2=C(N(C=O)[CH](CNC3=CC=C(C=C3)C(=O)N[CH](CCC(O)=O)C(O)=O)CN2)C(=N1)O
222233f1	233222	OCCOCC	-,-,-,-,-,-	1.431895	1.518823	1.431895	1.373882	1.418656	1.373882	111.546470	110.624124	110.624124	111.546475	122.749371	122.749369	64.610195	-46.215831	15.436149	0.490164	51.4912	c1c2c(cc3c1OCCO3)[nH]c(=O)[nH]2
222233f1	233222	OCCOCC	-,-,-,-,-,-	1.432881	1.519793	1.432525	1.371185	1.400343	1.371038	111.352079	110.635189	110.712469	111.490725	123.162009	123.181039	-63.796857	45.378635	-15.005254	0.485162	51.3188	S(C1=CC2OCCOC(C=C1)=2)(OC3C=CC(C=O)=CC=3)(=O)=O
222233f1	322223	CCCCOC	-,O,-,-,-,-	1.515990	1.470781	1.393838	1.366506	1.438775	1.532752	108.680866	117.416276	118.572218	123.830016	114.254387	111.796593	3.668676	1.370679	24.218171	0.462723	53.9151	O[CH]1[CH](OC2=C(C(=CC(=C2)O)O)C1=O)C3=CC=C(O)C(=C3)O
222233f1	322223	CCNCNC	-,O,-,-,-,-	1.503981	1.372450	1.300762	1.398287	1.456052	1.509396	107.047572	117.057779	117.755722	125.081629	117.973694	109.255151	-25.602550	-0.280450	-4.780156	0.470085	52.0620	C1CN2C=CC=CC2=NC1=O
222233f1	322223	CCNNCC	-,O,-,-,O,-	1.528027	1.394989	1.417720	1.394989	1.528026	1.537751	107.080345	113.614822	118.473138	118.473127	113.614826	107.080343	14.387174	-45.217984	14.387142	0.669002	76.2249	C[CH]1[CH](C)C(=O)N2N(C1=O)C(=O)[CH](C)[CH](C)C2=O
222233f1	322223	CNCCCC	-,-,-,-,-,-	1.473625	1.292239	1.471168	1.398075	1.501462	1.528614	113.227427	116.515852	124.833287	117.760634	118.100852	110.127189	-4.585920	-14.925702	-1.529307	0.437316	63.7186	C1CC2=C(C=CC=C2)C=N1
222233f1	322223	COCCOC	-,-,-,-,-,-	1.441396	1.371634	1.398706	1.371512	1.434614	1.526422	109.853987	111.368426	123.208080	123.210967	111.252857	110.259459	-15.549985	-1.241099	-15.836710	0.498887	51.3044	OC[CH]1COC2=C(O1)C=CC=C2
222233f1	322223	COCCOC	-,-,-,-,-,-	1.442157	1.370356	1.397292	1.370082	1.434071	1.528414	109.708261	111.793615	123.175010	123.198065	111.604741	110.739646	-15.871239	-1.209564	-15.142488	0.491040	51.3006	ClC[CH]1COC2=C(O1)C=CC=C2
222233f1	322223	NCCCCC	-,-,-,-,-,-	1.442325	1.341439	1.465026	1.404555	1.500462	1.518065	111.481499	118.842314	121.965901	118.170956	117.630244	111.429319	-5.461181	-15.381528	-0.537265	0.445891	64.3990	C[NH+]1Cc2ccccc2C=C1
222233f1	322223	NNCCNC	-,-,O,-,-,-	1.436258	1.390582	1.434204	1.370740	1.474299	1.500933	112.594401	122.780578	113.970053	121.544796	123.173777	106.841501	-12.902604	-7.861975	-3.981613	0.414287	58.9383	Cc1cc2n(n1)C3(CCCC3)N(NC2=O)C
222233f1	332222	CCCCCC	-,-,-,-,-,-	1.542268	1.508333	1.343811	1.431315	1.436991	1.506448	113.171647	115.213427	122.533007	121.193486	120.409847	120.849264	-20.659104	0.201475	10.138613	0.263246	65.4028	CSc1c2c(c(s1)C(=O)NN)CCC=C2
222233f1	332222	CCCCCO	-,-,C,-,-,-	1.543271	1.522573	1.467247	1.348737	1.374068	1.435211	111.869022	108.478339	115.064060	118.891110	127.027524	113.287926	37.427642	-8.439713	-4.324345	0.469790	53.8025	C[CH]1OC=C2C(=C(C(O)=O)C(=O)C(=C2[CH]1C)C)O
222233f1	332222	CCNCCC	-,-,-,-,-,-	1.543264	1.489889	1.292426	1.432693	1.376107	1.483753	109.483846	115.404193	117.782053	121.790356	122.432247	118.950847	-34.284292	5.947128	11.957708	0.373908	62.4681	C12NC3C=CC=CC(C=1CCN=C2)=3
222233f1	332222	CCNCCN	-,-,-,-,-,-	1.529872	1.482455	1.292628	1.434689	1.368868	1.448264	109.514028	114.327562	117.077619	122.368438	120.481783	119.971940	35.623090	-5.659788	-12.524225	0.396765	62.5308	c1cc2n(c1)CCN=C2
222233f1	332222	CCOCCN	-,-,-,-,-,-	1.518822	1.425421	1.375647	1.411578	1.439569	1.467231	111.039507	110.963353	111.780164	124.120413	119.634743	114.497710	-52.167133	21.719638	2.701195	0.479088	53.9687	c1ccc2c(c1)N(CCO2)C(=O)c3ccco3
222233f2	222233	CCCCCC	-,-,-,-,-,-	1.340311	1.468508	1.413698	1.537889	1.580324	1.516855	122.118257	120.239817	120.522886	118.601109	110.364736	110.950255	-17.096370	-2.885765	34.073773	0.434177	66.0353	CC(C)C1=CC2=C(C=C1)[C]3(C)CCC[C](C)(COC(=O)C4=CC=CC=C4)[CH]3C=C2
222233f2	222233	CCCCCC	-,-,-,-,-,-	1.346002	1.451337	1.346002	1.476019	1.512166	1.476019	122.908036	120.679579	120.679578	122.908041	116.403220	116.403235	0.000025	-1.140847	1.095396	0.013300	89.9996	C1C(C[C@@]23[C@@]1(O2)C=CC=C3)O
222233f2	222233	CCCCCC	O,-,-,O,-,-	1.471256	1.330036	1.468684	1.513229	1.551590	1.524235	120.686884	122.441803	121.868550	120.191945	117.443209	115.057113	1.259654	11.903504	-12.297768	0.160062	89.3068	CC(C)C1=C[C]23CC[CH]4[C](C)(CCC[C]4(C)C(O)=O)[CH]2C[CH]1[CH]5[CH]3C(=O)C=CC5=O
222233f2	223322	CCCCCC	-,-,-,-,-,-	1.347969	1.501685	1.547156	1.503717	1.421500	1.483379	120.208014	118.457241	108.612193	109.304385	115.431261	119.734522	40.453436	-59.963292	42.225306	0.536222	64.9592	c1ccc2c(c1)C=C[C@@H]3[C@@H]2SC(=C3)C=O
222233f2	322223	CNCCCC	-,-,C,-,-,-	1.468940	1.389914	1.463496	1.408128	1.512904	1.556947	109.965408	122.730823	121.025706	118.475500	119.900759	114.198287	-6.985675	-9.071722	-4.050703	0.367705	60.7046	CC1(Cc2ccccc2-c3n1c(=O)[nH]c3)C
222233f2	332222	CCCCCC	-,-,-,-,-,-	1.528904	1.517295	1.348527	1.483726	1.405733	1.504270	111.599989	113.043523	119.981597	120.642600	119.305460	119.489364	29.070214	2.615851	-17.431299	0.408930	67.6154	COc1ccc2c(c1)CCC3=C2CC(=O)N4N3CCCC4
222233f2	332222	CCCCCC	-,-,-,-,-,-	1.529202	1.511804	1.416556	1.485180	1.414768	1.510199	111.317257	111.409286	119.232973	119.241452	119.324469	119.360291	35.313134	-1.037865	-17.480406	0.455313	66.3685	[O-][N+](=O)C1=CC2=C(C=C1)C3=C(CC2)C=CC=C3
222233f2	332222	CCCCCC	-,-,-,-,-,-	1.529208	1.512182	1.414840	1.485684	1.413530	1.510308	111.233022	111.353523	119.214761	119.335540	119.149020	119.467067	35.247968	-0.751697	-17.785840	0.457449	66.5773	CC(=O)C1=CC2=C(C=C1)C3=C(CC2)C=C(O)C(=C3)C(C)=O
222233f2	332222	CCCCCC	-,-,-,-,-,-	1.529319	1.510861	1.413129	1.484727	1.414834	1.510576	111.380454	111.373129	119.355310	119.322384	119.288855	119.330792	-35.216967	1.107556	17.346921	0.453378	66.2995	CC(=O)C1=CC2=C(C=C1)C3=C(CC2)C=CC=C3
222233f2	332222	CCCCCC	-,-,-,-,-,-	1.529329	1.510010	1.415207	1.485016	1.414853	1.510592	111.402997	111.358729	119.347314	119.270677	119.303717	119.303050	-35.240915	1.092006	17.374290	0.454020	66.3155	OC1=CC2=C(C=C1)C3=C(CC2)C=CC=C3
222233f2	332222	CCCCCC	-,-,-,-,-,-	1.529335	1.510677	1.413540	1.485000	1.414771	1.510310	111.375114	111.404184	119.255392	119.354141	119.309867	119.263444	-35.246839	1.070759	17.375616	0.454200	66.2860	OC(=O)CCC1=CC2=C(C=C1)C3=C(CC2)C=CC=C3
222233f2	332222	CCCCCC	-,-,-,-,-,-	1.529739	1.510361	1.412260	1.483873	1.414573	1.510438	111.414167	111.475073	119.316141	119.423883	119.291946	119.226707	34.591202	-0.420559	-17.634630	0.452761	66.5416	NC1=CC2=C(C=C1)C3=C(CC2)C=CC=C3
222233f2	332222	CCCCCC	-,-,-,-,-,-	1.540051	1.498032	1.383215	1.470043	1.417466	1.520902	113.576267	111.264059	120.504628	123.049138	117.020806	120.178504	-30.032217	1.858928	12.687948	0.383087	63.8149	c1ccc-2c(c1)CCc3c2sc(c3)C(=O)NN
222233f2	332222	CCCCCC	-,-,-,-,-,-	1.542957	1.491526	1.389036	1.469806	1.417169	1.522819	113.716269	110.426609	121.352399	122.335536	116.816915	119.904897	28.649939	1.847233	-16.565402	0.403613	67.1267	Cc1c(c2c(n1C)-c3ccccc3CC2)C(=O)[O-]
222233f2	332222	CCCCCC	-,-,-,-,-,-	1.544489	1.491148	1.439356	1.439844	1.417824	1.526574	115.005129	110.617943	120.265813	124.146553	116.193223	121.000448	-27.797016	2.025496	10.833457	0.358104	62.4969	c1ccc(cc1)n2nc3c([n+]2[O-])-c4ccccc4CC3
222233f2	332222	CCCCCC	-,-,-,-,-,-	1.555391	1.482307	1.370097	1.438788	1.419155	1.531839	115.925177	110.697553	121.541477	126.595211	115.281968	120.614661	-24.000002	2.304511	8.425441	0.305974	61.0017	c1ccc-2c(c1)CCc3c2oc(n3)C[NH3+]
222233f2	332222	CSCCCC	-,-,-,-,-,-	1.822900	1.793503	1.410093	1.468675	1.346978	1.486536	112.131087	100.653394	122.789606	120.290100	122.658231	126.968083	26.956362	-0.083507	-19.143973	0.451837	66.5760	[H]/N=c/1\\[nH]c-2c(s1)CSc3c2cccc3
222233f3	233222	CCCCCC	-,-,-,-,-,-	1.504895	1.515082	1.504895	1.410314	1.491077	1.410315	121.561775	117.892868	117.892844	121.561780	120.510991	120.510984	0.000091	2.122800	-2.177793	0.026866	89.9989	c1cc2c(nc1)-c3c(cccn3)[C@@H]4[C@H]2O4
222233f3	332222	CCCCCC	-,-,-,-,-,-	1.536968	1.510447	1.408962	1.456481	1.406978	1.510132	112.740425	112.762097	118.915316	120.940067	120.610096	119.008901	31.601334	-3.678356	-10.936202	0.385025	61.6929	COc1c(cc2c-3c1COc4c3c(cc(c4)O)CC2)O
222233i	222233	CCCCCC	N,-,-,N,-,-	1.494415	1.337452	1.465954	1.492943	1.521285	1.526180	118.166824	121.498466	119.638551	121.666673	110.870559	112.253647	-4.207898	-10.483154	35.830084	0.378951	54.4539	C[N+](=C1CCC(=[N+]=[N-])C=C1)C
222233i	222233	CNNCSC	C,-,-,-,-,-	1.399930	1.358692	1.297358	1.741340	1.810680	1.516537	115.152287	127.616678	119.753422	124.419721	96.058348	110.804997	26.234628	-0.049499	-35.304244	0.589347	64.9762	CCOC(=O)/C(=C/1\\CSC(=NN1)N)/N=O
222233i	222332	CCNCSC	-,O,-,-,-,-	1.490329	1.362409	1.442735	1.808131	1.765753	1.355703	123.228356	119.146968	124.856485	107.900890	99.455819	120.021400	14.668107	-49.517680	52.395835	0.556520	59.4990	Cc1cccc(c1)NC2=C(C(=O)NC3(S2)CCCC3)C#N
222233i	222332	CNCCCC	-,-,N,-,-,-	1.382295	1.318477	1.481389	1.533484	1.516753	1.350361	120.092802	124.732043	119.408621	111.874901	112.566512	119.646493	-5.509197	30.541970	-38.554285	0.342253	62.4720	COC1=C([C@@H](CC(=[NH2+])N1)c2ccccc2)C#N
222233i	222332	CNCCCN	-,-,O,-,-,-	1.360593	1.371251	1.494109	1.512248	1.459915	1.280009	123.011444	123.560662	116.670748	109.636060	115.343883	117.370465	0.698188	-27.396900	43.567152	0.370828	62.3476	C(#N)NC1=N[C@@H]([C@@H](C(=O)N1)[N+](=O)[O-])O
222233i	222332	CNCSCC	-,-,S,-,-,-	1.371020	1.370664	1.740472	1.817116	1.505241	1.339849	121.235681	128.461436	118.198028	101.728486	111.710111	125.423125	9.078641	-31.144452	38.385354	0.420111	59.2311	CC1=CC(C)(C)SC(=S)N1
222233i	222332	NCNCSC	-,O,-,-,-,-	1.361102	1.360999	1.446212	1.824134	1.740740	1.286595	122.588485	119.518238	122.431352	105.626060	94.269481	125.394759	17.334432	-55.749220	53.353321	0.606212	61.3274	C1(=NC(NC(S1)C(Cl)(Cl)Cl)=O)[C-]([P+](C2C=CC=CC=2)(C3C=CC=CC=3)C4C=CC=CC=4)C#N
222233i	222332	NNCSCC	-,-,-,-,-,-	1.405578	1.299463	1.753156	1.805697	1.504197	1.301022	119.852145	122.136645	123.027078	94.753955	108.129567	123.089371	-6.222453	-33.330749	52.326991	0.630234	68.1793	c1cc(oc1)C2=NN=C(SC2)NC3CC3
222233i	222332	NNCSCC	-,-,N,-,-,-	1.415845	1.323558	1.716373	1.802687	1.514353	1.303716	116.446504	130.109339	120.042604	97.833900	111.925640	124.412174	-1.985489	-28.630328	45.332402	0.501658	63.5916	c1ccc(cc1)C2=NNC(=[NH2+])SC2
222233i	223322	NCCCCN	-,-,-,-,O,-	1.301221	1.513756	1.512757	1.501888	1.371946	1.362109	118.052832	121.723435	109.683883	110.505969	115.252160	126.033811	34.505635	-48.189356	34.692448	0.433049	63.3119	N1NC(=O)CCC=1C2=CC=CC=C2
222233i	223322	NCSCCN	-,-,-,-,-,-	1.297115	1.741488	1.802130	1.504719	1.299593	1.402666	121.426937	124.298618	94.239191	107.752036	123.779311	119.362492	-34.074376	52.198848	-43.493563	0.631921	68.0417	N1N=C(CC(=O)OCC)CSC=1N
222233i	233222	CCCCCN	O,-,-,-,-,-	1.516046	1.543213	1.508561	1.339500	1.367872	1.370305	117.516086	113.131007	113.605188	122.203429	120.212471	125.617363	31.169305	-18.772689	-0.204743	0.275578	58.8469	O=C1NC(=C[CH]([CH]1C#N)C2=CC=CC=C2)C3=CC=CC=C3
222233i	233222	CCCNCC	-,-,-,-,O,-	1.508328	1.545170	1.434660	1.371068	1.489288	1.344793	119.921235	110.821818	110.760087	123.128223	116.531377	121.111722	-47.190845	37.030189	-5.917451	0.424642	65.3104	C1=CC(=O)N[C@@H]([C@@H]1[N+](=O)[O-])[NH3+]
222233i	233222	CCCNCN	-,-,-,-,S,-	1.512539	1.532855	1.452946	1.372492	1.608071	1.292773	119.552770	113.472123	108.141898	122.340808	116.445578	119.308455	52.083919	-40.888311	11.934064	0.440821	59.4588	CC1=[N+](C(=S)NC(C1)(C)C)c2ccccc2
222233i	233222	CSCCCN	-,-,-,-,-,-	1.738969	1.822096	1.502157	1.342530	1.369816	1.293437	126.298931	98.786957	110.012306	124.432567	124.288526	120.924888	-38.904492	30.539381	2.084729	0.460829	65.5937	C1(=NC(=CC(S1)(C)C)C)N
222233i	233222	CSCCNN	N,-,-,-,-,-	1.748417	1.800428	1.512463	1.302781	1.368669	1.373409	118.315211	96.716278	109.927235	123.875735	116.843002	128.499000	-50.106716	45.533561	-3.977421	0.579003	67.0660	[H]/N=C/1\\NN=C(CS1)CC(=O)OCC
222233i	233222	CSCCOC	-,-,-,O,-,-	1.722205	1.803756	1.504434	1.364079	1.416142	1.342150	122.138503	98.122998	112.516017	117.151010	123.964450	124.031692	49.754250	-46.192546	12.085788	0.518440	60.0235	c1ccc(cc1)C2=CSCC(=O)O2
222233i	233222	CSCNCC	-,-,-,-,O,-	1.773878	1.812138	1.439982	1.362793	1.494592	1.356537	119.180913	99.092636	107.021587	123.466768	119.171245	123.220214	55.308105	-52.992970	15.152806	0.594648	61.5212	COCCCNC1=C(C(=O)N[C@@H](S1)[C@@H]2CCC=CC2)C#N
222233i	322223	CCCCCC	-,-,-,-,-,-	1.508452	1.340839	1.441553	1.340496	1.506166	1.544068	114.695798	122.268971	121.269309	121.425199	122.407239	114.517014	0.509838	-9.172231	1.027483	0.192757	68.5780	CS(=O)(=O)N/N=C/[C@@H]1CC=CC=C1
222233i	322223	CCCCCC	-,-,-,-,-,-	1.514087	1.340919	1.448460	1.343669	1.504663	1.554726	112.524861	122.944842	121.860548	120.047832	122.621954	115.293356	-0.459705	10.666801	-1.139611	0.227665	68.5468	CC(C)[CH]1CC=C(C)C=C1
222233i	322223	CCCCCC	-,-,-,-,-,-	1.523836	1.341040	1.440533	1.341818	1.507662	1.560354	111.984102	121.711840	121.836582	120.864182	121.526319	113.971276	-0.869969	12.942327	0.449210	0.297071	66.9522	CC1(C)CC(=CC(=C1)O)O
222233i	322223	CCCCOC	-,O,-,-,-,-	1.502377	1.475417	1.335296	1.369913	1.440752	1.523363	107.629078	117.241477	117.827119	126.143819	114.070782	111.828839	7.000628	4.610825	17.056641	0.466571	54.4949	c1ccc(cc1)[C@@H]2CC(=O)C=CO2
222233i	322223	CCCNCC	-,-,-,-,-,-	1.512072	1.353691	1.382822	1.289116	1.493999	1.527263	112.476359	119.657582	122.280281	117.724844	127.311458	107.954427	2.414934	-16.608636	-1.064301	0.367485	67.5682	C1C(C(=NC(=C1C#N)S)O)C#N
222233i	322223	CCNCNC	-,O,-,O,-,-	1.515381	1.371964	1.367343	1.375078	1.458256	1.536543	109.395024	116.304707	127.268555	116.102193	120.388397	111.402400	-1.307519	11.984486	11.852907	0.426624	60.6477	C[C@@]1([C@@H](N(C(=O)NC1=O)[C@H]2C=C[C@@H](O2)CO)N=[N+]=[N-])Br
222233i	322223	CNCCCC	-,-,O,C,O,-	1.458137	1.365503	1.489572	1.497879	1.508757	1.530659	109.212660	124.844883	115.861455	119.435105	117.640086	111.383998	-12.678872	-11.876383	0.323814	0.456169	62.6859	CC1(CC(=O)/C(=C/[C@@H]2CCN=C2S)/C(=O)N1)C
222233i	322223	COCCOC	-,-,-,-,-,-	1.435273	1.375583	1.342639	1.390636	1.437267	1.523454	110.950742	111.669735	125.110972	123.090575	111.125341	111.041149	-11.733215	-2.948229	-15.340931	0.470175	52.2432	C1COC(=CO1)C(=O)NC(=S)N
222233i	322223	COCCOC	-,-,-,-,-,-	1.437173	1.373315	1.337169	1.373315	1.437173	1.524939	111.308183	111.171331	124.596052	124.596051	111.171333	111.308185	-12.918869	-3.415846	-12.918861	0.461508	52.5073	C1COC=CO1
222233i	332222	CSCCNC	-,-,-,-,-,O	1.808729	1.724765	1.336412	1.368035	1.371352	1.514919	114.276000	100.528612	123.020497	124.288650	126.555893	118.489153	-24.939324	3.250860	9.150641	0.397850	57.7682	C1C(=O)NC=CS1
222323f1	232322	CCCCCN	O,-,O,-,-,-	1.496765	1.503768	1.510320	1.482527	1.381316	1.404121	113.847102	115.501474	117.180758	109.837116	122.111195	127.059122	44.862425	-39.560383	17.720103	0.347591	51.9815	Cc1cc2n(n1)C(=O)CC(=O)C2
222323f2	232322	CCNCCC	O,-,-,-,-,-	1.544713	1.460790	1.459077	1.480043	1.378312	1.450529	114.933587	114.207281	122.832918	106.475352	128.768176	120.562759	42.523558	-37.802241	15.709849	0.309161	53.3635	c1coc2c1C(=O)[C@@H]3CCC(=O)N3C2
222323f2	322232	CNCCCN	-,-,-,-,-,-	1.449851	1.399720	1.406622	1.500498	1.433879	1.425359	108.143857	118.441736	121.209486	118.675185	111.849189	119.843817	-21.547585	6.253597	-14.407556	0.386226	44.6371	c1ccc2c(c1)[C@@H]3CCC(=O)N3CN2
222323i	323222	CCCCNC	-,O,-,-,-,C	1.506485	1.503714	1.501512	1.283262	1.494559	1.506876	107.210141	116.023076	112.709544	121.531574	123.173509	118.508634	-44.917012	17.845972	-2.001296	0.411848	48.2223	c1ccc(cc1)/C=C\\2/CC(=O)[C@H](C=[NH+]2)C(=O)N
222333f1	222333	CCCCCC	C,-,-,-,-,-	1.457116	1.345404	1.514675	1.549448	1.528155	1.516366	112.390469	123.460181	123.979396	111.490512	112.706782	110.662785	-5.510494	-2.845068	34.208749	0.475798	55.0486	CC(C)=C1CCC2C(=C1)CCC3C2(C)CCCC3(C)C(O)=O.CC(N)(CO)CO
222333f1	222333	CCCCCC	C,-,-,-,-,-	1.458637	1.346049	1.521119	1.545300	1.527624	1.517691	112.826785	123.729177	123.187817	111.976428	112.131708	110.785154	-5.147271	-5.269931	36.530031	0.475087	54.3718	CC(C)=C1CC[CH]2C(=C1)CC[CH]3[C]2(C)CCC[C]3(C)C(O)=O
222333f1	222333	CCCCCC	N,-,-,-,-,-	1.497833	1.404579	1.503185	1.520201	1.520668	1.522931	117.578237	120.478834	121.169428	110.456243	110.925432	113.011357	0.044231	31.185034	-57.147539	0.489094	56.9679	CCOC(=O)NN=C1CCCC2=C1C=CC=C2
222333f1	222333	CCCCOC	-,-,O,-,-,-	1.344279	1.494414	1.545182	1.438947	1.434484	1.514088	121.552449	116.114306	114.864586	105.926842	100.779039	107.272264	-1.871613	42.067278	-77.288269	0.650144	54.7026	C1[C@@H]2C=CC(=O)[C@H](O1)O2
222333f1	222333	COCCCC	O,-,O,-,-,-	1.354450	1.351740	1.509727	1.536336	1.551392	1.532437	117.850709	121.981157	117.535720	110.630356	96.176386	109.350211	2.138667	-39.969097	68.990421	0.651901	52.2288	C12(C(OC(=O)C(C1(CBr)C)CC2)=O)C
222333f1	222333	COCCCC	O,-,O,-,-,-	1.355395	1.351653	1.509626	1.532119	1.543268	1.532474	117.923808	121.889593	117.615235	110.478859	96.794999	109.536701	-2.906709	40.281369	-68.820061	0.643185	51.9263	CC1(C)[CH]2CC[C]1(C)C(=O)OC2=O
222333f1	222333	NCNCCC	-,O,-,-,-,-	1.351850	1.354467	1.450268	1.534651	1.524509	1.429733	123.027119	116.819975	125.644440	111.877745	108.241046	112.600492	9.552571	-26.095462	44.157721	0.414741	43.2613	c1ccc(cc1)[C@H]2[C@@H]3CCCO[C@@H]3NC(=O)N2
222333f1	222333	NCNNCC	-,-,-,-,-,-	1.321079	1.324781	1.400137	1.459521	1.537848	1.475565	117.247958	125.186458	120.591545	111.831514	108.045612	109.089508	-0.746436	28.259055	-54.897289	0.487721	51.7149	C1[C@@H]2[C@@H](CS1(=O)=O)[NH+]=C(NN2)O
222333f1	223332	CCCCCC	-,O,-,-,-,-	1.478172	1.501851	1.522687	1.560702	1.540206	1.345240	121.887798	117.697303	110.464638	114.501582	109.211820	124.285474	35.833430	-55.097910	43.405834	0.442236	54.0082	CC(=O)OCC=C1CC[CH]2[CH]3CCC4=CC(=O)CC[C]4(C)[CH]3[CH](O)C[C]12C
222333f1	223332	CCCCCC	-,O,-,-,-,-	1.478275	1.501888	1.522414	1.560555	1.540639	1.345203	121.924846	117.756790	110.556246	114.532552	109.249864	124.220136	-35.374040	54.837770	-43.445468	0.440651	54.1339	CC12CC(O)C3C(CCC4=CC(=O)CCC34C)C1CC[C@@]2(O)C(=O)CO
222333f1	223332	CCCCCC	-,O,-,-,-,-	1.478324	1.501996	1.522642	1.560497	1.540225	1.345225	121.903251	117.725137	110.484221	114.487873	109.254598	124.235293	-35.671322	55.021700	-43.470537	0.441946	54.0420	CC(=O)[CH]1CC[CH]2[CH]3CCC4=CC(=O)CC[C]4(C)[CH]3[CH](O)C[C]12C
222333f1	223332	CCCCCC	-,O,-,-,-,-	1.479209	1.503493	1.522414	1.560212	1.536102	1.345797	121.947548	117.975387	110.534207	114.211755	109.083869	124.023207	33.508162	-54.883634	45.644051	0.446020	54.0529	C[C]1(O)CC[CH]2[CH]3CCC4=CC(=O)CC[C]4(C)C3=CC[C]12C
222333f1	223332	CCCCCC	-,O,-,-,-,-	1.480517	1.505223	1.521769	1.559301	1.534592	1.344825	121.625692	117.898951	110.253964	113.868094	109.766152	124.044634	35.882240	-55.448251	44.375640	0.448924	54.0633	C[C]1(O)CC[CH]2[CH]3CCC4=CC(=O)CC[C]4(C)[CH]3[CH](O)C[C]12C
222333f1	223332	CCCCCC	-,O,-,-,-,-	1.480574	1.505277	1.521944	1.558718	1.534048	1.345080	121.808468	118.004036	110.460548	113.836428	109.868020	123.785662	34.633444	-54.898903	44.907848	0.446344	54.1067	CC1(O)CCC2C3CCC4=CC(=O)CCC4(C)C3CCC21C
222333f1	223332	CCCCCC	-,O,-,-,-,-	1.480640	1.505249	1.521838	1.557935	1.534823	1.345139	121.834535	118.010473	110.448237	113.833188	109.930160	123.700289	-34.673929	54.906976	-44.897859	0.446305	54.1105	C[CH]([CH]1CC[CH]2[CH]3CCC4=CC(=O)CC[C]4(C)[CH]3CC[C]12C)C(O)=O
222333f1	223332	CCCCCC	-,O,-,-,-,-	1.480659	1.505291	1.521970	1.558713	1.534366	1.345038	121.829590	118.027968	110.477346	113.844137	109.868742	123.751519	34.471100	-54.831374	44.977788	0.446054	54.1183	CC(=O)OCC(=O)C1CCC2C3CCC4=CC(=O)CCC4(C)C3CCC12C
222333f1	223332	CCCCCC	-,O,-,-,-,-	1.480685	1.506018	1.519816	1.544664	1.523622	1.344115	121.088572	117.571700	110.272720	112.924861	111.674303	123.677805	-38.842601	55.645929	-42.264340	0.451242	54.5391	C[C]12CC[CH]3[CH](CCC4=CC(=O)CC[CH]34)[CH]1CC[CH]2O
222333f1	223332	CCCCCC	-,O,-,-,-,-	1.480732	1.505547	1.522781	1.559998	1.540535	1.345396	122.066480	118.319566	110.843279	113.976924	109.114744	123.554431	30.827996	-54.077235	47.159218	0.447762	54.7518	C[C]1(O)CC[CH]2[CH]3CCC4=CC(=O)CC[C]4(C)[C]35O[CH]5C[C]12C
222333f1	223332	CCCCCC	-,O,-,-,-,-	1.480802	1.505574	1.521753	1.559086	1.535649	1.344888	121.651840	117.924832	110.257528	113.809845	109.870925	123.928732	35.893011	-55.435296	44.405115	0.449137	54.0726	CC(=O)OCC(=O)[C]1(O)CC[CH]2[CH]3CCC4=CC(=O)CC[C]4(C)[CH]3[CH](O)C[C]12C
222333f1	223332	CCCCCC	-,O,-,-,-,-	1.481222	1.505389	1.521980	1.558678	1.538666	1.345091	121.778525	117.944389	110.243445	113.771336	109.671962	123.762390	35.374855	-55.665769	45.224713	0.451735	54.0165	COC(=O)C=C1CC[CH]2[CH]3CCC4=CC(=O)CC[C]4(C)[CH]3C(=O)C[C]12C
222333f1	223332	CCCCCC	-,O,-,-,-,-	1.501617	1.519040	1.525365	1.532640	1.498350	1.342846	117.389759	119.597793	112.653818	111.236104	110.170484	126.469597	23.523018	-50.594688	51.070637	0.457834	56.6548	CC1=C2C(=O)O[C@H]([C@@]2(CCC1=O)C)c3ccoc3
222333f1	223332	NCCCCC	-,O,-,-,-,N	1.372791	1.510521	1.527533	1.547413	1.529009	1.369558	127.631167	116.756534	111.770579	111.043106	105.756370	117.458946	-22.932134	53.373736	-60.204925	0.504205	48.7269	c1ccc(cc1)[C@@]23CCCN=C2NC(=O)CC3
222333f1	233322	CCCCCC	O,-,-,-,-,-	1.518947	1.533517	1.574861	1.514525	1.387657	1.451999	115.261575	111.234420	114.580262	107.060620	124.358572	124.064025	57.008528	-46.821802	16.686308	0.460141	54.2108	N1(C2C(=NON=2)N)C3=C(C(=O)CCC3(C)C)N=N1
222333f1	233322	CCCCCC	O,-,-,-,-,-	1.526473	1.536602	1.541795	1.488883	1.379690	1.446609	115.536215	112.233452	113.123976	109.121465	125.095271	122.586803	-54.732623	46.444194	-19.328685	0.444545	52.4519	Cc1cc(nc(n1)n2c3c(cn2)C(=O)CCC3)C
222333f1	233322	CCCCCC	O,-,-,-,-,-	1.531936	1.540160	1.539890	1.479719	1.379388	1.460580	114.925035	113.067738	112.789096	108.359331	126.636723	121.666705	-54.683402	47.497865	-21.616868	0.446558	52.0619	c1[nH]c2c(n1)C(=O)CCC2
222333f1	233322	CCCSCC	N,-,-,-,-,-	1.521417	1.519861	1.816679	1.756721	1.382489	1.464115	119.644388	112.095470	111.454960	98.556062	125.721379	122.932651	63.339286	-50.753399	20.396178	0.541636	52.0384	c1csc2c1/C(=N/O)/CCS2
222333f1	233322	CCSCCC	O,-,-,-,-,-	1.510832	1.804944	1.803767	1.500421	1.401479	1.485549	120.183128	113.253958	97.145499	112.155332	122.728196	123.326378	-55.006694	56.343484	-35.169718	0.624571	53.7193	C12C(=O)CSCC1=CC=NC=2
222333f1	233322	NCCCCC	-,-,-,-,-,-	1.447762	1.523672	1.536450	1.514605	1.346632	1.395245	121.220004	108.224451	111.341132	114.103913	120.197831	121.516481	54.229305	-40.026062	12.333013	0.444561	50.6466	c1cc2c(cc1N)c3c(c(=O)o2)NCCC3
222333f1	233322	NCCCCC	-,-,-,-,-,-	1.466330	1.521412	1.524355	1.504531	1.401802	1.421657	113.568586	110.959311	109.549630	111.406187	120.740928	123.035852	-63.326216	46.530254	-19.457825	0.490415	45.6663	C12NCCCC=1C=CC=C2O
222333f1	233322	NCCCCC	N,-,-,-,-,-	1.478255	1.521408	1.528513	1.511243	1.409486	1.489481	116.047358	107.520708	110.955945	113.368034	122.415543	117.881357	62.968464	-42.240255	12.442876	0.506496	48.3335	[N+]1(=N/O)/C2=C(C=CC=C2)CCC1
222333f1	233322	NCCCNC	-,-,-,-,-,-	1.469672	1.526905	1.525794	1.455722	1.304011	1.301089	120.683364	111.780219	110.426525	109.852237	124.030974	123.585148	47.834345	-45.989321	23.553837	0.423326	53.4105	C1COC2=[NH+]C[C@@H](CN21)Br
222333f1	233322	NCCSCC	-,-,-,-,-,-	1.458928	1.533420	1.833543	1.726861	1.349929	1.399234	120.312872	110.861931	112.407047	100.089728	123.753808	126.473513	-59.567733	42.548465	-14.430879	0.489731	48.9349	c1ccc2c(c1)C3=C(S2(=O)=O)NCCS3
222333f1	322233	CCCCCC	-,-,-,O,-,-	1.505277	1.347056	1.497133	1.512240	1.528067	1.536855	111.949744	124.073466	119.612322	118.199056	110.661401	110.579871	-2.592671	-5.578570	35.286162	0.472022	53.3372	c1cc(sc1)[C@@H]2Cc3c(ccc(=O)[nH]3)C(=O)C2
222333f1	322233	CCCCCC	-,-,-,O,-,-	1.530560	1.352167	1.488395	1.539567	1.527963	1.562142	113.707643	124.448959	118.751838	118.702897	109.558861	111.035162	-2.070875	-14.591131	43.789330	0.460680	51.7156	CN(C)C1C2C(O)C3C(=C)c4cccc(O)c4C(=O)C3=C(O)C2(O)C(=O)C(=C1O)C(=O)N
222333f1	322233	CCNCSC	-,O,-,N,-,-	1.508490	1.381107	1.377945	1.722666	1.805030	1.512515	111.558783	116.197350	130.445632	120.289382	99.055892	109.865612	-4.555336	-0.549521	-22.479839	0.563428	50.9380	C1CSC2=NCCN2C1=O
222333f1	322233	CNCNCC	-,-,N,-,-,-	1.456490	1.365850	1.356696	1.459861	1.522438	1.524495	111.165613	122.231799	120.428556	120.601496	110.020289	107.159159	2.093040	4.239936	-35.690302	0.503932	53.6020	CC1([C@@H]2[C@@H](C[NH+]1C)[C@@H](NC(=[NH2+])N2)[NH3+])C
222333f1	322233	NNCNCC	-,-,O,-,-,-	1.426024	1.382317	1.366934	1.441017	1.558901	1.463856	109.845420	120.725113	115.412645	119.538764	114.245377	113.458554	20.732436	26.182341	-35.754627	0.511764	80.9245	CN1[C@@H]2[C@@H](NNC(=O)N2)N(C1=O)C
222333f1	322233	POCCCO	S,-,-,-,-,-	1.615849	1.364819	1.395818	1.501232	1.412795	1.614334	102.485801	121.676720	122.033674	121.653247	112.298546	116.671387	9.498915	-1.545281	22.207762	0.445066	49.6168	COP1(=S)OCc2ccccc2O1
222333f1	332223	CCCCCC	-,-,-,-,C,-	1.531746	1.511068	1.346775	1.452924	1.523419	1.541041	111.263259	112.701367	121.028630	123.598127	117.516971	109.754412	19.341121	2.419172	6.114745	0.465120	52.6664	COC(=O)[C]1(C)CCC[C]2(C)[CH]3CCC(=CC3=CC[CH]12)C(C)C
222333f1	332223	CCCCCC	-,-,O,-,-,-	1.532971	1.515657	1.504304	1.350108	1.514032	1.539952	108.879297	112.931948	118.276078	120.044296	122.525512	114.190417	31.889073	-3.146511	-1.714293	0.458439	53.6170	CC1(CC2=C(C(=O)C1)Sc3c(c(=O)[nH]cn3)N2)C
222333f1	332223	CCCCOC	-,-,-,-,-,-	1.522528	1.489988	1.376399	1.369243	1.435123	1.529924	108.841449	110.395774	122.629507	122.738713	114.635601	111.102184	15.279073	-1.478301	19.048379	0.490682	49.1770	c1ccc(cc1)[C@@H]2CCc3c(nc(nc3O2)S)O
222333f1	332223	CCOCCC	-,-,-,-,-,-	1.542608	1.443221	1.370807	1.400363	1.507548	1.530454	108.668506	109.738429	114.073482	123.229637	120.844394	111.709566	-54.029006	22.208053	0.026884	0.513146	50.9044	O[CH]1CC2=C(O)C=C(O)C=C2O[CH]1C3=CC=C(O)C(=C3)O
222333f1	332223	CCOCNC	-,-,-,O,-,-	1.521746	1.439738	1.358661	1.366573	1.448384	1.516120	105.121326	110.767100	120.571268	117.186006	124.911103	108.458889	-39.641884	10.909949	-7.775062	0.521830	47.5594	c1ccc2c(c1)C[C@@H]3C[C@H]2OC(=O)N3
222333f1	332223	CNNCNC	-,-,-,-,-,-	1.467753	1.359491	1.326807	1.319342	1.471634	1.539267	110.621704	111.737078	123.933362	123.235570	118.759316	110.558649	-27.833364	2.593687	-1.919574	0.424259	51.8059	C1C[NH+]=C2N=NNN2N1
222333f1	332223	NCNCNC	-,-,-,-,-,-	1.454208	1.423909	1.358528	1.331762	1.441904	1.449768	111.436964	105.914696	121.793410	122.094807	117.742781	107.534968	-23.802487	-6.095041	1.726589	0.521922	56.8376	CC(C)N1C[NH+]=C2Nc3ccccc3N2C1
222333f1	332223	OCCCOC	-,-,-,-,-,-	1.425709	1.502329	1.390072	1.364607	1.434645	1.428533	109.696236	111.026796	118.400387	123.555579	113.193539	113.643636	20.680712	-0.580691	11.314929	0.471070	50.1776	c1ccc(cc1)[C@@H]2OCc3c(ccc(n3)CO)O2
222333f1	333222	CCCCCC	-,-,-,N,-,-	1.538989	1.536952	1.533562	1.456896	1.405373	1.480359	109.853909	112.304917	112.312883	115.048241	122.046347	124.581242	56.403162	-34.498977	6.824032	0.456109	51.3357	C12=NON=C1CCCC/2=N/O
222333f1	333222	CCCCCC	-,-,-,N,-,-	1.540737	1.538460	1.531486	1.454674	1.402260	1.480690	109.947807	112.540539	112.033165	115.082135	122.385047	124.386416	-56.267624	34.984357	-7.476040	0.453787	51.1219	C12=NON=C1CCCC/2=N/N
222333f1	333222	CCCCCC	-,-,-,O,-,-	1.524691	1.513738	1.508349	1.501116	1.355191	1.518301	113.879868	110.947667	110.061556	118.032249	120.951568	121.017813	-57.009801	36.848262	-6.180282	0.470854	54.1712	C1CCN2[C@@H](C1)C=CC3=C2CCCC3=O
222333f1	333222	CCCCCC	-,-,-,O,-,-	1.539654	1.538416	1.527458	1.441771	1.381139	1.490654	110.057940	112.597606	112.661616	114.506741	125.381971	122.056984	-54.144227	30.391538	-3.779599	0.447038	51.7921	C12NC3C=CC=CC(C=1CCCC2=O)=3
222333f1	333222	CCCCCC	-,-,-,O,-,-	1.542117	1.529819	1.509950	1.500672	1.350745	1.519453	114.798729	108.898995	111.981131	119.406903	119.314333	122.360470	-53.792435	34.326221	-4.818256	0.459461	53.7268	C12=C(N(C)C(C(=C1O)CC)=O)CC(CC2=O)(C)C
222333f1	333222	CCCCCC	-,-,-,O,-,-	1.542278	1.538300	1.529060	1.451684	1.377553	1.483446	108.819435	113.156198	112.560977	114.952478	122.655889	125.627006	-54.703850	32.346697	-5.069372	0.443692	52.3232	N1(C2C(=NON=2)N)N=NC3=C1CCCC3=O
222333f1	333222	CCCCCC	-,-,-,O,-,-	1.542408	1.536067	1.514695	1.495817	1.346398	1.506468	113.436647	109.215660	112.758574	119.174911	118.500441	124.639812	-52.540848	32.131058	-3.801602	0.451161	53.5470	C12C(=C(C(=O)NC=1CC(CC2=O)(C)C)CC)O
222333f1	333222	CCCCCC	-,-,-,O,-,-	1.542896	1.530759	1.510125	1.498923	1.352348	1.518898	114.735858	109.041745	112.035137	119.286610	119.598999	122.221575	53.624578	-34.053762	4.729617	0.457858	53.6646	C12=C(N(C)C(C=C1O)=O)CC(CC2=O)(C)C
222333f1	333222	CCCCCC	-,-,-,O,-,-	1.543063	1.536728	1.514707	1.494503	1.347861	1.506409	113.430914	109.319536	112.774583	119.074685	118.775189	124.438752	-52.448084	31.972552	-3.737093	0.450284	53.5286	C12=C(NC(C=C1O)=O)CC(CC2=O)(C)C
222333f1	333222	CCCCCN	-,-,-,-,-,-	1.517968	1.518438	1.507886	1.411784	1.396921	1.466443	110.596301	108.919193	111.416051	121.165840	120.862227	117.564671	48.881455	-20.159276	1.530896	0.492985	49.4829	COC1=CC2=C(C=C1)N(CCCCCCCN3CCCCC3)CCC2
222333f1	333222	CCCNCC	-,-,-,-,-,-	1.529767	1.525623	1.448365	1.390299	1.383389	1.496991	112.244662	110.354319	108.954833	116.214388	120.922926	121.899167	-60.129992	53.458384	-26.636137	0.479432	46.3103	c1nc2c(c(n1)O)CCCN2
222333f1	333222	CCCNCN	-,-,-,-,-,-	1.515184	1.524035	1.470930	1.283651	1.353099	1.436887	108.613184	108.771120	112.973053	118.153782	124.013645	123.516747	-52.711102	27.595208	-0.372603	0.462218	52.9945	c1cc(ccc1N2C(=O)N3CCCN=C3N2)F
222333f1	333222	CCCNCN	-,-,-,-,-,-	1.524077	1.525900	1.468533	1.338741	1.356381	1.446647	110.353318	111.059550	112.395481	119.362346	123.295796	122.932079	-49.560031	25.368629	1.606180	0.434712	55.5761	CN1C(=O)N2CCC[NH+]=C2N1
222333f1	333222	CCCNCN	-,-,-,-,-,-	1.527939	1.530141	1.459157	1.355425	1.368884	1.448665	111.045920	110.429788	110.165722	118.874120	121.260425	123.903617	55.685811	-41.284374	14.800242	0.449608	48.0758	Cn1cccc1c2cc3n(n2)CCCN3
222333f1	333222	CCCOCC	-,-,-,-,-,-	1.515194	1.504867	1.413912	1.401533	1.354397	1.513364	108.025664	106.735672	111.856457	110.082692	123.165797	123.184854	-71.594635	54.739024	-17.062898	0.543300	52.4405	C1C=C(O[C@@H]2[C@@H]1OC(=O)N2)C#N
222333f1	333222	CCCOCC	-,-,-,-,-,-	1.518843	1.532975	1.436914	1.371479	1.395560	1.500488	110.618068	110.866157	111.428502	117.921599	122.666818	121.452836	57.810389	-40.988790	12.736903	0.456748	49.9187	C12C(=C(C(NN)=CC=1CCC(O2)(C)C)C)C
222333f1	333222	CCCOCC	-,-,-,-,-,-	1.521284	1.519165	1.430275	1.370019	1.399741	1.501491	110.567690	108.864269	112.024135	114.609567	123.617011	120.801949	-63.069409	47.572692	-16.439712	0.488188	49.5385	c1ccc2c(c1)CCCO2
222333f1	333222	COCCCC	-,-,-,N,-,-	1.430797	1.416874	1.516463	1.486820	1.345358	1.512059	111.226587	114.840934	112.149947	117.258234	116.704151	125.146508	-56.097938	33.737803	-5.080612	0.417999	54.1109	CC1(C=C2C(=NN(C(=C2C#N)N)c3ccccc3)CO1)C
222333f1	333222	COCNCC	-,-,-,-,-,-	1.423547	1.421188	1.453319	1.399021	1.403366	1.504443	112.868919	113.505416	110.817930	117.737364	120.254573	118.439938	-59.127559	41.925883	-16.047739	0.427830	45.7021	Cc1c2c(c(cn1)CO)COC(N2)(C)C
222333f1	333222	COCNCC	-,-,-,-,-,-	1.425355	1.421979	1.448895	1.399476	1.401597	1.503371	112.128474	110.361887	109.720803	114.289698	120.173793	118.837773	-67.378019	51.821981	-21.476100	0.489431	46.1219	c1ccc2c(c1)CO[C@@H](N2)c3ccc[nH]3
222333f1	333222	COCOCC	-,-,-,-,-,-	1.423562	1.422791	1.428443	1.367149	1.394018	1.495995	110.356405	109.694803	114.168158	112.997630	122.592784	119.407826	65.486156	-43.948771	12.007740	0.469232	49.4828	c1cc2c(cc1N)COCO2
222333f2	222333	CCCCCC	O,-,-,-,-,-	1.485511	1.347806	1.543021	1.631884	1.571165	1.535040	118.544033	123.501809	121.633615	108.952129	108.256946	109.785803	1.103490	27.511237	-56.266672	0.538189	53.9318	CC1(C)[CH](CC[C]2(C)[CH]1CC[C]3(C)[CH]2C(=O)C=C4[CH]5C[C](C)(CC[C]5(C)CC[C]34C)C(O)=O)O[CH]6O[CH]([CH](O)[CH](O)[CH]6O[CH]7O[CH]([CH](O)[CH](O)[CH]7O)C(O)=O)C(O)=O
222333f2	233322	CCCCCC	-,-,-,-,C,-	1.498259	1.544263	1.573966	1.557271	1.480461	1.344045	124.422250	112.792779	111.051601	107.371350	116.404106	121.362661	-44.553035	58.495017	-43.661844	0.495776	51.6905	CC(C)CCCC(C)C1CCC2(C)C3=CCC4C(C)(C)C(O)CCC4(C)C3=CCC12C.CC(CCC=C(C)C)C5CCC6(C)C7=C(CCC56C)C8(C)CCC(O)C(C)(C)C8CC7
222333f2	233322	CCCCCC	-,-,-,-,C,-	1.514825	1.540193	1.574147	1.526842	1.480461	1.353906	125.504956	111.998953	107.691409	109.332661	115.384405	119.549858	-46.187183	62.888124	-47.165355	0.528377	52.2823	CC(C)CCCC(C)C1CCC2(C)C3=CCC4C(C)(C)C(O)CCC4(C)C3=CCC12C.CC(CCC=C(C)C)C5CCC6(C)C7=C(CCC56C)C8(C)CCC(O)C(C)(C)C8CC7
222333f2	233322	CCCCCC	O,-,-,-,-,-	1.508143	1.532899	1.577054	1.539909	1.355481	1.507273	119.060103	111.643205	108.913482	112.989020	126.077470	116.453233	57.168911	-40.030543	6.201271	0.488259	58.9708	CC(C)CCC[CH](C)[CH]1CC[C]2(C)C3=C(C(=O)C[C]12C)[C]4(C)CC[CH](O)C(C)(C)[CH]4CC3=O
222333f2	233322	CCCCNC	O,-,-,-,-,C	1.527869	1.540921	1.545082	1.496088	1.411757	1.520968	110.474205	106.433275	110.021756	108.768638	112.460319	110.649959	-58.967296	3.556820	58.507194	0.803172	87.2191	C1(\C(C2CCN1CC2)=O)=C/C3C=NC=CC=3
222333f2	233322	CCCCNC	O,-,-,-,-,C	1.527869	1.542608	1.546364	1.495275	1.411757	1.520968	110.474205	106.562755	110.123847	108.568222	112.153820	110.649959	59.289148	-4.359170	-58.325930	0.804439	87.6146	C1(\C(C2CCN1CC2)=O)=C/C3C=NC=CC=3
222333f2	233322	CCCCNC	O,-,-,-,-,C	1.527969	1.540199	1.544650	1.495034	1.414262	1.520109	110.410938	106.374698	109.981343	108.885036	112.518588	110.719752	-58.783436	3.015018	58.618893	0.803255	87.0510	C1(=C/C2=C(C(OC)=C(C=C2)OC)OC)\C(C3CCN1CC3)=O
222333f2	233322	CCCCNC	O,-,-,-,-,C	1.527969	1.543093	1.546632	1.494349	1.414262	1.520109	110.410938	106.653023	110.152223	108.531308	111.889966	110.719752	59.533392	-4.777074	-58.128571	0.805785	87.8309	C1(=C/C2=C(C(OC)=C(C=C2)OC)OC)\C(C3CCN1CC3)=O
222333f2	233322	CCCCNC	O,-,-,-,-,C	1.528185	1.540103	1.544605	1.494120	1.414544	1.520351	110.381982	106.321023	109.954871	108.889707	112.617676	110.669187	58.654141	-2.683070	-58.816355	0.803551	86.9535	C1(=C/C2=C(OC)C=CC=C2)\C(C3CCN1CC3)=O
222333f2	233322	CCCCNC	O,-,-,-,-,C	1.528185	1.543362	1.546751	1.493633	1.414544	1.520351	110.381982	106.719370	110.152777	108.474836	111.799264	110.669187	-59.629034	4.983248	58.139067	0.806459	87.9659	C1(=C/C2=C(OC)C=CC=C2)\C(C3CCN1CC3)=O
222333f2	322233	CCCCCC	-,-,-,-,-,-	1.510554	1.354384	1.354386	1.510555	1.570280	1.570280	109.823789	120.323218	123.384013	120.323119	109.823817	113.912524	-27.679676	27.679496	9.752547	0.490791	74.2417	C[C@@H]1C[C@@H](C2=NOS3=C2C1=NO3)C
222333f2	322233	CCCCCC	-,O,-,-,-,-	1.506891	1.485783	1.408506	1.545598	1.571588	1.535202	111.075689	118.352876	121.398473	121.553240	108.692968	111.015429	1.824005	0.447501	25.859184	0.503508	53.5149	COC(=O)[C]1(C)CCC[C]2(C)[CH]1CC(=O)C3=C2C=CC(=C3)C(C)=O
222333f2	322233	CCCCCC	-,O,-,-,-,-	1.506945	1.506935	1.355481	1.556431	1.575079	1.527370	111.660818	120.222381	117.337372	124.515209	107.110603	109.801075	-14.742934	11.053548	24.503680	0.551912	64.3377	CC(C)CCC[CH](C)[CH]1CC[C]2(C)C3=C(C(=O)C[C]12C)[C]4(C)CC[CH](O)C(C)(C)[CH]4CC3=O
222333f2	322233	CCCCCC	-,O,-,-,-,-	1.508366	1.485879	1.406899	1.531007	1.567111	1.537485	114.824288	119.045573	121.385940	120.763029	111.074495	111.170940	-4.043578	-2.514321	30.869487	0.452815	55.5043	COC(=O)[C]1(C)CCC[C]2(C)[CH]1CC(=O)C3=C2C=CC(=C3)C(C)C
222333f2	322233	CCCCCC	-,O,-,-,-,-	1.508814	1.486304	1.405828	1.542671	1.571532	1.536013	112.136621	118.694112	121.395334	120.997550	107.659993	110.762041	-5.010693	-0.549989	31.740804	0.517752	56.2661	CC(=O)OC(C)(C)C1=CC2=C(C=C1)[C]3(C)CCC[C](C)(C#N)[CH]3CC2=O
222333f2	322233	CCCCCC	-,O,-,-,-,-	1.508847	1.486638	1.407665	1.542987	1.571342	1.535732	112.147009	118.742237	121.288828	121.015663	107.683114	110.746226	-4.958035	-0.532168	31.700307	0.517851	56.2632	CC(=C)C1=CC2=C(C=C1)[C]3(C)CCC[C](C)(C#N)[CH]3CC2=O
222333f2	322233	CCCCCC	-,O,-,-,-,-	1.509420	1.486165	1.407103	1.532331	1.569742	1.538007	114.759491	119.040396	121.226259	120.524459	110.094817	110.763261	7.300114	2.302077	-33.453335	0.477992	57.5304	CC(=O)C1=CC2=C(C=C1C(C)=O)[C]3(C)CCC[C](C)(C#N)[CH]3CC2=O
222333f2	322233	CCCCCC	-,O,-,-,-,-	1.509655	1.486923	1.409617	1.530930	1.569035	1.537179	114.873238	118.993436	121.129833	120.700500	110.500016	110.792835	-6.724824	-1.637319	32.149367	0.471326	57.3766	COC1=CC2=C(C=C1)[C]3(C)CCC[C](C)(C#N)[CH]3CC2=O
222333f2	322233	CCCCCC	-,O,-,-,-,-	1.518431	1.485506	1.407238	1.527963	1.573319	1.548008	116.582664	117.748286	120.585011	119.495091	109.204857	112.378632	-24.628950	-2.729743	41.512618	0.517130	70.9645	COC(=O)[C]1(C)CCC[C]2(C)[CH]1[CH](Br)C(=O)C3=C2C=CC(=C3)C(C)C
222333f2	322233	COCCCC	-,-,-,-,-,-	1.444895	1.378152	1.407303	1.491663	1.504468	1.499773	111.167735	117.424712	123.661133	116.892561	106.661605	106.587701	-1.001093	-3.974723	37.451730	0.564041	52.9335	c1ccc2c(c1)[C@@H]3[C@@H](CO2)C=NO3
222333f2	322233	SNCCCC	O,-,-,-,-,-	1.703465	1.408863	1.407544	1.512905	1.549976	1.799886	97.246508	116.953705	121.033983	120.663933	119.104927	115.262750	41.608190	4.863566	-20.460277	0.604970	64.8897	Cc1ccc2c(c1)[C@@H]3[C@@H]4CC[C@@H](C4)[C@@H]3[S@@](=O)N2
222333f2	333222	CCCCCC	-,-,-,C,-,-	1.531791	1.524694	1.505582	1.468876	1.409034	1.514263	113.435927	109.695040	109.719045	118.129893	119.018261	121.929837	60.002542	-44.662431	15.109775	0.485767	49.3105	COc1ccc2c(c1)CC[C@@H]3C2=CC(=O)C3
222333f2	333222	CCCNCC	-,-,-,-,-,-	1.518831	1.519065	1.458378	1.420888	1.409598	1.505082	110.766118	109.611365	112.918845	119.078535	120.512366	121.222107	-56.610232	32.536902	-4.062175	0.472445	52.2868	C1(C(N2C3C(=CC=CC(C=1O)=3)CCC2)=O)C4C=CC=CC=4
222333f2	333222	CCCNCC	-,-,-,-,-,-	1.518969	1.518937	1.457885	1.418400	1.410211	1.505228	110.758908	109.581767	112.902141	119.228923	120.416895	121.258270	56.550486	-32.535892	4.057427	0.472278	52.3081	C1(C(N2C3C(=CC=CC(C=1O)=3)CCC2)=O)NC(=O)C
222333f2	333222	SCCNCC	-,-,-,-,-,-	1.805139	1.513406	1.490741	1.371926	1.412864	1.786204	98.217587	109.062688	111.851650	121.525017	123.153922	123.279863	-66.455493	41.837158	-4.705901	0.569813	52.8221	c1cc2ccc[n+]3c2c(c1)SCC3
222333f3	222333	OCCCCC	-,-,-,-,-,-	1.372924	1.341462	1.508677	1.546335	1.533566	1.440051	115.538501	125.028693	119.992308	109.313709	104.562431	111.579339	1.482883	25.027756	-54.685794	0.547827	52.0782	C[C@@H]1[C@H]2[C@H]3C[C@@H](O1)O[C@@H]2OC=C3C(=O)OC
222333i	222333	CCCCCC	C,-,-,-,-,-	1.450750	1.341347	1.501235	1.530306	1.528355	1.511959	116.695736	122.217513	123.358477	112.483262	111.300986	111.489262	-2.398186	-15.997138	43.853312	0.444692	52.2139	C=C1CCCC=C1
222333i	222333	NCCCCC	-,-,-,-,-,-	1.386705	1.339755	1.494010	1.524859	1.521458	1.465246	118.775919	122.361844	122.766775	111.621077	110.362515	112.363591	2.362080	18.377275	-44.654456	0.437766	52.8792	CCOC(=O)N1CC[C@@H](C=C1)O
222333i	223332	CCCCCC	-,O,-,-,-,-	1.501056	1.514913	1.533012	1.538674	1.507479	1.350089	117.743620	119.673032	112.960764	108.690849	113.718285	124.488234	29.861564	-52.452272	48.472800	0.462624	56.3834	C1(=C(CC(C)(C)CC1=O)O)C(C(=O)C)CC(=O)O
222333i	223332	CCCCCC	O,C,-,-,-,C	1.502083	1.501660	1.519938	1.519938	1.501660	1.502083	117.713644	119.343643	112.097383	109.889653	112.097324	119.343571	-33.100529	58.205789	-58.206049	0.488845	48.2242	O=C1C(CCCC1=CC2=CC=CC=C2)=CC3=CC=CC=C3
222333i	223332	CNCCCN	-,-,-,-,-,-	1.287827	1.460640	1.515483	1.515643	1.456243	1.384735	126.000270	118.156510	112.219853	108.337689	109.327246	118.765532	-28.463520	54.954260	-55.109761	0.483870	51.2911	C1(N(CCCN=1)C)SC
222333i	223332	CNCCCN	-,-,-,-,-,-	1.389953	1.458848	1.514495	1.514771	1.460021	1.292030	124.936347	119.277602	109.373052	108.226474	112.103978	118.729523	30.275817	-54.980718	55.432279	0.487327	52.1094	CCCCCCCCCCCC1=NCCCN1CCCC
222333i	223332	CNCCCN	-,-,-,-,-,-	1.391474	1.462648	1.514684	1.514453	1.459064	1.291174	124.750125	119.365985	110.064399	108.019099	111.491764	118.707226	-25.366618	53.372046	-57.271707	0.495774	54.4955	CCCCCCCCCCCCCCCCCC1=NCCCN1CCO
222333i	223332	CNCNCN	S,-,-,-,-,-	1.366257	1.427312	1.444816	1.461795	1.456452	1.393428	115.561624	124.725287	107.735180	107.342156	109.939937	118.268616	-37.424811	60.042118	-63.983435	0.508707	42.8246	N1(C(NCN(C1)CCCO)=S)C2=CC=CC=C2
222333i	223332	CNCNCN	S,-,-,-,-,-	1.367147	1.425264	1.445783	1.461960	1.456263	1.393964	115.512003	124.509004	107.385432	107.362228	109.778477	118.447235	-38.877377	60.968897	-63.895449	0.511454	42.4253	N1(C(NCN(C1)CCO)=S)C2C=CC=CC=2
222333i	223332	COCCCC	-,-,-,-,-,-	1.387318	1.430076	1.516913	1.523207	1.503593	1.350805	122.811017	115.841121	111.409858	109.059242	111.572667	121.808383	47.231245	-60.588981	42.202036	0.478121	51.7016	CC1=C(CCCO1)C(O)=O
222333i	223332	CONCCC	-,-,-,-,-,-	1.391016	1.464927	1.474020	1.551610	1.516131	1.345613	122.762044	110.779095	105.532456	109.183152	109.823341	121.284639	64.170048	-69.625798	40.762122	0.566075	50.6868	CC1=CC(CN(O1)O)(C)C
222333i	233322	CCCCCC	-,-,-,-,C,-	1.504020	1.528600	1.528600	1.521132	1.463383	1.344159	123.706579	112.830459	111.334047	110.462712	114.190425	122.047452	-40.722010	57.702387	-46.516969	0.461778	48.4278	C[N+](=CC1=C(/C(=C/c2ccccc2)/CCC1)O)C
222333i	233322	CCCCCC	-,-,-,-,O,-	1.503285	1.522618	1.517973	1.514952	1.504104	1.347132	123.953984	111.979832	110.765744	111.535879	118.049618	119.325228	50.052752	-55.320561	31.010189	0.470667	56.1535	C1(SC2=CC(=C(Cl)C=C2Cl)Cl)=C(O)CCCC1=O
222333i	233322	CCCCCC	-,-,-,-,O,-	1.505692	1.540873	1.533814	1.517102	1.505352	1.345764	124.334108	113.319407	108.904126	113.214615	118.521866	118.787189	48.688510	-52.889476	30.076988	0.462667	55.7703	C1(=C(CC(C)(C)CC1=O)Cl)SC2C=CC=CC=2
222333i	233322	CCCCCC	-,-,-,-,O,-	1.506345	1.520039	1.515018	1.512481	1.501301	1.350600	124.348148	112.089919	110.217990	111.445698	119.627776	117.592651	-50.934637	54.668134	-28.589268	0.480616	58.7434	c1ccc2c(c1)[C@@H](OC2=O)C3=C(CCCC3=O)O
222333i	233322	CCCCCC	-,-,-,-,O,-	1.509264	1.525502	1.519609	1.510537	1.483914	1.344386	122.083300	112.646001	111.176324	110.928454	118.761939	120.927756	-49.788619	53.929654	-30.904321	0.457975	54.2917	CCOC1=CC(=O)CCC1
222333i	233322	CCCCCC	-,-,-,-,O,-	1.509813	1.546551	1.538983	1.513513	1.482748	1.342797	122.619095	113.904552	109.877082	112.601600	118.572401	121.078915	-46.616481	51.482566	-31.234052	0.441923	53.4458	CC1=CC(=O)CC(C)(C)C1
222333i	233322	CCCCCC	-,-,-,-,O,-	1.510624	1.540488	1.530616	1.510542	1.484491	1.343324	122.556229	112.461873	111.002644	110.425913	118.444199	121.175412	48.369195	-55.167769	34.086431	0.464295	53.5979	CC1=CC(=O)C[CH](C1)C2=CC=CC=C2
222333i	233322	CCCCCC	O,-,-,-,O,C	1.517071	1.540806	1.540806	1.517017	1.492052	1.492078	117.308198	114.689020	109.928175	114.690272	117.323434	114.668289	-48.561713	48.429324	-6.354831	0.601156	83.0613	C1(C(CC(CC1=O)(C)C)=O)=C2SCCS2
222333i	233322	NCCCNC	-,-,-,-,-,-	1.471153	1.523575	1.518478	1.439308	1.358307	1.283490	116.543531	113.640445	109.135309	107.575074	119.722844	127.465167	50.496174	-55.216177	37.233837	0.467257	48.8288	c1ccc2c(c1)nnn2CSC3=NCCCN3
222333i	233322	NCCCNC	-,-,-,-,-,-	1.473829	1.528045	1.527874	1.469800	1.323072	1.321884	121.957326	110.177694	107.896477	110.080965	122.274114	121.904824	53.119972	-53.008911	26.993318	0.489030	55.1893	c1ccc(cc1)CC2=[NH+]C[C@@H](CN2)O
222333i	322233	CCCCCC	-,O,-,-,-,-	1.529597	1.486386	1.343016	1.506710	1.529840	1.533440	109.375555	117.980070	121.374813	122.565479	112.584272	111.422322	5.676503	3.084791	19.000068	0.470640	53.3767	CC(C)[CH]1CCC(=CC1=O)C
222333i	322233	CCCOCC	-,-,-,-,-,-	1.497689	1.337683	1.368740	1.434203	1.520162	1.529556	110.029157	121.867776	125.340959	114.656234	112.451826	109.476537	2.257336	11.786178	-42.891753	0.469937	51.6403	CC(=O)O[CH]1CCOC=C1
222333i	322233	CCNCCC	-,O,-,O,-,-	1.508901	1.371367	1.371264	1.511210	1.532377	1.528894	111.448243	116.054582	126.766433	116.508537	112.099149	108.381894	-17.200907	14.960710	-33.617170	0.470586	39.9744	C[CH]1C[CH](C)C(=O)[CH](C1)[CH](O)CC2CC(=O)NC(=O)C2
222333i	322233	CNCNCC	-,-,S,-,-,-	1.437710	1.354835	1.358131	1.454583	1.528339	1.522734	111.418369	123.003586	117.250959	123.779976	110.086121	106.881955	13.181524	-12.919973	34.898580	0.468319	43.5457	CCS[C@@H]1C[C@@H](NC(=S)N1)C
222333i	332223	CCCCCC	-,-,O,-,-,-	1.528441	1.511646	1.483845	1.343377	1.509063	1.535810	110.828411	110.987186	118.351714	121.067707	122.615134	112.554496	32.751192	-3.684683	-2.936774	0.461196	53.9269	C[CH]1CC(=CC(=O)C1)C
222333i	332223	CCCCCC	-,-,O,C,O,-	1.536235	1.516204	1.492158	1.489817	1.512461	1.536152	109.594920	114.933544	117.896569	120.364945	117.828138	113.576974	17.876675	13.046972	-8.372987	0.506602	63.8754	CC1(CC(=O)C(=C/N=C(/c2ccccc2)\\S)C(=O)C1)C
222333i	332223	CCCCNC	-,-,-,-,-,-	1.594545	1.531838	1.340370	1.374973	1.448410	1.563983	110.454829	113.413327	118.949714	124.494284	123.105528	109.147027	17.342044	-0.622207	11.839205	0.430017	49.7610	CC1([C@@H](NC(=C(C1(C#N)C#N)C#N)Cl)[O-])C
222333i	332223	CCCNCC	-,-,O,-,O,-	1.524709	1.504513	1.367800	1.373273	1.551390	1.550402	112.439091	111.294941	116.515774	125.332282	116.968430	105.180632	-34.695940	24.713418	-31.089803	0.476770	30.9366	CCC1(CCC(=O)NC1=O)c2ccccc2
222333i	332223	CCCOCC	-,-,O,-,O,-	1.520920	1.500702	1.345500	1.345500	1.500701	1.520920	106.358137	112.620288	119.542995	123.404668	119.542992	112.620285	29.447569	-1.425110	1.425123	0.480335	52.2187	CC1(C)CC(=O)OC(=O)C1
222333i	332223	CCNCNC	-,-,-,C,-,-	1.518096	1.455262	1.396161	1.384796	1.449291	1.517983	108.349809	110.473657	123.288494	115.246138	124.395815	109.861485	-35.650787	13.807650	-14.340460	0.468643	42.6747	C1CNC(=C(/C=C(/[N+](=O)[O-])\\Cl)[N+](=O)[O-])NC1
222333i	332223	CCNNCC	-,-,-,-,-,-	1.532972	1.478970	1.378182	1.297547	1.506304	1.523654	110.366452	108.238264	121.638975	119.286681	125.809995	109.858662	39.336607	-10.999997	-0.511082	0.465992	50.7785	CN(C)C1=CC=C(C=C1)[CH]2C[CH](N(N=C2)C3=CC=CC=C3)C4=CC=C(C=C4)N(C)C
222333i	332223	CCOCCC	-,-,-,-,-,-	1.523097	1.434230	1.369236	1.337750	1.494835	1.525447	109.839994	112.589706	114.505698	125.438522	121.784510	110.763003	-43.441185	12.795184	2.675711	0.460049	51.9627	C1CC=COC1
222333i	332223	CCOCNC	-,-,-,O,-,-	1.506743	1.436584	1.367357	1.388309	1.445315	1.506710	106.794323	112.464823	124.058205	117.376820	118.443103	110.201385	25.468600	-9.641933	21.282795	0.482366	43.2376	C1CN(C(=O)OC1)C(=O)N(CCCl)N=O
222333i	332223	NCNCNC	-,-,-,O,-,-	1.449206	1.425865	1.351809	1.351809	1.425865	1.449206	108.747513	108.087473	122.651719	115.809417	122.651714	108.087468	-37.745281	13.986297	-13.986323	0.491508	43.3886	CN1CNC(=O)NC1
222333i	333222	CCCCCO	-,-,-,-,-,-	1.540813	1.547696	1.491531	1.336774	1.367693	1.447488	113.086161	107.782831	111.416160	121.741405	125.463575	115.223873	43.896647	-16.675463	-2.190092	0.470803	51.6932	OC[CH]1OC=C[CH](O)[CH]1O[CH]2O[CH](CO)[CH](O)[CH](O)[CH]2O
222333i	333222	CCCCCO	-,-,-,-,-,-	1.541798	1.545964	1.497377	1.336305	1.365866	1.448155	113.250806	109.839313	110.673055	121.779229	125.692482	116.745026	-43.904801	18.336840	1.865114	0.442320	51.9865	CC(=O)OC[CH]1OC=C[CH](OC(C)=O)[CH]1O[CH]2O[CH](COC(C)=O)[CH](OC(C)=O)[CH](OC(C)=O)[CH]2OC(C)=O
222333i	333222	COCNCC	-,-,-,-,-,-	1.435766	1.426622	1.471170	1.393839	1.340044	1.501874	110.990211	114.191386	111.507298	116.864971	123.201856	119.600360	-56.114596	32.528994	-5.197381	0.423051	51.8417	C[C@@H]1C(=CN(CO1)C(C)(C)C)C(=O)C
222333i	333222	COCNCN	-,-,-,-,-,-	1.401965	1.402653	1.438480	1.351669	1.352369	1.438497	107.562039	110.749681	107.609265	119.555250	119.650651	119.419003	-63.710396	27.813543	5.174102	0.521768	57.9730	C1NC(=[NH+]CO1)NC#N
223223f1	223223	CCCCCC	-,-,-,-,-,-	1.363935	1.543256	1.491079	1.371690	1.479351	1.558990	122.741437	124.385963	112.167933	122.494723	127.710055	110.458343	1.990410	-2.290820	1.201608	0.021192	70.4519	Cc1c2c(on1)[C@@H](C(=C([C@@H]2c3ccccc3)C#N)[NH3+])c4cccc(c4)O
223223f1	223223	NCCCNC	-,O,-,-,-,-	1.357687	1.498702	1.508200	1.292392	1.467805	1.441112	122.964173	115.935759	112.606703	124.485983	119.449710	110.236955	-4.331430	19.108416	-1.518946	0.368502	72.8812	C[NH+]1CCC2(CC1)NC(=O)C3CC[NH+](CC3=N2)C
223223f1	232232	CCCCSC	-,-,-,-,O,-	1.514449	1.505192	1.396998	1.770483	1.808609	1.356419	124.376156	114.707330	120.994216	118.856637	103.425412	116.364543	-39.428562	2.788392	31.351742	0.552313	85.5946	CC1=C(N2CCCCC2)S(=O)(=O)C3=CC=CC=C3C1
223223f1	232232	CCNCCN	-,-,-,N,-,-	1.514415	1.445463	1.369524	1.513403	1.488555	1.292433	126.182104	110.237423	122.345276	118.691521	112.317808	117.577283	19.807847	8.242738	-33.854351	0.383100	82.9076	C[C@H](C(=O)C1=N[C@@H]2C(=NC(=NC2=O)N)NC1)O
223223f1	232232	NCNCCC	-,-,-,O,-,-	1.463154	1.463037	1.388930	1.504326	1.508144	1.293875	114.318061	111.389820	117.685714	113.593320	110.685828	121.475374	51.471582	-11.321107	-32.252336	0.581497	86.3765	CCc1c(nnc(n1)SCC2=N[C@@H]3C=CC=CN3C(=O)C2)CC
223223f1	322322	CCCCCC	-,-,-,-,-,-	1.500168	1.339476	1.500168	1.512271	1.410697	1.512271	115.164042	123.366524	123.366526	115.164035	121.469439	121.469435	-0.000013	0.000041	-0.000034	0.000000	82.5276	OC1=C2CC=CCC2=C(O)C=C1
223223f1	322322	CNCCCC	-,-,N,-,-,-	1.482729	1.340021	1.536272	1.537705	1.402309	1.495760	112.770219	123.789162	121.780838	112.844145	120.633909	121.981639	-8.225317	-11.997388	13.575333	0.265018	79.4296	c1ccc2c(c1)CN(C(=[NH2+])C23CCOCC3)N
223223f2	232232	CCOCCC	-,-,-,O,-,-	1.510899	1.454919	1.374485	1.529421	1.517660	1.347462	113.707853	107.172612	114.236974	112.131477	104.934421	113.065845	-53.918572	-1.553836	56.170274	0.787153	88.2644	COC(=O)C1=C[C@H]2[C@@H](C[C@@H]1OC2=O)C#N
223223f2	322322	CCCCCC	-,-,-,-,-,-	1.511324	1.408196	1.512110	1.512316	1.406674	1.511605	114.754897	120.407186	120.621826	114.275205	120.622201	120.461118	0.680549	-24.139040	24.285258	0.324213	88.7554	C12=C(C(Br)C3=C(C1)C=CC=C3)C=CC(/C=C/C4C=CC(C)=CC=4)=C2
223223f2	322322	CCCCCC	-,-,-,-,-,-	1.525315	1.415053	1.525316	1.525315	1.415054	1.525314	114.924887	122.535140	122.535283	114.924749	122.535171	122.535234	0.835072	-0.776568	0.776450	0.007264	0.0344	C1=CC=[N+](C=C1)C2C3=C(C=CC=C3)C(C4=C2C=CC=C4)[N+]5=CC=CC=C5
223223f2	322322	CNCCCC	-,-,-,-,-,-	1.486788	1.361968	1.508544	1.504899	1.399999	1.502914	113.022206	121.038028	120.534853	112.986813	119.665019	119.948857	0.917837	27.293175	-26.921813	0.387706	89.0867	COc1cc2c(cc1OC)C[n+]3ccccc3C2
223223f2	322322	SCCSCC	-,-,-,-,-,-	1.785072	1.403156	1.785072	1.785072	1.403156	1.785072	101.952428	123.469662	123.469664	101.952429	123.469664	123.469664	0.000001	-35.340590	35.340582	0.626229	90.0000	S1C2=CC=CC=C2SC3=C1C=CC=C3
223223f3	223223	CCCCCC	-,-,-,-,-,-	1.418935	1.527822	1.530821	1.421250	1.530821	1.527822	113.649703	113.649851	107.078679	113.553243	113.553454	107.078664	53.778483	-53.720884	-0.000055	0.775509	90.0000	C1[CH]2[CH](CC3=CC=CC=C13)C4C5=C(C=CC=C5)C2C6=C4C=CC=C6
223223f3	223223	CCCCCC	-,-,-,-,-,-	1.433720	1.544218	1.544218	1.433721	1.544218	1.544218	112.826219	112.826196	105.470875	112.826157	112.826190	105.470941	56.411906	-56.411979	0.000170	0.828965	89.9999	O=C1C2=C(C=CC=C2)C(=O)C3=C1C4C5=C(C=CC=C5)C3C6=C4C=CC=C6
223223f3	232232	CCCCCC	-,-,-,-,-,-	1.527418	1.526882	1.418545	1.525389	1.525340	1.418607	113.642804	107.900762	113.619006	113.704789	108.155020	113.671898	53.270717	-0.568270	-52.510262	0.756415	89.7825	c1ccc2c(c1)C3C[C@@]4(C2c5c3cccc5)C=CS4(=O)=O
223223f3	232232	CCCCCC	-,-,-,-,-,-	1.534242	1.544218	1.433720	1.544218	1.534242	1.352438	114.642140	105.118107	112.826196	112.826219	105.118113	114.642080	-54.387175	-0.000005	54.387234	0.809744	90.0000	O=C1C2=C(C=CC=C2)C(=O)C3=C1C4C5=C(C=CC=C5)C3C6=C4C=CC=C6
223223f3	232232	CCCCCC	-,-,-,-,-,-	1.534242	1.544218	1.433721	1.544218	1.534242	1.352438	114.642140	105.118173	112.826157	112.826190	105.118139	114.642080	54.387056	0.000170	-54.387331	0.809744	90.0000	O=C1C2=C(C=CC=C2)C(=O)C3=C1C4C5=C(C=CC=C5)C3C6=C4C=CC=C6
223223f3	232232	CCNCCC	-,-,-,-,-,-	1.518048	1.502312	1.365116	1.515626	1.522800	1.419190	113.219517	106.316975	115.426681	113.837175	106.746526	113.413788	54.328130	-0.433794	-53.315498	0.767559	89.8676	c1ccc2c(c1)[C@@H]3CC[C@H]2[n+]4c3cccc4
223223i	223223	CNCNCC	O,-,-,-,O,-	1.370004	1.420547	1.420547	1.370004	1.548191	1.548191	116.527089	121.054704	108.588964	121.054706	116.527085	108.735157	-46.778450	46.778465	-6.938532	0.553513	86.5125	CCC1(C(=O)NCNC1=O)c2ccccc2
223223i	232232	CCCCCC	-,-,-,-,-,-	1.515106	1.503566	1.341243	1.499792	1.504074	1.348306	121.670570	114.402376	123.135461	123.029949	113.967836	123.793808	0.000023	-0.000032	0.000024	0.000000	41.0037	COC1=CCC=CC1
223223i	232232	CCNCCN	O,-,-,O,-,-	1.544489	1.465217	1.378898	1.544489	1.465217	1.378899	114.920452	109.564244	119.878496	114.920433	109.564281	119.878502	-50.425385	19.878144	29.296379	0.583493	89.9999	O=C1N[CH](CC2=CC=CC=C2)C(=O)N[CH]1CC3=CC=CC=C3
223223i	232232	CSCCCC	-,-,-,-,-,-	1.747360	1.758630	1.351926	1.518576	1.519360	1.349703	121.335921	101.644582	120.023967	124.507946	113.346412	123.463986	31.745660	-4.467892	-28.320137	0.479662	82.3468	CC1=C([C@@H](C(=C(S1)N)C#N)c2ccco2)C#N
223223i	232232	CSCCSC	-,-,-,-,-,-	1.759693	1.751845	1.347749	1.759693	1.751845	1.347749	121.800519	95.673700	122.422938	121.800514	95.673697	122.422936	46.409443	-0.497087	-45.850747	0.830947	90.0000	C1(=C(SC(=C(S1)C(=O)N)C(=O)N)C(=O)N)C(=O)N
223223i	232232	NCCNCC	-,-,-,-,-,-	1.489390	1.493359	1.290172	1.480252	1.542842	1.299872	116.793776	111.516703	127.319788	114.789456	111.203416	123.407803	-27.078145	-4.034897	32.517897	0.420817	85.1382	c1ccc(cc1)[C@@H]2C(=N[C@@H](C(=N2)C#N)C(=O)N)c3ccccc3
223223i	232232	NCCNCC	-,-,O,-,-,O	1.461089	1.532730	1.394703	1.461089	1.532730	1.394703	117.673694	112.805168	114.452403	117.673725	112.805223	114.452387	-27.504068	-21.186589	50.049814	0.565155	89.9999	N1(C(CN(C(C1)=O)C)=O)C
223223i	322322	CCCCCC	-,-,-,-,-,-	1.508024	1.344281	1.504806	1.504806	1.344281	1.508024	113.429210	123.241606	123.200419	113.674790	123.200422	123.241605	-0.241942	-0.616086	0.616084	0.011806	80.1214	C=NC1C=CCC=C1
223223i	322322	CCNCCN	-,O,-,-,O,-	1.545172	1.379121	1.465671	1.549259	1.379686	1.459970	110.180098	114.759160	119.722771	108.851253	115.118540	119.924200	-20.770334	51.816395	-31.538767	0.586010	88.4569	ClCC[CH]1NC(=O)[CH](CCCl)NC1=O
223223i	322322	CNCCNC	-,-,-,-,-,-	1.473975	1.284486	1.513394	1.474502	1.287404	1.527811	113.085995	117.106537	126.825434	113.620214	116.791924	126.626966	0.271798	-20.046684	18.330916	0.265198	89.7487	CC(C)[C@H]1C(=N[C@@H](C(=N1)OC)Cc2cc(ccc2F)F)OC
223223i	322322	CNCCNC	-,-,-,-,-,-	1.474360	1.289651	1.514806	1.474360	1.289652	1.514807	111.996798	114.230511	125.206730	111.996789	114.230459	125.206765	1.199232	-34.074305	30.421826	0.446290	89.9998	C1C(=NCC(=N1)S)S
223233f1	232233	CSCCCC	N,-,-,-,-,-	1.757302	1.707564	1.335029	1.495344	1.555102	1.515126	118.791510	102.119984	124.882841	129.092746	108.551650	113.398880	-5.591682	2.303263	26.807035	0.462356	57.9038	[H]/N=C\\1/[C@H]([C@H](C2=C(S1)C=C(C2=O)C)C(C)C)C#N
223233f1	232332	CCCCCN	-,-,C,-,-,-	1.516974	1.496572	1.483731	1.532786	1.477199	1.288979	124.355852	109.120171	115.415069	107.028633	115.023548	122.392052	46.766517	-60.004872	42.406142	0.460805	48.0539	CC1=NCCC2=c3ccc(cc3=[NH+][C@@H]12)OC
223233f1	233223	NCCCCC	-,-,-,-,-,-	1.467641	1.527272	1.501358	1.406203	1.527220	1.487044	119.290832	114.067212	109.058906	118.093441	120.023134	112.269952	53.923444	-39.625293	-3.867222	0.555831	79.1761	N1(C(CC(=O)O)C2=CC=CC=C(CC1)2)C(=O)C
223233f1	322332	CCCCCC	-,-,-,-,-,O	1.536550	1.409643	1.504671	1.512911	1.507701	1.541281	113.304870	121.238083	120.842906	110.864906	109.497411	118.154760	0.878948	-35.537134	57.650237	0.492707	59.9708	CN(C)CCC1(CCN(C)C)C(=O)CCC2=C1C=CC=C2.OCl(=O)(=O)=O
223233f1	332322	CCCCCC	-,-,N,-,-,-	1.524566	1.498381	1.503091	1.505011	1.344389	1.506512	111.398286	109.750976	118.826415	109.701974	124.819777	123.188457	-55.904262	33.948008	-4.232431	0.433233	52.3402	C1C=CCC2=N[C@@H]([NH2+][C@@H]21)C(=O)[O-]
223233f2	332232	CCCCCN	-,-,-,-,-,-	1.523320	1.515111	1.412314	1.534193	1.450783	1.443238	109.093149	111.730850	121.226671	121.165771	111.534741	121.647845	-25.128199	1.597746	-3.005291	0.433666	52.2034	C12(N(C(=O)OC31CCCCC3)CCC4=C2C=C(C(OC)=C4)OC)C
223233f2	332232	CCCCCN	-,-,-,-,-,-	1.523358	1.515269	1.412495	1.534907	1.450783	1.443421	109.144035	111.832737	121.259811	121.147934	111.500737	121.573894	-24.849615	1.904316	-3.771479	0.431292	51.6531	C12(N(C(=O)OC1(CC)C)CCC3=C2C=C(C(OC)=C3)OC)C
223233f2	332232	CCCCCN	-,-,-,-,-,-	1.523468	1.514290	1.416114	1.533914	1.451275	1.443672	109.222964	111.751104	121.230733	121.095956	111.593214	121.542417	-25.111162	1.959143	-3.535658	0.432034	51.7665	C12(N(C(=O)OC1(CC)C)CCC3=C2C=CC=C3)C
223233f2	332232	CCCCCN	-,-,-,-,-,-	1.523528	1.515277	1.412301	1.533816	1.450274	1.443395	109.133713	111.792206	121.231067	121.151783	111.576467	121.561073	24.970154	-1.835012	3.531358	0.432038	51.8128	C12(N(C(=O)OC1(C)C)CCC3=C2C=C(C(OC)=C3)OC)C
223233f2	332322	CCNCCC	-,-,C,-,-,-	1.538571	1.515274	1.510293	1.488132	1.339014	1.497367	112.925020	110.195075	116.801808	113.348983	125.244227	121.159734	50.039796	-26.445529	-0.283827	0.425675	53.9833	Cc1cc(=O)c2c(o1)C[C@@H]3CCCC=[N+]3C2
223233f3	223323	CCCCCC	-,-,-,-,C,-	1.341235	1.531135	1.594385	1.551096	1.546263	1.530441	116.116964	115.048978	108.279637	107.445199	114.112971	107.460654	56.694151	-54.009646	1.292674	0.783464	88.4759	CC(=O)O[CH]1CC[C]2(C)C3=CC[C]4(C)[CH](CC[CH]4[C]35C=C[C]2(C1)[CH]6[CH]5C(=O)OC6=O)C(C)=O
223233i	232233	CSCCCC	N,-,-,-,-,-	1.750383	1.762463	1.356206	1.524168	1.538536	1.502733	115.852017	105.151210	121.291307	125.029132	111.524049	109.096026	6.800638	-3.544130	-31.210501	0.541428	58.9947	[H]/N=C/1\\[C@@H]([C@@H](C(=C(S1)N)C#N)C)C#N
223233i	232332	CCNSCC	-,-,-,O,-,-	1.528239	1.453892	1.713869	1.828147	1.522095	1.358465	123.707215	111.490994	114.804180	95.334121	115.126307	123.866814	-60.037037	66.199757	-40.187772	0.596796	51.3096	CC1=C(C[S@@](=O)N(C1)c2nc(sn2)SC)C
223233i	322332	CCCCON	-,-,-,-,-,-	1.509050	1.342444	1.500606	1.437011	1.417014	1.474598	109.603390	121.963640	120.237227	110.460991	108.018126	111.755101	-3.253406	-20.670147	56.577086	0.531417	52.8926	c1ccc(cc1)N2CC=CCO2
223233i	332232	CCCCCN	-,-,-,-,-,-	1.537214	1.500226	1.342029	1.507588	1.473141	1.474597	109.881929	112.585341	121.129945	124.349711	110.418840	113.718178	-13.720829	-0.992982	-14.604843	0.472185	50.6282	COC(=O)Nc1cc(nc([n+]1[O-])N)N2CCC=CC2
223333f1	223333	NCCCCC	-,O,-,-,-,-	1.389400	1.548003	1.555507	1.535637	1.524807	1.459989	122.549584	115.947778	111.993814	110.069001	99.747868	107.779780	20.656006	-47.875609	71.772032	0.624114	39.0774	c1ccc(cc1)[C@@H]2[C@@H]3C[C@@H](C=C3)N(C2=O)O
223333f1	223333	OCCCCC	-,O,-,-,-,-	1.353754	1.498984	1.527310	1.523688	1.510888	1.433828	123.059272	117.589847	112.442420	111.446473	115.976708	118.816227	-41.896280	51.799438	-30.095154	0.452178	64.5028	C12(C(OC(CC1(C3C=CC=CC=3)O)=O)O2)C4C=CC=CC=4
223333f1	223333	OCCSCC	-,O,-,-,-,-	1.359159	1.509831	1.817342	1.830394	1.532236	1.441140	119.253011	116.771043	113.437027	99.738575	110.944423	110.307461	53.147239	-37.172531	-16.116012	0.743561	86.5728	C1CC[C@@H]2[C@@H](C1)OC(=O)CS2
223333f1	233332	CCCCCC	-,-,-,-,-,-	1.504860	1.529140	1.527063	1.536756	1.509626	1.345813	123.744615	113.912474	111.504867	110.181117	111.807534	121.772181	37.429311	-59.290154	50.618419	0.483415	50.8379	C12(C(C3=CCCCC(CC1)3)CC2C#N)[N+]4(C)CCCC4
223333f1	233332	CCCCCC	-,-,-,-,-,-	1.517420	1.535014	1.531112	1.540119	1.498554	1.346556	120.680059	115.636759	111.983491	110.792364	111.533903	124.803853	35.013818	-56.343691	48.837159	0.464255	51.4101	CC1=C2C(=O)O[C@@H]([C@@]2(CCC1)C)c3ccoc3
223333f1	322333	CCCCCC	-,-,-,-,-,-	1.502073	1.340964	1.502073	1.535702	1.532654	1.535702	112.638412	123.156743	123.156743	112.638415	110.446406	110.446403	1.695796	14.083274	-44.690289	0.489482	51.0595	O=C1[CH]2CC=CC[CH]2C(=O)[CH]3CC=CC[CH]13
223333f1	322333	CCCCCC	-,-,-,-,-,-	1.502073	1.340964	1.502073	1.535702	1.532654	1.535702	112.638414	123.156745	123.156742	112.638422	110.446414	110.446412	-1.695788	-14.083269	44.690266	0.489481	51.0595	O=C1[CH]2CC=CC[CH]2C(=O)[CH]3CC=CC[CH]13
223333f1	322333	CCCCCC	-,-,-,-,-,-	1.502758	1.338295	1.503419	1.544246	1.521513	1.530638	114.254523	124.208046	124.170178	113.852021	115.700350	116.389465	-0.769021	-10.449845	30.591430	0.313386	50.5920	N1(C(C2C(C=CC(C(C1=O)2)C)C(=O)OC)=O)C3=CC=CC=C3
223333f1	322333	CCCCCC	-,-,-,-,-,-	1.516720	1.346301	1.521693	1.546619	1.526148	1.552114	109.352034	124.677478	123.414310	113.034445	112.458415	112.870947	4.105484	4.012385	-34.049689	0.464782	53.9359	CC[C]1(C)CC[CH]2C(=C1)CC[CH]3[C]2(C)CCC[C]3(C)C(O)=O
223333f1	322333	CCCCCC	-,-,-,-,-,-	1.517057	1.346675	1.522390	1.548205	1.528070	1.550226	109.643649	124.729625	123.222887	113.111047	112.502629	112.715165	-4.172749	-4.220646	34.271408	0.464092	53.9393	C[C]1(CC[CH]2C(=C1)CC[CH]3[C]2(C)CCC[C]3(C)C(O)=O)C=C
223333f1	322333	CCCCCN	-,-,-,-,-,-	1.488710	1.339613	1.498532	1.548370	1.533914	1.500869	114.307018	123.846245	122.374223	114.160052	110.799631	113.954104	0.462979	14.986332	-40.332796	0.421315	50.3160	C1CN2C[NH+]3CC=CC[C@@H]3[C@@H]1O2
223333f1	322333	CCCCCN	-,-,-,-,-,-	1.528904	1.406137	1.502769	1.526610	1.481587	1.503049	114.086165	120.172729	118.292939	108.455400	111.083590	117.286684	-4.661744	-39.139155	61.731421	0.567470	71.4191	S(N1C(CC(=O)O)C2C=CC=CC(CC1)=2)(C3C=CC(Cl)=CC=3)(=O)=O
223333f1	322333	CCCCCN	-,-,-,-,-,-	1.529464	1.406366	1.503196	1.526677	1.480510	1.503047	114.102152	120.231272	118.376307	108.451264	110.852549	117.270544	-4.763560	-38.729087	61.994651	0.566157	70.7253	S(N1C(CC(=O)O)C2C=CC=CC(CC1)=2)(C3SC=CC=3)(=O)=O
223333f1	322333	CCCCCN	-,-,-,-,-,-	1.529670	1.406204	1.502817	1.526580	1.481322	1.503302	114.151606	120.237249	118.334099	108.470365	110.935990	117.153709	-4.801356	-38.743345	62.006812	0.566340	70.8305	S(N1C(CC(=O)O)C2C=CC=CC(CC1)=2)(=O)(=O)C3C=CC=CC=3
223333f1	322333	SCCCCC	O,-,-,-,-,-	1.773476	1.408105	1.517030	1.526311	1.511122	1.769629	104.634806	122.308670	122.139860	116.644203	111.085087	110.006188	1.302665	18.569203	-54.793175	0.538192	50.8022	O=S1(=O)CCCC2=C1C=CC3=CC=CC=C23
223333f1	332233	CCCCCC	-,-,-,-,-,-	1.523313	1.509839	1.407737	1.519680	1.527935	1.518443	109.599173	113.183271	122.595364	119.380410	114.825005	110.536530	-18.932380	1.246246	-14.639049	0.498908	49.4319	C1CCC2=C3C=CC=CC3=C(CCC4=C5C=CC=CC5=C6CCCCC6=C4)C=C2C1
223333f1	332233	CCCCCC	-,-,-,-,-,-	1.524494	1.510346	1.411594	1.516632	1.527350	1.519835	109.925664	113.412587	122.140314	119.922807	114.232915	110.363415	-18.444372	2.708579	-17.200342	0.496477	48.1689	C1CCC2=C(C1)C=CC3=C2CCCC3
223333f1	332233	CCCCCC	-,-,-,-,-,-	1.527758	1.506514	1.403893	1.512179	1.548708	1.536052	112.019574	113.203285	121.586037	121.747150	114.311151	108.827166	-18.120217	3.427442	-17.685693	0.485862	47.4762	C[CH]1CC[C]2(CCC3=C(C2)C=C(C)C=C3)C1
223333f1	332233	CCCCSC	-,-,-,-,-,-	1.524885	1.516521	1.409768	1.789407	1.808372	1.513041	111.438583	116.497778	121.338837	124.990870	100.933489	109.793072	-16.657885	-0.490468	-13.858964	0.555997	49.9210	C1CSC2=C(C1)C3=C(C=CC=C3)C=C2
223333f1	332233	CCCNCC	-,-,-,-,-,-	1.535108	1.481282	1.363194	1.441380	1.531712	1.534672	111.406948	111.187419	122.045562	126.235608	111.392115	111.289581	-19.100851	4.720923	-16.670013	0.466887	46.3201	C1CCn2c(nnn2)C1
223333f1	332233	NCCCCC	-,-,-,-,-,-	1.523719	1.483184	1.340569	1.508479	1.534954	1.513678	110.949716	112.485445	125.096688	120.710628	113.025333	110.124424	-12.570290	-1.516755	-15.701662	0.485553	50.9905	C[NH+]1CCC2=C(C1)C(=NC3(N2)CCCCC3)O
223333f1	332233	OCCCCC	-,-,-,-,-,-	1.429718	1.509952	1.342745	1.479916	1.547529	1.436352	111.040748	109.344992	120.165795	121.169898	114.949285	109.889032	-29.190638	-3.088150	3.666300	0.514979	56.5834	CNC(=O)[CH](C)[CH]1N([CH]2CC[CH](O)[CH](C)O2)C(=O)C(=C(O)C=CC(C)=C[CH](C)[CH]3O[C]4(C)O[CH](C=C[C]45CO5)[CH]3C)C1=O
223333f1	332233	SCCCCC	-,-,-,-,-,-	1.822020	1.508417	1.344403	1.508698	1.541605	1.831170	95.457549	110.056385	125.384230	124.233760	116.955342	109.692990	-32.124431	0.404649	-6.013412	0.692073	51.7437	S1C2C(O)CCC1C=CC2
223333f1	333223	CCCCCC	-,-,-,-,-,-	1.539104	1.550410	1.510359	1.343859	1.525013	1.541572	107.084358	109.702361	114.429059	122.642072	121.732717	109.977673	-37.391840	4.814503	0.141066	0.553059	51.9849	C12([N+]([O-])=O)CC([N+]([O-])=O)(CC=C1)CN(C2)CC(=O)O
223333f1	333223	CCCCNC	-,-,-,-,-,-	1.516733	1.516270	1.498443	1.291202	1.515274	1.529498	110.880293	108.659520	113.632276	121.289584	124.864966	111.573577	49.292793	-20.583936	2.232106	0.491469	48.1266	Cc1cc(=O)c2c(o1)C[C@@H]3CCCC=[N+]3C2
223333f1	333223	CCCNCC	-,-,-,-,-,-	1.522320	1.519386	1.462931	1.282124	1.529009	1.542452	109.952502	110.484972	115.039145	121.201210	126.994301	107.378254	41.393471	-13.788675	5.656698	0.489668	46.2659	c1ccc(cc1)[C@@]23CCCN=C2NC(=O)CC3
223333f1	333223	CCSCNC	-,-,-,-,-,-	1.509265	1.804050	1.723027	1.339552	1.515738	1.529336	112.969837	110.838043	104.383156	126.814717	121.874669	111.642714	-28.847576	0.927989	-2.335289	0.512721	51.7029	Cc1c(=O)[nH]c2[n+](n1)[C@@H]([C@@H](CS2)Br)c3ccccc3
223333f1	333223	CNCCNC	-,-,-,-,-,-	1.475048	1.466069	1.501104	1.295175	1.483371	1.554417	116.083322	110.832805	108.287153	125.718110	110.187890	112.922188	48.966464	-50.612989	1.089740	0.637550	87.0191	C1CN=C2[C@@H](N1)C(=O)NC2=O
223333f1	333223	COCCCC	-,-,-,-,-,-	1.446655	1.444406	1.490025	1.382370	1.494187	1.555660	110.907375	115.310405	112.974906	121.417158	123.112347	109.672036	42.946425	-12.457313	1.975743	0.451421	48.8408	CC1(Cc2c(c3c(s2)c(=O)[nH]cn3)CO1)C
223333f1	333223	NCCCCC	-,-,-,-,-,-	1.469830	1.532818	1.507946	1.407739	1.529393	1.488255	111.230779	115.040154	113.928867	120.803674	121.086617	112.050015	-35.546546	10.182459	-7.215449	0.442102	45.7866	N1(C(C2=CC=CC=C(CC1)2)C3CCNCC3)C
223333f1	333223	NCCCCC	-,-,-,-,-,-	1.484686	1.537424	1.509599	1.407462	1.511005	1.470701	109.073865	111.602584	112.457672	120.311165	121.010817	113.523691	45.701503	-15.356128	4.064787	0.497574	47.2974	N1CC2=CC=CC=C(CC1CO)2
223333f1	333322	CCCCCC	-,-,-,-,-,-	1.524025	1.520835	1.528011	1.513377	1.394224	1.506768	113.274759	109.734669	110.534754	114.146709	120.782745	121.868368	62.068293	-45.293509	16.308706	0.492280	47.3302	ClC1=CC2=C(N3CCOCC3)C4=C(CCCC4)N=C2C=C1
223333f1	333322	CCCCCC	-,-,-,-,-,-	1.524130	1.520930	1.528036	1.513032	1.394230	1.506760	113.269977	109.748750	110.547466	114.105368	120.878486	121.806461	-62.061402	45.227863	-16.260733	0.492172	47.3307	ClC1=CC2=C(N3CCCCC3)C4=C(CCCC4)N=C2C=C1
223333f1	333322	CCCCCC	-,-,-,-,-,-	1.524350	1.517313	1.528192	1.517950	1.352972	1.515312	114.130176	109.990398	110.642209	115.081383	120.778874	122.498717	59.698438	-43.018379	11.596426	0.483327	52.4119	N1=C(SC2(CCCCC2)C3=C1CCCC3)N
223333f1	333322	CCCCCC	-,-,-,-,-,-	1.524585	1.521618	1.528384	1.510295	1.387976	1.506711	113.406291	109.853583	110.357131	113.788935	121.145130	121.892573	-62.109034	46.202451	-17.016331	0.492800	47.6637	COC1=C2N=C3CCCCC3=C(NCCCN(CCC(C)C)CCC(C)C)C2=CC=C1.OP(O)(O)=O
223333f1	333322	CCCCCC	-,-,-,-,-,-	1.527351	1.519835	1.524494	1.510346	1.411594	1.516632	114.232908	110.363464	109.925703	113.412641	122.140317	119.922813	-62.768220	47.897427	-18.444330	0.496476	48.1689	C1CCC2=C(C1)C=CC3=C2CCCC3
223333f1	333322	CCCCCC	-,-,-,-,-,-	1.527462	1.523232	1.527462	1.510113	1.406521	1.510113	113.231016	110.462146	110.462142	113.231060	121.503147	121.503143	62.451457	-47.174109	18.379303	0.491370	47.2214	O=C1C2=C(C=CC=C2)C(=O)C3=C1C=C4CCCCC4=C3
223333f1	333322	CCCCCC	-,-,-,-,-,-	1.527519	1.523214	1.527479	1.509527	1.405184	1.509708	113.252820	110.450486	110.454837	113.226620	121.583739	121.461179	62.391861	-47.096381	18.342994	0.491085	47.1989	CCOC(=O)CCC(=O)C1=CC2=C(CCCC2)C=C1
223333f1	333322	CCCCCC	-,-,-,-,-,-	1.527535	1.523222	1.527488	1.509192	1.404998	1.508855	113.246916	110.448849	110.448665	113.235588	121.533442	121.531532	62.370116	-47.137437	18.385486	0.491000	47.2028	OC(=O)C1=C(CC2=CC3=C(CCCC3)C=C2)C=CC=C1
223333f1	333322	CCCCCC	-,-,-,-,-,-	1.527579	1.519736	1.523244	1.510438	1.403234	1.513057	114.393588	110.508393	109.593893	113.494011	121.249208	120.826296	-62.300409	49.895932	-21.023616	0.494845	47.6391	Cn1c2c(cn1)nc3c(c2Cl)CCCC3
223333f1	333322	CCCCCC	-,-,-,-,-,-	1.527794	1.520149	1.523700	1.507536	1.397748	1.511540	114.501248	110.562361	109.634872	113.281970	121.784308	120.610637	-61.997540	49.633913	-20.908415	0.492938	47.7319	CC(C)CCN(CCCNC1=C2C=C(Cl)C=CC2=NC3=C1CCCC3)CCC(C)C.OP(O)(O)=O
223333f1	333322	CCCCCC	-,-,-,-,-,-	1.527837	1.520675	1.528385	1.514362	1.351152	1.512068	113.920489	110.851729	110.771675	113.772207	121.960805	122.473752	59.274250	-44.736763	14.806557	0.474232	50.9380	C[C]12CCCC[CH]1C3=C(CCCC3)CC2
223333f1	333322	CCCCCC	-,-,-,-,-,-	1.527897	1.518210	1.523301	1.510179	1.407087	1.520031	114.844841	110.532916	109.597836	113.226685	122.573585	119.353101	62.610225	-49.004126	19.208610	0.497786	49.0521	CCN(CC)C[CH](O)C1=C2C=CC=CC2=C3CCCCC3=C1
223333f1	333322	CCCCCC	-,-,-,-,-,-	1.527934	1.518443	1.523312	1.509840	1.407737	1.519681	114.825365	110.536550	109.598676	113.182593	122.595085	119.380625	-62.700865	49.005346	-18.934112	0.498920	49.4337	C1CCC2=C3C=CC=CC3=C(CCC4=C5C=CC=CC5=C6CCCCC6=C4)C=C2C1
223333f1	333322	CCCCCC	-,-,-,-,-,-	1.528135	1.521531	1.524575	1.507229	1.394571	1.510482	113.830671	110.402297	109.866173	113.411979	121.689002	121.125889	-62.221441	48.357872	-19.516364	0.493078	47.5200	CCCCCN(CCCCC)CCCNC1=C2C=C(Cl)C=CC2=NC3=C1CCCC3.OP(O)(O)=O
223333f1	333322	CCCCCC	-,-,-,-,-,-	1.528152	1.521545	1.524607	1.507105	1.394558	1.510199	113.832775	110.411424	109.865775	113.405567	121.673988	121.152628	62.205231	-48.393528	19.555047	0.492982	47.5304	CCCCN(CCCC)CCCNC1=C2CCCCC2=NC3=C1C=CC=C3.OP(O)(O)=O
223333f1	333322	CCCCCC	-,-,-,-,-,-	1.528233	1.521112	1.524204	1.507004	1.395087	1.511063	114.019541	110.580988	109.790895	113.231939	121.680344	120.984239	61.937037	-49.321923	21.453148	0.490089	46.3430	CCCCCN(CCCCC)CCCNC1=C2C=C(OC)C=CC2=NC3=C1CCCC3.OP(O)(O)=O
223333f1	333322	CCCCCC	-,-,-,-,-,-	1.528265	1.521261	1.524294	1.507111	1.394980	1.511001	113.947516	110.554711	109.817416	113.265562	121.651466	121.048473	61.977700	-49.156654	21.209695	0.490293	46.3999	CCN(CC)CCCNC1=C2C=C(Cl)C=CC2=NC3=C1CCCC3
223333f1	333322	CCCCCC	-,-,-,-,-,-	1.528340	1.519581	1.522913	1.507552	1.399032	1.511889	114.504125	110.414866	109.519011	113.417085	122.014922	120.269870	62.387236	-49.080610	19.706627	0.496645	48.4147	CCN(CC)CCC[CH](C)NC1=C2CCCCC2=NC3=CC=CC=C13.OP(O)(O)=O
223333f1	333322	CCCCCC	-,-,-,-,-,-	1.528378	1.520015	1.523329	1.507467	1.398605	1.511102	114.410108	110.534363	109.590537	113.295831	121.837446	120.534724	-62.150795	49.523136	-20.882915	0.493653	47.4880	CC(C)CCN(CCCNC1=C2CCCCC2=NC3=C1C=CC=C3)CCC(C)C.OP(O)(O)=O
223333f1	333322	CCCCCC	-,-,-,-,-,-	1.528692	1.520139	1.523348	1.507067	1.391803	1.510501	114.386533	110.545025	109.576269	113.240861	122.021921	120.606094	61.974322	-49.355945	20.743610	0.492800	47.5867	CCCCCN(CCCCC)CCCNC1=C2CCCCC2=NC3=C(OC)C=CC=C13.OP(O)(O)=O
223333f1	333322	CCCCCC	-,-,-,-,-,-	1.528745	1.522680	1.525618	1.507330	1.393987	1.504453	113.626111	110.612801	110.007373	113.164616	121.416398	121.786285	61.910789	-48.695187	20.323780	0.489770	47.0740	CC1=C2CCCCC2=NC(=N1)O
223333f1	333322	CCCCCC	-,-,-,-,-,-	1.528905	1.520884	1.524041	1.507417	1.392320	1.510064	114.175081	110.641565	109.696996	113.145580	121.874676	120.962551	-61.955818	49.366334	-20.711179	0.492118	47.6819	ClC1=CC2=NC3=C(CCCC3)C(=C2C=C1)Cl
223333f1	333322	CCCCCC	-,-,-,-,-,-	1.528907	1.520871	1.524045	1.507269	1.392490	1.509915	114.178480	110.640949	109.694926	113.150109	121.866993	120.965429	-61.952794	49.374875	-20.718851	0.492120	47.6847	ClC1=C2CCCCC2=NC3=C1C=CC=C3
223333f1	333322	CCCCCC	-,-,-,-,-,-	1.530226	1.523127	1.530226	1.507548	1.344018	1.507548	113.318686	111.032959	111.032955	113.318669	122.745666	122.745660	59.010452	-43.511744	13.564217	0.471820	51.2519	O=C1C2=C(CCCC2)C(=O)C3=C1C=CC=C3
223333f1	333322	CCCCCC	-,-,-,-,-,-	1.530671	1.525175	1.531591	1.506889	1.344756	1.505862	112.926123	111.169235	111.259735	113.066603	122.764113	123.175551	-58.944210	43.256427	-13.601357	0.469730	50.9271	C1(C(NC2CCCCC(C=1)=2)=S)C#N
223333f1	333322	CCCCCC	-,-,-,-,-,-	1.530718	1.524225	1.530433	1.515813	1.347596	1.501249	112.926559	111.289075	110.930875	113.075936	121.193434	124.442500	-59.282790	46.038304	-16.717512	0.472162	50.2613	C[N+]1(C2=C(CCCC2)C(=S)S1)CC=C
223333f1	333322	CCCCCC	-,-,-,-,-,-	1.534866	1.533025	1.523137	1.494860	1.336873	1.494330	115.513117	115.508436	117.179700	114.306610	124.403972	123.848749	36.384215	-28.614876	10.596674	0.281225	49.7894	C1C=C(C[C@@H]2[C@H]1C(=O)NC2=O)Cl
223333f1	333322	CCCCCC	-,-,-,-,-,-	1.536823	1.535075	1.536189	1.498306	1.383953	1.503626	111.877846	111.702230	111.711317	110.474013	125.360440	121.616710	-61.102927	44.472231	-16.437572	0.476507	47.9417	C1(N2C(=CC(=C2C)C=O)C)=C(C3CCCCC(S1)=3)C#N
223333f1	333322	CCCCCC	-,-,-,-,-,-	1.537253	1.536171	1.537048	1.499126	1.381669	1.497673	110.476344	111.846428	111.678890	111.670863	122.162452	125.133135	60.914152	-45.052734	16.731315	0.475387	48.1224	Cc1nnnn1c2cc3c(s2)CCCC3
223333f1	333322	CCCCCC	-,-,-,-,-,-	1.537813	1.541310	1.542914	1.499063	1.384736	1.503793	112.529300	111.966633	110.573254	110.485729	125.708811	121.047482	61.422670	-45.881569	17.379237	0.485795	49.1184	C12=C(SC3=C1CCC(C)C3)N=C(N=C2Cl)C
223333f1	333322	CCCCCC	-,-,-,-,-,-	1.540155	1.539427	1.539287	1.490855	1.379295	1.490233	110.073370	112.165513	111.980386	111.110287	123.046893	125.301252	60.316824	-44.149298	16.290516	0.469901	48.0466	Cc1nc2c(s1)CCCC2
223333f1	333322	CCCCCC	-,-,-,-,-,-	1.540507	1.541126	1.541656	1.491141	1.383184	1.487026	109.626061	112.268760	112.248584	111.061944	122.373443	126.333892	60.239702	-44.195057	16.193107	0.468547	48.2585	N1C2=C(C=CC=N2)C3=C1CCCC3
223333f1	333322	CCCCCC	-,-,-,-,-,-	1.541495	1.540839	1.540312	1.487195	1.379706	1.491491	111.091069	112.214479	112.225232	109.669226	126.320975	122.412900	60.176751	-43.199679	15.553639	0.468429	48.2525	N1C2=C(CCCC2)C3=C1C=CC=C3
223333f1	333322	CCCCCC	-,-,-,-,-,-	1.543139	1.517451	1.521768	1.493912	1.337412	1.502476	113.890034	116.445581	116.099478	114.866764	124.011888	124.170627	38.985075	-29.364564	10.078394	0.298816	50.0894	C[CH]1C=CC[CH]2[CH]1C(=O)OC2=O
223333f1	333322	CCCCCC	-,-,-,-,-,-	1.548123	1.515773	1.520847	1.510358	1.345123	1.515806	112.492261	110.990486	98.582263	110.564656	119.761333	120.759122	-71.351811	68.691321	-35.736776	0.643481	54.1367	C1C=C[C@@H]2C[C@H]1OC2=O
223333f1	333322	CCCCCN	-,-,-,-,C,-	1.518370	1.514444	1.522491	1.519124	1.404451	1.462232	115.285227	109.287128	109.199209	114.785051	118.881195	121.937333	61.775771	-48.429995	20.590722	0.493925	45.4193	C1(=C2N(CCCC2)C(C=C1Cl)=O)C(=O)OC
223333f1	333322	CCCCNN	-,-,-,-,-,-	1.526428	1.523224	1.523083	1.459044	1.431547	1.476450	110.052403	110.364344	110.524119	111.776174	114.936676	112.563227	-53.806161	50.948372	-51.933055	0.539444	5.1484	COc1ccc2c(c1)CCC3=C2CC(=O)N4N3CCCC4
223333f1	333322	CCCSCC	-,-,-,O,-,-	1.533267	1.529155	1.783922	1.728853	1.377837	1.495485	111.900311	112.227511	111.589221	103.943421	122.284337	127.467543	64.520013	-39.475285	10.060413	0.512422	48.3954	NS(=O)(=O)c1cc2c(s1)C(O)CCS2(=O)=O
223333f1	333322	CCCSCN	-,-,-,-,-,-	1.512090	1.511393	1.808453	1.787409	1.361017	1.478215	112.097171	109.966290	111.702513	103.066976	124.174688	122.114294	63.541461	-28.552654	-0.693371	0.551926	53.1198	c1cc(c2[n+](c1)CCCS2)O
223333f1	333322	CCNCCC	-,-,-,-,-,-	1.529450	1.460082	1.476794	1.531242	1.410167	1.508016	111.941245	110.449150	110.953391	113.605538	120.613778	120.176299	-65.769883	46.874922	-15.917075	0.496308	47.8086	C1(C2C(=CC=CC=2)CCN1)C3C=CN=CC=3
223333f1	333322	CCNCCC	-,-,-,-,-,-	1.547227	1.479012	1.482274	1.501930	1.380514	1.500589	111.220592	111.867799	111.162166	110.761350	124.820928	120.180039	-64.305678	47.954268	-18.040679	0.484960	48.3296	C1(=C(SC2=C1CCN(C)C2)N)C#N
223333f1	333322	CCNCCC	-,-,-,-,-,-	1.547288	1.477003	1.481231	1.501955	1.381930	1.504463	111.859067	112.160876	110.687666	110.841930	125.239071	119.305853	-64.139764	48.670316	-18.606085	0.485710	49.0579	C1(=C(SC2=C1CCN(C)C2)N)C(=O)OCC
223333f1	333322	CNCCCC	-,-,-,-,-,-	1.474604	1.501883	1.551138	1.489195	1.377632	1.483386	110.704513	113.099752	113.246899	110.612627	120.802269	126.572828	59.436553	-43.330205	15.825779	0.445809	47.9950	C12=C(NC3=C1C=CC=C3)CNC(C2)C(=O)O
223333f1	333322	CNCCCC	-,-,-,-,-,-	1.478770	1.469265	1.545079	1.517951	1.415351	1.528628	114.117042	113.471849	109.878608	114.282910	118.943223	121.748788	61.224866	-47.689315	18.091552	0.469608	50.4465	C12=C(C(CCl)NC(C1)(C)C)C=CC3=C2C=CC=C3
223333f1	333322	CNCCCC	-,-,-,-,-,-	1.484837	1.467156	1.530077	1.508508	1.409173	1.525558	111.601006	111.153642	112.207329	113.184000	120.761805	121.006013	63.184684	-42.308218	14.044645	0.475695	46.0984	C1(CC(=O)O)C2C(=CC=CC=2)CCN1
223333f1	333322	CNCCCC	-,-,-,-,-,-	1.488893	1.464583	1.529202	1.508777	1.411197	1.526044	113.188416	109.888144	111.163050	112.171619	120.624521	120.531409	66.013365	-48.767351	17.287150	0.499572	48.0192	C12C(NCCC=1C=CC=C2)CN
223333f1	333322	CNCCCC	-,-,-,-,-,-	1.493605	1.464778	1.529558	1.507648	1.408256	1.521749	113.402399	110.572563	110.983774	112.196889	120.255037	121.180026	64.939063	-50.078616	19.236496	0.492409	47.8984	C1(C2=C(C=CC=C2)CCN1)C(=O)O
223333f2	233332	CCCCCC	-,-,-,-,-,-	1.499267	1.540168	1.574807	1.640166	1.551804	1.348639	126.660683	113.964178	110.047738	108.523704	112.033860	120.376487	-43.951127	60.690735	-46.520943	0.517933	51.4842	C[CH]1CC[C]2(CC[C]3(C)C(=CC[CH]4[C]5(C)CC[CH](O)C(C)(C)[CH]5CC[C]34C)[CH]2[CH]1C)C(O)=O
223333f2	233332	CCCCCC	-,-,-,-,-,-	1.500427	1.545646	1.572539	1.585111	1.523419	1.343386	123.994339	113.416076	110.631147	107.190059	113.498337	122.122244	-45.424482	61.139155	-46.829055	0.516166	50.1900	COC(=O)[C]1(C)CCC[C]2(C)[CH]3CCC(=CC3=CC[CH]12)C(C)C
223333f2	233332	CCCCCC	-,-,-,-,-,-	1.501510	1.549163	1.544989	1.547346	1.528266	1.349994	125.523736	114.698039	109.813181	114.076197	115.355892	119.829477	41.532596	-52.439848	37.481533	0.428616	50.4979	C[C]1(O)CC[CH]2[CH]3CCC4=CC(=O)CC[C]4(C)C3=CC[C]12C
223333f2	233332	CCCCCC	-,-,-,-,-,-	1.510392	1.572498	1.563724	1.543679	1.515940	1.349506	115.481137	110.032937	84.621851	109.598975	109.263549	120.848954	80.345627	-82.559310	48.510235	0.808413	54.9695	CC(=O)OCCC1=CC[CH]2C[CH]1C2(C)C
223333f2	233332	CCCCCC	-,-,-,-,-,-	1.510392	1.594135	1.592667	1.543679	1.515940	1.349506	115.481137	113.669405	82.977460	115.681409	109.263549	120.848954	-77.285768	76.962917	-46.858929	0.761666	53.1763	CC(=O)OCCC1=CC[CH]2C[CH]1C2(C)C
223333f2	233332	CCCCCC	-,-,-,-,-,-	1.510899	1.541182	1.554972	1.543823	1.517660	1.347462	113.707853	109.145523	108.480179	109.125440	108.510310	113.065845	54.731197	1.953041	-57.251668	0.806598	89.5992	COC(=O)C1=C[C@H]2[C@@H](C[C@@H]1OC2=O)C#N
223333f2	322333	CCCCCC	-,-,-,-,-,-	1.493022	1.343776	1.534978	1.587232	1.544752	1.538053	112.497944	123.945626	123.452820	112.185336	112.607648	110.237298	-2.737423	-4.151235	34.061815	0.476613	53.1143	CC(=O)[CH]1CC[CH]2[CH]3CC=C4C[CH](O)CC[C]4(C)[CH]3CC[C]12C
223333f2	322333	CCCCCC	-,-,-,-,-,-	1.496112	1.345298	1.535647	1.581654	1.553316	1.536826	113.641075	124.772629	122.839544	110.705852	111.649488	110.069746	-1.340381	-14.513444	44.523030	0.485201	50.6878	CC(C)CCC[CH](C)[CH]1CC[CH]2[CH]3CC=C4C[CH](Cl)CC[C]4(C)[CH]3CC[C]12C
223333f2	322333	CCCCCC	-,-,-,-,-,-	1.505671	1.407846	1.526382	1.534078	1.516968	1.526238	114.882639	122.360631	121.913112	114.608024	114.420005	114.846478	0.954544	-12.210164	35.712127	0.375242	49.1604	CC(=O)OC1=CC=C(C=C1OC(C)=O)[CH]2[CH]3COC(=O)[CH]3CC4=C2C=C(OC(C)=O)C(=C4)OC(C)=O
223333f2	322333	CCCCCC	-,-,-,-,-,-	1.510518	1.415359	1.520453	1.529488	1.515601	1.538535	115.922732	121.950768	121.980189	114.826005	116.024127	114.384797	2.682173	-13.594438	35.200552	0.348279	47.2116	COc1cc(cc(OC)c1OC)C2C3C(COC3=O)C(O)c4cc5OCOc5cc24
223333f2	322333	CCCCCC	-,-,-,-,-,-	1.516138	1.349348	1.510466	1.594610	1.591848	1.543947	109.246573	120.890200	115.471796	113.879042	83.010702	115.559287	-2.035610	49.072511	-77.065850	0.761467	53.3198	CC1(C)[CH]2CC=C(CCO)[CH]1C2
223333f2	322333	CCCCCC	-,-,-,-,-,-	1.519299	1.424155	1.538726	1.529547	1.513117	1.512244	110.112175	121.935776	121.600361	110.009682	110.279359	109.026299	1.086647	-15.021730	48.743356	0.547823	49.5327	OC1=CC=C(C=C1O)[CH]2[CH]3COC(=O)[CH]3CC4=CC(=C(O)C=C24)O
223333f2	322333	CCCCCC	-,-,-,-,-,-	1.519445	1.415279	1.539095	1.529512	1.513317	1.512396	110.127954	122.179337	121.570934	109.959509	110.119535	108.980179	-1.066350	15.452189	-49.181830	0.548347	49.4749	COC1=CC=C(C=C1OC)[CH]2[CH]3COC(=O)[CH]3CC4=C2C=C(OC)C(=C4)OC
223333f2	322333	CCCCCC	-,-,-,-,-,-	1.519847	1.421009	1.538085	1.529764	1.513205	1.512248	110.125331	121.931233	121.709387	109.948704	110.234882	109.020116	1.043975	-15.118077	48.847340	0.547956	49.5344	COC1=C(O)C=C2[CH]([CH]3COC(=O)[CH]3CC2=C1)C4=CC=C(O)C(=C4)OC
223333f2	332233	CCCCCC	-,-,-,-,-,-	1.520345	1.499646	1.407524	1.551950	1.587336	1.544135	110.485298	112.380493	121.976785	121.981519	112.824723	109.691897	-23.059646	0.591336	-9.316800	0.513968	50.4842	C[C]1(CCC[C]2(C)[CH]1CCC3=C2C=C(O)C=C3)C(O)=O
223333f2	332233	CCCCCC	-,-,-,-,-,-	1.520463	1.499671	1.404155	1.550768	1.587108	1.544217	110.499959	112.408658	121.926428	122.156292	112.769387	109.675055	22.999712	-0.637628	9.409175	0.513140	50.4069	CC(C)C1=CC2=C(C=C1)[C]3(C)CCC[C](C)([CH]3CC2)C(O)=O
223333f2	332233	CCCCCC	-,-,-,-,-,-	1.520538	1.500615	1.401888	1.551293	1.587017	1.544096	110.441264	112.386390	121.930839	122.187786	112.751332	109.686020	-23.036665	0.565941	-9.292292	0.513762	50.4642	COC(=O)[C]1(C)CCC[C]2(C)[CH]1CCC3=C2C=C(C(C)=O)C(=C3)C(C)C
223333f2	332233	CCCCCC	-,-,-,-,-,-	1.520645	1.500201	1.400543	1.550444	1.586831	1.544381	110.488188	112.452772	121.986663	122.257195	112.648300	109.650826	22.473820	-0.368315	9.583963	0.513333	50.4982	COC(=O)[C]1(C)CCC[C]2(C)[CH]1CCC3=C2C=C(Br)C(=C3)C(C)C
223333f2	332233	CCCCCC	-,-,-,-,-,-	1.523027	1.510052	1.410853	1.539508	1.571338	1.537554	111.792823	114.175301	122.835126	121.154732	110.961033	109.759949	-12.253724	3.047485	-22.641065	0.499179	48.3463	C[CH]1CCC[C]2(C)[CH]1CCC3=C2C=CC(=C3)C(C)C
223333f2	332233	CCCCCC	-,-,-,-,-,-	1.524102	1.507377	1.409179	1.534388	1.575516	1.541492	115.017212	116.067850	122.922816	120.450152	111.437266	109.811175	-2.566563	4.097643	-29.638160	0.466486	51.0401	CC(C)C1=CC2=C(C=C1)[C]3(C)CCC[C](C)([CH](O)C4=CC=CC=C4)[CH]3CC2
223333f2	332233	CCCCCC	-,-,-,-,-,-	1.524980	1.509065	1.412304	1.528750	1.549212	1.530923	109.738258	113.470462	122.318191	120.772735	111.602664	109.600038	-16.517398	3.515256	-20.989370	0.518996	47.6693	C[C]12CC[CH]3[CH](CCC4=C3C=CC(=C4)O)[CH]1CC[CH]2OC(=O)CCC5CCCC5
223333f2	332233	CCCCCC	-,-,-,-,-,-	1.525038	1.509980	1.409732	1.552330	1.584757	1.541394	110.885403	111.966300	121.674134	122.340623	112.717050	109.507894	22.428287	-0.525438	9.816479	0.515282	50.3813	COC(=O)[C]1(C)CCC[C]2(C)[CH]1C[CH](OO)C3=CC=CC=C23
223333f2	332233	CCCCCC	-,-,-,-,-,-	1.525391	1.507868	1.409607	1.533419	1.572390	1.539863	115.352876	116.317734	122.935255	120.290403	110.743204	110.412742	2.043901	3.198878	-31.500135	0.470730	53.9386	CC(C)C1=CC2=C(C=C1)[C]3(C)CCC[C](C)(COCCC#N)[CH]3CC2
223333f2	332233	CCCCCC	-,-,-,-,-,-	1.525401	1.508939	1.407071	1.546760	1.576245	1.538074	110.328880	114.977338	122.862852	121.113772	108.923413	110.067841	-10.645682	4.015753	-25.991561	0.520414	48.3543	CC(C)C1=CC2=C(C=C1C(C)=O)[C]3(C)CCC[C](C)(C#N)[CH]3CC2
223333f2	332233	CCCCCC	-,-,-,-,-,-	1.525599	1.508014	1.409320	1.545987	1.575976	1.538202	110.376575	115.008101	122.875550	121.061535	108.873144	110.068584	-10.329811	4.000761	-26.229361	0.520791	48.4580	CC(C)C1=CC2=C(C=C1)[C]3(C)CCC[C](C)(C#N)[CH]3CC2
223333f2	332233	CCCCCC	-,-,-,-,-,-	1.526158	1.508585	1.409743	1.549395	1.577130	1.537271	110.471973	115.198015	122.841979	120.959840	108.293041	109.962390	9.358056	-4.725795	28.022872	0.525409	48.4293	CC(C)C1=CC2=C(C=C1)[C]3(C)CCC[C](C)(CN)[CH]3CC2
223333f2	332233	CCCCCC	-,-,-,-,-,-	1.526176	1.508673	1.409765	1.548655	1.575981	1.537037	110.428572	115.153652	122.833433	120.943932	108.425237	109.971683	-9.647314	4.698156	-27.772935	0.524646	48.3460	CC(C)C1=CC2=C(C=C1)[C]3(C)CCC[C](C)(CO)[CH]3CC2
223333f2	332233	CCCCCC	-,-,-,-,-,-	1.527102	1.521134	1.358770	1.560776	1.573932	1.531278	111.328000	116.880652	121.648444	122.129541	108.786831	109.703599	5.540780	-3.987677	29.253191	0.509509	50.0005	C[CH](CCC(Br)=C(C)C)[CH]1CC[C]2(C)C3=C(CC[C]12C)[C]4(C)CC[CH](O)C(C)(C)[CH]4CC3
223333f2	332233	CCCCCC	-,-,-,-,-,-	1.527110	1.513794	1.410271	1.551598	1.572884	1.539791	109.336404	114.135840	122.653051	121.312174	108.635666	109.967907	-14.240440	4.926352	-24.958655	0.533374	47.1410	CC(C)(O)C1=CC2=C(C=C1)[C]3(C)CCC[C](C)(CO)[CH]3C[CH]2O
223333f2	332233	CCCCCC	-,-,-,-,-,-	1.527617	1.522507	1.359426	1.559709	1.572433	1.532681	109.875572	116.264189	121.344640	122.606398	109.292332	109.435312	-8.845871	1.380474	-24.270339	0.522298	50.1790	CC(C)CCCC(C)C1CCC2(C)C3=CCC4C(C)(C)C(O)CCC4(C)C3=CCC12C.CC(CCC=C(C)C)C5CCC6(C)C7=C(CCC56C)C8(C)CCC(O)C(C)(C)C8CC7
223333f2	332233	CCCCCC	-,-,-,-,-,-	1.534368	1.512944	1.409928	1.531899	1.572968	1.543664	116.394941	116.830331	122.125956	119.667405	110.526469	111.021308	-15.142680	0.074809	35.395783	0.492811	63.4379	C[CH](O)C1=CC2=C(C=C1)[C]3(C)CCC[C](C)(CO)[CH]3C[CH]2O
223333f2	332233	CCCCCC	-,-,-,-,-,-	1.536610	1.517872	1.409977	1.531015	1.569806	1.543103	116.375323	115.906162	122.812926	120.132068	110.478434	110.907171	10.249012	0.670116	-33.572994	0.481819	59.9092	CC(=C)C1=CC2=C(C=C1)[C]3(C)CCC[C](C)(COC(=O)C4=CC=CC=C4)[CH]3C[CH]2OC(=O)C5=CC=CC=C5
223333f2	332233	CCCCCC	-,-,-,-,-,-	1.541527	1.479673	1.397209	1.480985	1.564553	1.545782	113.437040	110.267558	125.255070	125.201970	110.256510	115.547192	17.577914	-0.734322	8.546515	0.415553	49.7202	CC1=[N+]([C@@]2(CCc3c(non3)[C@@]2(C1)O)[NH3+])[O-]
223333f2	332233	CCCCCC	-,-,-,-,-,-	1.561402	1.519828	1.352916	1.514742	1.527963	1.552961	112.427887	112.254687	124.035933	121.710875	112.339187	107.932955	6.792540	-0.892391	25.500698	0.507110	50.5902	CN(C)C1C2C(O)C3C(=C)c4cccc(O)c4C(=O)C3=C(O)C2(O)C(=O)C(=C1O)C(=O)N
223333f2	332233	CCCCCN	-,-,-,-,-,-	1.533353	1.487503	1.340323	1.510850	1.548770	1.527203	110.750841	111.204795	124.053289	125.054377	109.522415	113.111387	15.857962	2.128430	10.297288	0.476637	51.3306	C[C@@]12CCCC[NH+]1CCC3=C2CCC3
223333f2	333223	CCCCCC	-,-,-,-,-,-	1.553106	1.549327	1.517845	1.342947	1.517845	1.549327	109.785798	109.785798	106.227711	114.503897	114.503899	106.227714	-55.683096	58.660328	-0.000001	0.826705	90.0000	O=C1OC(=O)[CH]2[CH]3CC[CH](C=C3)[CH]12
223333f2	333223	CCCCCC	-,-,-,-,-,-	1.564585	1.543947	1.516138	1.349348	1.510466	1.572866	84.604058	109.760391	109.246573	120.890200	115.471796	109.877763	48.250556	0.830568	-2.035610	0.807993	54.8109	CC1(C)[CH]2CC=C(CCO)[CH]1C2
223333f2	333223	CCCOCC	-,-,-,-,O,-	1.554972	1.541182	1.454919	1.374485	1.529421	1.543823	109.125440	108.480179	106.024228	114.236974	112.131477	106.427258	-60.411966	62.562526	-1.553836	0.842491	89.5139	COC(=O)C1=C[C@H]2[C@@H](C[C@@H]1OC2=O)C#N
223333f2	333322	CCCCCC	-,-,-,-,-,-	1.521691	1.537242	1.576565	1.559005	1.359426	1.518200	115.799312	114.059392	110.095999	112.646894	122.995944	121.747410	-54.927640	44.057358	-18.821577	0.443865	49.2200	CC(C)CCCC(C)C1CCC2(C)C3=CCC4C(C)(C)C(O)CCC4(C)C3=CCC12C.CC(CCC=C(C)C)C5CCC6(C)C7=C(CCC56C)C8(C)CCC(O)C(C)(C)C8CC7
223333f2	333322	CCCCCC	-,-,-,-,-,-	1.524481	1.539812	1.579474	1.550333	1.358770	1.517417	114.705199	112.521473	109.276900	114.355864	123.007549	121.196460	-57.327365	39.216153	-11.430034	0.466807	50.4396	C[CH](CCC(Br)=C(C)C)[CH]1CC[C]2(C)C3=C(CC[C]12C)[C]4(C)CC[CH](O)C(C)(C)[CH]4CC3
223333f2	333322	CCCCCC	-,-,-,-,-,-	1.531439	1.545919	1.561115	1.526592	1.351152	1.510682	114.801492	113.053824	108.993895	112.650393	122.367800	122.881961	-56.870235	48.637000	-22.494094	0.471436	49.7326	C[C]12CCCC[CH]1C3=C(CCCC3)CC2
223333f2	333322	CCCCCC	-,-,-,-,-,-	1.538181	1.513445	1.509798	1.500702	1.412022	1.521016	115.249793	109.016477	109.256876	110.090785	118.695192	121.979231	64.129588	-63.680260	33.674578	0.538230	49.2529	COc1ccc2c(c1)CC[C@@H]3[C@@H]2O[C@@H](O3)c4cccnc4
223333f2	333322	CCCCCC	-,-,-,-,-,-	1.541709	1.516120	1.521746	1.513826	1.407690	1.511678	113.966093	110.725456	105.121326	112.253117	120.068530	120.710378	67.137171	-59.801139	28.975830	0.558209	49.9603	c1ccc2c(c1)C[C@@H]3C[C@H]2OC(=O)N3
223333f3	223333	CCCCCC	-,-,-,-,-,-	1.341235	1.531135	1.560425	1.548463	1.570607	1.530441	116.116964	115.048978	105.354279	110.361632	111.319645	105.555905	-57.877084	56.399282	-2.592570	0.821184	89.0512	CC(=O)O[CH]1CC[C]2(C)C3=CC[C]4(C)[CH](CC[CH]4[C]35C=C[C]2(C1)[CH]6[CH]5C(=O)OC6=O)C(C)=O
223333f3	223333	CCCCCC	-,-,-,-,-,-	1.342947	1.517845	1.544320	1.527867	1.544320	1.517845	114.503897	114.503899	108.801391	110.351209	110.351212	108.801392	56.018701	-53.588017	0.000001	0.776986	90.0000	O=C1OC(=O)[CH]2[CH]3CC[CH](C=C3)[CH]12
223333f3	223333	CCCCCC	-,-,-,-,-,-	1.344530	1.541904	1.545632	1.554774	1.599540	1.526336	114.782706	115.736008	107.891980	114.332396	106.231152	106.522511	-55.058106	45.101872	10.136371	0.807635	85.9864	CC(=O)OC1CCC2(C)C3(C1)C=CC4(C5CCC(C(C)=O)C5(C)CC6OC246)C7C3C(=O)OC7=O
223333f3	223333	CCCCCC	-,-,-,-,-,-	1.344530	1.541904	1.559197	1.539983	1.574598	1.526336	114.782706	115.736008	104.959014	110.095193	111.438768	106.082072	56.855973	-57.704773	5.190627	0.826237	88.8481	CC(=O)OC1CCC2(C)C3(C1)C=CC4(C5CCC(C(C)=O)C5(C)CC6OC246)C7C3C(=O)OC7=O
223333f3	233332	CCCCCC	-,-,-,-,-,-	1.499296	1.551341	1.558494	1.562217	1.546263	1.345627	125.175794	114.354844	110.364215	116.067346	111.685729	122.973077	39.970327	-51.776422	35.714837	0.417512	51.2123	CC(=O)O[CH]1CC[C]2(C)C3=CC[C]4(C)[CH](CC[CH]4[C]35C=C[C]2(C1)[CH]6[CH]5C(=O)OC6=O)C(C)=O
223333f3	233332	CCCCCC	-,-,-,-,-,-	1.529803	1.542121	1.560500	1.581819	1.521617	1.347620	113.629547	107.011304	110.153966	109.520514	107.696188	115.704292	-57.115776	2.251496	52.255842	0.810800	88.6914	CC(C)C1=C[C]23CC[CH]4[C](C)(CCC[C]4(C)C(O)=O)[CH]2C[CH]1[CH]5[CH]3C(=O)C=CC5=O
223333f3	233332	CCCCCC	-,-,-,-,-,-	1.529803	1.550617	1.551590	1.581768	1.521617	1.347620	113.629547	109.310205	110.128025	109.732259	105.750698	115.704292	51.728304	3.921552	-57.206888	0.808580	87.9028	CC(C)C1=C[C]23CC[CH]4[C](C)(CCC[C]4(C)C(O)=O)[CH]2C[CH]1[CH]5[CH]3C(=O)C=CC5=O
223333f3	322333	CCCCCC	-,-,-,-,-,-	1.506795	1.405800	1.506795	1.538118	1.588152	1.538119	110.696455	118.308315	118.308341	110.696485	113.908672	113.908815	-0.000255	45.926438	-43.780270	0.632587	90.0000	C1[CH]2[CH](CC3=CC=CC=C13)C4C5=C(C=CC=C5)C2C6=C4C=CC=C6
223333f3	322333	CCNCCC	-,O,-,-,-,-	1.525429	1.383466	1.471028	1.535198	1.544802	1.550189	116.420823	114.563120	121.339791	104.435490	106.983611	111.856018	4.041366	48.680493	-71.510889	0.690913	73.0250	COC1=CC2=C(C=C1OC)C34CCN5CC6=CCOC7CC(=O)N2C3C7C6CC45.CC(C)CC(NC=O)C(O)=O
223333f3	322333	CCNCCC	-,O,-,-,-,-	1.525430	1.383465	1.471028	1.535199	1.544802	1.550188	116.420723	114.562969	121.339786	104.435378	106.983523	111.856019	4.041676	48.680602	-71.510995	0.690918	73.0253	CCC(C(O)=O)C1=CC=C(C=C1)[N+]([O-])=O.COC2=CC3=C(C=C2OC)C45CCN6CC7=CCOC8CC(=O)N3C4C8C7CC56
223333f3	322333	CCNCCC	-,O,-,-,-,-	1.525430	1.383465	1.471028	1.535199	1.544803	1.550189	116.420720	114.563085	121.339804	104.435466	106.983609	111.856151	4.041155	48.680825	-71.510744	0.690914	73.0251	COC1=CC2=C(C=C1OC)[C]34CCN5CC6=CCO[CH]7CC(=O)N2[CH]3[CH]7[CH]6C[CH]45.OS(O)(=O)=O
223333f3	322333	CCNCCC	-,O,-,-,-,-	1.530191	1.383473	1.453895	1.522604	1.528471	1.555561	116.634075	114.363388	120.548273	105.877743	106.976447	111.678072	3.238639	49.403976	-72.038732	0.678916	73.0126	COC1=CC2=C(C=C1OC)[C]34CCN5C[CH]3[CH]6[CH]7[CH](CC(=O)N2[CH]47)OCC=C6C5.OC[CH](O)[CH](O)[CH](O)[CH](O)[CH](O)C(O)=O
223333f3	322333	CCNCCC	-,O,-,-,-,-	1.538819	1.385057	1.464345	1.519089	1.526996	1.533373	115.830663	116.079099	123.058497	107.165833	104.061727	108.510478	17.150624	-45.525764	68.915100	0.592835	43.3905	CCC(C(O)=O)C1=CC=C(C=C1)[N+]([O-])=O.COC2=CC3=C(C=C2OC)C45CCN6CC7=CCOC8CC(=O)N3C4C8C7C6C5
223333f3	322333	CCNCCC	-,O,-,-,-,-	1.538821	1.385056	1.464341	1.519090	1.526996	1.533371	115.830712	116.078707	123.058498	107.167016	104.061920	108.510608	17.152858	-45.525610	68.913274	0.592820	43.3879	CCC(C)OC(=O)C1=C(C=CC=C1)C(O)=O.COC2=CC3=C(C=C2OC)C45CCN6CC7=CCOC8CC(=O)N3C4C8C7C6C5
223333f3	332233	CCCCCC	-,-,-,-,-,-	1.563641	1.527822	1.418935	1.527822	1.563640	1.588152	109.745714	107.069600	113.649851	113.649703	107.069690	109.745656	-58.648465	-0.000073	58.648607	0.830171	90.0000	C1[CH]2[CH](CC3=CC=CC=C13)C4C5=C(C=CC=C5)C2C6=C4C=CC=C6
223333f3	332233	CCCCCC	-,-,-,-,-,-	1.563641	1.530821	1.421250	1.530821	1.563640	1.588152	109.745714	105.213163	113.553243	113.553454	105.213105	109.745656	59.968329	-0.000055	-59.968295	0.861425	90.0000	C1[CH]2[CH](CC3=CC=CC=C13)C4C5=C(C=CC=C5)C2C6=C4C=CC=C6
223333f3	333223	CCCCCC	-,-,-,-,-,-	1.561004	1.547235	1.518048	1.419190	1.522800	1.551055	110.255799	109.822201	107.374458	113.219517	113.413788	106.138680	-55.833306	58.234070	0.668932	0.829816	89.3494	c1ccc2c(c1)[C@@H]3CC[C@H]2[n+]4c3cccc4
223333f3	333223	CCCCCC	-,-,-,-,-,-	1.577312	1.560043	1.526882	1.418545	1.525389	1.553175	109.043984	111.006885	104.652601	113.619006	113.704789	105.807694	57.881502	-58.702935	-0.568270	0.853552	89.8010	c1ccc2c(c1)C3C[C@@]4(C2c5c3cccc5)C=CS4(=O)=O
223333f3	333223	CCCCCC	-,-,-,-,-,-	1.577312	1.560043	1.527418	1.418607	1.525340	1.553175	109.043984	111.006885	105.470049	113.642804	113.671898	105.712090	-55.822217	58.490374	-0.042900	0.848009	89.4906	c1ccc2c(c1)C3C[C@@]4(C2c5c3cccc5)C=CS4(=O)=O
223333f3	333223	CCCNCC	-,-,-,-,-,-	1.561004	1.547235	1.502312	1.365116	1.515626	1.551055	110.255799	109.822201	104.782291	115.426681	113.837175	105.095231	56.936248	-59.190520	-0.433794	0.840104	89.9096	c1ccc2c(c1)[C@@H]3CC[C@H]2[n+]4c3cccc4
223333f3	333322	CCCCCC	-,-,-,-,-,-	1.519439	1.542879	1.522607	1.547343	1.436728	1.547004	108.186539	101.538023	100.206994	103.938255	119.859885	120.620467	-90.369835	70.596821	-27.889051	0.736659	50.9428	c1ccc(cc1)N2C(=O)N[C@@H]3c4ccccc4[C@H]5CC[C@@H]3[C@@H]5NC2=O
223333i	223333	CCCCCC	N,N,-,-,-,-	1.509350	1.508849	1.527118	1.529833	1.527118	1.508849	114.317244	114.317232	109.659730	111.765748	111.765771	109.659678	-51.011603	54.483695	-57.989334	0.542323	5.6978	ON=C1CCCCC1=NO
223333i	223333	CNCCCC	O,-,-,-,-,-	1.368284	1.444727	1.519080	1.522529	1.522331	1.514177	117.187663	123.416860	112.355597	109.163892	110.325955	113.519477	36.516865	-51.717053	59.141705	0.480327	29.4917	O=C1CCCCN1
223333i	223333	NCCCSC	-,O,-,-,O,-	1.393991	1.514654	1.507358	1.765224	1.816534	1.485223	120.903928	118.054833	113.278149	109.497376	99.051581	118.280885	-53.080487	66.086941	-54.825629	0.556477	27.8990	CN1C(c2ccc(Cl)cc2)S(=O)(=O)CCC1=O
223333i	233332	CCCCCC	-,-,-,-,-,-	1.504425	1.530207	1.523208	1.529966	1.502988	1.349996	122.395389	113.614951	110.961275	110.833806	113.249625	122.894069	42.845957	-59.376931	43.913693	0.478330	52.9277	CCOC(=O)C1=C(CCCC1)S(=O)(=O)[O-]
223333i	233332	CCCCCC	-,-,-,-,-,-	1.509447	1.531067	1.524674	1.529226	1.500812	1.344697	121.962182	113.292832	111.078114	111.170156	113.352081	123.662755	-44.435714	58.611846	-42.122795	0.468608	51.0217	CCCC=C(C)C#CC1=CCCCC1
223333i	233332	CCCCCC	-,-,-,-,-,-	1.511958	1.531139	1.523990	1.528513	1.501387	1.346175	121.575352	113.502624	111.132078	111.051111	113.284620	123.877652	44.111206	-58.772689	42.490921	0.470313	51.4486	OC(=O)CCCCCC1=CCCCC1
223333i	233332	CCCCCC	-,-,-,-,-,-	1.513882	1.531153	1.523809	1.528292	1.502537	1.347547	121.433306	113.517110	111.101512	111.028945	113.316448	123.899026	-44.290809	58.949325	-42.387609	0.472225	51.8005	[O-][N+](=O)CC1=CCCCC1
223333i	233332	CCCCCC	-,-,-,-,-,-	1.515276	1.521202	1.518340	1.552416	1.548475	1.358492	122.982286	114.619349	110.256741	112.346062	111.563405	121.731810	43.124793	-59.921186	45.542259	0.473423	49.9094	C1(OC(=C)C(O1)(CCC2=C(CCCC2(C)C)C)C)=O
223333i	233332	CCCCCN	N,-,-,-,-,-	1.517522	1.524102	1.527094	1.524658	1.447751	1.376562	118.096544	111.319442	110.837260	110.321921	110.564474	121.239639	-48.803828	58.584568	-53.223770	0.488600	21.4468	C1(/NCCCC1)=N/O
223333i	233332	NCCCCC	-,-,-,-,-,-	1.454967	1.527620	1.531259	1.527228	1.506447	1.291211	113.522963	109.365087	110.174819	113.741055	109.585800	124.170186	61.663121	-20.557112	-26.449092	0.658412	81.0209	c1c(nc([nH]c1=O)SC2=N[C@@H](C[C@@H](C2)O)N)N
223333i	322333	CCCCCC	-,-,-,-,-,-	1.500888	1.340547	1.500040	1.531955	1.538378	1.542696	113.349812	123.039080	123.128957	113.327494	111.390367	110.005514	1.499088	12.867394	-42.843161	0.475497	50.9815	N1C=C(CNCC2CC=CCC2)C=CC=1
223333i	322333	CCCCCC	-,-,-,-,-,-	1.512835	1.341860	1.499410	1.528627	1.526012	1.544114	111.557050	123.572239	123.408242	112.746544	111.078188	111.709281	1.695458	13.814107	-43.647717	0.473094	51.0435	OC(=O)CCCCC[CH]1CCCC=C1
223333i	332233	CCCCCC	-,-,-,-,-,-	1.528253	1.503386	1.346424	1.513480	1.530896	1.523692	111.094738	113.225612	123.851133	121.563308	113.516280	111.242814	13.649977	0.808889	14.695231	0.467066	50.4952	C1CCC(=CC1)CC/[NH+]=c/2\\c(c(c2=O)O)[O-]
223333i	332233	CCCCCC	-,-,-,-,-,-	1.533116	1.500213	1.340877	1.502069	1.544134	1.541255	111.068178	113.152021	123.274034	123.160601	112.823042	110.042449	12.750608	1.580161	15.193203	0.482700	51.0143	COCCCNC1=C(C(=O)N[C@@H](S1)[C@@H]2CCC=CC2)C#N
223333i	332233	CCCCCC	-,-,-,-,-,-	1.537527	1.501529	1.346472	1.506060	1.532640	1.532588	110.314703	113.256881	123.395527	122.355805	113.347209	111.182968	14.203053	1.468551	13.685354	0.477082	50.9837	C[CH]1CCC(=CC1)C(O)=O
223333i	332233	CCCCCC	-,-,-,-,-,-	1.538615	1.500488	1.339609	1.500488	1.538615	1.546299	110.672720	113.591746	123.117655	123.117640	113.591736	110.672732	-13.713767	-1.634928	-13.713810	0.472790	51.0627	C(C1C(C(N(C)C)=O)CC=CC1)(N(C)C)=O
223333i	332233	CCCCCC	-,-,-,-,-,-	1.545073	1.503775	1.344390	1.507941	1.532268	1.540126	109.318923	113.823778	123.751840	121.782530	113.394204	111.293820	12.874810	2.061301	14.626438	0.484922	51.4165	CC(=C)[CH]1CCC(=CC1)C
223333i	332233	CCCCCC	-,-,-,-,-,-	1.546751	1.504480	1.343061	1.500786	1.533262	1.541677	109.515378	113.945431	122.802218	123.265471	112.629538	111.332000	-12.479995	-2.052081	-14.879281	0.484130	51.4001	CC(=C)[CH]1CCC(=CC1)C=NO
223333i	332233	CCCCCC	-,-,-,-,-,-	1.563234	1.509941	1.340918	1.501775	1.551591	1.559862	109.151520	112.653146	123.465879	123.552669	113.602989	111.735541	18.160220	1.082985	10.117522	0.483848	50.8701	C1(C(C2C=CC=CC=2)CC=CC1OC)(C#N)C#N
223333i	332233	CCCCCC	-,-,N,N,-,-	1.540486	1.510435	1.507592	1.507520	1.529144	1.545470	109.974679	109.427925	114.201907	114.167723	109.609376	111.867292	52.978762	-51.817747	51.080833	0.557941	6.6061	CC(C)C1CCC(=N/O)\C(=N\O)C1
223333i	332233	CCCCCP	-,-,-,-,-,-	1.529053	1.520231	1.358536	1.515985	1.830733	1.838771	108.962478	115.721241	124.439943	126.716469	106.407841	96.428563	-6.356474	1.464691	-33.421696	0.719353	51.4652	c1ccc(cc1)[P@@]2CCC(=C(C2)C#N)[NH3+]
223333i	332233	NCNCSC	-,-,-,S,-,-	1.448752	1.450354	1.398722	1.755041	1.782427	1.451428	108.690179	110.358663	120.979536	117.391637	101.514572	111.728031	-55.252521	36.175668	-27.892191	0.552786	25.6025	CN1CSC(=S)N(C)C1
223333i	333223	CCCCCC	-,-,-,-,-,-	1.522871	1.533331	1.537338	1.346693	1.504774	1.526647	110.866112	111.036908	113.866796	120.726649	124.036242	113.179143	43.001759	-13.349441	-0.658678	0.473632	50.4350	C1CC=C([C@@H](C1)S(=O)(=O)CC#N)[NH+]2CCOCC2
223333i	333223	CCCCCC	-,-,-,-,-,-	1.527702	1.530694	1.500676	1.342330	1.515937	1.541489	111.210938	111.400160	113.077007	123.159773	123.310932	112.261947	43.294433	-13.547546	-1.477068	0.470290	50.9188	NC1=NC(=NC(=N1)N)[CH]2CCCC=C2
223333i	333223	COCCCC	-,-,-,-,-,-	1.447964	1.431000	1.499758	1.339828	1.501115	1.543110	108.275114	114.111027	112.698700	123.089846	120.286952	111.683877	-43.895005	9.818192	1.619313	0.486061	51.6578	COC(=O)[C@@]1(CC=CCO1)C(F)(F)F
223333i	333322	CCCCCC	-,-,-,-,-,-	1.544895	1.540591	1.532335	1.506718	1.343922	1.511944	112.760875	111.166746	110.967406	113.333130	122.005031	124.335236	-58.514525	45.489303	-15.641511	0.473601	51.6111	C[CH]1C=C(C)C[CH]([CH]1C(O)=O)C(O)=O
223333i	333322	CCCCCC	-,-,-,-,-,-	1.553500	1.559090	1.555987	1.506744	1.340524	1.510517	112.611673	111.842376	110.515056	112.270301	123.791192	124.133363	57.803066	-44.874883	16.188866	0.473312	51.1633	C[CH]1C=C[CH](C)[CH](COC(C)=O)[CH]1COC(C)=O
232323i	323232	PNPNPN	-,-,-,-,-,-	1.681664	1.674573	1.674573	1.681664	1.678081	1.678081	108.053302	107.724451	107.542650	107.724450	108.053302	106.984935	-34.973162	-34.973182	76.090647	0.987225	90.0000	ClP1(=NP(=NP(=N1)(Cl)Cl)(Cl)Cl)Cl
232333f1	233323	CCCCNC	O,-,-,-,-,-	1.516956	1.521932	1.524151	1.460138	1.487924	1.544520	116.033720	111.553921	110.892932	108.600220	115.657395	110.205244	52.901492	-60.255739	60.966330	0.531932	12.9187	N12C(C=CC(=C1)Br)C(=O)CCC2
232333f2	332323	CCCCCC	-,-,C,-,C,-	1.519011	1.507957	1.536102	1.557029	1.528266	1.534994	110.979977	110.571507	116.950813	111.402120	116.866782	111.750022	-53.072354	41.428411	-37.733564	0.508737	15.4020	C[C]1(O)CC[CH]2[CH]3CCC4=CC(=O)CC[C]4(C)C3=CC[C]12C
232333i	232333	CCCCCC	O,-,O,-,-,-	1.497342	1.497342	1.513201	1.530604	1.530604	1.513201	118.426108	115.660787	118.426105	109.951765	110.673546	109.951766	29.238143	-44.265102	59.039871	0.497224	27.4993	O=C1CC(CC(=O)C1N(=O)=O)c2ccccc2
232333i	323332	CNCOCN	-,-,-,-,-,-	1.462916	1.449188	1.423468	1.423468	1.449188	1.462916	112.203200	110.973296	111.493786	111.347567	111.493783	110.973274	54.584695	-58.277922	58.277951	0.530196	3.5299	C1N(COCN1[N+](=O)[O-])[N+](=O)[O-]
233233f2	233233	CCCCCC	O,-,-,O,-,-	1.523128	1.532654	1.523128	1.523128	1.532654	1.523128	115.492711	110.168462	110.168459	115.492702	110.168460	110.168477	51.437098	-54.404553	54.404529	0.541862	0.0000	O=C1[CH]2CC=CC[CH]2C(=O)[CH]3CC=CC[CH]13
233233i	233233	NCCNCC	-,-,-,-,-,-	1.465918	1.534974	1.470571	1.473213	1.537806	1.461266	113.083687	110.119036	111.840950	116.659553	112.234101	110.203535	50.899617	-45.989155	45.387643	0.517607	10.1954	C(C(=O)NN)(N1CCN(CC1)C(=O)OCC)=O
233233i	233233	NCCNCC	-,-,-,-,-,-	1.466986	1.558522	1.486675	1.466986	1.558522	1.486674	116.592972	110.519430	109.873644	116.592925	110.519430	109.873619	38.890971	19.096142	-60.189748	0.702344	90.0000	N1(C(CN(C(C1)C(C)(C)C)C=O)C(C)(C)C)C=O
233233i	233233	NCCNCC	-,-,-,-,-,-	1.472760	1.537758	1.476973	1.472760	1.537758	1.476972	109.591419	111.700020	111.463531	109.591382	111.700044	111.463532	57.027190	-55.829983	55.968136	0.565385	0.0000	O=NN1CCN(CC1)N=O
233233i	323323	CCCCCC	-,O,-,-,O,-	1.510517	1.513700	1.519582	1.510517	1.513699	1.519582	110.945749	118.332428	111.428389	110.945836	118.332406	111.428251	-49.616135	45.882429	-49.397248	0.478398	0.0005	CCOC(=O)[CH]1CC(=O)[CH](CC1=O)C(=O)OCC
233333f1	233333	CCCCCC	C,-,-,-,-,-	1.508259	1.529995	1.532777	1.545517	1.533075	1.510889	116.618540	110.955839	111.514914	111.600393	114.253183	114.327692	-56.241929	56.150824	-48.019666	0.503433	13.4459	[C@]12(C(OCC1C(=C)CC[C@@H]2O)=O)C
233333f1	233333	CCCCOC	O,-,-,-,-,-	1.517156	1.539702	1.554385	1.442695	1.434205	1.535810	114.185902	108.986607	112.831404	106.438749	101.512888	106.559683	-39.646362	59.885535	-77.117507	0.650451	23.0161	N1([C@@H]2C3O[C@@H](C(C2)=O)OC3)C(CCC1=O)=O
233333f1	323333	CCCCCC	-,O,-,-,-,-	1.540255	1.507900	1.520801	1.546305	1.565885	1.567466	108.974849	116.019377	110.409995	112.534617	110.435571	109.126575	-52.529417	52.552208	-57.430610	0.574435	6.1809	CC(=CC[C@@H]1[C@]([C@]2([C@@H](C(=O)CC[C@@]2(CS1)O)OC)O)(C)O)C
233333f1	333233	CCCCCC	-,-,-,C,-,-	1.544257	1.527326	1.543709	1.552222	1.539501	1.546449	112.962347	108.913990	109.219532	124.088385	106.393532	113.805801	50.753392	-46.126918	41.460237	0.531424	14.6026	C1CCC2=CS(=O)(=O)[C@@H]2C1
233333f1	333233	CCCNCC	-,-,-,-,-,-	1.530901	1.536583	1.483870	1.468861	1.527549	1.529719	111.438228	111.142992	108.669968	112.177753	109.138746	110.949830	55.594847	-62.216125	62.890168	0.581317	5.4191	C1CCN2[C@@H](C1)C=CC3=C2CCCC3=O
233333f1	333233	NCCCCC	-,-,-,O,-,-	1.529393	1.523965	1.506183	1.506183	1.523965	1.529393	111.778944	110.559454	112.401042	118.053676	112.401048	110.559451	49.454619	-43.829499	43.829499	0.523149	12.9438	C[NH+]1[C@H]2CC(=O)C[C@@H]1CSC2
233333f1	333323	CCCCCC	-,-,-,-,N,-	1.537427	1.534259	1.527749	1.480204	1.501201	1.542250	112.258813	111.450805	112.827568	108.765610	124.963854	109.004447	57.758078	-47.463585	42.995824	0.503443	14.4620	C[C@@]12CCCCC1=[N+](CN2O)[O-]
233333f1	333323	CCNCCC	-,-,-,-,N,-	1.518471	1.508240	1.511298	1.523853	1.508200	1.535506	113.199601	108.733383	112.020079	112.104240	116.267635	110.648118	59.359150	-52.762300	45.789628	0.535892	11.4331	C[NH+]1CCC2(CC1)NC(=O)C3CC[NH+](CC3=N2)C
233333f1	333332	CCCCCC	-,-,-,-,-,C	1.530136	1.527881	1.532106	1.557979	1.535647	1.517252	113.337704	111.264635	112.790122	114.551849	109.353650	117.172924	-52.814688	53.383592	-47.672970	0.504424	5.2368	CC(C)CCC[CH](C)[CH]1CC[CH]2[CH]3CC=C4C[CH](Cl)CC[C]4(C)[CH]3CC[C]12C
233333f1	333332	CCCCCC	-,-,-,-,-,C	1.531104	1.528908	1.534734	1.556051	1.534978	1.512752	110.043050	111.830096	112.652241	114.199023	106.433788	116.199342	51.563586	-52.689825	51.685115	0.545768	2.7504	CC(=O)[CH]1CC[CH]2[CH]3CC=C4C[CH](O)CC[C]4(C)[CH]3CC[C]12C
233333f1	333332	CCCCCC	-,-,-,-,-,C	1.532566	1.529825	1.531097	1.529535	1.499359	1.504695	110.662358	112.306754	111.427244	110.621676	111.339415	114.233793	54.147693	-54.836098	54.625293	0.547042	2.4837	[H]/N=C/1\\C(=C2CCCC[C@H]2S1)c3[n-]nnn3
233333f1	333332	CNSCCC	-,-,O,-,-,O	1.463023	1.670205	1.785285	1.527976	1.524567	1.512913	115.522803	118.253636	100.721971	111.061405	117.473264	118.551349	-53.950075	54.728031	-16.058569	0.722682	76.5885	C1C(=O)[C@@H]2[C@@H](C=CS2)S(=O)(=O)N1
233333f2	233333	CCCCCC	O,-,-,-,-,-	1.506938	1.542381	1.588856	1.574637	1.548260	1.523524	114.748582	110.555914	111.456574	113.422979	114.470890	107.609968	-51.503775	44.685846	-45.751029	0.544853	9.8397	C[CH](CCC(O)=O)[CH]1CC[C]2(C)[CH]3[CH](C(=O)C[C]12C)[C]4(C)CC[CH](O)C(C)(C)[CH]4CC3=O
233333f2	233333	CCCCCC	O,-,-,-,-,-	1.509390	1.543884	1.588611	1.586402	1.544731	1.528924	114.378651	110.313372	111.264765	116.087520	113.277020	105.613326	47.545587	-39.276414	43.474871	0.556891	16.3645	C[CH](CCC(O)=O)[CH]1CC[C]2(C)[CH]3CC[CH]4C(C)(C)[CH](O)CC[C]4(C)[CH]3C(=O)C[C]12C
233333f2	233333	CCCCCC	O,-,-,-,-,-	1.510124	1.537631	1.550934	1.547456	1.546404	1.530117	115.782954	111.165727	111.981247	114.554142	113.755964	108.218624	49.289186	-46.522012	48.252451	0.523371	6.2734	COC(=O)C=C1CC[CH]2[CH]3CCC4=CC(=O)CC[C]4(C)[CH]3C(=O)C[C]12C
233333f2	233333	CCCCCC	O,-,-,-,-,-	1.515710	1.535230	1.536071	1.535152	1.545232	1.537613	114.646778	107.752160	109.418072	110.317948	111.103732	106.384117	-61.118568	57.151244	4.522452	0.830531	89.8492	C1(C2(CCC(C1)(CC2)O)CCCC)=O
233333f2	233333	CCCCCC	O,-,-,-,-,-	1.515710	1.535230	1.536347	1.534729	1.550320	1.537613	114.646778	107.752160	109.253746	110.217812	111.241403	104.896320	57.437011	-60.054342	0.024315	0.842843	89.3104	C1(C2(CCC(C1)(CC2)O)CCCC)=O
233333f2	233333	CCCCCC	O,-,-,-,-,-	1.532715	1.576724	1.604912	1.504190	1.591508	1.465687	111.469414	115.424755	115.772620	104.968865	106.757559	100.510854	-38.831930	7.031220	53.252753	0.819260	72.4522	[C@H]12[C@@H](C(CC3[C@]1(C4C(C5CCC([C@](CC4)(C)5)=O)CC3)C)=O)O2
233333f2	323333	CCCCCC	-,C,-,-,-,-	1.525588	1.553531	1.592219	1.558350	1.538257	1.533813	108.681682	115.264880	108.433995	111.581614	111.827568	111.944924	-54.816290	50.809651	-53.656084	0.572422	2.5134	CC1CC2C3CCC(O)(C(=O)C)C3(C)CC(O)C2(F)C4(C)C=CC(=O)C=C14
233333f2	323333	CCCCCC	-,O,-,-,-,-	1.509240	1.530844	1.548260	1.580979	1.592265	1.537359	108.774910	117.284827	108.332224	113.803547	110.048550	112.036101	-3.337456	-51.560707	51.049683	0.752750	88.5504	C[CH](CCC(O)=O)[CH]1CC[C]2(C)[CH]3[CH](C(=O)C[C]12C)[C]4(C)CC[CH](O)C(C)(C)[CH]4CC3=O
233333f2	332333	CCCCCC	-,-,C,-,-,-	1.518340	1.507709	1.540206	1.595564	1.556586	1.534464	111.057764	110.908766	116.814474	109.894263	112.442453	111.124535	-53.386293	47.277125	-46.369542	0.545149	7.9769	CC(=O)OCC=C1CC[CH]2[CH]3CCC4=CC(=O)CC[C]4(C)[CH]3[CH](O)C[C]12C
233333f2	332333	CCCCCC	-,-,C,-,-,-	1.518564	1.507715	1.540639	1.594962	1.556246	1.534651	110.986702	111.041733	116.879408	109.895089	112.451431	111.180276	53.127293	-47.059217	46.344677	0.544144	8.0809	CC12CC(O)C3C(CCC4=CC(=O)CCC34C)C1CC[C@@]2(O)C(=O)CO
233333f2	332333	CCCCCC	-,-,C,-,-,-	1.518728	1.507899	1.540225	1.594895	1.556800	1.534553	111.029389	111.019434	116.847830	109.818552	112.421624	110.999047	53.120537	-47.227255	46.692185	0.545972	7.9847	CC(=O)[CH]1CC[CH]2[CH]3CCC4=CC(=O)CC[C]4(C)[CH]3[CH](O)C[C]12C
233333f2	332333	CCCCCC	-,-,C,-,-,-	1.519357	1.506554	1.534592	1.586351	1.550480	1.545053	112.326325	111.257168	116.027612	109.437768	113.587635	109.891866	-53.562574	49.214184	-48.994694	0.542406	5.0264	C[C]1(O)CC[CH]2[CH]3CCC4=CC(=O)CC[C]4(C)[CH]3[CH](O)C[C]12C
233333f2	332333	CCCCCC	-,-,C,-,-,-	1.520128	1.508445	1.535649	1.586101	1.552643	1.539123	111.993956	111.238167	116.158509	109.418460	113.275145	110.973586	-54.002627	49.504122	-48.278286	0.538842	4.5254	CC(=O)OCC(=O)[C]1(O)CC[CH]2[CH]3CCC4=CC(=O)CC[C]4(C)[CH]3[CH](O)C[C]12C
233333f2	332333	CCCCCC	-,-,C,-,-,-	1.521865	1.509939	1.534048	1.580590	1.550196	1.536060	111.359000	111.588146	116.588063	109.841682	113.181847	110.676889	-52.107711	47.282492	-47.786571	0.538659	7.1025	CC1(O)CCC2C3CCC4=CC(=O)CCC4(C)C3CCC21C
233333f2	332333	CCCCCC	-,-,C,-,-,-	1.522162	1.510372	1.538666	1.574367	1.546404	1.536881	111.625259	111.522208	116.533205	108.986970	113.576255	110.290697	-52.308234	48.378681	-49.370739	0.542192	5.9095	COC(=O)C=C1CC[CH]2[CH]3CCC4=CC(=O)CC[C]4(C)[CH]3C(=O)C[C]12C
233333f2	332333	CCCCCC	-,-,C,-,-,-	1.522173	1.509820	1.534366	1.580324	1.549777	1.535863	111.309379	111.612290	116.617355	109.787792	113.180582	110.561602	-51.961170	47.175892	-47.930041	0.539774	7.2992	CC(=O)OCC(=O)C1CCC2C3CCC4=CC(=O)CCC4(C)C3CCC12C
233333f2	332333	CCCCCC	-,-,C,-,-,-	1.523101	1.510479	1.534823	1.577314	1.559070	1.534545	111.242710	112.083018	116.742054	109.482219	112.919975	110.021256	51.016545	-47.182453	49.249654	0.544495	7.7879	C[CH]([CH]1CC[CH]2[CH]3CCC4=CC(=O)CC[C]4(C)[CH]3CC[C]12C)C(O)=O
233333f2	332333	CCCCCC	-,-,C,-,-,-	1.523390	1.507929	1.523622	1.562243	1.547894	1.535366	110.856974	111.895912	116.211333	111.432669	111.417627	110.395303	49.663517	-46.689697	49.401417	0.545418	9.2717	C[C]12CC[CH]3[CH](CCC4=CC(=O)CC[CH]34)[CH]1CC[CH]2O
233333f2	332333	CCCCCC	-,-,C,-,-,-	1.528904	1.514553	1.540535	1.551147	1.526843	1.532212	110.045522	112.883560	117.063112	111.056013	115.756243	109.085644	-46.072747	38.388299	-43.907579	0.527566	15.8983	C[C]1(O)CC[CH]2[CH]3CCC4=CC(=O)CC[C]4(C)[C]35O[CH]5C[C]12C
233333f2	332333	CCNCCC	-,-,-,-,-,-	1.544605	1.494120	1.493633	1.546751	1.543362	1.540103	109.954871	108.889707	107.999726	108.474836	110.152777	109.010192	65.126423	-66.295581	4.983248	0.839611	87.9280	C1(=C/C2=C(OC)C=CC=C2)\C(C3CCN1CC3)=O
233333f2	332333	CCNCCC	-,-,-,-,-,-	1.545082	1.496088	1.495275	1.546364	1.542608	1.540921	110.021756	108.768638	107.814903	108.568222	110.123847	109.008884	-65.648668	66.014631	-4.359170	0.841436	87.8186	C1(\C(C2CCN1CC2)=O)=C/C3C=NC=CC=3
233333f2	332333	CCNCCC	-,-,-,-,-,-	1.546632	1.494349	1.495034	1.544650	1.540199	1.543093	110.152223	108.531308	107.893084	108.885036	109.981343	109.009760	66.165590	-65.296351	3.015018	0.840232	87.8764	C1(=C/C2=C(C(OC)=C(C=C2)OC)OC)\C(C3CCN1CC3)=O
233333f2	333233	CCCCCC	-,-,-,C,-,-	1.525391	1.545504	1.534480	1.517911	1.525758	1.533817	111.602905	112.903705	109.372735	115.723377	116.108663	113.386680	-55.966236	47.685860	-41.894579	0.505700	13.3677	C[CH]1[CH]2CC[C]3(C)C=CC(=O)C(=C3[CH]2OC1=O)C
233333f2	333233	CCCCCC	-,-,-,C,-,-	1.526378	1.558332	1.551804	1.558661	1.557003	1.549848	112.441688	114.675055	109.344499	116.916490	113.334353	109.519653	49.244750	-44.266090	47.129043	0.524761	8.6095	C[CH]1CC[C]2(CC[C]3(C)C(=CC[CH]4[C]5(C)CC[CH](O)C(C)(C)[CH]5CC[C]34C)[CH]2[CH]1C)C(O)=O
233333f2	333233	CCCCCC	-,-,-,C,-,-	1.532143	1.560568	1.543021	1.533211	1.551719	1.545010	112.604735	115.079329	112.568263	120.393868	113.382417	109.496694	37.238183	-30.584520	38.552634	0.490634	22.2153	CC1(C)[CH](CC[C]2(C)[CH]1CC[C]3(C)[CH]2C(=O)C=C4[CH]5C[C](C)(CC[C]5(C)CC[C]34C)C(O)=O)O[CH]6O[CH]([CH](O)[CH](O)[CH]6O[CH]7O[CH]([CH](O)[CH](O)[CH]7O)C(O)=O)C(O)=O
233333f2	333323	CCCCCC	-,-,-,-,C,-	1.526390	1.558646	1.588858	1.494090	1.509626	1.530353	109.770681	113.412317	114.919688	118.533081	119.942390	110.774589	-20.881093	-12.755494	8.709907	0.562756	63.9434	C12(C(C3=CCCCC(CC1)3)CC2C#N)[N+]4(C)CCCC4
233333f2	333332	CCCCCC	-,-,-,-,-,C	1.517793	1.554622	1.589070	1.592408	1.514675	1.497570	111.449780	113.391680	110.889758	110.356146	113.170763	114.791656	-54.531430	49.631208	-48.387635	0.534298	3.6414	CC(C)=C1CCC2C(=C1)CCC3C2(C)CCCC3(C)C(O)=O.CC(N)(CO)CO
233333f2	333332	CCCCCC	-,-,-,-,-,C	1.520662	1.555897	1.594515	1.587754	1.513452	1.494039	109.223727	113.590761	111.888929	110.628678	111.389170	114.219418	-51.691010	46.612595	-48.955928	0.550211	5.5614	CC(C)C1=CCC2C(=C1)CCC3C2(C)CCCC3(C)C(O)=O.CC(C)(N)CO
233333f2	333332	CCCCCC	-,-,-,-,-,C	1.527158	1.544075	1.577442	1.586793	1.522390	1.507315	113.057965	111.526785	110.491872	107.986047	111.867426	115.898026	-58.833746	59.097731	-53.709964	0.560865	10.6957	C[C]1(CC[CH]2C(=C1)CC[CH]3[C]2(C)CCC[C]3(C)C(O)=O)C=C
233333f2	333332	CCCCCC	-,-,-,-,-,C	1.527211	1.543986	1.577333	1.586691	1.521693	1.507968	113.062376	111.517320	110.488281	107.973897	111.900812	115.748653	58.782214	-59.041601	53.830611	0.561442	10.5012	CC[C]1(C)CC[CH]2C(=C1)CC[CH]3[C]2(C)CCC[C]3(C)C(O)=O
233333f2	333332	CCCCCC	-,-,-,-,-,C	1.527368	1.544053	1.577067	1.585609	1.521119	1.507173	113.115751	111.514943	110.448960	107.944028	112.160706	115.929557	-59.018801	59.099657	-53.460973	0.559420	11.0985	CC(C)=C1CC[CH]2C(=C1)CC[CH]3[C]2(C)CCC[C]3(C)C(O)=O
233333f2	333332	CCCCCC	-,-,-,-,-,C	1.528709	1.547170	1.583571	1.586167	1.519939	1.501828	110.600459	111.756174	111.749984	107.979312	110.276530	115.074719	56.382051	-55.743503	54.490842	0.574231	3.4109	CC(C)C1=CC[CH]2C(=C1)CC[CH]3[C]2(C)CCC[C]3(C)C(O)=O
233333f3	323333	CCCCCN	-,C,-,-,-,-	1.511341	1.516107	1.536764	1.528028	1.486734	1.467155	111.859186	115.921816	109.560077	108.428757	112.636717	114.430451	0.745041	-53.431768	60.130961	0.726045	84.8761	COC1=CC2=C(C=C1OC)[C]34CCN5CC6=CCO[CH]7CC(=O)N2[CH]3[CH]7[CH]6C[CH]45.OS(O)(=O)=O
233333f3	323333	CCCCCN	-,C,-,-,-,-	1.511342	1.516107	1.536764	1.528028	1.486734	1.467154	111.859079	115.921731	109.560090	108.428662	112.636667	114.430457	0.744891	-53.431781	60.131033	0.726048	84.8762	COC1=CC2=C(C=C1OC)C34CCN5CC6=CCOC7CC(=O)N2C3C7C6CC45.CC(C)CC(NC=O)C(O)=O
233333f3	323333	CCCCCN	-,C,-,-,-,-	1.511342	1.516107	1.536765	1.528029	1.486735	1.467155	111.859076	115.921802	109.560078	108.428757	112.636694	114.430406	0.744775	-53.431650	60.130909	0.726047	84.8763	CCC(C(O)=O)C1=CC=C(C=C1)[N+]([O-])=O.COC2=CC3=C(C=C2OC)C45CCN6CC7=CCOC8CC(=O)N3C4C8C7CC56
233333f3	333233	CCCCCN	-,-,-,C,-,-	1.519592	1.574226	1.519942	1.515727	1.465610	1.462036	109.299318	112.974601	113.879191	117.035505	113.118573	108.603116	33.594982	-25.916024	39.917488	0.534736	28.7473	COC1=CC2=C(C=C1OC)[C]34CCN5C[CH]3[CH]6[CH]7[CH](CC(=O)N2[CH]47)OCC=C6C5.OC[CH](O)[CH](O)[CH](O)[CH](O)[CH](O)C(O)=O
233333f3	333332	CCCCCC	-,-,-,-,-,C	1.594385	1.560425	1.548463	1.570607	1.546263	1.551096	107.445199	107.319260	110.361632	111.319645	104.032426	114.112971	-58.836107	-2.592570	61.002199	0.884405	89.6007	CC(=O)O[CH]1CC[C]2(C)C3=CC[C]4(C)[CH](CC[CH]4[C]35C=C[C]2(C1)[CH]6[CH]5C(=O)OC6=O)C(C)=O
233333i	233333	CCCCCC	C,-,-,-,-,-	1.511291	1.530235	1.528208	1.528116	1.528639	1.513518	113.681668	110.905224	111.965803	111.441870	111.691036	111.025752	53.226423	-54.257887	54.360741	0.546903	1.1363	C1(=CCCC(=O)C)CCCCC1
233333i	233333	CCCCCC	N,-,-,-,-,-	1.518639	1.522845	1.528001	1.528403	1.526777	1.517235	115.377330	109.727388	111.476645	111.292217	112.048944	109.425174	-53.938109	56.238656	-55.997595	0.554775	2.3809	NC(=S)NN=C1CCCCC1
233333i	233333	CCCCCC	N,-,-,-,-,-	1.520019	1.520770	1.526009	1.532316	1.543578	1.526639	115.986459	109.216721	111.287785	111.659917	114.312113	108.123748	-56.070914	55.276223	-52.773866	0.548961	4.2005	C(N\N=C1/C(C2=NC=CC=C2)CCCC1)(=S)N
233333i	233333	CCCCCC	N,-,-,-,-,-	1.532771	1.524830	1.529147	1.527097	1.534546	1.542803	116.102384	110.649377	111.113164	111.333916	113.429092	111.035998	54.957917	-58.455069	55.158460	0.534448	8.4512	NC(=S)NN=C1[CH](O)[CH](O)[CH](O)[CH](O)[CH]1O
233333i	233333	CCCCCC	O,-,-,-,-,-	1.513960	1.531878	1.530955	1.526424	1.521722	1.514533	117.184417	110.029184	113.103059	111.110492	111.750563	110.384645	-49.669170	55.107614	-56.443696	0.531527	5.9989	O=C1CCCC[CH]1C#N
233333i	233333	CCCCCC	O,-,-,-,-,-	1.521943	1.534280	1.528114	1.525798	1.521209	1.513451	116.188398	109.747718	111.879361	111.038644	111.597355	110.582669	-52.347373	57.053986	-57.083422	0.546272	5.2691	O=C1CCCC[CH]1COC[CH]2CCCCC2=O
233333i	233333	CCCCCC	O,-,-,-,-,-	1.525108	1.539443	1.539276	1.539439	1.534622	1.513944	116.971347	109.588990	110.926962	112.411157	108.908257	111.837076	51.793393	-59.033432	58.125287	0.552583	7.3085	C1(C[C@H](C[C@@H]([C@H]1C)C#N)C(=C)C)=O
233333i	233333	CCCPCC	C,-,-,-,-,-	1.523677	1.534969	1.855737	1.859797	1.534010	1.520836	113.618689	112.026962	111.206664	96.854398	110.889152	111.971770	62.263036	-56.108832	56.354332	0.673341	7.4066	CCOC(=O)C=C1CCP(CC1)C
233333i	233333	NCCCCC	-,-,-,-,-,-	1.455757	1.524541	1.526625	1.526602	1.525279	1.457601	117.142645	111.886014	111.282093	110.486851	111.406484	111.822028	-51.497433	54.804755	-54.704382	0.523954	6.7920	O=CN1CCCCC1
233333i	233333	NCCCCC	-,-,-,-,-,-	1.458002	1.524862	1.524699	1.524664	1.525835	1.461201	116.753082	112.313224	111.306992	110.204561	111.516495	112.232831	-51.630942	55.238112	-55.043221	0.523095	7.7193	CCOC(=O)N1CCCCC1
233333i	233333	NCCCCC	-,-,-,-,-,-	1.463972	1.525763	1.524053	1.524022	1.525022	1.462669	115.964973	112.344044	111.491503	110.145591	111.334702	112.400010	-51.669220	55.018117	-55.145584	0.526513	6.9414	CC(=O)N1CCCCC1
233333i	233333	NCCCCC	-,-,-,-,-,-	1.471530	1.525470	1.522018	1.521835	1.526519	1.475023	114.212181	112.692164	111.361458	109.921413	111.560379	112.617899	-53.235463	55.228307	-55.036717	0.533959	5.6472	CC(=S)N1CCCCC1
233333i	233333	NCCCCC	-,-,-,-,-,-	1.472198	1.530046	1.522940	1.522984	1.530746	1.476571	110.661318	111.571450	111.321443	110.289001	111.464917	111.453987	-56.157371	52.583316	-52.512303	0.563013	2.5084	O=NN1CCCCC1
233333i	233333	NCCCCC	-,-,-,-,-,-	1.475750	1.526862	1.520535	1.520558	1.525810	1.474936	113.998284	112.973733	111.625270	109.690895	111.392801	113.013084	52.600550	-55.365156	55.578122	0.532703	6.5145	SC(=S)N1CCCCC1.C2CCNCC2
233333i	233333	NCCCCC	-,-,-,-,-,-	1.476645	1.535974	1.524852	1.522756	1.523899	1.465354	116.408175	111.439746	112.749143	110.167636	111.512745	112.454755	50.060956	-54.085526	54.743004	0.520989	6.5688	CCCOP(=S)(OCCC)SCC(=O)N1CCCCC1C
233333i	233333	NCCCCC	-,-,-,-,-,-	1.477629	1.526044	1.524442	1.524516	1.527100	1.474006	113.711086	110.496225	111.302805	110.383995	111.476567	110.482351	54.884815	-54.381982	54.275906	0.557425	0.4668	[N+](/C=C/N1CCCCC1)([O-])=O
233333i	233333	NCCCCC	-,-,-,-,-,-	1.489868	1.523026	1.525009	1.526703	1.535754	1.500227	114.339723	110.278035	111.291251	110.680046	113.009798	109.458716	-55.875162	54.587124	-53.415307	0.553503	2.1207	C(N1C(CC)CCCC1)#N
233333i	233333	NCCNCC	-,-,-,-,-,-	1.457473	1.539890	1.480838	1.481558	1.538801	1.458731	115.703544	112.147340	112.170158	109.177608	112.529410	112.074268	52.286398	-57.054668	56.872977	0.521853	9.0955	N1(C=O)CCN(CC2C=C(Cl)C(=CC=2)Cl)CC1
233333i	233333	NCCNCC	-,-,-,-,-,-	1.462864	1.540705	1.477158	1.480184	1.538419	1.461665	116.582785	112.902691	115.124023	108.355412	114.969704	112.869472	48.427738	-53.532311	53.835017	0.480608	10.8771	CCOC(=O)N1CCN(CN2CCN(CC2)C(=O)OCC)CC1
233333i	233333	NCCNCC	-,-,-,-,-,-	1.463490	1.542604	1.482493	1.479686	1.545831	1.467614	111.948288	111.753480	111.550584	109.746001	112.041179	111.123638	55.377168	-55.507351	55.764474	0.551550	1.8175	CCN(CC)C(=O)N1CCN(C)CC1
233333i	233333	NCCNCC	-,-,-,-,-,-	1.467577	1.540780	1.475130	1.477373	1.538913	1.465963	114.633058	112.666557	112.134695	109.196445	112.142794	112.827423	-52.307015	57.743913	-57.613860	0.523457	9.8259	N1(C(=O)CCl)CCN(CC1)C
233333i	233333	NCCOCC	-,-,-,-,-,-	1.465974	1.529877	1.435292	1.433260	1.531930	1.467180	114.369381	111.952305	111.157564	110.165458	111.308177	111.799498	-53.004712	60.835360	-60.816633	0.531071	10.3646	CCCCCCCCCCCCCCCC(=O)N1CCOCC1
233333i	233333	NCCOCC	-,-,-,-,-,-	1.465983	1.529879	1.435292	1.433259	1.531935	1.467180	114.368479	111.952703	111.157599	110.165379	111.308194	111.799783	53.004800	-60.835117	60.816652	0.531073	10.3642	CCCC(=O)N1CCOCC1
233333i	233333	NCCOCC	-,-,-,-,-,-	1.466710	1.531854	1.433514	1.435498	1.529961	1.465424	114.435411	111.736149	111.285927	110.199500	111.162260	111.885681	-52.884983	60.791401	-60.786032	0.531281	10.2481	CC(=O)N1CCOCC1
233333i	233333	NCCOCC	-,-,-,-,-,-	1.467180	1.531931	1.433260	1.435293	1.529878	1.465975	114.369219	111.799351	111.308215	110.165485	111.157575	111.952164	-52.845765	60.816455	-60.835183	0.531073	10.3639	CCCCCCCCCCCC(=O)N1CCOCC1
233333i	233333	NCCOCC	-,-,-,-,-,-	1.467185	1.531928	1.433260	1.435293	1.529877	1.465971	114.369499	111.799461	111.308165	110.165543	111.157623	111.952104	-52.845226	60.816480	-60.835467	0.531071	10.3645	CCCCCCCCCCCCCC(=O)N1CCOCC1
233333i	233333	NCCOCC	-,-,-,-,-,-	1.467207	1.531936	1.433240	1.435285	1.529867	1.465977	114.379987	111.804037	111.311768	110.162507	111.155523	111.956160	-52.824529	60.823126	-60.848730	0.530988	10.3996	CCCCCCCCCC(=O)N1CCOCC1
233333i	233333	NCCOCC	-,-,-,-,-,-	1.467261	1.531908	1.433269	1.435293	1.529886	1.465974	114.352932	111.794641	111.304986	110.168203	111.160290	111.948817	52.869344	-60.810319	60.822515	0.531179	10.3236	CCCCCCCC(=O)N1CCOCC1
233333i	233333	NCCOCC	-,-,-,-,-,-	1.467356	1.531889	1.433318	1.435293	1.529929	1.466054	114.273274	111.770000	111.291377	110.179199	111.170584	111.931008	-52.989362	60.775829	-60.756472	0.531729	10.1184	CCCCCCCCC(=O)N1CCOCC1
233333i	233333	NCCOCC	-,-,-,-,-,-	1.468664	1.532348	1.433488	1.434540	1.529544	1.465293	114.437135	111.900643	111.448180	110.153060	111.101346	112.042117	52.297521	-60.686061	61.001414	0.529403	10.7390	C[CH](O)C(=O)N1CCOCC1
233333i	233333	NCCOCC	-,-,-,-,-,-	1.476328	1.532972	1.432414	1.435025	1.530878	1.480602	112.076254	111.796258	111.471864	110.112808	110.836513	111.704601	54.192602	-60.272506	60.846599	0.545991	7.1511	NC(=O)CCSC(=S)N1CCOCC1
233333i	233333	NCCOCC	-,-,-,-,-,-	1.476359	1.531646	1.433357	1.432617	1.530981	1.475294	112.562102	111.997413	111.423902	110.098378	111.284015	112.008412	-53.923786	60.276164	-60.449267	0.538297	8.0736	C(N1CCOCC1)(=S)N
233333i	233333	NCCOCC	-,-,-,-,-,-	1.478214	1.530903	1.431368	1.430988	1.532196	1.478975	112.729613	112.610456	111.146736	109.850007	111.369810	112.563609	53.810502	-61.336131	61.135879	0.534086	10.4612	SC(=S)N1CCOCC1.C2COCCN2
233333i	233333	NCCOCC	-,-,-,-,-,-	1.480346	1.532878	1.432143	1.431765	1.532344	1.475784	109.131825	110.624726	111.143075	110.223903	111.002094	110.704322	-57.677941	58.857909	-58.977852	0.573310	0.6053	O=NN1CCOCC1
233333i	323333	CCCCCC	-,N,-,-,-,-	1.541711	1.518412	1.522582	1.528476	1.531923	1.546171	104.568961	116.219662	109.314963	111.777597	111.185314	113.083311	57.373080	-52.497298	54.207813	0.575204	3.4844	CCN(CC)[CH]1CCCCC1=NO
233333i	323333	CCCCCC	-,O,-,-,-,-	1.513684	1.512545	1.522206	1.527182	1.529043	1.532629	108.822892	116.048956	110.048747	111.713822	111.186431	111.720416	-53.297294	52.544066	-55.890511	0.553666	3.3054	COC(=O)C(=O)[CH]1CCCCC1=O
233333i	323333	CCCCCC	-,O,-,-,-,-	1.513713	1.512546	1.522197	1.527172	1.529033	1.532620	108.826606	116.049626	110.050738	111.712511	111.185713	111.722698	53.290682	-52.547687	55.895662	0.553629	3.3100	CCOC(=O)C(=O)[CH]1CCCCC1=O
233333i	323333	CCCCCC	-,O,-,-,-,-	1.523923	1.513123	1.521331	1.525977	1.527608	1.531150	109.528329	116.383915	110.692032	111.640479	110.914429	111.891766	-50.731966	52.395272	-57.068470	0.546289	5.7820	OC[CH]1CCCCC1=O
233333i	323333	CCCCCC	-,O,-,-,-,-	1.525611	1.513791	1.521664	1.526364	1.528042	1.531805	109.537452	115.983458	110.555834	111.684001	111.014565	111.799943	51.510512	-52.747250	56.864668	0.548891	4.8963	C[CH]1CCCCC1=O
233333i	323333	CNCCCC	-,-,-,-,-,-	1.479561	1.474297	1.525126	1.521833	1.523928	1.535282	110.512903	115.101581	111.036104	111.533011	110.017320	112.860792	-54.497205	54.824348	-54.751812	0.540590	3.2225	C[C@@H]1CCCCN1C2=N/C(=C/3\\C=CC=CC3=O)/NC(=C2)C
233333i	332333	CCCCCC	-,-,O,-,-,-	1.527730	1.515163	1.533347	1.542919	1.532336	1.533472	110.626846	109.968577	115.454857	106.974336	112.003945	111.473489	56.431407	-55.879452	55.092248	0.572996	1.7213	C[CH]1CC[CH](C(=O)C1)C(C)(C)NO
233333i	332333	CCCCCC	-,-,O,-,-,-	1.530536	1.512642	1.511421	1.521719	1.527893	1.535671	110.991080	110.700489	116.490513	110.532822	111.807049	111.014412	-50.458271	50.148226	-52.282456	0.544035	6.4089	C[CH]1CCCC(=O)C1
233333i	332333	CCCCCC	-,-,O,-,-,-	1.542415	1.525770	1.509568	1.528033	1.536386	1.542212	112.013796	109.653241	116.218159	108.674994	110.244710	111.844030	-52.548711	56.768500	-57.293237	0.561787	5.5518	[C@@H]1(C[C@@H](C(=C)C)CC([C@@H]1C)=O)C(=O)N
233333i	332333	CCCCCC	-,-,O,-,-,-	1.561996	1.529066	1.509311	1.522630	1.537797	1.566473	110.636910	109.940498	116.118083	110.666055	113.627759	113.328817	55.073106	-53.457557	49.798298	0.530957	3.1091	C1(C(C(=O)O)CCC(C1C)=O)(C)C
233333i	332333	CCNCCC	-,-,-,-,-,-	1.529358	1.467174	1.461375	1.524408	1.530432	1.530081	110.676402	112.569306	115.842260	113.597447	111.592786	107.848022	-47.570585	45.862753	-51.040458	0.542275	12.2007	c1ccc2c(c1)c(nnn2)OC3CCN(CC3)C(=O)CCC(=O)[O-]
233333i	332333	CCNCCN	-,-,-,-,-,-	1.538170	1.459723	1.461449	1.539071	1.477455	1.481481	112.172805	112.599319	115.377274	112.361736	112.476612	108.905205	-46.105854	45.892139	-51.921561	0.521936	10.1021	CCOC(=O)N1CCN(CN2CCN(CC2)C(=O)OCC)CC1
233333i	332333	CCNCCN	-,-,-,-,-,-	1.538539	1.458687	1.457228	1.540054	1.478655	1.481261	112.555888	112.058734	115.630399	112.242624	112.248520	109.296215	46.857214	-47.113880	52.047157	0.520121	8.8556	C1(CN2CCN(C=O)CC2)=C(Cl)C=CC=C1Cl
233333i	332333	CCNCCN	-,-,-,-,-,-	1.546997	1.476531	1.482070	1.546859	1.483458	1.484157	112.591825	110.557614	111.935900	110.474389	113.201737	108.166523	-54.658825	53.866978	-55.584597	0.560516	1.9721	N1(C(=C(C(=O)OCC)N=N1)CN2CCN(C3=CC=CC=C3)CC2)C4C(=NON=4)N
233333i	333233	CCCCCC	-,-,-,O,-,-	1.535649	1.523133	1.511421	1.511421	1.523133	1.535649	110.165284	111.812678	110.656020	116.474100	110.656016	111.812674	52.540657	-49.956037	49.956045	0.544282	6.8776	CC1CCC(=O)CC1
233333i	333233	CCCCCC	-,-,-,O,-,-	1.538422	1.537045	1.526170	1.524467	1.532044	1.537213	110.673595	111.601915	107.278938	115.227850	108.617715	111.839657	56.496453	-57.766323	56.788401	0.580568	1.9200	C[CH]1C[CH](C)C(=O)[CH](C1)[CH](O)CC2CC(=O)NC(=O)C2
233333i	333233	CCCNCC	-,-,-,-,-,-	1.526440	1.522512	1.463964	1.461526	1.538508	1.537844	110.949544	111.314518	111.366683	114.832798	112.242738	110.237115	-53.904553	54.193679	-53.892956	0.540962	2.9837	CN(CCCC[CH]1CCCN(C1)C(=O)C2=CC=CC=C2)C(=O)C3=CC=CC=C3
233333i	333233	CCCNCC	-,-,-,-,-,-	1.527540	1.529732	1.474265	1.480344	1.535165	1.535195	110.706498	111.581452	109.499380	113.301646	109.822510	110.322747	55.302287	-58.868712	59.741642	0.572870	1.7487	CC(C)c1nc(on1)[C@@H]2CCCN(C2)c3cc(nc(n3)N)OC
233333i	333233	NCCCCC	-,-,-,N,-,-	1.473433	1.537973	1.508234	1.506410	1.536659	1.472857	119.185052	112.890554	109.071558	114.965121	109.355400	112.817460	47.508087	-56.837570	56.796004	0.501345	11.6814	N1C(CC(CC1(C)C)=NO)(C)C
233333i	333323	CCCCCC	-,-,-,-,O,-	1.528285	1.527178	1.522398	1.512750	1.514695	1.529885	111.714347	111.150743	111.735585	110.173743	116.004583	109.478080	-56.245978	52.674636	-52.487011	0.549699	3.8549	COC1=CC(=C(C=C1)N=C[CH]2CCCCC2=O)[N+]([O-])=O
233333i	333323	CCCCCC	-,-,-,-,O,-	1.528422	1.526189	1.521499	1.513302	1.520600	1.534317	111.786587	111.074552	111.642166	110.485837	116.111074	109.661223	56.888366	-52.889010	51.659509	0.547676	4.8570	O=C1CCCC[CH]1COC[CH]2CCCCC2=O
233333i	333323	CCCCCC	-,-,-,-,O,-	1.528703	1.527585	1.522674	1.512788	1.514746	1.529842	111.629959	111.202619	111.781177	110.052196	115.875054	109.278566	55.994273	-52.641762	52.986852	0.552084	3.3585	CC(=O)C1=CC=C(C=C1)N=C[CH]2CCCCC2=O
233333i	333323	CCCCCC	-,-,-,-,O,-	1.528779	1.527639	1.522707	1.512767	1.514631	1.529919	111.622230	111.216133	111.784686	110.022839	115.853928	109.229898	55.940320	-52.648529	53.111769	0.552562	3.2456	CCOC(=O)C1=CC=C(C=C1)N=C[CH]2CCCCC2=O
233333i	333323	CCCSCC	-,-,-,-,O,-	1.530855	1.524049	1.811511	1.760111	1.520146	1.536542	112.465473	112.958195	111.836257	97.645435	114.396520	109.369349	59.834433	-53.803283	57.592180	0.646837	5.1749	c1cc(cc(c1)C(=O)N)C[C@@H]2CCCSC2=O
233333i	333323	CCSCCC	-,-,-,-,N,-	1.525238	1.819491	1.819980	1.515424	1.515483	1.523222	112.675543	111.985858	99.164604	109.570716	116.379563	110.328454	54.492909	-52.355313	61.551396	0.640567	4.9243	C1C/C(=N/O)/CSC1
233333i	333323	COCCNC	-,-,-,-,-,-	1.435526	1.435907	1.539950	1.481097	1.476549	1.539396	110.444178	110.607058	110.575819	110.530964	109.027068	110.615392	59.188870	-57.964612	56.187840	0.580174	0.3892	CC1CN(CC(C)O1)N=O
233333i	333323	COCCNC	-,-,-,-,-,-	1.436716	1.436946	1.536797	1.478664	1.484259	1.538216	111.831253	109.878605	111.330636	109.837069	111.657842	109.960763	60.136931	-57.492651	53.967286	0.565810	3.0159	C1CN(CCO1)C2=CC=CC=C2
233333i	333332	CCCCCC	-,-,-,-,-,N	1.523055	1.528207	1.528624	1.526628	1.517003	1.518474	109.654325	111.508031	111.327135	112.004291	109.360032	115.372302	-56.136370	55.966113	-53.208840	0.555415	2.1580	O=C(NN=C1CCCCC1)C(=O)NN=C2CCCCC2
233333i	333332	CCCCCC	-,-,-,-,-,N	1.523578	1.528983	1.529268	1.525722	1.516339	1.514820	109.477489	111.612222	111.407574	111.885994	109.253584	115.875757	-56.087228	56.020523	-53.090319	0.553616	2.3789	O=C(NC1=CC=CC=C1)ON=C2CCCCC2
233333i	333332	CCCCCC	-,-,-,-,-,N	1.523998	1.529573	1.529969	1.525826	1.515016	1.514532	109.104033	111.613069	111.510000	111.786783	108.999390	115.629409	55.812179	-55.700108	53.473866	0.558272	1.2668	O=S(=O)(NN=C1CCCCC1)C2=CC=CC=C2
233333i	333332	CCCCCC	-,-,-,-,-,N	1.526629	1.528624	1.528207	1.523054	1.518472	1.517004	109.360450	112.004622	111.327744	111.507847	109.654299	115.372001	55.964259	-56.135711	53.890157	0.555410	2.1570	O=C(NN=C1CCCCC1)C(=O)NN=C2CCCCC2
233333i	333332	CCCCCN	-,-,-,-,-,-	1.525153	1.525523	1.525211	1.525553	1.461318	1.465980	111.773421	111.219151	110.434072	111.428695	111.938761	115.111238	54.440142	-54.127630	52.517030	0.534893	4.0581	O=C(N1CCCCC1)C2=CC=CC=C2
233333i	333332	CCCCCN	-,-,-,-,-,-	1.525311	1.525280	1.524878	1.525834	1.461094	1.465604	111.823969	111.210924	110.396603	111.481322	112.007812	115.176542	-54.526123	54.130810	-52.333018	0.533913	4.3195	N1(C2C(=NON=2)N)C(=C(C(N3CCCCC3)=O)N=N1)C4C=CC=CC=4
233333i	333332	CCCCCN	-,-,-,-,-,-	1.525473	1.519812	1.519914	1.526211	1.476357	1.474101	113.281275	111.401434	109.644502	111.671137	113.570663	114.166738	55.972591	-55.261907	51.625741	0.527444	7.8425	S=C(SSSSC(=S)N1CCCCC1)N2CCCCC2
233333i	333332	CCCCCN	-,-,-,-,-,-	1.525553	1.525210	1.525523	1.525154	1.465980	1.461318	111.938746	111.428647	110.434044	111.219167	111.773443	115.111222	-54.127759	54.440161	-53.105259	0.534893	4.0581	C(N1CCCCC1)(=O)C2C=CC=CC=2
233333i	333332	CCCCCN	-,-,-,-,-,-	1.525670	1.526261	1.526596	1.525115	1.464674	1.459712	111.595886	111.325873	110.607390	111.089694	111.519926	114.258765	-53.471637	53.686511	-53.818999	0.542173	1.8448	O=C(N1CCCCC1)N2CCCCC2
233333i	333332	CCCCCN	-,-,-,-,-,-	1.526428	1.524349	1.524145	1.526874	1.475262	1.474963	110.435966	111.254202	110.334249	111.385599	110.455582	112.755728	-53.992568	53.845641	-55.283377	0.563750	0.9588	C1(=NC(NC2C=CC=CC=2)=N\C(N1)=N/N)N3CCCCC3
233333i	333332	CCCCCN	-,-,-,-,-,-	1.526707	1.526252	1.525970	1.526958	1.469788	1.468434	109.910734	111.139179	110.647756	111.383424	109.989199	113.282829	53.499759	-53.187338	54.899319	0.564263	1.8647	N(=C/N1CCCCC1)/C2C(C#N)=CC=CC=2
233333i	333332	CCCCCN	-,-,-,-,-,-	1.527024	1.523479	1.523686	1.526331	1.481823	1.476577	110.564916	111.437380	110.271618	111.280550	110.708011	112.659177	54.276630	-54.147448	55.324527	0.562746	0.4378	C[n+]1ccc(cc1)/C=C(/N2CCCCC2)\\SC
233333i	333332	CCCCCN	-,-,-,-,-,-	1.527101	1.525514	1.525538	1.526565	1.484037	1.481648	109.909436	111.222002	110.619838	111.210874	110.002863	111.280222	-53.320215	53.198730	-56.420600	0.577661	3.6167	C1(N=C2N(C=CC=C2C)C(C=1C=O)=O)N3CCCCC3
233333i	333332	CCCCCN	-,-,-,-,-,-	1.527158	1.524205	1.524085	1.529660	1.473950	1.475028	111.861865	110.851497	110.536724	111.939783	113.379083	114.459861	55.933484	-52.882525	49.431202	0.530984	6.5065	N1=C(N=C(C)C(=C1N2CCCCC2)C=O)N3CCCCC3
233333i	333332	CCCCCN	-,-,-,-,-,-	1.527307	1.522135	1.522569	1.524021	1.462506	1.465309	112.839584	111.863553	109.809544	111.127384	112.929687	116.432225	55.423026	-56.183545	52.105634	0.520927	9.6182	N1(C2C(=NON=2)N)N=NC(=C1C)C(N3CCCCC3)=O
233333i	333332	CCCCCN	-,-,-,-,-,-	1.527625	1.526140	1.526058	1.526941	1.478415	1.479643	109.613004	111.093966	110.680708	111.327544	109.945634	111.902103	-53.524973	52.995265	-55.726856	0.575430	3.4116	CC1=C(N2CCCCC2)S(=O)(=O)C3=CC=CC=C3C1
233333i	333332	CCCCCN	-,-,-,-,-,-	1.527922	1.531419	1.531041	1.530294	1.478042	1.469795	109.152763	110.706156	111.631257	111.335223	108.998550	111.423552	-51.429504	50.937039	-55.482313	0.582244	6.7655	CC(=O)/N=C\\1/NC(=O)/C(=C/N2CCCCC2)/S1
233333i	333332	CCCCCN	-,-,-,-,-,-	1.528267	1.525134	1.525206	1.528647	1.477896	1.474076	109.887433	111.248413	110.492884	111.477826	109.934277	113.711297	54.353137	-54.032644	54.701769	0.563442	0.7806	[N+]1(C=C(N2CCCCC2)C=CC=1)[O-]
233333i	333332	CCCCCN	-,-,-,-,-,-	1.528273	1.530322	1.530408	1.529290	1.472353	1.471377	110.005521	110.970511	111.514456	111.068363	109.708627	111.700246	-51.344788	51.575116	-55.886169	0.572546	5.2727	C(SC1C(=NN=C(C=1)Cl)C2=CC=CC=C2)(N3CCCCC3)=S
233333i	333332	CCCCCN	-,-,-,-,-,-	1.528345	1.525301	1.525343	1.528787	1.477162	1.472491	109.849036	111.227828	110.508180	111.488562	109.893484	113.831336	54.338557	-53.979801	54.591430	0.563044	0.8065	N1(C2=CC(Br)=CN=C2)CCCCC1
233333i	333332	CCCCCN	-,-,-,-,-,-	1.528448	1.525416	1.525435	1.528867	1.476708	1.471478	109.813916	111.208731	110.519287	111.496577	109.873543	113.869427	54.320138	-53.913628	54.524775	0.563036	0.8885	N1(C2=CC=NC=C2)CCCCC1
233333i	333332	CCCCCN	-,-,-,-,-,-	1.528473	1.523624	1.523682	1.528555	1.466500	1.467890	110.482966	111.487589	110.100041	111.496556	110.495742	116.068947	55.358030	-55.354877	53.349344	0.545228	3.8840	C1(=NC(OC2=CC(C=O)=CC=C2)=NC(=N1)OC)N3CCCCC3
233333i	333332	CCCCCN	-,-,-,-,-,-	1.528498	1.525596	1.525591	1.529022	1.476888	1.471825	109.731428	111.165586	110.551230	111.511226	109.813919	113.721313	-54.256097	53.776882	-54.567436	0.564589	1.2246	C1(=CC(N2CCCCC2)=CC=N1)N3CCCCC3
233333i	333332	CCCCCN	-,-,-,-,-,-	1.528648	1.523441	1.523325	1.528615	1.463849	1.465907	110.565961	111.472591	110.013086	111.531098	110.632564	116.436609	55.565898	-55.473799	52.980794	0.542488	4.6534	N1=C(N=C(C)C(=C1N2CCCCC2)C=O)N3CCCCC3
233333i	333332	CCCCCN	-,-,-,-,-,-	1.528710	1.527834	1.527931	1.528921	1.473110	1.476625	109.181173	111.356976	110.925882	111.109119	109.045387	113.451246	53.203464	-53.602865	55.997600	0.572208	2.9011	[N+](C1C(N2CCCCC2)=CC=NC=1)([O-])=O
233333i	333332	CCCCCN	-,-,-,-,-,-	1.528751	1.523700	1.523711	1.528839	1.465203	1.465792	110.474173	111.487917	110.086910	111.502855	110.479901	116.309233	-55.386765	55.373350	-53.186691	0.544035	4.1400	N1=C(N2CCCCC2)N=CC=C1Cl
233333i	333332	CCCCCN	-,-,-,-,-,-	1.528797	1.523714	1.523714	1.528797	1.466904	1.466904	110.443694	111.482988	110.105186	111.482986	110.443693	115.974463	55.287473	-55.287477	53.444816	0.546205	3.6310	NC1=NC(=NC(=N1)N)N2CCCCC2
233333i	333332	CCCCCN	-,-,-,-,-,-	1.528892	1.525515	1.525504	1.528467	1.471393	1.476641	109.848188	111.496890	110.533515	111.200101	109.784887	113.857784	-53.877374	54.295410	-55.572337	0.563341	0.9628	N1(C2C=C(C)N=CC=2)CCCCC1
233333i	333332	CCCCCN	-,-,-,-,-,-	1.528941	1.525394	1.525355	1.528399	1.471976	1.476506	109.878874	111.496828	110.510534	111.211916	109.830761	113.861824	-53.943583	54.327879	-55.518117	0.563012	0.8481	N1(C2=CN=CC=C2)CCCCC1
233333i	333332	CCCCCN	-,-,-,-,-,-	1.529072	1.527572	1.527671	1.529019	1.469650	1.474526	109.284464	111.438663	110.874681	111.076610	109.116128	113.805799	-53.175822	53.740814	-55.942977	0.568990	2.4833	N1(C2C(Cl)=CN=CC=2)CCCCC1
233333i	333332	CCCCCN	-,-,-,-,-,-	1.529250	1.526052	1.526058	1.529593	1.472756	1.472949	109.504803	111.124533	110.604310	111.447425	109.655117	113.430979	53.951080	-53.505366	54.954513	0.568269	1.9383	C1(N2CCCCC2)=CC(Br)=CC=N1
233333i	333332	CCCCCN	-,-,-,-,-,-	1.529252	1.527918	1.527924	1.529524	1.476098	1.478346	109.040430	111.239757	110.961520	111.054593	108.922076	111.942679	-52.600085	52.899909	-56.838627	0.582905	4.8829	C1(=C(C(N)=NC(=N1)Cl)[N+]([O-])=O)N2CCCCC2
233333i	333332	CCCCCN	-,-,-,-,-,-	1.529346	1.528895	1.529175	1.527346	1.471198	1.472514	110.126977	111.346136	111.287747	110.855492	110.338025	112.191915	-51.933673	52.150323	-55.788151	0.566063	3.7979	S=C(SSSSC(=S)N1CCCCC1)N2CCCCC2
233333i	333332	CCCCCN	-,-,-,-,-,-	1.529367	1.526236	1.526232	1.529782	1.472181	1.472412	109.441009	111.099623	110.628618	111.449194	109.598569	113.406284	-53.886818	53.409801	-54.958674	0.568959	2.1300	C1(N2CCCCC2)N=CC=C(C=1)C
233333i	333332	CCCCCN	-,-,-,-,-,-	1.529405	1.526394	1.526374	1.529823	1.472607	1.472573	109.382812	111.082033	110.657286	111.446559	109.544882	113.304571	53.823973	-53.327243	55.015105	0.570091	2.3685	C1(=CC(N2CCCCC2)=CC=N1)N3CCCCC3
233333i	333332	CCCCCN	-,-,-,-,-,-	1.529490	1.528754	1.528750	1.529584	1.465789	1.465575	108.867995	111.292442	110.935625	111.305013	108.884754	116.314161	54.268648	-54.228151	53.891691	0.557651	0.1781	ClC1=CC2=C(N3CCCCC3)C4=C(CCCC4)N=C2C=C1
233333i	333332	CCCCCN	-,-,-,-,-,-	1.529562	1.526921	1.526953	1.529323	1.472794	1.472838	109.408511	111.389200	110.753219	111.067603	109.253766	113.073746	-53.123202	53.567171	-56.229473	0.572606	2.9465	CC1=NC2=C(C=NN2C3=CC=C(C=C3)[N+]([O-])=O)C(=N1)N4CCCCC4
233333i	333332	CCCCCN	-,-,-,-,-,-	1.529591	1.525720	1.525607	1.529071	1.472236	1.472372	109.734592	111.458787	110.543529	111.187979	109.648001	113.767508	-53.760855	54.106301	-55.588577	0.565152	1.2640	C1(N=C(C=CC=1F)Br)N2CCCCC2
233333i	333332	CCCCCN	-,-,-,-,-,-	1.529770	1.526191	1.526191	1.529351	1.472470	1.472153	109.613956	111.450743	110.621118	111.103535	109.456845	113.422326	53.430650	-53.904403	55.994817	0.568722	2.0759	N1(C2N=CC=CC=2)CCCCC1
233333i	333332	CCCCCN	-,-,-,-,-,-	1.529785	1.526219	1.526219	1.529347	1.472457	1.472086	109.605203	111.451015	110.625364	111.098394	109.446269	113.415580	-53.417307	53.897352	-56.010017	0.568857	2.1076	C1(=NC(C)=CC=C1)N2CCCCC2
233333i	333332	CCCCCN	-,-,-,-,-,-	1.529810	1.526250	1.526239	1.529244	1.472368	1.472547	109.588009	111.453797	110.631227	111.086183	109.444358	113.375593	53.401932	-53.889140	56.058387	0.569213	2.1704	N1=C(N2CCCCC2)C=CC=C1N3CCCCC3
233333i	333332	CCCCCN	-,-,-,-,-,-	1.529810	1.526250	1.526240	1.529244	1.472368	1.472547	109.588004	111.453804	110.631249	111.086187	109.444355	113.375581	53.401886	-53.889089	56.058372	0.569213	2.1704	N1=C(N2CCCCC2)C=CC=C1N3CCCCC3
233333i	333332	CCCCCN	-,-,-,-,-,-	1.529858	1.527947	1.528005	1.529870	1.472117	1.473482	109.058116	111.307713	110.931752	110.996843	108.873285	112.486980	-52.562101	53.036544	-56.721684	0.579532	4.4335	C1(=C(C(Br)=CC=N1)Br)N2CCCCC2
233333i	333332	CCCCCN	-,-,-,-,-,-	1.529865	1.527981	1.528143	1.529367	1.469749	1.476689	109.052379	111.471166	110.949979	110.970369	108.897011	113.373905	-52.859409	53.556934	-56.487221	0.573910	3.4251	N1(C2C(N)=CC=CC=2)CCCCC1
233333i	333332	CCCCCN	-,-,-,-,-,-	1.529964	1.527900	1.527947	1.529933	1.471679	1.472921	109.068542	111.315061	110.919527	110.997493	108.889209	112.542694	-52.574521	53.047878	-56.687758	0.579036	4.3572	C1(N2CCCCC2)N=CC=CC=1Br
233333i	333332	CCCCCN	-,-,-,-,-,-	1.530025	1.529174	1.529175	1.530026	1.466530	1.466530	108.685581	111.245589	111.027644	111.245810	108.685704	115.502466	53.777067	-53.776666	54.505326	0.564007	1.3207	C1(=C2C(C=CC=C2)=NC=C1Br)N3CCCCC3
233333i	333332	CCCCCN	-,-,-,-,-,-	1.530222	1.527960	1.528059	1.529972	1.472111	1.473520	109.025642	111.353015	110.928829	110.950423	108.835068	112.496188	52.528371	-53.088918	56.846709	0.579914	4.4830	C1(N2CCCCC2)=C3C(C=CC=C3)=CC=N1
233333i	333332	CCCCCN	-,-,-,-,-,-	1.530356	1.527818	1.527848	1.529831	1.473261	1.476396	109.001534	111.360902	110.924984	110.962597	108.878451	112.283317	-52.563150	53.076284	-56.950075	0.581203	4.6225	C1(N=C(C=CC=1N)Br)N2CCCCC2
233333i	333332	CCCCCN	-,-,-,-,-,-	1.530545	1.529543	1.529501	1.527869	1.459310	1.464604	110.557521	111.305206	111.196576	110.794034	111.141256	113.875874	-52.638916	52.522864	-54.263071	0.550268	0.8775	O=C(N1CCCCC1)N2CCCCC2
233333i	333332	CCCCCN	-,-,-,-,-,-	1.530663	1.528903	1.528903	1.530665	1.475197	1.475196	108.593527	111.088027	111.049630	111.088147	108.593526	112.122280	-52.643086	52.642924	-56.573108	0.586030	5.3148	[N+]1(C(N2CCCCC2)=CC=CC=1)[O-]
233333i	333332	CCCCCN	-,-,-,-,-,C	1.523953	1.528760	1.528988	1.524624	1.501258	1.508191	108.601316	111.770817	111.005918	111.814918	108.598518	113.625439	-54.332431	54.379584	-55.507936	0.574401	2.4746	C1CC[NH+](CC1)/C=C/C=C/C=[N+]2CCCCC2
233333i	333332	CCCCCN	-,-,-,-,-,C	1.525046	1.529230	1.529245	1.524727	1.493467	1.499181	108.492875	111.843280	110.994703	111.832210	108.580916	115.034185	-54.508059	54.514340	-54.646552	0.565746	1.1323	C1CC[NH+](CC1)c2c(c(=[N+]3CCCCC3)c2=O)[O-]
233333i	333332	CCNCCC	-,-,-,-,-,C	1.537380	1.467823	1.468064	1.535795	1.525633	1.524511	111.411609	112.755093	110.267495	112.448186	111.447101	109.880546	56.969826	-57.206851	56.019189	0.555212	1.5078	C1(C2=C(CCC3=C1C=CC=C3)C=CC=C2)=C4CCNCC4
233333i	333332	CCNCCC	-,-,-,-,-,N	1.538176	1.484337	1.477997	1.529555	1.516621	1.515395	109.921551	110.805324	110.419519	112.931311	108.016601	116.173792	-59.803664	61.411611	-54.129147	0.555379	6.8962	C1(=N/C2C(C)=CC=CC=2)/CC(N(C)CC1C)C
233333i	333332	CCNCCN	-,-,-,-,-,-	1.547149	1.475736	1.475743	1.545742	1.478410	1.483933	110.491448	113.834772	108.920496	113.270158	110.385663	111.928921	54.306928	-55.069870	56.263127	0.549019	1.1649	N1(C2=CC=CC=C2)CCNCC1
233333i	333332	CCNCCN	-,-,-,-,-,C	1.534869	1.475656	1.486798	1.531809	1.498650	1.492575	108.493879	111.697012	109.909274	111.062760	108.692082	114.268572	59.649374	-59.680957	56.188776	0.575423	3.1442	Cc1c(ccc2c1oc(c2[O-])C=[N+]3CCN(CC3)C)O
233333i	333332	CCOCCN	-,-,-,-,-,-	1.528676	1.433499	1.432390	1.533189	1.468359	1.465328	112.336161	110.937924	110.019424	111.681918	112.239740	114.722615	-61.558288	60.743605	-51.142661	0.525298	12.3147	Cc1c(nnn1c2nc3ccccc3s2)C(=O)N4CCOCC4
233333i	333332	CCOCCN	-,-,-,-,-,-	1.531261	1.434629	1.435070	1.530428	1.464572	1.469345	111.421159	111.041916	110.300786	111.173968	111.675540	113.695391	-60.656843	60.354218	-53.568914	0.538326	8.3943	N1(C2C(=NON=2)N)C(=C(C(N3CCOCC3)=O)N=N1)C4C=CC=CC=4
233333i	333332	CCOCCN	-,-,-,-,-,-	1.531360	1.434432	1.435870	1.530208	1.464612	1.469372	111.392451	111.236841	110.347927	111.270656	111.605265	113.639672	60.211667	-60.041283	53.689528	0.537203	7.9156	O=C(N1CCOCC1)C2=CC=CC=C2
233333i	333332	CCOCCN	-,-,-,-,-,-	1.531468	1.433894	1.435661	1.530244	1.465639	1.469723	111.437415	111.172475	110.392372	111.219938	111.653114	113.565343	-60.311137	60.108159	-53.663276	0.537497	7.9658	[O-][N+](=O)C1=CC=C(C=C1)C(=O)N2CCOCC2
233333i	333332	CCOCCN	-,-,-,-,-,-	1.531579	1.431565	1.431433	1.531501	1.477818	1.480049	112.263445	111.302618	109.996952	111.306965	112.336060	112.402069	-60.810701	60.768688	-54.007020	0.537253	8.9491	S=C(S[CH]1CCC=C1)N2CCOCC2
233333i	333332	CCOCCN	-,-,-,-,-,-	1.533167	1.433280	1.433345	1.531143	1.474850	1.478652	111.841277	111.452813	110.046692	110.904470	111.811560	112.335219	60.321680	-60.986812	55.454996	0.543790	7.7209	S=C(CC1=CC2=C(C=CC=C2)C=C1)N3CCOCC3
233333i	333332	CCOCCN	-,-,-,-,-,-	1.534168	1.434621	1.434850	1.536308	1.483297	1.484991	110.951005	111.458048	109.732721	111.818082	110.928767	111.839239	60.445998	-60.123029	55.259937	0.553592	5.4043	c1c[n+](cc(c1[N+](=O)[O-])/C=C/N2CCOCC2)[O-]
233333i	333332	CCOCCN	-,-,-,-,-,-	1.534623	1.439251	1.437275	1.536180	1.483414	1.488089	109.938620	111.123886	109.808847	111.602793	109.948400	109.768924	59.494580	-59.207620	57.692987	0.578784	0.8682	C1(N=C2N(C=CC=C2C)C(C=1C=O)=O)N3CCOCC3
233333i	333332	CCOCCN	-,-,-,-,-,-	1.534691	1.435859	1.435331	1.536825	1.490879	1.492274	110.393739	111.097461	110.004206	111.545352	110.309689	110.046145	60.055767	-59.782154	57.051527	0.572471	2.0638	C(=C(N1CCOCC1)C2=CC=CC=C2)(C#N)C#N
233333i	333332	CCOCCN	-,-,-,-,-,-	1.535106	1.435814	1.435637	1.536379	1.482445	1.480899	110.232116	111.494518	109.958116	111.687636	110.229476	111.362466	59.703735	-59.469363	56.241414	0.562985	2.9101	C1(C(=NSN=1)OCC(=O)OCC)N2CCOCC2
233333i	333332	CCOCCN	-,-,-,-,-,-	1.536193	1.436065	1.436058	1.536438	1.472673	1.472252	110.108895	111.533156	109.866780	111.597108	110.127158	113.811211	-60.566178	60.469412	-54.864916	0.551141	6.1382	C1(N=C(N=C(N=1)CCl)N)N2CCOCC2
233333i	333332	CCOCCN	-,-,-,-,-,-	1.536349	1.436378	1.436506	1.536302	1.471581	1.471079	110.064682	111.614257	109.828688	111.613804	110.073873	113.932168	60.451486	-60.428128	54.904202	0.550652	6.1336	N1=C(N2CCOCC2)N=CC=C1I
233333i	333332	CCOCCN	-,-,-,-,-,-	1.536377	1.437097	1.435456	1.538259	1.481763	1.482524	109.769921	111.386919	110.090044	111.688778	109.838087	111.393390	59.713368	-59.352873	56.403913	0.567578	2.1855	N1C(=CC(=NC=1N)F)N2CCOCC2
233333i	333332	CCOCCN	-,-,-,-,-,-	1.536859	1.435232	1.435852	1.534744	1.492543	1.490852	110.289682	111.542236	110.035319	111.102633	110.376313	110.020174	59.747238	-60.002702	57.854179	0.572661	1.9585	C(=C(N1CCOCC1)C2=CC=C(O)C=C2)(C#N)C#N
233333i	333332	CCOCCN	-,-,-,-,-,-	1.537102	1.444114	1.443151	1.537097	1.471976	1.474051	109.237551	110.955105	110.152374	110.966279	109.164677	110.705496	58.971337	-59.114999	58.190558	0.583453	0.1454	C=C1C=C(N2[C@@H](N=C(N=C2N1)N3CCOCC3)c4ccccc4)[O-]
233333i	333332	CCOCCN	-,-,-,-,-,-	1.537222	1.437363	1.439512	1.535474	1.475327	1.477423	110.111166	111.339118	110.178653	111.152186	110.830632	110.895117	-59.513085	58.791958	-56.312568	0.565439	2.3112	CCn\\1ccnc(/c1=N\\c2ccc(cc2)OC)N3CCOCC3
233333i	333332	CCOCCN	-,-,-,-,-,-	1.537927	1.437993	1.438032	1.538087	1.488043	1.485472	109.069457	111.161842	110.438419	111.310700	109.185498	109.699431	59.001911	-58.695497	58.030870	0.586609	1.2877	C1(=C(C(N)=NC(=N1)Cl)[N+]([O-])=O)N2CCOCC2
233333i	333332	CCOCCN	-,-,-,-,-,-	1.538233	1.436589	1.437000	1.536825	1.479248	1.484408	109.944455	111.823879	109.911745	111.321613	109.818025	111.593420	59.393306	-60.096105	57.521641	0.566299	2.8838	OC1=CC=C(C=C1)N2CCOCC2
233333i	333332	CCOCCN	-,-,-,-,-,-	1.538353	1.435249	1.437299	1.536353	1.482505	1.480281	109.871283	111.657743	110.081917	111.395845	109.818355	111.676864	59.540425	-59.822554	56.886434	0.565659	2.6303	N1C(C(=O)O)=CN=CC=1N2CCOCC2
233333i	333332	CCOCCN	-,-,-,-,-,-	1.538363	1.439199	1.439190	1.538397	1.473829	1.473630	109.026249	111.467113	110.253638	111.470813	109.030358	113.959642	-60.192410	60.178256	-55.610833	0.561397	3.9174	ClC1=CC2=C(N3CCOCC3)C4=C(CCCC4)N=C2C=C1
233333i	333332	CCOCCN	-,-,-,-,-,-	1.538886	1.437568	1.438115	1.537018	1.480173	1.483802	109.301859	111.763925	110.272837	111.329528	109.221316	110.638944	-58.437430	59.001682	-58.262510	0.576959	0.8308	C1(=NC2=CC=CC=C(N=C1N)2)N3CCOCC3
333333f1	333333	CCCCCC	-,-,-,-,-,-	1.517805	1.522484	1.554296	1.601543	1.575516	1.552440	113.682484	110.259844	113.653822	108.284230	116.552012	108.668813	-59.828581	52.205434	-47.424100	0.553488	7.1571	CC(C)C1=CC2=C(C=C1)[C]3(C)CCC[C](C)([CH](O)C4=CC=CC=C4)[CH]3CC2
333333f1	333333	CCCCCC	-,-,-,-,-,-	1.520223	1.522763	1.548964	1.581968	1.580324	1.552018	114.117043	110.238525	113.027947	109.636040	115.798603	109.503640	59.490968	-53.305213	47.478627	0.546150	7.6719	CC(C)C1=CC2=C(C=C1)[C]3(C)CCC[C](C)(COC(=O)C4=CC=CC=C4)[CH]3C=C2
333333f1	333333	CCCCCC	-,-,-,-,-,-	1.520815	1.520333	1.553383	1.588636	1.572968	1.554050	113.744945	110.080500	113.414521	109.065544	115.765142	108.747911	59.043860	-52.666849	48.332422	0.554760	6.3003	C[CH](O)C1=CC2=C(C=C1)[C]3(C)CCC[C](C)(CO)[CH]3C[CH]2O
333333f1	333333	CCCCCC	-,-,-,-,-,-	1.521354	1.522165	1.552352	1.585390	1.572390	1.555342	114.138574	110.289173	112.831134	108.796620	115.478205	108.612499	-59.138415	54.303738	-50.409131	0.558745	5.1402	CC(C)C1=CC2=C(C=C1)[C]3(C)CCC[C](C)(COCCC#N)[CH]3CC2
333333f1	333333	CCCCCC	-,-,-,-,-,-	1.521591	1.521233	1.552459	1.586761	1.569806	1.554915	113.922304	110.169274	112.930551	108.960485	115.700445	108.617643	-59.242431	53.592045	-49.494939	0.557699	5.7843	CC(=C)C1=CC2=C(C=C1)[C]3(C)CCC[C](C)(COC(=O)C4=CC=CC=C4)[CH]3C[CH]2OC(=O)C5=CC=CC=C5
333333f1	333333	CCCCCC	-,-,-,-,-,-	1.521683	1.522980	1.547565	1.578966	1.569035	1.554108	113.631796	110.420895	113.157542	110.332153	115.418138	108.517610	57.334090	-51.285833	48.244655	0.550548	6.0854	COC1=CC2=C(C=C1)[C]3(C)CCC[C](C)(C#N)[CH]3CC2=O
333333f1	333333	CCCCCC	-,-,-,-,-,-	1.521757	1.521978	1.544025	1.578819	1.587108	1.552299	114.177251	111.742999	113.492521	111.024009	114.652509	110.344613	56.054577	-51.605904	47.473215	0.527238	4.9348	CC(C)C1=CC2=C(C=C1)[C]3(C)CCC[C](C)([CH]3CC2)C(O)=O
333333f1	333333	CCCCCC	-,-,-,-,-,-	1.522085	1.523730	1.547813	1.580444	1.569742	1.554452	113.826988	110.636112	113.136668	109.998544	115.015174	108.415089	-56.928235	52.063181	-49.771894	0.553209	4.3472	CC(=O)C1=CC2=C(C=C1C(C)=O)[C]3(C)CCC[C](C)(C#N)[CH]3CC2=O
333333f1	333333	CCCCCC	-,-,-,-,-,-	1.522650	1.523958	1.552089	1.570703	1.577442	1.550164	113.595342	111.568103	114.061075	109.425226	116.113586	108.950200	55.788278	-50.510777	48.478768	0.537262	4.2456	C[C]1(CC[CH]2C(=C1)CC[CH]3[C]2(C)CCC[C]3(C)C(O)=O)C=C
333333f1	333333	CCCCCC	-,-,-,-,-,-	1.522675	1.523987	1.552111	1.570637	1.577333	1.550169	113.592849	111.570863	114.058918	109.413208	116.111058	108.944370	-55.782816	50.526243	-48.517829	0.537392	4.2110	CC[C]1(C)CC[CH]2C(=C1)CC[CH]3[C]2(C)CCC[C]3(C)C(O)=O
333333f1	333333	CCCCCC	-,-,-,-,-,-	1.522727	1.524051	1.552153	1.570653	1.577067	1.550137	113.572220	111.565325	114.049681	109.395240	116.106020	108.963972	55.823104	-50.564424	48.539627	0.537620	4.2089	CC(C)=C1CC[CH]2C(=C1)CC[CH]3[C]2(C)CCC[C]3(C)C(O)=O
333333f1	333333	CCCCCC	-,-,-,-,-,-	1.523568	1.527423	1.554528	1.593989	1.589359	1.549440	115.008615	112.213464	112.679003	110.234554	115.482993	111.918477	58.099587	-53.583135	46.368515	0.517721	9.6735	CC(=C)[CH]1CC[C]2(C)CC[C]3(C)[CH](CC[CH]4[C]5(C)CC[CH](OC(=O)C6=CC=CC=C6)C(C)(C)[CH]5CC[C]34C)[CH]12
333333f1	333333	CCCCCC	-,-,-,-,-,-	1.524194	1.523150	1.554269	1.575466	1.573932	1.552953	114.065574	111.592470	113.242391	108.965994	117.208542	107.621185	-56.667112	50.908298	-49.297189	0.543392	4.5611	C[CH](CCC(Br)=C(C)C)[CH]1CC[C]2(C)C3=C(CC[C]12C)[C]4(C)CC[CH](O)C(C)(C)[CH]4CC3
333333f1	333333	CCCCCC	-,-,-,-,-,-	1.524228	1.520066	1.523037	1.543791	1.561115	1.550497	114.265835	110.960547	111.403153	112.685131	112.826516	111.001503	-56.626615	55.808286	-51.288654	0.537311	5.4886	C[C]12CCCC[CH]1C3=C(CCCC3)CC2
333333f1	333333	CCCCCC	-,-,-,-,-,-	1.524278	1.523618	1.551846	1.569632	1.583571	1.553326	113.949127	112.070707	114.090183	108.931181	115.638196	108.112347	-54.593586	51.326363	-51.255976	0.543534	1.3706	CC(C)C1=CC[CH]2C(=C1)CC[CH]3[C]2(C)CCC[C]3(C)C(O)=O
333333f1	333333	CCCCCC	-,-,-,-,-,-	1.524402	1.531694	1.532236	1.530744	1.528588	1.525875	111.497708	111.759350	110.619658	111.533339	111.193838	111.713612	55.305713	-55.475281	55.266015	0.562546	1.0384	C1CC[C@@H]2[C@@H](C1)OC(=O)CS2
333333f1	333333	CCCCCC	-,-,-,-,-,-	1.524413	1.524704	1.552950	1.570119	1.570062	1.555328	114.014230	111.922601	114.167136	108.871401	115.647924	108.645304	54.429537	-51.483679	51.291430	0.540253	0.9440	CC(C)C1=C[C]23CC[CH]4[C](C)(CCC[C]4(C)C(O)=O)[CH]2C[CH]1[CH]5[CH]3C(=O)C=CC5=O
333333f1	333333	CCCCCC	-,-,-,-,-,-	1.524446	1.520106	1.553706	1.577312	1.575079	1.555508	114.484537	112.170809	112.746209	108.824138	117.935537	106.974337	-56.743243	51.002572	-49.736602	0.540595	4.3773	CC(C)CCC[CH](C)[CH]1CC[C]2(C)C3=C(C(=O)C[C]12C)[C]4(C)CC[CH](O)C(C)(C)[CH]4CC3=O
333333f1	333333	CCCCCC	-,-,-,-,-,-	1.524446	1.523323	1.528779	1.557864	1.581503	1.548866	113.050683	111.416276	112.145262	113.730305	109.614844	110.838987	-53.679176	53.960502	-52.675622	0.553718	1.4999	CC(C)CCCC(C)C1CCC2C3CC(SC(N)=N)C4(O)CC(O)CCC4(C)C3CCC12C.CC5=CC=C(C=C5)S(O)(=O)=O
333333f1	333333	CCCCCC	-,-,-,-,-,-	1.524600	1.525429	1.547874	1.576412	1.592265	1.549154	115.773684	114.953866	113.772477	109.110973	116.111603	111.096347	27.399528	-59.789842	36.388797	0.680317	85.8189	C[CH](CCC(O)=O)[CH]1CC[C]2(C)[CH]3[CH](C(=O)C[C]12C)[C]4(C)CC[CH](O)C(C)(C)[CH]4CC3=O
333333f1	333333	CCCCCC	-,-,-,-,-,-	1.524840	1.523512	1.550967	1.571717	1.576421	1.553038	113.937948	111.815296	113.710130	108.366560	115.435887	108.556993	55.863380	-53.155323	52.323451	0.548918	1.2243	CC(C)[CH]1CC[CH]2[CH](CC[CH]3[C]2(C)CCC[C]3(C)C(O)=O)C1
333333f1	333333	CCCCCC	-,-,-,-,-,-	1.525067	1.521955	1.545042	1.567762	1.571532	1.554954	113.985948	111.546019	113.440936	109.967923	116.024485	108.354067	-55.627906	51.119819	-49.547026	0.539126	3.7426	CC(=O)OC(C)(C)C1=CC2=C(C=C1)[C]3(C)CCC[C](C)(C#N)[CH]3CC2=O
333333f1	333333	CCCCCC	-,-,-,-,-,-	1.525087	1.522751	1.545235	1.585552	1.585249	1.548992	114.145960	111.580121	113.763323	110.962730	114.600414	110.589259	55.928815	-51.199632	46.929319	0.526366	5.1411	CC(C)[C]1(Cl)CC[CH]2[C]3(C)CCC[C](C)([CH]3C[CH](Cl)[C]2(Cl)[CH]1Cl)C(O)=O
333333f1	333333	CCCCCC	-,-,-,-,-,-	1.525101	1.521994	1.545098	1.567874	1.571342	1.554987	113.979002	111.553028	113.443866	109.949386	116.028411	108.342226	-55.615645	51.115914	-49.581584	0.539272	3.7099	CC(=C)C1=CC2=C(C=C1)[C]3(C)CCC[C](C)(C#N)[CH]3CC2=O
333333f1	333333	CCCCCC	-,-,-,-,-,-	1.525128	1.524691	1.521432	1.529923	1.526801	1.531399	114.126892	111.218772	110.909954	112.041386	114.934524	113.453211	-57.843264	55.868075	-48.559347	0.516922	11.5168	C1(C(C2(O)CCCCC(O1)2)C)=O
333333f1	333333	CCCCCC	-,-,-,-,-,-	1.525266	1.538694	1.553651	1.527300	1.526821	1.524727	111.421818	111.795951	113.263874	113.248971	113.718967	111.448099	50.201109	-45.371940	46.703650	0.527208	8.3325	C1CC[C@H]2[C@@H](C1)N[P@@](=O)(S2)C3CCC(CC3)[N+](=O)[O-]
333333f1	333333	CCCCCC	-,-,-,-,-,-	1.525273	1.526255	1.522170	1.519511	1.569088	1.540060	111.692450	110.744159	110.701860	112.188095	118.867701	117.117112	67.323457	-53.302244	31.120105	0.516787	32.7397	N1(C2(OCC)CCCCC(C1=O)2)C3=CC=CC=C3
333333f1	333333	CCCCCC	-,-,-,-,-,-	1.525598	1.525059	1.556459	1.573764	1.572433	1.552653	113.636468	111.758860	113.746445	108.570315	117.170288	107.527003	55.833826	-50.260743	49.801891	0.545360	3.8774	CC(C)CCCC(C)C1CCC2(C)C3=CCC4C(C)(C)C(O)CCC4(C)C3=CCC12C.CC(CCC=C(C)C)C5CCC6(C)C7=C(CCC56C)C8(C)CCC(O)C(C)(C)C8CC7
333333f1	333333	CCCCCC	-,-,-,-,-,-	1.525713	1.523806	1.546896	1.580913	1.594515	1.550947	113.777761	112.429046	114.059337	110.710999	113.981907	109.345605	-53.596086	50.371128	-49.536431	0.535717	2.3091	CC(C)C1=CCC2C(=C1)CCC3C2(C)CCCC3(C)C(O)=O.CC(C)(N)CO
333333f1	333333	CCCCCC	-,-,-,-,-,-	1.525990	1.526343	1.531752	1.533401	1.522904	1.528657	110.569801	111.710333	112.135182	113.372659	110.639649	114.428430	54.099762	-52.191992	49.916113	0.536267	3.0627	c1cc(oc1)C2=[N+]([C@@H]3CCCC[C@@H]3[N+](=C2)[O-])[O-]
333333f1	333333	CCCCCC	-,-,-,-,-,-	1.526555	1.523614	1.533341	1.548554	1.535348	1.529352	113.318766	110.881857	111.804982	111.866751	113.025572	114.152784	-57.435525	55.390430	-48.755474	0.526725	8.4504	C12(C(COC1=O)C(Cl)CCC2OC(=O)C)C
333333f1	333333	CCCCCC	-,-,-,-,-,-	1.526656	1.522454	1.546414	1.564490	1.575976	1.554433	113.603920	111.874099	113.890591	109.802498	115.958403	107.725733	54.330321	-49.991671	50.144406	0.542541	3.6152	CC(C)C1=CC2=C(C=C1)[C]3(C)CCC[C](C)(C#N)[CH]3CC2
333333f1	333333	CCCCCC	-,-,-,-,-,-	1.526758	1.524248	1.528966	1.554455	1.564921	1.541284	113.197258	111.833596	112.348144	113.728197	109.764290	112.782135	-52.948149	54.007082	-51.889303	0.535318	0.7401	C[CH](O)[CH]1CC[CH]2[CH]3CC[CH]4C[CH](O)CC[C]4(C)[CH]3CC[C]12C
333333f1	333333	CCCCCC	-,-,-,-,-,-	1.526795	1.522451	1.546299	1.564820	1.576245	1.554551	113.629479	111.922127	113.892967	109.764349	115.971000	107.681898	54.271378	-50.007538	50.255774	0.542540	3.5069	CC(C)C1=CC2=C(C=C1C(C)=O)[C]3(C)CCC[C](C)(C#N)[CH]3CC2
333333f1	333333	CCCCCC	-,-,-,-,-,-	1.526873	1.520631	1.550973	1.578049	1.577130	1.553015	113.599401	111.515342	113.828390	108.547297	117.495013	108.050503	-57.367610	50.833299	-48.334903	0.541498	5.3946	CC(C)C1=CC2=C(C=C1)[C]3(C)CCC[C](C)(CN)[CH]3CC2
333333f1	333333	CCCCCC	-,-,-,-,-,-	1.527010	1.521069	1.550106	1.572825	1.575981	1.553276	113.631393	111.630375	113.743706	109.043037	117.228237	107.982226	56.551317	-50.429923	48.518768	0.540028	5.0331	CC(C)C1=CC2=C(C=C1)[C]3(C)CCC[C](C)(CO)[CH]3CC2
333333f1	333333	CCCCCC	-,-,-,-,-,-	1.527340	1.525866	1.527310	1.534383	1.541610	1.534167	111.381122	111.825539	111.820635	111.377365	110.692316	110.717916	53.926614	-54.627772	55.827334	0.566692	2.1932	OC1=C(CCC[CH]2CC[CH]3CCCC[CH]3C2)C(=O)C4=C(C=CC=C4)C1=O
333333f1	333333	CCCCCC	-,-,-,-,-,-	1.527343	1.525884	1.527327	1.534078	1.542215	1.534174	111.386290	111.826966	111.822830	111.380224	110.724027	110.715928	-53.954444	54.624812	-55.782625	0.566471	2.1407	O[CH]1CC[CH]2CCCC[CH]2C1
333333f1	333333	CCCCCC	-,-,-,-,-,-	1.527565	1.525399	1.557072	1.572689	1.572809	1.560035	114.327776	112.448968	113.929706	108.461229	116.317660	107.892854	-54.082062	51.425091	-52.179631	0.540605	0.0937	C[CH]1CC[C]2(CC[C]3(C)C(=CC[CH]4[C]5(C)CC[CH](O)C(C)(C)[CH]5CC[C]34C)[CH]2[CH]1C)C(O)=O
333333f1	333333	CCCCCC	-,-,-,-,-,-	1.527628	1.533606	1.541465	1.534425	1.528399	1.526358	111.878627	111.264941	110.696840	110.469453	111.178679	111.880536	-56.087274	57.043467	-56.316586	0.569398	2.7460	C1CC[CH]2NCCC[CH]2C1
333333f1	333333	CCCCCC	-,-,-,-,-,-	1.527706	1.527706	1.539266	1.524653	1.524653	1.539266	114.313085	114.154773	114.313123	109.822065	108.815948	109.822123	41.099944	-52.208748	63.054082	0.556923	17.3761	C1(C(C)(C)C)CC2CC(CC(C1)C2)Br
333333f1	333333	CCCCCC	-,-,-,-,-,-	1.527716	1.559325	1.565769	1.544899	1.526973	1.524998	111.962609	114.738880	111.561947	113.310118	115.068825	109.087128	-46.094126	42.049784	-48.969011	0.524734	9.9400	CO[CH]1C[CH](O[CH](C)[CH]1O[CH]2O[CH](CO)[CH](O)[CH](O)[CH]2O)O[CH]3CC[C]4(C=O)[CH]5CC[C]6(C)[CH](CC[C]6(O)[CH]5CC[C]4(O)C3)C7=CC(=O)OC7
333333f1	333333	CCCCCC	-,-,-,-,-,-	1.527789	1.523866	1.550668	1.569531	1.572884	1.553528	113.635365	112.072364	113.977855	108.443730	117.646950	107.575727	55.594820	-50.144811	49.718885	0.539327	3.6293	CC(C)(O)C1=CC2=C(C=C1)[C]3(C)CCC[C](C)(CO)[CH]3C[CH]2O
333333f1	333333	CCCCCC	-,-,-,-,-,-	1.527866	1.522959	1.546170	1.579620	1.589070	1.553437	113.950250	112.985242	113.972158	110.544806	114.239348	108.751099	-52.413161	50.026512	-50.760599	0.535250	2.3361	CC(C)=C1CCC2C(=C1)CCC3C2(C)CCCC3(C)C(O)=O.CC(N)(CO)CO
333333f1	333333	CCCCCC	-,-,-,-,-,-	1.528675	1.526406	1.558644	1.580412	1.571760	1.562945	114.363061	111.444430	114.033571	108.690336	115.862493	107.597847	-54.792476	51.561057	-51.774641	0.549468	1.4495	CC(=C)[CH]1CC[C]2(CO)CC[C]3(C)[CH](CC[CH]4[C]5(C)CC[CH](O)C(C)(C)[CH]5CC[C]34C)[CH]12
333333f1	333333	CCCCCC	-,-,-,-,-,-	1.529127	1.532909	1.542215	1.534518	1.526062	1.526810	111.603169	111.401382	110.694763	110.794510	111.308295	111.858962	55.838441	-56.228583	55.727256	0.567534	1.8719	O[CH]1CC[CH]2CCCC[CH]2C1
333333f1	333333	CCCCCC	-,-,-,-,-,-	1.529340	1.533898	1.541610	1.536203	1.537610	1.535921	111.511836	111.367837	110.785489	110.716742	111.131010	110.727671	-55.791108	56.222299	-56.585168	0.576698	0.9828	OC1=C(CCC[CH]2CC[CH]3CCCC[CH]3C2)C(=O)C4=C(C=CC=C4)C1=O
333333f1	333333	CCCCCC	-,-,-,-,-,-	1.530593	1.524419	1.532715	1.553051	1.565563	1.546795	114.665010	112.699036	113.047686	113.704779	109.327016	112.899834	49.108226	-53.958003	53.905819	0.521407	5.3893	CC(C)CCC[CH](C)[CH]1CC[CH]2[CH]3CC[CH]4C[CH](O)CC[C]4(C)[CH]3CC[C]12C
333333f1	333333	CCCCCC	-,-,-,-,-,-	1.530743	1.527620	1.534677	1.545690	1.549843	1.539914	110.634604	113.045790	112.685613	113.259842	108.004049	111.917203	49.406395	-51.677411	55.229236	0.561207	7.0985	COc1ccc2c(c1)[C@@H]3CCCC[C@@H]3SCC2=O
333333f1	333333	CCCCCC	-,-,-,-,-,-	1.532484	1.526165	1.533212	1.559894	1.557656	1.546762	114.729435	113.183533	113.211515	114.112240	108.906299	112.220038	-46.531190	52.030469	-54.630412	0.522846	7.2749	C[CH]1CC[C]2(OC1)O[CH]3C[CH]4[CH]5CC[CH]6C[CH](O)CC[C]6(C)[CH]5CC[C]4(C)[CH]3[CH]2C
333333f1	333333	CCCCCC	-,-,-,-,-,-	1.536074	1.526522	1.534773	1.562375	1.575650	1.549218	113.280411	113.615990	113.195519	113.271136	109.106628	112.822976	-49.016624	53.035961	-54.105522	0.530225	5.6872	CC(C)CCC[CH](C)[CH]1CC[CH]2[CH]3C[CH](Br)[C]4(Br)C[CH](Cl)CC[C]4(C)[CH]3CC[C]12C
333333f1	333333	CCCCCC	-,-,-,-,-,-	1.540068	1.538310	1.559768	1.555918	1.533591	1.536284	110.730760	111.468102	113.453269	107.207720	113.702990	112.078215	56.666519	-54.969965	54.388506	0.566006	1.7069	CC(C)C1CCC2(C)C(CCC3C4(C)CCCC23OC4=O)C1
333333f1	333333	CCCCCC	-,-,-,-,-,-	1.541067	1.539629	1.527732	1.550777	1.551719	1.547293	113.750787	108.733798	112.565505	114.809482	111.093349	113.410677	55.768528	-53.873088	47.419506	0.533484	7.2124	CC1(C)[CH](CC[C]2(C)[CH]1CC[C]3(C)[CH]2C(=O)C=C4[CH]5C[C](C)(CC[C]5(C)CC[C]34C)C(O)=O)O[CH]6O[CH]([CH](O)[CH](O)[CH]6O[CH]7O[CH]([CH](O)[CH](O)[CH]7O)C(O)=O)C(O)=O
333333f1	333333	CCCCCC	-,-,-,-,-,-	1.541095	1.539339	1.549966	1.544712	1.529974	1.539415	107.655092	112.854137	111.211833	110.477898	111.898368	112.701130	56.755094	-52.733163	53.044225	0.575319	3.0913	CC(C)[CH]1CC[CH]2[CH](CC[CH]3[C]2(C)CCC[C]3(C)C(O)=O)C1
333333f1	333333	CCCCCC	-,-,-,-,-,-	1.543260	1.543923	1.555482	1.558508	1.532028	1.539515	110.624510	114.342681	112.668190	108.724860	114.606878	113.911320	-54.269430	52.707593	-52.392688	0.530511	3.7026	CC(C)[CH]1CC[C]2(C)[CH](CC[CH]3[C](C)(CO)CCC[C]23O)C1
333333f1	333333	CCCCCC	-,-,-,-,-,-	1.545492	1.525986	1.529735	1.554174	1.564236	1.583695	109.831854	112.998055	113.229804	114.298751	109.231883	112.752921	-51.893872	51.477857	-51.792395	0.548510	4.4931	CC(C)[CH]1CC[C]2(C)[CH](CC[CH]3[C](C)(CO)CCC[C]23O)C1
333333f1	333333	CCCCCC	-,-,-,-,-,-	1.547905	1.539701	1.524653	1.524653	1.539700	1.547904	111.845166	115.762913	109.705517	108.815948	109.705492	115.762931	52.366887	-63.236840	63.236854	0.556305	18.1222	C1(C(C)(C)C)CC2CC(CC(C1)C2)Br
333333f1	333333	CCCCCC	-,-,-,-,-,-	1.548227	1.540163	1.558570	1.554789	1.533173	1.549267	109.964201	113.600258	113.631923	107.303279	113.600325	114.404001	-55.121235	55.089856	-54.470043	0.545545	5.0139	CCC1(C)CCC2(C)C(CCC3C4(C)CCCC23OC4=O)C1
333333f1	333333	CCCCCC	-,-,-,-,-,-	1.553303	1.527526	1.528199	1.559553	1.573809	1.588673	110.168289	113.640368	112.735710	114.294837	108.857004	114.558032	52.876577	-54.169691	52.310224	0.536738	1.1691	C[CH](CCC(O)=O)[CH]1CC[C]2(C)[CH]3CC[CH]4C(C)(C)[CH](O)CC[C]4(C)[CH]3C(=O)C[C]12C
333333f1	333333	CCCCCC	-,-,-,-,-,-	1.555409	1.526046	1.528542	1.555390	1.573966	1.575956	110.132875	113.235667	112.426917	114.353262	108.897809	117.028764	55.124571	-55.955265	50.213310	0.524001	4.7691	CC(C)CCCC(C)C1CCC2(C)C3=CCC4C(C)(C)C(O)CCC4(C)C3=CCC12C.CC(CCC=C(C)C)C5CCC6(C)C7=C(CCC56C)C8(C)CCC(O)C(C)(C)C8CC7
333333f1	333333	CCCCCC	-,-,-,-,-,-	1.555767	1.579883	1.557003	1.558985	1.528502	1.523505	110.750654	113.023309	112.962298	110.579491	115.316622	111.956744	-22.181089	55.841181	-29.914411	0.728603	88.1530	C[CH]1CC[C]2(CC[C]3(C)C(=CC[CH]4[C]5(C)CC[CH](O)C(C)(C)[CH]5CC[C]34C)[CH]2[CH]1C)C(O)=O
333333f1	333333	CCCCCC	-,-,-,-,-,-	1.563091	1.571338	1.556253	1.522134	1.519529	1.533735	111.498446	112.855498	108.340918	113.585734	110.454020	111.465728	51.178626	-54.737881	58.770169	0.567883	2.9404	C[CH]1CCC[C]2(C)[CH]1CCC3=C2C=CC(=C3)C(C)C
333333f1	333333	CCCCCC	-,-,-,-,-,-	1.570297	1.572539	1.550621	1.521762	1.524150	1.552644	109.711683	116.549993	109.419927	113.703168	111.506623	114.180478	-47.948328	51.735190	-56.784806	0.528940	5.5303	COC(=O)[C]1(C)CCC[C]2(C)[CH]3CCC(=CC3=CC[CH]12)C(C)C
333333f1	333333	CCCCCC	-,-,-,-,-,-	1.573874	1.571588	1.556350	1.524836	1.521497	1.549296	107.930960	115.658072	108.128779	114.137669	111.586105	112.910463	51.461043	-51.193084	55.677867	0.557314	2.7676	COC(=O)[C]1(C)CCC[C]2(C)[CH]1CC(=O)C3=C2C=CC(=C3)C(C)=O
333333f1	333333	CCCCCC	-,-,-,-,-,-	1.578974	1.587336	1.552298	1.521730	1.521956	1.544001	111.025498	114.660758	110.332955	114.186052	111.747374	113.497827	46.561368	-50.425096	55.790618	0.527145	4.9395	C[C]1(CCC[C]2(C)[CH]1CCC3=C2C=C(O)C=C3)C(O)=O
333333f1	333333	CCCCCC	-,-,-,-,-,-	1.579581	1.586831	1.552145	1.521805	1.522225	1.545019	110.792715	114.635071	110.337340	114.171778	111.799038	113.528306	-46.906596	50.391053	-55.567160	0.528360	4.5593	COC(=O)[C]1(C)CCC[C]2(C)[CH]1CCC3=C2C=C(Br)C(=C3)C(C)C
333333f1	333333	CCCCCC	-,-,-,-,-,-	1.579836	1.587017	1.552054	1.521610	1.522230	1.545047	110.808910	114.662809	110.370726	114.176666	111.765441	113.534509	46.745399	-50.353329	55.638156	0.528025	4.7479	COC(=O)[C]1(C)CCC[C]2(C)[CH]1CCC3=C2C=C(C(C)=O)C(=C3)C(C)C
333333f1	333333	CCCCCC	-,-,-,-,-,-	1.580358	1.584757	1.552102	1.521940	1.522244	1.545073	110.789303	114.649031	110.352936	114.153205	111.812132	113.539130	-46.979697	50.462822	-55.546677	0.528133	4.5023	COC(=O)[C]1(C)CCC[C]2(C)[CH]1C[CH](OO)C3=CC=CC=C23
333333f1	333333	CCCCCC	-,-,-,-,-,-	1.583221	1.569494	1.570221	1.528855	1.527774	1.566863	111.090258	115.696868	108.096901	115.545881	112.729329	110.665186	57.012073	-23.497023	-34.654833	0.733416	88.3595	CC1(C)[CH](CC[C]2(C)[CH]1CC[C]3(C)[CH]2C(=O)C=C4[CH]5C[C](C)(CC[C]5(C)CC[C]34C)C(O)=O)O[CH]6O[CH]([CH](O)[CH](O)[CH]6O[CH]7O[CH]([CH](O)[CH](O)[CH]7O)C(O)=O)C(O)=O
333333f1	333333	CCCCCC	-,-,-,-,-,-	1.584850	1.587300	1.567809	1.545689	1.532716	1.546631	109.318036	116.469728	109.756736	109.898117	112.103284	114.948411	-50.461702	54.949881	-59.415221	0.550785	8.7320	CC(C)[C]1(Cl)CC[CH]2[C]3(C)CCC[C](C)([CH]3C[CH](Cl)[C]2(Cl)[CH]1Cl)C(O)=O
333333f1	333333	CCCCCC	-,-,-,-,-,-	1.586357	1.567111	1.553259	1.521319	1.520579	1.546660	110.275428	116.229702	108.441259	113.453797	110.324429	113.394540	-47.689141	54.348798	-60.575494	0.547037	8.1523	COC(=O)[C]1(C)CCC[C]2(C)[CH]1CC(=O)C3=C2C=CC(=C3)C(C)C
333333f1	333333	CCCCCC	-,-,-,-,-,-	1.589390	1.573319	1.554799	1.518165	1.520687	1.550238	110.215078	113.786299	108.928904	114.468248	110.999261	114.160484	-50.878867	54.194511	-56.325677	0.544853	2.2758	COC(=O)[C]1(C)CCC[C]2(C)[CH]1[CH](Br)C(=O)C3=C2C=CC(=C3)C(C)C
333333f1	333333	CCCCCO	-,-,-,-,-,-	1.546712	1.532625	1.527840	1.527287	1.429733	1.439744	110.274155	110.085585	108.913600	109.168289	111.220108	111.519784	54.934541	-55.628261	59.370907	0.588829	1.0090	CO[CH]1O[CH]2CO[CH](O[CH]2[CH](O)[CH]1O)C3=CC=CC=C3
333333f1	333333	CCCCNC	-,-,-,-,-,-	1.526448	1.521941	1.519134	1.507809	1.548770	1.543867	113.877119	111.532868	111.881514	111.175905	114.778890	108.909968	54.506252	-54.540551	54.204088	0.539640	2.0410	C[C@@]12CCCC[NH+]1CCC3=C2CCC3
333333f1	333333	CCCCOC	-,-,-,-,-,-	1.538805	1.538967	1.540124	1.436157	1.432969	1.544479	108.907654	111.320119	111.305924	107.843007	101.526625	108.392794	42.660256	-59.361718	75.376098	0.650662	19.6401	C1(C2OC(C(C1O)O)CO2)O
333333f1	333333	CCCCOC	-,-,-,-,-,-	1.540365	1.537594	1.557734	1.446902	1.435482	1.537996	111.468879	111.443995	108.920963	108.000687	101.295818	108.075763	43.291521	-62.456853	77.921787	0.654369	19.9349	OC[C]12OC[CH](O1)[CH](O)[CH](O)[CH]2O
333333f1	333333	CCCNCC	-,-,-,-,-,-	1.525639	1.535833	1.511619	1.511230	1.521433	1.522606	111.233189	111.692223	108.122763	112.376695	109.472312	111.801382	56.674125	-59.766437	59.472662	0.579734	3.7859	C1CC[NH+]2CSCCC[C@@H]2C1
333333f1	333333	CCCNCC	-,-,-,-,-,-	1.539104	1.551215	1.475105	1.482039	1.551312	1.541572	107.084358	108.874774	113.604192	113.616657	111.950240	108.810564	55.193507	-49.654382	50.736344	0.593648	11.7742	C12([N+]([O-])=O)CC([N+]([O-])=O)(CC=C1)CN(C2)CC(=O)O
333333f1	333333	CCCOCC	-,-,-,-,-,-	1.523017	1.520549	1.426804	1.424408	1.524509	1.537224	110.245023	110.312212	111.352929	114.306628	113.000970	111.228731	56.843748	-57.676521	54.574076	0.537363	4.4944	c1ccc(cc1)[C@H]2[C@@H]3CCCO[C@@H]3NC(=O)N2
333333f1	333333	CCCOCC	-,-,-,-,-,-	1.538801	1.544477	1.432969	1.436151	1.540123	1.538969	111.319722	108.907770	108.393028	101.526754	107.843038	111.305921	-62.641350	78.157835	-75.375836	0.650660	19.6395	O[CH]1[CH](O)[CH]2CO[CH](O2)[CH]1O
333333f1	333333	CCCOCO	-,-,-,-,-,-	1.529631	1.528051	1.423294	1.426097	1.425727	1.441838	109.407088	107.323624	110.187370	109.920107	112.093917	111.203686	-57.596747	60.020882	-60.912644	0.580189	1.9082	OC[CH]1OCO[CH]2COCO[CH]12
333333f1	333333	CCCOCO	-,-,-,-,-,-	1.530264	1.525441	1.420646	1.434009	1.431451	1.431686	109.136741	107.219475	110.297657	110.166603	110.850931	111.910311	-57.642365	60.372890	-60.655517	0.582661	1.5495	C[CH]1O[CH](O[CH]2CO[CH](O[CH]12)C3=CC=CC=C3)C4=CC=CC=C4
333333f1	333333	CCCOCO	-,-,-,-,-,-	1.530624	1.529397	1.425971	1.426050	1.425839	1.441646	109.452414	107.355347	109.342744	109.888117	111.849498	111.187999	58.262375	-61.128432	61.840360	0.585986	2.6655	OC[CH]1OCO[CH]2[CH](CO)OCO[CH]12
333333f1	333333	CCCOCO	-,-,-,-,-,-	1.530881	1.528923	1.423485	1.424603	1.424008	1.440174	109.600963	107.731134	111.000353	110.576119	111.874211	111.037597	55.019516	-57.946056	60.490958	0.570450	0.5760	OC[CH]1OCO[CH]2[CH]1OCO[CH]2C(O)=O
333333f1	333333	CCCOCO	-,-,-,-,-,-	1.533199	1.528399	1.422332	1.423404	1.423169	1.431332	109.516473	109.048067	110.405965	110.895259	112.270321	113.359810	-55.062706	58.339070	-59.344334	0.551290	2.4992	COC(=O)[CH]1OCO[CH]2[CH]1OCO[CH]2C(=O)OC
333333f1	333333	CCCOCO	-,-,-,-,-,-	1.534437	1.526635	1.430888	1.424211	1.423788	1.435972	111.148240	108.544517	110.769127	111.685213	112.063930	111.306152	52.430510	-56.937589	60.210927	0.550835	1.3384	OC[CH]1O[CH](O[CH]2CO[CH](O[CH]12)C3=CC=CC=C3)C4=CC=CC=C4
333333f1	333333	CCCOCO	-,-,-,-,-,-	1.537107	1.534363	1.433475	1.419235	1.417695	1.436421	110.839105	109.140424	110.671597	111.523955	112.150296	111.361098	-51.128656	56.306473	-61.197701	0.549035	2.6937	CC(=O)OC[CH]1OCO[CH]2[CH](COC(C)=O)OCO[CH]12
333333f1	333333	CCOCCC	-,-,-,-,-,-	1.522928	1.424524	1.443674	1.550910	1.528901	1.528435	111.546100	109.135926	115.233554	116.155863	115.435204	113.165167	60.646668	-44.610125	28.766281	0.494302	25.6716	C1C[C@@H]2[C@@H](C(=O)C2(Cl)Cl)OC1
333333f1	333333	CCOCCC	-,-,-,-,-,-	1.570197	1.444878	1.429335	1.545739	1.582372	1.562666	109.058285	113.974747	117.402467	108.872809	97.197122	114.684672	43.457866	-66.327110	70.921176	0.626572	26.0093	CC1([C@@]2(NC(=O)[C@]1(C([C@@H](O2)c3ccccc3)(C#N)C#N)C#N)C)C
333333f1	333333	CCOCOC	-,-,-,-,-,-	1.538078	1.442751	1.432478	1.432424	1.427355	1.535732	108.802798	106.273648	102.461162	109.208727	114.449736	113.505543	74.824293	-74.425140	57.810234	0.623651	22.8794	CC(=O)OC1COC2OC1C(OC(C)=O)C2OC(C)=O
333333f1	333333	CCSCCC	-,-,-,-,-,-	1.532811	1.805877	1.805846	1.532428	1.538352	1.539346	114.311750	107.982991	90.243671	107.886520	114.411954	113.416243	-71.438782	71.407610	-65.164681	0.774845	26.0295	c1cc(oc1)C(=O)OC2C[C@@H]3CC[C@H](C2)S3
333333f1	333333	CNCNCC	-,-,-,-,-,-	1.470275	1.451442	1.449044	1.447056	1.555546	1.535564	109.719909	111.341685	109.362803	109.946308	111.826403	107.022363	-63.326558	62.300828	-59.605192	0.591541	2.6153	N1C2C(NCC1C3=CC=C(C=C3)F)CNCN2
333333f1	333333	COCCOC	-,-,-,-,-,-	1.433994	1.434660	1.566945	1.439609	1.428151	1.529383	113.859855	112.486174	111.209636	112.788533	110.804098	109.706970	57.300845	-30.063206	-30.670645	0.711259	87.2303	C1CO[C@@H]2C=C(C=C[C@@H]2O1)[C@@H](C[NH3+])O
333333f1	333333	COCOCC	-,-,-,-,-,-	1.422874	1.419698	1.420794	1.442639	1.539354	1.531071	111.215011	110.385552	111.439398	111.405090	108.770555	108.219010	61.488067	-62.808419	58.491757	0.571605	1.6941	CO[CH]1[CH](C)OCO[CH]2COCO[CH]12
333333f1	333333	COCOCC	-,-,-,-,-,-	1.425343	1.426476	1.428252	1.431472	1.526635	1.523589	112.146093	113.668136	112.603694	113.628180	110.722947	109.009678	-53.603371	55.179109	-55.082876	0.518462	2.6673	OC[CH]1O[CH](O[CH]2CO[CH](O[CH]12)C3=CC=CC=C3)C4=CC=CC=C4
333333f1	333333	COCOCC	-,-,-,-,-,-	1.426778	1.429650	1.432171	1.427584	1.527287	1.524547	110.059826	111.655715	112.020246	110.108307	110.630095	107.280375	59.336116	-59.473595	58.987976	0.571739	1.8853	CO[CH]1O[CH]2CO[CH](O[CH]2[CH](O)[CH]1O)C3=CC=CC=C3
333333f1	333333	COCOCC	-,-,-,-,-,-	1.426967	1.431797	1.434298	1.422293	1.525441	1.522115	109.790817	111.641598	110.824677	110.278569	109.863289	107.318690	-60.029840	60.937998	-60.501568	0.581334	1.8180	C[CH]1O[CH](O[CH]2CO[CH](O[CH]12)C3=CC=CC=C3)C4=CC=CC=C4
333333f1	333333	COCOCC	-,-,-,-,-,-	1.427467	1.430882	1.431954	1.421370	1.527650	1.524424	110.046451	111.452956	111.087936	110.248933	108.747567	107.419877	-59.325185	62.007627	-61.835292	0.585445	3.3364	C1O[CH](O[CH]1[CH]2O[CH](O[CH]3CO[CH](O[CH]23)C4=CC=CC=C4)C5=CC=CC=C5)C6=CC=CC=C6
333333f1	333333	COCOCC	-,-,-,-,-,-	1.428302	1.424593	1.427884	1.423936	1.528051	1.523506	109.821723	111.400236	112.244960	110.086647	110.062485	107.590766	-59.620577	60.255404	-59.256892	0.573727	1.9889	OC[CH]1OCO[CH]2COCO[CH]12
333333f1	333333	COCOCC	-,-,-,-,-,-	1.436421	1.417695	1.419235	1.433476	1.534363	1.537107	110.839106	111.361094	112.150295	111.523952	110.671595	109.140418	60.885415	-61.197711	56.306482	0.549035	2.6937	CC(=O)OC[CH]1OCO[CH]2[CH](COC(C)=O)OCO[CH]12
333333f1	333333	COCOCC	-,-,-,-,-,-	1.440045	1.424018	1.425291	1.423175	1.529397	1.532524	109.475134	111.487927	112.007352	110.082006	110.211639	107.774162	60.292903	-61.189425	59.699532	0.575005	1.5424	OC[CH]1OCO[CH]2[CH](CO)OCO[CH]12
333333f1	333333	CSCCCC	-,-,-,-,-,-	1.843688	1.816185	1.540005	1.565885	1.586994	1.567744	111.440006	98.622865	110.963890	113.186918	114.651273	113.988202	-60.598998	62.935973	-54.530687	0.659058	13.7390	CC(=CC[C@@H]1[C@]([C@]2([C@@H](C(=O)CC[C@@]2(CS1)O)OC)O)(C)O)C
333333f1	333333	NCCCCC	-,-,-,-,-,-	1.463796	1.527444	1.526742	1.532900	1.541465	1.468163	111.360775	111.672022	111.467493	110.246733	110.329183	110.615050	54.835595	-52.371750	53.589108	0.569114	3.0421	C1CC[CH]2NCCC[CH]2C1
333333f1	333333	NCCNCC	-,-,-,-,-,-	1.480343	1.566720	1.483161	1.480768	1.555546	1.455283	108.763836	112.508013	114.217764	107.982015	111.724394	110.919200	51.582151	-51.148064	56.081359	0.565794	6.8860	N1C2C(NCC1C3=CC=C(C=C3)F)CNCN2
333333f1	333333	NCCSCC	-,-,-,-,-,-	1.529393	1.543645	1.821453	1.821453	1.543645	1.529393	111.778944	109.546899	115.155253	100.096458	115.155249	109.546892	-58.775317	45.126914	-45.126926	0.620625	8.6293	C[NH+]1[C@H]2CC(=O)C[C@@H]1CSC2
333333f1	333333	OCCCCC	-,-,-,-,-,-	1.431502	1.536020	1.534097	1.524060	1.516722	1.425459	113.736672	110.856722	108.704275	111.253571	112.870737	113.622184	59.070814	-52.854169	47.330081	0.536796	9.4016	CC1(C)O[CH]2O[CH](COC(=O)C3=CC=CC=C3)[CH](OC(=O)C4=CC=CC=C4)[CH](OC(=O)C5=CC=CC=C5)[CH]2O1
333333f1	333333	OCCCCC	-,-,-,-,-,-	1.438516	1.546564	1.548588	1.540776	1.544115	1.434339	101.625442	108.351692	111.445470	111.307440	108.298698	107.646937	-57.114598	41.809285	-44.673663	0.654710	19.7560	O=C(O[CH]1[CH]2CO[CH](O2)[CH](OC(=O)C3=CC=CC=C3)[CH]1OC(=O)C4=CC=CC=C4)C5=CC=CC=C5
333333f1	333333	OCOCCC	-,-,-,-,-,-	1.423404	1.423168	1.431333	1.533199	1.528399	1.422332	110.895264	112.270342	113.359877	109.516517	109.048024	110.405893	-58.192088	54.402899	-52.155275	0.551290	2.4994	COC(=O)[CH]1OCO[CH]2[CH]1OCO[CH]2C(=O)OC
333333f1	333333	OCOCCC	-,-,-,-,-,-	1.425133	1.424357	1.431816	1.531339	1.528923	1.422975	110.418187	112.420279	113.441825	109.443751	108.873410	109.362593	57.234245	-53.554485	53.059201	0.560814	4.6267	OC[CH]1OCO[CH]2[CH]1OCO[CH]2C(O)=O
333333f1	333333	OCOCCC	-,-,-,-,-,-	1.427686	1.427795	1.418649	1.527650	1.534413	1.440620	112.519512	111.811070	109.961495	110.657714	108.135486	108.740129	-60.375367	59.673539	-56.991393	0.571244	1.8141	C1O[CH](O[CH]1[CH]2O[CH](O[CH]3CO[CH](O[CH]23)C4=CC=CC=C4)C5=CC=CC=C5)C6=CC=CC=C6
333333f1	333333	OCOCCC	-,-,-,-,-,-	1.440199	1.436352	1.429718	1.539226	1.549423	1.435654	114.313867	110.668030	111.040748	108.918993	108.752455	110.369132	61.681150	-62.405667	56.311908	0.563692	6.3919	CNC(=O)[CH](C)[CH]1N([CH]2CC[CH](O)[CH](C)O2)C(=O)C(=C(O)C=CC(C)=C[CH](C)[CH]3O[C]4(C)O[CH](C=C[C]45CO5)[CH]3C)C1=O
333333f1	333333	SCCCCC	-,-,-,-,-,-	1.822020	1.533711	1.536710	1.533902	1.545914	1.831170	95.457549	109.025967	114.193069	114.402280	116.129571	109.094769	63.797517	-50.500704	48.603323	0.702402	20.4106	S1C2C(O)CCC1C=CC2
333333f2	333333	CCCCCC	-,-,-,-,-,-	1.515750	1.517959	1.495055	1.515749	1.517959	1.495055	116.526345	120.228766	123.157650	116.526340	120.228781	123.157634	3.516389	-3.395519	3.289899	0.031616	0.0015	C12(C(Cl)(Cl)C1CC3(C(C(Cl)(Cl)3)C2)C)C
333333f2	333333	CCCCCC	-,-,-,-,-,-	1.517173	1.550262	1.595631	1.632993	1.553731	1.526887	111.589521	115.325210	111.412861	111.698443	111.564727	110.321520	49.343586	-44.782651	49.907298	0.553153	7.9670	CC(=C)[CH]1CC[C]2(CO)CC[C]3(C)[CH](CC[CH]4[C]5(C)CC[CH](O)C(C)(C)[CH]5CC[C]34C)[CH]12
333333f2	333333	CCCCCC	-,-,-,-,-,-	1.519543	1.536766	1.564921	1.581763	1.549650	1.537546	111.447683	111.973148	112.619142	109.900964	113.639371	109.431537	-54.801359	49.635126	-50.834048	0.565002	4.8159	C[CH](O)[CH]1CC[CH]2[CH]3CC[CH]4C[CH](O)CC[C]4(C)[CH]3CC[C]12C
333333f2	333333	CCCCCC	-,-,-,-,-,-	1.519733	1.539148	1.565563	1.583074	1.547879	1.531940	110.830407	111.885531	112.987489	110.123239	113.353650	110.692533	54.936727	-48.966364	49.196152	0.559822	5.6131	CC(C)CCC[CH](C)[CH]1CC[CH]2[CH]3CC[CH]4C[CH](O)CC[C]4(C)[CH]3CC[C]12C
333333f2	333333	CCCCCC	-,-,-,-,-,-	1.519828	1.556204	1.553731	1.571082	1.568177	1.544305	115.461893	113.195690	104.653569	115.719121	116.093598	116.294801	-64.797468	56.604574	-36.995830	0.527395	33.4067	CC(=C)[CH]1CC[C]2(CO)CC[C]3(C)[CH](CC[CH]4[C]5(C)CC[CH](O)C(C)(C)[CH]5CC[C]34C)[CH]12
333333f2	333333	CCCCCC	-,-,-,-,-,-	1.520293	1.538924	1.557656	1.584838	1.553196	1.534901	111.388707	112.024859	112.740091	111.774635	112.943416	111.473475	-54.446451	48.377169	-47.344068	0.545762	6.2180	C[CH]1CC[C]2(OC1)O[CH]3C[CH]4[CH]5CC[CH]6C[CH](O)CC[C]6(C)[CH]5CC[C]4(C)[CH]3[CH]2C
333333f2	333333	CCCCCC	-,-,-,-,-,-	1.520964	1.544259	1.564236	1.596978	1.555482	1.535955	112.838404	112.272495	110.155211	112.582993	111.021582	112.428122	-55.913468	53.196440	-50.816778	0.553522	3.1409	CC(C)[CH]1CC[C]2(C)[CH](CC[CH]3[C](C)(CO)CCC[C]23O)C1
333333f2	333333	CCCCCC	-,-,-,-,-,-	1.522630	1.539599	1.560890	1.561802	1.547965	1.539348	111.322867	114.737969	110.200117	115.134637	112.581304	109.469584	49.361475	-44.524673	48.671415	0.540097	9.0473	CC(C)CCCC(C)C1CCC2C3CC(SC(N)=N)C4(O)CC(O)CCC4(C)C3CCC12C.CC5=CC=C(C=C5)S(O)(=O)=O
333333f2	333333	CCCCCC	-,-,-,-,-,-	1.522794	1.539628	1.561686	1.564425	1.555863	1.538043	111.065024	114.586596	109.938946	115.079802	111.886913	109.658565	-50.323958	45.712627	-49.326997	0.547606	8.3600	CC(C)CCC[CH](C)[CH]1CC[CH]2[CH]3C[CH](Br)[C]4(Br)C[CH](Cl)CC[C]4(C)[CH]3CC[C]12C
333333f2	333333	CCCCCC	-,-,-,-,-,-	1.522833	1.537887	1.555251	1.559382	1.549650	1.539010	111.206605	114.356670	111.167283	114.844369	112.546195	109.599131	48.922975	-44.094902	48.221027	0.538761	9.7218	C[CH](O)[CH]1CC[CH]2[CH]3CC[CH]4C[CH](O)CC[C]4(C)[CH]3CC[C]12C
333333f2	333333	CCCCCC	-,-,-,-,-,-	1.523686	1.553033	1.573809	1.576938	1.544731	1.534864	112.218063	114.484957	110.353469	112.018203	115.587788	108.678452	51.769170	-45.829355	49.355665	0.540455	6.0322	C[CH](CCC(O)=O)[CH]1CC[C]2(C)[CH]3CC[CH]4C(C)(C)[CH](O)CC[C]4(C)[CH]3C(=O)C[C]12C
333333f2	333333	CCCCCC	-,-,-,-,-,-	1.523718	1.531528	1.604912	1.575156	1.558354	1.533911	112.266744	109.080698	112.034593	113.866440	116.318075	113.498125	-52.625260	0.423206	39.466019	0.686056	78.8225	[C@H]12[C@@H](C(CC3[C@]1(C4C(C5CCC([C@](CC4)(C)5)=O)CC3)C)=O)O2
333333f2	333333	CCCCCC	-,-,-,-,-,-	1.524186	1.542823	1.577800	1.602529	1.589359	1.546100	113.403962	113.415486	107.259325	118.437627	112.154093	112.299203	56.374811	-47.174910	40.702226	0.523704	13.4775	CC(=C)[CH]1CC[C]2(C)CC[C]3(C)[CH](CC[CH]4[C]5(C)CC[CH](OC(=O)C6=CC=CC=C6)C(C)(C)[CH]5CC[C]34C)[CH]12
333333f2	333333	CCCCCC	-,-,-,-,-,-	1.524725	1.546301	1.558354	1.550521	1.557440	1.536728	110.856549	111.440817	112.212689	112.582747	111.907572	113.072986	-31.318449	-28.394645	57.648958	0.741161	87.6122	[C@H]12[C@@H](C(CC3[C@]1(C4C(C5CCC([C@](CC4)(C)5)=O)CC3)C)=O)O2
333333f2	333333	CCCCCC	-,-,-,-,-,-	1.525017	1.548258	1.557118	1.556475	1.545462	1.542210	112.450672	112.623140	110.426417	114.173954	113.971602	111.976163	-54.371512	48.894795	-46.477784	0.526489	7.0654	CO[CH]1C[CH](O[CH](C)[CH]1O[CH]2O[CH](CO)[CH](O)[CH](O)[CH]2O)O[CH]3CC[C]4(C=O)[CH]5CC[C]6(C)[CH](CC[C]6(O)[CH]5CC[C]4(O)C3)C7=CC(=O)OC7
333333f2	333333	CCCCCC	-,-,-,-,-,-	1.526332	1.542709	1.576421	1.582340	1.549966	1.532104	112.327490	111.474995	111.505154	107.709153	112.356665	111.064842	-57.521737	56.458016	-55.779843	0.582256	3.1191	CC(C)[CH]1CC[CH]2[CH](CC[CH]3[C]2(C)CCC[C]3(C)C(O)=O)C1
333333f2	333333	CCCCCC	-,-,-,-,-,-	1.527339	1.529366	1.558921	1.540181	1.541066	1.541978	112.586408	112.483749	113.894494	109.318856	99.346037	110.422835	39.987299	-57.959925	70.085997	0.644440	23.0901	CCC1(C)CCC2(C)C(CCC3C4(C)CCCC23OC4=O)C1
333333f2	333333	CCCCCC	-,-,-,-,-,-	1.527350	1.529337	1.558924	1.540234	1.541112	1.541991	112.584951	112.473300	113.895970	109.325161	99.341255	110.431283	-40.010222	57.971965	-70.072086	0.644412	23.0676	CC(C)C1CCC2(C)C(CCC3C4(C)CCCC23OC4=O)C1
333333f2	333333	CCCCCC	-,-,-,-,-,-	1.528446	1.547808	1.548770	1.546025	1.544752	1.541287	112.757655	113.129862	110.019725	114.775660	113.702821	110.600595	-52.355891	48.611017	-48.805359	0.528830	5.0872	CC(=O)[CH]1CC[CH]2[CH]3CC=C4C[CH](O)CC[C]4(C)[CH]3CC[C]12C
333333f2	333333	CCCCCC	-,-,-,-,-,-	1.528725	1.544257	1.552822	1.549038	1.542148	1.542865	112.096040	113.128617	110.444907	114.692002	113.138209	109.939773	51.322928	-47.362382	49.270423	0.538678	6.3824	CC(C)CCC[CH](C)[CH]1CC[CH]2[CH]3C[CH](NCC4=CC=CC=C4)[C]56C[CH]5CC[C]6(C)[CH]3CC[C]12C
333333f2	333333	CCCCCC	-,-,-,-,-,-	1.528824	1.539959	1.547894	1.541175	1.542667	1.545493	113.340372	112.253520	110.120095	113.388179	113.835010	111.408531	-54.991836	52.582201	-50.197969	0.532367	5.0402	C[C]12CC[CH]3[CH](CCC4=CC(=O)CC[CH]34)[CH]1CC[CH]2O
333333f2	333333	CCCCCC	-,-,-,-,-,-	1.528853	1.546803	1.554177	1.556508	1.550480	1.543647	112.186063	117.370511	113.400529	116.659356	112.200253	110.752373	36.886721	-35.599434	45.836881	0.491888	17.5557	C[C]1(O)CC[CH]2[CH]3CCC4=CC(=O)CC[C]4(C)[CH]3[CH](O)C[C]12C
333333f2	333333	CCCCCC	-,-,-,-,-,-	1.529412	1.543396	1.553022	1.547714	1.547879	1.543100	112.270931	113.276907	110.314028	114.638347	113.421746	109.774072	-51.579606	47.599107	-49.267391	0.537278	6.0323	CC(C)CCC[CH](C)[CH]1CC[CH]2[CH]3CC[CH]4C[CH](O)CC[C]4(C)[CH]3CC[C]12C
333333f2	333333	CCCCCC	-,-,-,-,-,-	1.529435	1.549243	1.548787	1.544896	1.550196	1.541813	112.209472	113.719243	110.476188	114.453522	113.292414	109.926413	50.736606	-47.650459	50.148547	0.534895	5.2928	CC1(O)CCC2C3CCC4=CC(=O)CCC4(C)C3CCC21C
333333f2	333333	CCCCCC	-,-,-,-,-,-	1.529698	1.552751	1.571165	1.588954	1.569494	1.542012	111.536147	114.286436	109.280806	117.762425	108.326121	111.971610	49.129206	-46.485117	48.872797	0.545114	7.8317	CC1(C)[CH](CC[C]2(C)[CH]1CC[C]3(C)[CH]2C(=O)C=C4[CH]5C[C](C)(CC[C]5(C)CC[C]34C)C(O)=O)O[CH]6O[CH]([CH](O)[CH](O)[CH]6O[CH]7O[CH]([CH](O)[CH](O)[CH]7O)C(O)=O)C(O)=O
333333f2	333333	CCCCCC	-,-,-,-,-,-	1.530016	1.554731	1.574807	1.597252	1.572809	1.541649	110.370408	114.890161	109.743327	117.469196	107.243077	110.613777	46.730076	-44.333407	50.216618	0.566039	12.1629	C[CH]1CC[C]2(CC[C]3(C)C(=CC[CH]4[C]5(C)CC[CH](O)C(C)(C)[CH]5CC[C]34C)[CH]2[CH]1C)C(O)=O
333333f2	333333	CCCCCC	-,-,-,-,-,-	1.530196	1.548115	1.548985	1.544279	1.549777	1.540632	112.440056	113.519498	110.162554	114.550900	113.204441	109.855330	51.173162	-48.318128	50.467838	0.536616	4.7690	CC(=O)OCC(=O)C1CCC2C3CCC4=CC(=O)CCC4(C)C3CCC12C
333333f2	333333	CCCCCC	-,-,-,-,-,-	1.530508	1.538582	1.545530	1.544363	1.556586	1.552058	112.388205	113.887469	111.312239	114.410307	114.304585	108.842605	50.024177	-45.952690	48.893762	0.529698	7.1242	CC(=O)OCC=C1CC[CH]2[CH]3CCC4=CC(=O)CC[C]4(C)[CH]3[CH](O)C[C]12C
333333f2	333333	CCCCCC	-,-,-,-,-,-	1.530598	1.561368	1.581503	1.585644	1.547965	1.539436	111.691415	112.064247	111.165112	110.225978	113.544882	109.582501	-54.727349	50.426786	-52.281344	0.572411	3.5489	CC(C)CCCC(C)C1CCC2C3CC(SC(N)=N)C4(O)CC(O)CCC4(C)C3CCC12C.CC5=CC=C(C=C5)S(O)(=O)=O
333333f2	333333	CCCCCC	-,-,-,-,-,-	1.530702	1.533473	1.544227	1.535108	1.539867	1.547676	114.872643	112.923381	108.674140	114.514951	115.091755	110.672333	62.726623	-35.811458	-20.824846	0.709369	86.3037	CNC1=NC(C)(C)C2CCC(C)(CC2)S1
333333f2	333333	CCCCCC	-,-,-,-,-,-	1.530944	1.553735	1.567809	1.599478	1.585249	1.547719	112.211425	112.908118	107.901494	117.730820	111.311650	111.871477	55.803573	-48.008793	43.859883	0.542152	10.7464	CC(C)[C]1(Cl)CC[CH]2[C]3(C)CCC[C](C)([CH]3C[CH](Cl)[C]2(Cl)[CH]1Cl)C(O)=O
333333f2	333333	CCCCCC	-,-,-,-,-,-	1.530973	1.548244	1.577800	1.641341	1.570962	1.532684	112.735635	112.774364	109.762884	108.998669	108.664911	111.953184	-57.181904	58.244447	-57.798978	0.599060	5.5221	CC(=C)[CH]1CC[C]2(C)CC[C]3(C)[CH](CC[CH]4[C]5(C)CC[CH](OC(=O)C6=CC=CC=C6)C(C)(C)[CH]5CC[C]34C)[CH]12
333333f2	333333	CCCCCC	-,-,-,-,-,-	1.531193	1.541718	1.549212	1.539635	1.544278	1.545931	113.580243	111.846749	109.010112	113.279417	113.583275	111.453734	56.764711	-55.030221	51.478634	0.543028	6.8142	C[C]12CC[CH]3[CH](CCC4=C3C=CC(=C4)O)[CH]1CC[CH]2OC(=O)CCC5CCCC5
333333f2	333333	CCCCCC	-,-,-,-,-,-	1.531735	1.557547	1.570962	1.557411	1.557119	1.544961	113.808774	113.899208	107.877255	117.784669	113.210410	112.466847	52.687192	-47.873538	44.761496	0.507932	8.6137	CC(=C)[CH]1CC[C]2(C)CC[C]3(C)[CH](CC[CH]4[C]5(C)CC[CH](OC(=O)C6=CC=CC=C6)C(C)(C)[CH]5CC[C]34C)[CH]12
333333f2	333333	CCCCCC	-,-,-,-,-,-	1.532335	1.546926	1.548614	1.549230	1.553196	1.545329	112.135868	113.734089	110.088695	116.979417	113.608029	110.099248	-50.078316	44.001374	-45.146339	0.521929	9.9863	C[CH]1CC[C]2(OC1)O[CH]3C[CH]4[CH]5CC[CH]6C[CH](O)CC[C]6(C)[CH]5CC[C]4(C)[CH]3[CH]2C
333333f2	333333	CCCCCC	-,-,-,-,-,-	1.533209	1.556043	1.595631	1.614499	1.571760	1.538443	112.621745	115.472848	108.304319	115.020581	109.493345	111.538755	50.611335	-49.280069	52.057582	0.551723	3.3594	CC(=C)[CH]1CC[C]2(CO)CC[C]3(C)[CH](CC[CH]4[C]5(C)CC[CH](O)C(C)(C)[CH]5CC[C]34C)[CH]12
333333f2	333333	CCCCCC	-,-,-,-,-,-	1.533209	1.562605	1.542801	1.549665	1.552643	1.547510	111.960429	115.387555	110.077444	114.963422	113.270189	110.628778	48.971129	-46.935730	50.713810	0.522688	4.5385	CC(=O)OCC(=O)[C]1(O)CC[CH]2[CH]3CCC4=CC(=O)CC[C]4(C)[CH]3[CH](O)C[C]12C
333333f2	333333	CCCCCC	-,-,-,-,-,-	1.533281	1.542147	1.545205	1.543969	1.556800	1.551100	112.550575	114.236628	110.251986	114.523383	114.203563	108.970602	-50.854409	47.574327	-50.229339	0.531476	5.1239	CC(=O)[CH]1CC[CH]2[CH]3CCC4=CC(=O)CC[C]4(C)[CH]3[CH](O)C[C]12C
333333f2	333333	CCCCCC	-,-,-,-,-,-	1.533763	1.540396	1.599540	1.551737	1.529729	1.532255	111.384935	112.600550	110.195861	109.539992	113.062239	112.930462	-56.464937	54.594355	-53.525523	0.562357	3.6028	CC(=O)OC1CCC2(C)C3(C1)C=CC4(C5CCC(C(C)=O)C5(C)CC6OC246)C7C3C(=O)OC7=O
333333f2	333333	CCCCCC	-,-,-,-,-,-	1.533889	1.535242	1.565769	1.591041	1.545462	1.550870	114.477629	111.990714	109.395350	112.367294	113.519100	111.022537	-65.407446	34.622121	24.183119	0.740781	86.9332	CO[CH]1C[CH](O[CH](C)[CH]1O[CH]2O[CH](CO)[CH](O)[CH](O)[CH]2O)O[CH]3CC[C]4(C=O)[CH]5CC[C]6(C)[CH](CC[C]6(O)[CH]5CC[C]4(O)C3)C7=CC(=O)OC7
333333f2	333333	CCCCCC	-,-,-,-,-,-	1.534175	1.552468	1.556246	1.544232	1.546713	1.545112	114.350716	112.330050	109.214764	113.968037	114.504929	109.732683	-53.787721	51.596544	-50.928190	0.535359	4.2914	CC12CC(O)C3C(CCC4=CC(=O)CCC34C)C1CC[C@@]2(O)C(=O)CO
333333f2	333333	CCCCCC	-,-,-,-,-,-	1.534483	1.545471	1.575650	1.578975	1.555863	1.546804	115.398464	113.927126	114.705821	109.933261	112.638845	111.294924	45.572353	-49.703602	54.407172	0.518927	8.8263	CC(C)CCC[CH](C)[CH]1CC[CH]2[CH]3C[CH](Br)[C]4(Br)C[CH](Cl)CC[C]4(C)[CH]3CC[C]12C
333333f2	333333	CCCCCC	-,-,-,-,-,-	1.534730	1.541769	1.537917	1.533980	1.543060	1.540074	110.028329	110.463009	107.985952	109.936316	110.595988	107.848954	57.539915	-61.490409	3.576171	0.846429	89.9924	CCOC(=O)[CH]1C2CCC(CC2)[CH]1C(=O)OCC
333333f2	333333	CCCCCC	-,-,-,-,-,-	1.534879	1.539680	1.547595	1.530615	1.533331	1.543978	114.494997	115.032140	110.650801	114.854298	112.906522	108.723999	53.631483	-26.883108	-30.022989	0.710037	86.4092	CC12CCC(CC1)C(C)(C)N=C(NN=O)S2
333333f2	333333	CCCCCC	-,-,-,-,-,-	1.534959	1.554391	1.558350	1.546671	1.547898	1.544257	114.260191	112.412362	109.116336	114.679502	114.587865	109.787234	-53.405033	50.295185	-49.493309	0.531460	5.2423	CC1CC2C3CCC(O)(C(=O)C)C3(C)CC(O)C2(F)C4(C)C=CC(=O)C=C14
333333f2	333333	CCCCCC	-,-,-,-,-,-	1.535152	1.536071	1.536347	1.534729	1.550320	1.545232	111.103732	110.317948	108.419753	110.217812	111.241403	109.440661	-61.921561	59.121957	0.024315	0.820373	88.4813	C1(C2(CCC(C1)(CC2)O)CCCC)=O
333333f2	333333	CCCCCC	-,-,-,-,-,-	1.535654	1.533088	1.555544	1.570348	1.542148	1.535234	111.781341	110.122081	116.304710	111.473639	112.491149	110.255035	-49.456747	45.037860	-47.244684	0.547045	10.2785	CC(C)CCC[CH](C)[CH]1CC[CH]2[CH]3C[CH](NCC4=CC=CC=C4)[C]56C[CH]5CC[C]6(C)[CH]3CC[C]12C
333333f2	333333	CCCCCC	-,-,-,-,-,-	1.536373	1.541708	1.547351	1.531407	1.535414	1.544565	114.256171	114.779659	110.360329	114.578351	112.822135	109.010116	-55.307297	23.913843	33.686310	0.715773	87.1000	CC1(C)NC(=N)SC2(C)CCC1CC2
333333f2	333333	CCCCCC	-,-,-,-,-,-	1.537777	1.550449	1.545079	1.587151	1.580928	1.534162	110.719131	114.352608	109.580479	114.482740	83.380735	114.739976	28.440462	-63.576522	80.261380	0.733096	35.5282	CC1(C)[CH]2CC[CH](CCOC(=O)C3=C(O)C=CC=C3)[CH]1C2
333333f2	333333	CCCCCC	-,-,-,-,-,-	1.537795	1.550460	1.545107	1.587198	1.580937	1.534174	110.720631	114.351712	109.580503	114.484435	83.380041	114.741885	28.440634	-63.576556	80.259612	0.733087	35.5277	CC1(C)[CH]2CC[CH](CCO)[CH]1C2
333333f2	333333	CCCCCC	-,-,-,-,-,-	1.538648	1.550570	1.545486	1.586008	1.581098	1.534141	110.886911	114.354586	109.783093	114.668373	83.332777	114.759666	-27.421276	62.994312	-80.183453	0.732532	36.2155	CC1(C)[CH]2CC[CH](CC(O)=O)[CH]1C2
333333f2	333333	CCCCCC	-,-,-,-,-,-	1.538813	1.540047	1.548947	1.533621	1.553316	1.549485	113.931355	112.068772	106.040301	114.017895	109.589324	112.311295	-57.662389	62.196405	-58.423567	0.572260	9.3097	CC(C)CCC[CH](C)[CH]1CC[CH]2[CH]3CC=C4C[CH](Cl)CC[C]4(C)[CH]3CC[C]12C
333333f2	333333	CCCCCC	-,-,-,-,-,-	1.538850	1.540186	1.594385	1.552534	1.528429	1.528491	112.288809	112.952228	111.008563	109.744468	112.278184	112.400028	53.084282	-53.830862	55.228895	0.556317	3.1485	CC(=O)O[CH]1CC[C]2(C)C3=CC[C]4(C)[CH](CC[CH]4[C]35C=C[C]2(C1)[CH]6[CH]5C(=O)OC6=O)C(C)=O
333333f2	333333	CCCCCC	-,-,-,-,-,-	1.539097	1.545878	1.540735	1.584180	1.581332	1.533666	111.105654	114.608821	110.361312	114.760735	83.314953	114.848391	-25.031500	61.769190	-80.136917	0.732501	38.0675	CC1(C)[CH]2CC[CH](C=NNC(N)=S)[CH]1C2
333333f2	333333	CCCCCC	-,-,-,-,-,-	1.539500	1.537454	1.547336	1.533181	1.559070	1.550927	113.674331	112.085294	107.088517	113.391560	108.820740	111.626711	-56.259638	61.836521	-59.985700	0.578448	7.3318	C[CH]([CH]1CC[CH]2[CH]3CCC4=CC(=O)CC[C]4(C)[CH]3CC[C]12C)C(O)=O
333333f2	333333	CCCCCC	-,-,-,-,-,-	1.542367	1.548121	1.541390	1.592318	1.579605	1.535058	111.429882	114.735904	110.544414	117.133657	83.197053	114.854995	21.953462	-58.228936	78.373990	0.721339	39.2556	CC1(C)[CH]2CC[C](C)(O)[CH]1C2
333333f2	333333	CCCCCC	-,-,-,-,-,-	1.548315	1.547769	1.537917	1.533980	1.543060	1.550846	109.193979	110.068363	107.624583	109.936316	110.595988	110.795988	-66.209044	57.741238	3.576171	0.834394	87.6818	CCOC(=O)[CH]1C2CCC(CC2)[CH]1C(=O)OCC
333333f2	333333	CCCCCC	-,-,-,-,-,-	1.548315	1.547769	1.541769	1.534730	1.540074	1.550846	109.193979	110.068363	110.437303	110.463009	110.028329	107.523193	51.445472	-59.892062	3.568864	0.838817	87.5172	CCOC(=O)[CH]1C2CCC(CC2)[CH]1C(=O)OCC
333333f2	333333	CCCCCC	-,-,-,-,-,-	1.558835	1.535058	1.542367	1.548121	1.541390	1.566677	84.717340	111.258642	111.429882	114.735904	110.544414	110.319564	-33.751460	-24.109244	21.953462	0.899105	67.8583	CC1(C)[CH]2CC[C](C)(O)[CH]1C2
333333f2	333333	CCCCCC	-,-,-,-,-,-	1.559625	1.533666	1.539097	1.545878	1.540735	1.563040	84.721442	111.144867	111.105654	114.608821	110.361312	111.587360	34.891913	24.894118	-25.031500	0.900219	68.8342	CC1(C)[CH]2CC[CH](C=NNC(N)=S)[CH]1C2
333333f2	333333	CCCCCC	-,-,-,-,-,-	1.560740	1.534141	1.538648	1.550570	1.545486	1.563783	84.730308	111.267949	110.886911	114.354586	109.783093	111.800130	33.551085	27.344122	-27.421276	0.910088	70.0025	CC1(C)[CH]2CC[CH](CC(O)=O)[CH]1C2
333333f2	333333	CCCCCC	-,-,-,-,-,-	1.560924	1.534174	1.537795	1.550460	1.545107	1.564580	84.779930	111.248854	110.720631	114.351712	109.580503	111.925569	-33.214109	-28.197242	28.440634	0.913279	70.4183	CC1(C)[CH]2CC[CH](CCO)[CH]1C2
333333f2	333333	CCCCCC	-,-,-,-,-,-	1.560928	1.534162	1.537777	1.550449	1.545079	1.564553	84.779570	111.248717	110.719131	114.352608	109.580479	111.924412	-33.213616	-28.197306	28.440462	0.913281	70.4179	CC1(C)[CH]2CC[CH](CCOC(=O)C3=C(O)C=CC=C3)[CH]1C2
333333f2	333333	CCCCCN	-,-,-,-,-,-	1.536707	1.537648	1.542197	1.543827	1.506785	1.484139	111.906477	109.265745	106.328627	109.008623	110.734706	110.004258	-54.300694	67.647608	-15.087377	0.831129	86.7379	CCC1CN2CCC1CC2[C@H](O)c3ccnc4ccc(OC)cc34
333333f2	333333	CCCCNC	-,-,-,-,-,-	1.549101	1.537648	1.536707	1.484139	1.487352	1.549039	108.304985	109.541019	109.265745	111.906477	107.273915	111.488661	61.748102	-8.546132	-54.504969	0.823671	89.1375	CCC1CN2CCC1CC2[C@H](O)c3ccnc4ccc(OC)cc34
333333f2	333333	CCCCNC	-,-,-,-,-,-	1.549101	1.542197	1.543827	1.506785	1.487352	1.549039	108.304985	107.644646	109.008623	110.734706	107.994409	111.488661	-49.670558	-15.087377	68.072243	0.848037	89.0915	CCC1CN2CCC1CC2[C@H](O)c3ccnc4ccc(OC)cc34
333333f2	333333	CCCCOC	-,-,-,-,-,-	1.542872	1.513077	1.535640	1.437550	1.432714	1.536728	111.593100	113.306332	110.776509	109.495981	101.533696	107.437320	36.456191	-57.253089	77.008681	0.632481	24.8368	O[CH]1[CH]2CO[CH](O2)[CH]3O[CH](O[CH]13)C4=CC=CC=C4
333333f2	333333	CCNCCC	-,-,-,-,-,-	1.531404	1.475141	1.462036	1.519592	1.551802	1.539625	112.805963	114.851288	113.979598	109.299318	110.716163	112.755853	0.754154	-55.520539	63.299460	0.706664	83.6114	COC1=CC2=C(C=C1OC)[C]34CCN5C[CH]3[CH]6[CH]7[CH](CC(=O)N2[CH]47)OCC=C6C5.OC[CH](O)[CH](O)[CH](O)[CH](O)[CH](O)C(O)=O
333333f2	333333	CCNCCC	-,-,-,-,-,-	1.531678	1.472822	1.484006	1.530574	1.527811	1.539246	110.973962	114.842137	116.168074	114.484280	107.954932	106.531854	37.023305	-41.460434	55.826384	0.565669	21.8247	CCC(C(O)=O)C1=CC=C(C=C1)[N+]([O-])=O.COC2=CC3=C(C=C2OC)C45CCN6CC7=CCOC8CC(=O)N3C4C8C7C6C5
333333f2	333333	CCNCCC	-,-,-,-,-,-	1.531679	1.472823	1.484007	1.530573	1.527809	1.539247	110.973800	114.842118	116.168351	114.484589	107.954920	106.531873	37.022292	-41.459052	55.825538	0.565668	21.8257	CCC(C)OC(=O)C1=C(C=CC=C1)C(O)=O.COC2=CC3=C(C=C2OC)C45CCN6CC7=CCOC8CC(=O)N3C4C8C7C6C5
333333f2	333333	CCOCCC	-,-,-,-,-,-	1.540460	1.437573	1.437484	1.538208	1.519360	1.537780	108.521171	106.294493	101.490705	109.790623	113.995605	113.108268	-81.371974	71.861562	-49.144258	0.642237	26.8532	CC1(C)O[CH]2[CH](O)[CH]3OC[CH](O3)[CH]2O1
333333f2	333333	CCSCCS	-,-,-,-,-,-	1.520422	1.813348	1.813348	1.520422	1.813347	1.813348	115.744608	115.744581	97.304355	115.744612	115.744562	97.304384	-29.393201	68.982236	-35.796479	0.985027	90.0000	C1C[S+]2CC[S+]1CC2
333333f2	333333	CNCCON	-,-,-,-,-,-	1.498097	1.533914	1.546900	1.435580	1.466577	1.461617	112.534088	111.539420	109.377313	105.983564	104.227613	106.180602	44.586628	-59.682287	75.154983	0.646250	18.2551	C1CN2C[NH+]3CC=CC[C@@H]3[C@@H]1O2
333333f2	333333	CSCCSC	-,-,-,-,-,-	1.813348	1.813348	1.520422	1.813347	1.813348	1.520422	115.744612	97.304376	115.744612	115.744562	97.304312	115.744627	-29.393158	-35.796479	68.982263	0.985027	89.9999	C1C[S+]2CC[S+]1CC2
333333f2	333333	CSCCSC	-,-,-,-,-,-	1.813348	1.813348	1.520422	1.813348	1.813348	1.520422	115.744612	97.304299	115.744581	115.744608	97.304321	115.744627	68.982260	-35.796397	-29.393242	0.985028	90.0000	C1C[S+]2CC[S+]1CC2
333333f2	333333	OCCCCC	-,-,-,-,-,-	1.430826	1.539444	1.547613	1.517287	1.533183	1.436131	101.435848	107.967940	111.311672	113.784384	111.269574	109.360994	-57.057204	35.224481	-34.536654	0.629362	26.6081	CC(=O)OC[CH]1O[CH](O[CH]2[CH]3CO[CH](O3)[CH]4OC(C)(C)O[CH]24)[CH](OC(C)=O)[CH](OC(C)=O)[CH]1OC(C)=O
333333f2	333333	OCCCCC	-,-,-,-,-,-	1.431751	1.537926	1.542074	1.515911	1.534816	1.437064	101.664164	107.220826	111.663317	113.367053	110.867742	109.496997	58.153608	-37.285305	35.907282	0.632075	25.2214	CC1=CC=C(C=C1)S(=O)(=O)O[CH]2[CH]3CO[CH](O3)[CH]4OC(C)(C)O[CH]24
333333f3	333333	CCCCCC	-,-,-,-,-,-	1.492330	1.517004	1.545632	1.555733	1.560998	1.550697	113.969546	122.481772	121.113389	112.410188	116.350999	111.628245	-0.989862	9.257733	-36.658825	0.436801	50.2725	CC(=O)OC1CCC2(C)C3(C1)C=CC4(C5CCC(C(C)=O)C5(C)CC6OC246)C7C3C(=O)OC7=O
333333f3	333333	CCCCCC	-,-,-,-,-,-	1.520943	1.543706	1.540234	1.577983	1.559768	1.530612	109.947773	113.910385	114.299350	114.089805	109.182452	111.310401	-45.590069	42.987521	-48.862988	0.548382	13.0776	CC(C)C1CCC2(C)C(CCC3C4(C)CCCC23OC4=O)C1
333333f3	333333	CCCCCC	-,-,-,-,-,-	1.521011	1.543543	1.540181	1.578159	1.558570	1.532059	109.974116	113.907762	114.294246	114.094021	109.195620	111.193120	45.496734	-42.947999	48.982320	0.549061	13.1995	CCC1(C)CCC2(C)C(CCC3C4(C)CCCC23OC4=O)C1
333333f3	333333	CCCCCC	-,-,-,-,-,-	1.527809	1.552647	1.519090	1.527340	1.544580	1.530573	107.954920	110.771440	116.268827	115.908528	112.788982	112.709567	-5.283198	-40.347049	31.972885	0.691362	79.1930	CCC(C)OC(=O)C1=C(C=CC=C1)C(O)=O.COC2=CC3=C(C=C2OC)C45CCN6CC7=CCOC8CC(=O)N3C4C8C7C6C5
333333f3	333333	CCCCCC	-,-,-,-,-,-	1.527811	1.552646	1.519089	1.527337	1.544581	1.530574	107.954932	110.771119	116.269240	115.909059	112.788842	112.710059	-5.285668	-40.345078	31.972831	0.691353	79.1923	CCC(C(O)=O)C1=CC=C(C=C1)[N+]([O-])=O.COC2=CC3=C(C=C2OC)C45CCN6CC7=CCOC8CC(=O)N3C4C8C7C6C5
333333f3	333333	CCCCCC	-,-,-,-,-,-	1.528028	1.541538	1.561920	1.535198	1.534832	1.536764	108.428662	113.458245	114.683062	117.300960	112.609296	106.318649	36.049387	-25.727724	38.477384	0.571356	30.4224	COC1=CC2=C(C=C1OC)C34CCN5CC6=CCOC7CC(=O)N2C3C7C6CC45.CC(C)CC(NC=O)C(O)=O
333333f3	333333	CCCCCC	-,-,-,-,-,-	1.528028	1.541538	1.561921	1.535199	1.534833	1.536764	108.428757	113.458224	114.682971	117.300979	112.609323	106.318662	36.049617	-25.727942	38.477404	0.571355	30.4221	COC1=CC2=C(C=C1OC)[C]34CCN5CC6=CCO[CH]7CC(=O)N2[CH]3[CH]7[CH]6C[CH]45.OS(O)(=O)=O
333333f3	333333	CCCCCC	-,-,-,-,-,-	1.528029	1.541538	1.561921	1.535199	1.534833	1.536765	108.428757	113.458255	114.682929	117.301111	112.609429	106.318530	36.049323	-25.727410	38.477019	0.571355	30.4226	CCC(C(O)=O)C1=CC=C(C=C1)[N+]([O-])=O.COC2=CC3=C(C=C2OC)C45CCN6CC7=CCOC8CC(=O)N3C4C8C7CC56
333333f3	333333	CCCCCC	-,-,-,-,-,-	1.528307	1.539991	1.570062	1.584912	1.581819	1.539256	115.191719	111.617793	110.687097	107.612576	116.140981	110.838750	-60.848822	58.134709	-51.849921	0.554986	11.5262	CC(C)C1=C[C]23CC[CH]4[C](C)(CCC[C]4(C)C(O)=O)[CH]2C[CH]1[CH]5[CH]3C(=O)C=CC5=O
333333f3	333333	CCCCCC	-,-,-,-,-,-	1.535426	1.532765	1.549786	1.581573	1.586546	1.552548	110.562368	109.368209	110.568498	111.459764	104.882967	111.224563	58.325049	-61.119283	59.222361	0.629232	2.4850	C1(C2CC3CC1CC(C3)C2)(C4C(N)=CC=CC=4)C#N
333333f3	333333	CCCCCC	-,-,-,-,-,-	1.535571	1.536176	1.536208	1.538440	1.548777	1.552614	110.971853	109.202375	110.020498	109.451807	110.689870	108.202497	59.679612	-59.796921	59.684860	0.620175	0.3626	C12(C(=O)O)CC3(CCBr)CC(C1)CC(C2)C3
333333f3	333333	CCCCCC	-,-,-,-,-,-	1.535984	1.536317	1.536317	1.535984	1.536020	1.536020	109.874647	109.338747	109.897734	109.338732	109.874672	109.377562	59.643235	-59.643215	59.629091	0.622579	0.0052	C12([P+](CCC3=CC=CC=C3)(C)C)CC4CC(C1)CC(C2)C4
333333f3	333333	CCCCCC	-,-,-,-,-,-	1.536188	1.534546	1.534496	1.537049	1.549027	1.551950	110.931919	109.247234	109.878785	109.587617	110.618199	108.176711	59.732857	-59.916697	59.771437	0.620382	0.4007	C12(CC3(CN)CC(C1)CC(C2)C3)CN
333333f3	333333	CCCCCC	-,-,-,-,-,-	1.536350	1.534223	1.551376	1.586546	1.581573	1.545632	110.428513	109.233700	110.517203	111.344122	104.882967	110.386343	57.826642	-60.190546	59.472618	0.635988	3.1852	C1(C2CC3CC1CC(C3)C2)(C4C(N)=CC=CC=4)C#N
333333f3	333333	CCCCCC	-,-,-,-,-,-	1.536350	1.535789	1.535793	1.532765	1.549786	1.545632	110.428513	109.564965	109.700059	108.799621	110.568498	107.735460	-59.738169	60.130176	-61.088369	0.628519	0.7931	C1(C2CC3CC1CC(C3)C2)(C4C(N)=CC=CC=4)C#N
333333f3	333333	CCCCCC	-,-,-,-,-,-	1.536666	1.537783	1.537908	1.536251	1.536220	1.536583	109.957405	109.234431	110.098293	109.298686	109.937455	109.391891	-59.459108	59.467445	-59.478567	0.621772	0.1184	C12(CC3CC(C1)CC(C2)C3)NCCCCCCN
333333f3	333333	CCCCCC	-,-,-,-,-,-	1.536705	1.536168	1.536242	1.538653	1.550800	1.552479	110.958622	109.253153	110.006538	109.382304	110.711017	108.167619	59.732667	-59.889499	59.780526	0.620699	0.4157	C12(CC3(CN)CC(C1)CC(C2)C3)N
333333f3	333333	CCCCCC	-,-,-,-,-,-	1.537179	1.536020	1.535984	1.537346	1.552305	1.552934	111.558012	109.204393	109.874672	109.243891	111.517702	107.528316	59.803111	-59.831511	59.801878	0.618260	0.8741	C12([P+](CCC3=CC=CC=C3)(C)C)CC4CC(C1)CC(C2)C4
333333f3	333333	CCCCCC	-,-,-,-,-,-	1.537179	1.536020	1.535984	1.537346	1.552305	1.552934	111.558012	109.204413	109.874647	109.243904	111.517717	107.528292	-59.803104	59.831496	-59.801890	0.618260	0.8741	C12([P+](CCC3=CC=CC=C3)(C)C)CC4CC(C1)CC(C2)C4
333333f3	333333	CCCCCC	-,-,-,-,-,-	1.537228	1.535942	1.536034	1.539502	1.549888	1.553738	110.987863	109.217310	109.964948	109.409423	110.540918	107.993499	-59.593741	59.976393	-60.131489	0.622714	0.3239	C12(CC3(NC)CC(C1)CC(C2)C3)S
333333f3	333333	CCCCCC	-,-,-,-,-,-	1.537292	1.534014	1.534014	1.535787	1.553355	1.547570	110.651737	109.687183	109.834975	109.217604	111.009824	108.120105	-59.897382	59.721325	-59.785240	0.619864	0.4465	C12(CC3(CCN)CC(C1)CC(C2)C3)CCN
333333f3	333333	CCCCCC	-,-,-,-,-,-	1.538050	1.537361	1.537384	1.538069	1.548842	1.548603	110.668667	109.272589	110.097518	109.260642	110.673817	108.671489	-59.849230	59.844998	-59.477133	0.619695	0.5954	C12(C(=O)O)CC3(CC(=O)O)CC(C1)CC(C2)C3
333333f3	333333	CCCCCC	-,-,-,-,-,-	1.538149	1.536220	1.536251	1.539994	1.550205	1.554164	110.972297	109.185501	109.937455	109.366369	110.615283	107.952260	-59.718735	60.021887	-60.127038	0.623323	0.3088	C12(CC3CC(C1)CC(C2)C3)NCCCCCCN
333333f3	333333	CCCCCC	-,-,-,-,-,-	1.538149	1.536583	1.536666	1.540282	1.550821	1.554164	110.972297	109.156828	109.957405	109.329147	110.557886	107.903131	59.693553	-60.046473	60.217561	0.624241	0.2989	C12(CC3CC(C1)CC(C2)C3)NCCCCCCN
333333f3	333333	CCCCCC	-,-,-,-,-,-	1.538166	1.536519	1.536492	1.536936	1.537046	1.537976	110.102197	109.300556	109.939987	109.349313	109.973642	109.223101	59.504880	-59.707304	59.752245	0.622040	0.1552	C12(SCC(=O)O)CC3CC(C1)CC(C2)C3
333333f3	333333	CCCCCC	-,-,-,-,-,-	1.538464	1.534449	1.534330	1.534575	1.552184	1.548798	110.730417	109.485785	109.867681	109.360134	110.971022	108.157726	59.867360	-59.781975	59.695304	0.619646	0.5002	C12(CC3(CCN)CC(C1)CC(C2)C3)CN
333333f3	333333	CCCCCC	-,-,-,-,-,-	1.538763	1.537077	1.537101	1.538798	1.549632	1.549359	110.735267	109.278791	110.057177	109.260453	110.744004	108.592345	59.912950	-59.906958	59.504756	0.619719	0.6904	C12(CC3(CC(=O)O)CC(C1)CC(C2)C3)S
333333f3	333333	CCCCCC	-,-,-,-,-,-	1.538787	1.537591	1.537585	1.538898	1.543994	1.543864	110.113578	109.271445	110.099174	109.272528	110.130539	109.014891	59.739719	-59.710851	59.590916	0.623143	0.0362	C12(CC3(N)CC(C1)CC(C2)C3)N
333333f3	333333	CCCCCC	-,-,-,-,-,-	1.539102	1.536865	1.536869	1.540251	1.543250	1.542296	109.828127	109.363174	110.030993	109.285089	109.920292	109.200748	59.868055	-59.732134	59.581828	0.624442	0.0909	C12(C(=O)O)CC3(S)CC(C1)CC(C2)C3
333333f3	333333	CCCCCC	-,-,-,-,-,-	1.540939	1.542849	1.539405	1.536034	1.535942	1.537741	109.720218	109.263176	109.907771	109.281534	109.964948	109.479170	-59.551382	59.562485	-59.705440	0.624118	0.0843	C12(CC3(NC)CC(C1)CC(C2)C3)S
333333f3	333333	CCCCCC	-,-,-,-,-,-	1.541106	1.552737	1.535329	1.526843	1.535149	1.508393	111.900039	108.391011	112.818679	111.299070	118.568287	122.946320	-68.094543	51.100566	-18.962225	0.527976	47.2743	C[C]1(O)CC[CH]2[CH]3CCC4=CC(=O)CC[C]4(C)[C]35O[CH]5C[C]12C
333333f3	333333	CCCCCC	-,-,-,-,-,-	1.541169	1.537046	1.536936	1.539627	1.551672	1.546903	110.211609	109.297103	109.973642	109.180625	110.557242	108.223368	60.007122	-59.653524	59.773678	0.626354	0.3352	C12(SCC(=O)O)CC3CC(C1)CC(C2)C3
333333f3	333333	CCCCCC	-,-,-,-,-,-	1.541169	1.537976	1.538166	1.541019	1.544532	1.546903	110.211609	109.302881	110.102197	109.186207	110.287069	109.425644	-60.099697	60.124373	-59.386649	0.620531	0.8735	C12(SCC(=O)O)CC3CC(C1)CC(C2)C3
333333f3	333333	CCCCCC	-,-,-,-,-,-	1.541250	1.541112	1.538304	1.537101	1.537077	1.538391	109.764510	109.461993	109.751571	109.324053	110.057177	109.309104	59.573957	-59.569072	59.832106	0.623872	0.0128	C12(CC3(CC(=O)O)CC(C1)CC(C2)C3)S
333333f3	333333	CCCCCC	-,-,-,-,-,-	1.542121	1.550617	1.551590	1.581768	1.581819	1.560500	110.153966	107.260404	110.128025	109.732259	106.935456	109.520514	-63.960915	3.921552	57.377144	0.879611	89.9558	CC(C)C1=C[C]23CC[CH]4[C](C)(CCC[C]4(C)C(O)=O)[CH]2C[CH]1[CH]5[CH]3C(=O)C=CC5=O
333333f3	333333	CCCCCC	-,-,-,-,-,-	1.542231	1.544047	1.538265	1.536242	1.536168	1.537268	109.999013	109.089655	110.035835	109.295437	110.006538	109.427919	59.374582	-59.637108	59.737030	0.622960	0.0550	C12(CC3(CN)CC(C1)CC(C2)C3)N
333333f3	333333	CCCCCC	-,-,-,-,-,-	1.542660	1.542296	1.539102	1.537119	1.547533	1.547178	110.106658	109.280394	109.828127	109.194831	110.577145	108.505652	-59.927786	59.718088	-59.920050	0.626280	0.2419	C12(C(=O)O)CC3(S)CC(C1)CC(C2)C3
333333f3	333333	CCCCCC	-,-,-,-,-,-	1.542660	1.543250	1.540251	1.538078	1.544991	1.547178	110.106658	109.287253	109.920292	109.239053	110.364828	109.234192	59.956437	-59.976194	59.638815	0.622894	0.6263	C12(C(=O)O)CC3(S)CC(C1)CC(C2)C3
333333f3	333333	CCCCCC	-,-,-,-,-,-	1.543273	1.543214	1.536508	1.537384	1.537361	1.536604	110.252175	109.390715	110.243396	109.288629	110.097518	109.279599	-58.661289	59.296384	-59.913056	0.619315	0.6754	C12(C(=O)O)CC3(CC(=O)O)CC(C1)CC(C2)C3
333333f3	333333	CCCCCC	-,-,-,-,-,-	1.543345	1.544255	1.537639	1.536208	1.536176	1.536449	110.256308	109.236365	110.301227	109.268654	110.020498	109.459095	58.704328	-59.429386	59.867124	0.619338	0.6099	C12(C(=O)O)CC3(CCBr)CC(C1)CC(C2)C3
333333f3	333333	CCCCCC	-,-,-,-,-,-	1.543898	1.544620	1.538734	1.537585	1.537591	1.538806	110.116161	109.041516	110.085633	109.269443	110.099174	109.277367	59.334502	-59.631736	59.777600	0.623244	0.0599	C12(CC3(N)CC(C1)CC(C2)C3)N
333333f3	333333	CCCCCC	-,-,-,-,-,-	1.544532	1.551672	1.539627	1.536492	1.536519	1.541019	110.287069	108.330781	110.557242	109.188999	109.939987	109.355225	59.200471	-59.731330	59.693294	0.624984	0.1922	C12(SCC(=O)O)CC3CC(C1)CC(C2)C3
333333f3	333333	CCCCCC	-,-,-,-,-,-	1.546000	1.543864	1.538787	1.538806	1.543898	1.545338	110.042230	109.074679	110.113578	109.243400	110.116161	109.043713	-59.608988	59.864890	-59.910753	0.625618	0.0469	C12(CC3(N)CC(C1)CC(C2)C3)N
333333f3	333333	CCCCCC	-,-,-,-,-,-	1.546000	1.543994	1.538898	1.538734	1.544620	1.545338	110.042230	109.035037	110.130539	109.250958	110.085633	109.075078	59.653160	-59.908955	59.870041	0.625753	0.0128	C12(CC3(N)CC(C1)CC(C2)C3)N
333333f3	333333	CCCCCC	-,-,-,-,-,-	1.547533	1.544991	1.538078	1.536869	1.536865	1.537119	110.577145	108.485942	110.364828	109.316899	110.030993	109.224363	59.127494	-59.899554	59.777829	0.622644	0.1562	C12(C(=O)O)CC3(S)CC(C1)CC(C2)C3
333333f3	333333	CCCCCC	-,-,-,-,-,-	1.548976	1.548777	1.538440	1.537639	1.544255	1.549766	111.274732	108.356097	110.689870	109.306962	110.301227	108.439734	58.572485	-59.955636	60.323952	0.622401	0.6693	C12(C(=O)O)CC3(CCBr)CC(C1)CC(C2)C3
333333f3	333333	CCCCCC	-,-,-,-,-,-	1.548976	1.552614	1.535571	1.536449	1.543345	1.549766	111.274732	108.072951	110.971853	109.247968	110.256308	108.607190	-58.547196	60.014502	-60.227758	0.621960	0.6187	C12(C(=O)O)CC3(CCBr)CC(C1)CC(C2)C3
333333f3	333333	CCCCCC	-,-,-,-,-,-	1.549233	1.551889	1.536233	1.534496	1.534546	1.537285	110.619662	108.191691	110.936121	109.303392	109.878785	109.538658	58.453973	-59.648507	59.713779	0.620264	0.4376	C12(CC3(CN)CC(C1)CC(C2)C3)CN
333333f3	333333	CCCCCC	-,-,-,-,-,-	1.550190	1.550735	1.534893	1.534330	1.534449	1.538241	110.648529	108.184784	110.861422	109.466877	109.867681	109.402814	58.418357	-59.630990	59.744959	0.620406	0.4440	C12(CC3(CCN)CC(C1)CC(C2)C3)CN
333333f3	333333	CCCCCC	-,-,-,-,-,-	1.550821	1.550205	1.539994	1.537908	1.537783	1.540282	110.557886	108.938719	110.615283	109.200138	110.098293	109.300955	-58.213914	59.434165	-60.135588	0.619925	0.9443	C12(CC3CC(C1)CC(C2)C3)NCCCCCCN
333333f3	333333	CCCCCC	-,-,-,-,-,-	1.551003	1.548798	1.538464	1.538241	1.550190	1.552607	111.434832	108.375783	110.730417	109.300557	110.648529	108.414718	-58.875097	60.068108	-59.978689	0.620311	0.5168	C12(CC3(CCN)CC(C1)CC(C2)C3)CN
333333f3	333333	CCCCCC	-,-,-,-,-,-	1.551003	1.552184	1.534575	1.534893	1.550735	1.552607	111.434832	108.218852	110.971022	109.141775	110.861422	108.306795	58.837197	-60.031869	60.030215	0.619881	0.4371	C12(CC3(CCN)CC(C1)CC(C2)C3)CN
333333f3	333333	CCCCCC	-,-,-,-,-,-	1.551376	1.552548	1.535426	1.535793	1.535789	1.534223	110.517203	106.469374	110.562368	109.373440	109.700059	108.901961	-60.512887	60.704626	-59.279979	0.635824	1.7176	C1(C2CC3CC1CC(C3)C2)(C4C(N)=CC=CC=4)C#N
333333f3	333333	CCCCCC	-,-,-,-,-,-	1.551412	1.547570	1.537292	1.535814	1.553359	1.551307	111.466772	108.614549	110.651737	109.178221	111.010546	108.043626	58.821071	-59.899081	60.134663	0.619790	0.5226	C12(CC3(CCN)CC(C1)CC(C2)C3)CCN
333333f3	333333	CCCCCC	-,-,-,-,-,-	1.551412	1.553355	1.535787	1.537267	1.547639	1.551307	111.466772	108.036619	111.009824	109.173907	110.654149	108.614704	-58.862597	60.145837	-59.898806	0.619840	0.5261	C12(CC3(CCN)CC(C1)CC(C2)C3)CCN
333333f3	333333	CCCCCC	-,-,-,-,-,-	1.551788	1.549888	1.539502	1.539405	1.542849	1.544048	110.326694	109.031967	110.540918	109.336116	109.907771	109.215748	-58.415310	59.516770	-60.164531	0.622517	0.9322	C12(CC3(NC)CC(C1)CC(C2)C3)S
333333f3	333333	CCCCCC	-,-,-,-,-,-	1.551788	1.553738	1.537228	1.537741	1.540939	1.544048	110.326694	108.040945	110.987863	109.201074	109.720218	109.494044	59.047135	-60.032815	59.754255	0.625409	0.2960	C12(CC3(NC)CC(C1)CC(C2)C3)S
333333f3	333333	CCCCCC	-,-,-,-,-,-	1.551977	1.549027	1.537049	1.536233	1.551889	1.552032	111.370511	108.629861	110.618199	109.194975	110.936121	108.134220	58.803729	-59.925511	60.223763	0.620327	0.5527	C12(CC3(CN)CC(C1)CC(C2)C3)CN
333333f3	333333	CCCCCC	-,-,-,-,-,-	1.551977	1.551950	1.536188	1.537285	1.549233	1.552032	111.370511	108.112363	110.931919	109.290510	110.619662	108.575972	-58.920293	60.089970	-59.815437	0.620279	0.3686	C12(CC3(CN)CC(C1)CC(C2)C3)CN
333333f3	333333	CCCCCC	-,-,-,-,-,-	1.552088	1.550800	1.538653	1.538265	1.544047	1.544493	110.720904	108.476131	110.711017	109.297296	110.035835	109.030345	58.665312	-59.844858	60.041829	0.622988	0.5490	C12(CC3(CN)CC(C1)CC(C2)C3)N
333333f3	333333	CCCCCC	-,-,-,-,-,-	1.552088	1.552479	1.536705	1.537268	1.542231	1.544493	110.720904	108.142862	110.958622	109.201878	109.999013	109.198628	-58.806990	60.010216	-59.910607	0.623010	0.3839	C12(CC3(CN)CC(C1)CC(C2)C3)N
333333f3	333333	CCCCCC	-,-,-,-,-,-	1.552305	1.552305	1.537346	1.536317	1.536317	1.537346	111.517717	107.624849	111.517702	109.208079	109.897734	109.208065	57.777516	-59.739470	59.839486	0.618036	0.9371	C12([P+](CCC3=CC=CC=C3)(C)C)CC4CC(C1)CC(C2)C4
333333f3	333333	CCCCCC	-,-,-,-,-,-	1.552783	1.548603	1.538050	1.536604	1.543273	1.547188	111.530014	108.034176	110.668667	109.462174	110.252175	108.398116	58.499048	-60.160399	60.347685	0.622386	0.5625	C12(C(=O)O)CC3(CC(=O)O)CC(C1)CC(C2)C3
333333f3	333333	CCCCCC	-,-,-,-,-,-	1.552783	1.548842	1.538069	1.536508	1.543214	1.547188	111.530014	107.986634	110.673817	109.468706	110.243396	108.389212	-58.523301	60.169886	-60.333434	0.622672	0.5167	C12(C(=O)O)CC3(CC(=O)O)CC(C1)CC(C2)C3
333333f3	333333	CCCCCC	-,-,-,-,-,-	1.553106	1.549327	1.544320	1.527867	1.544320	1.549327	109.785798	109.785798	106.824587	110.351212	110.351209	106.824584	60.336735	-60.702122	0.000001	0.870495	90.0000	O=C1OC(=O)[CH]2[CH]3CC[CH](C=C3)[CH]12
333333f3	333333	CCCCCC	-,-,-,-,-,-	1.553359	1.547639	1.537267	1.534014	1.534014	1.535814	111.010546	108.109525	110.654149	109.688708	109.834975	109.215324	-58.184679	59.741563	-59.892293	0.619912	0.4377	C12(CC3(CCN)CC(C1)CC(C2)C3)CCN
333333f3	333333	CCCCCC	-,-,-,-,-,-	1.554774	1.545632	1.559197	1.539983	1.574598	1.599540	106.231152	114.332396	105.297253	110.095193	111.438768	108.238047	-66.583583	56.046055	5.190627	0.871268	89.3542	CC(=O)OC1CCC2(C)C3(C1)C=CC4(C5CCC(C(C)=O)C5(C)CC6OC246)C7C3C(=O)OC7=O
333333f3	333333	CCCCCC	-,-,-,-,-,-	1.555779	1.549359	1.538763	1.538391	1.541250	1.542406	110.823053	108.097804	110.735267	109.428541	109.764510	109.143560	-58.684498	60.154597	-60.079897	0.624257	0.4527	C12(CC3(CC(=O)O)CC(C1)CC(C2)C3)S
333333f3	333333	CCCCCC	-,-,-,-,-,-	1.555779	1.549632	1.538798	1.538304	1.541112	1.542406	110.823053	108.046659	110.744004	109.435707	109.751571	109.143355	58.706751	-60.165464	60.062039	0.624514	0.4133	C12(CC3(CC(=O)O)CC(C1)CC(C2)C3)S
333333f3	333333	CCCNCN	-,-,-,-,-,-	1.547794	1.548965	1.472834	1.462701	1.461566	1.475310	110.256039	106.884718	110.412044	109.926176	111.133654	110.082588	-57.015847	59.687071	-61.125249	0.600081	0.4616	N12CN3CC(C1)(N)CN(C2)C3
333333f3	333333	CCOCCC	-,-,-,-,-,-	1.531498	1.426458	1.434418	1.533566	1.546335	1.540996	107.839536	110.403255	111.106681	110.803483	104.562431	107.724917	64.467134	-4.723560	-59.223887	0.852483	86.5542	C[C@@H]1[C@H]2[C@H]3C[C@@H](O1)O[C@@H]2OC=C3C(=O)OC
333333f3	333333	CNCCCN	-,-,-,-,-,-	1.462614	1.475310	1.547794	1.547794	1.475310	1.462614	111.081264	109.786061	110.256039	106.769838	110.256040	109.786060	59.937558	-57.267507	57.267507	0.604099	0.4444	N12CN3CC(C1)(N)CN(C2)C3
333333f3	333333	CNCNCC	-,-,-,-,-,-	1.475310	1.461566	1.462701	1.472834	1.548965	1.547794	110.256040	110.082587	111.133654	109.926176	110.412044	106.884717	-61.141701	61.125249	-59.687072	0.600081	0.4616	N12CN3CC(C1)(N)CN(C2)C3
333333f3	333333	CNCNCN	-,-,-,-,-,-	1.442415	1.452522	1.452807	1.439611	1.499230	1.491265	110.947900	110.047505	109.361408	109.726792	111.314259	106.778876	-60.700150	60.427325	-60.246607	0.589909	0.6348	CCCCCCCC[N+]12CN3CN(CN(C3)C1)C2
333333f3	333333	CNCNCN	-,-,-,-,-,-	1.442415	1.454424	1.454424	1.442415	1.491265	1.491265	110.947900	109.805019	109.466513	109.805018	110.947901	107.653218	60.762066	-60.762065	59.942215	0.587651	1.2476	CCCCCCCC[N+]12CN3CN(CN(C3)C1)C2
333333f3	333333	CNCNCN	-,-,-,-,-,-	1.442967	1.453105	1.453512	1.440536	1.492378	1.487317	110.827978	109.987552	109.415117	109.762870	111.104811	107.214349	60.485773	-60.301859	60.117798	0.588850	0.6025	C=CC[N+]12CN3CN(CN(C3)C1)C2
333333f3	333333	CNCNCN	-,-,-,-,-,-	1.442967	1.454853	1.454578	1.443766	1.489266	1.487317	110.827978	109.716798	109.474012	109.698934	110.708530	107.674073	-60.678338	60.764594	-60.162389	0.590146	0.9426	C=CC[N+]12CN3CN(CN(C3)C1)C2
333333f3	333333	CNCNCN	-,-,-,-,-,-	1.446283	1.452432	1.452432	1.446283	1.483159	1.483159	111.104397	110.825297	109.558247	110.825301	111.104398	108.683041	-59.001233	59.001227	-58.473815	0.569508	1.1036	C1[NH+]2CN3CN1CP(=S)(C2)C3
333333f3	333333	CNCNCN	-,-,-,-,-,-	1.452807	1.439611	1.499230	1.491265	1.442415	1.452522	109.361410	109.726792	111.314259	106.778877	110.947901	110.047504	60.246605	-57.472123	57.315202	0.589909	0.6348	CCCCCCCC[N+]12CN3CN(CN(C3)C1)C2
333333f3	333333	CNCNCN	-,-,-,-,-,-	1.453643	1.440536	1.492378	1.489266	1.443766	1.452856	109.413015	109.700486	111.104811	107.208632	110.708530	110.036416	-60.233647	57.748847	-57.488042	0.589720	0.5762	C=CC[N+]12CN3CN(CN(C3)C1)C2
333333f3	333333	CNCNCN	-,-,-,-,-,-	1.454424	1.452522	1.452807	1.452807	1.452522	1.454424	109.466513	109.402144	109.361410	109.614732	109.361408	109.402144	-60.024321	60.133819	-60.133820	0.594355	0.0530	CCCCCCCC[N+]12CN3CN(CN(C3)C1)C2
333333f3	333333	CNCNCN	-,-,-,-,-,-	1.454578	1.452856	1.453643	1.453512	1.453105	1.454853	109.474012	109.430105	109.413015	109.494830	109.415117	109.385675	60.032927	-60.136417	60.174320	0.594541	0.0471	C=CC[N+]12CN3CN(CN(C3)C1)C2
333333f3	333333	CNCNCN	-,-,-,-,-,-	1.462614	1.461566	1.462701	1.462701	1.461566	1.462614	111.081264	108.634438	111.133654	108.504945	111.133654	108.634439	-59.099879	59.113637	-59.113637	0.585469	0.1026	N12CN3CC(C1)(N)CN(C2)C3
333333f3	333333	CNCPCN	-,-,-,S,-,-	1.446283	1.472053	1.798719	1.817165	1.510755	1.483159	111.104397	115.434329	107.519939	98.683230	113.519781	109.242536	66.243256	-51.410005	52.286365	0.642037	2.2927	C1[NH+]2CN3CN1CP(=S)(C2)C3
333333f3	333333	CNCPCN	-,-,-,S,-,-	1.446283	1.472053	1.798719	1.817165	1.510755	1.483159	111.104398	115.434321	107.519937	98.683240	113.519781	109.242538	-66.243258	51.409999	-52.286348	0.642037	2.2927	C1[NH+]2CN3CN1CP(=S)(C2)C3
333333f3	333333	CNCPCN	-,-,-,S,-,-	1.452432	1.472053	1.798719	1.798719	1.472053	1.452432	109.558247	112.605018	107.519939	102.890076	107.519937	112.605021	-62.398205	49.637360	-49.637359	0.643542	3.1151	C1[NH+]2CN3CN1CP(=S)(C2)C3
333333f3	333333	COCCCC	-,-,-,-,-,-	1.432362	1.429679	1.531498	1.540996	1.546335	1.530682	109.885975	111.566524	110.069669	107.839536	107.724917	108.207312	-54.097126	67.303449	-11.217179	0.834535	89.3822	C[C@@H]1[C@H]2[C@H]3C[C@@H](O1)O[C@@H]2OC=C3C(=O)OC
333333f3	333333	COCOCC	-,-,-,-,-,-	1.432362	1.429679	1.426458	1.434418	1.533566	1.530682	109.885975	111.566524	109.882226	111.106681	110.803483	108.857371	67.693434	-57.124239	-4.723560	0.773747	89.1987	C[C@@H]1[C@H]2[C@H]3C[C@@H](O1)O[C@@H]2OC=C3C(=O)OC
333333i	333333	CCCCCC	-,-,-,-,-,-	1.508129	1.530141	1.508129	1.508129	1.530141	1.508129	109.347905	110.947376	110.947377	109.347906	110.947376	110.947378	-58.237605	57.306695	-57.306693	0.589227	0.0000	FC(F)(F)C1(F)C(F)(F)C(F)(F)C(F)(C(F)(F)F)C(F)(F)C1(F)F
333333i	333333	CCCCCC	-,-,-,-,-,-	1.508659	1.523758	1.516830	1.516830	1.523758	1.508659	109.408053	111.116825	110.064196	110.012402	110.064196	111.116825	58.266786	-57.624087	57.624086	0.593337	0.1616	FC(F)(F)C1(F)C(F)(F)C(F)(F)C(F)(F)C(F)(F)C1(F)F
333333i	333333	CCCCCC	-,-,-,-,-,-	1.515374	1.515374	1.508850	1.523249	1.523249	1.508850	109.355458	111.849525	109.355452	110.967973	109.906101	110.967973	58.026949	-57.370500	57.568266	0.589768	0.0007	FC(F)(F)[C]1(F)C(F)(F)C(F)(F)C(F)(F)[C](F)(C(F)(F)F)C1(F)F
333333i	333333	CCCCCC	-,-,-,-,-,-	1.515446	1.527816	1.517903	1.517904	1.527816	1.515446	107.927299	111.255764	109.882199	110.506375	109.882201	111.255760	58.911528	-56.772984	56.772985	0.600578	1.8521	FC(F)(F)C(F)(F)C1(F)C(F)(F)C(F)(F)C(F)(F)C(F)(F)C1(F)F
333333i	333333	CCCCCC	-,-,-,-,-,-	1.524043	1.526993	1.540613	1.537927	1.528483	1.524058	111.375129	111.513961	111.923603	110.135230	111.860497	111.859020	55.480294	-54.823587	54.393073	0.561052	0.7236	OC(=O)C1=NN(C(=O)C1N=NC2=C(C=CC=C2)S(O)(=O)=O)C3=C(C=CC=C3)S(O)(=O)=O.C4CCC(CC4)NC5CCCCC5
333333i	333333	CCCCCC	-,-,-,-,-,-	1.524525	1.528253	1.537796	1.538996	1.527165	1.524496	111.449864	111.797426	111.730715	110.236531	111.791284	111.552088	-54.976766	54.720297	-55.030678	0.561654	0.8940	C1CCC(CC1)NCSC2=NCCS2
333333i	333333	CCCCCC	-,-,-,-,-,-	1.524641	1.527245	1.539101	1.537913	1.528359	1.524663	111.476223	111.525784	111.741460	110.225323	111.673542	111.810163	55.463421	-55.197782	54.840394	0.562314	1.0398	C1CCC(CC1)NC2CCCC2
333333i	333333	CCCCCC	-,-,-,-,-,-	1.524854	1.526229	1.526277	1.525313	1.531856	1.531026	111.767870	111.523854	111.690735	111.627595	111.676856	110.707197	-54.070190	54.069705	-54.761821	0.558231	1.0044	C[CH](OC(=O)OCCOCCOC(=O)O[CH](C)C(=O)OC1CCCCC1)C(=O)OC2CCCCC2
333333i	333333	CCCCCC	-,-,-,-,-,-	1.524944	1.527992	1.537674	1.538505	1.527302	1.524871	111.525037	111.723837	111.591578	110.262735	111.661549	111.602418	55.164813	-55.145982	55.274264	0.562786	1.1808	C1CCC(CC1)NSC2=NC3=C(S2)C=CC=C3
333333i	333333	CCCCCC	-,-,-,-,-,-	1.525242	1.526257	1.526227	1.524857	1.530958	1.532020	111.687884	111.626610	111.688303	111.522348	111.769695	110.702134	54.070419	-54.083625	54.890962	0.558214	0.9928	O=C(CCCCC(=O)OC1CCCCC1)OC2CCCCC2
333333i	333333	CCCCCC	-,-,-,-,-,-	1.525307	1.526279	1.526230	1.524858	1.531000	1.531754	111.678347	111.627200	111.690241	111.522590	111.765652	110.706884	54.065430	-54.069457	54.881117	0.558242	1.0083	C[CH](OC(=O)OCCOCCOC(=O)O[CH](C)C(=O)OC1CCCCC1)C(=O)OC2CCCCC2
333333i	333333	CCCCCC	-,-,-,-,-,-	1.525348	1.528215	1.534586	1.534558	1.528204	1.525352	111.688932	111.677441	112.507645	111.671836	112.509188	111.677120	53.449998	-51.681077	51.681388	0.543160	2.1415	C1CCC2(CC1)N=C(C3=CC=CC=C3)C(=N2)C4=CC=CC=C4
333333i	333333	CCCCCC	-,-,-,-,-,-	1.525732	1.527829	1.539953	1.541605	1.526521	1.526498	111.303810	111.805752	111.524317	109.998080	111.630701	111.570440	55.439795	-55.307602	55.557368	0.566220	1.2728	OC1CCC(CC1)C2CCCCC2
333333i	333333	CCCCCC	-,-,-,-,-,-	1.526540	1.525666	1.525687	1.526271	1.532189	1.534475	111.681356	111.688836	111.603122	111.603776	111.703593	111.049092	54.410261	-54.504895	54.761055	0.556600	0.3163	O=C(NC1CCCCC1)C(=O)NC2CCCCC2
333333i	333333	CCCCCC	-,-,-,-,-,-	1.526614	1.528732	1.539004	1.542548	1.530245	1.526384	112.081635	111.397393	112.563635	108.777348	112.796640	111.674084	55.818574	-55.799373	55.103761	0.558507	2.7094	C1CCC(CC1)NC2CCCCC2
333333i	333333	CCCCCC	-,-,-,-,-,-	1.526903	1.523666	1.523661	1.527054	1.539336	1.541713	112.131548	111.688053	111.313542	111.739133	112.130183	110.282049	-54.879606	54.882966	-54.933840	0.557465	0.2159	C(NC1=CC=CC=C1)(C(C2CCCCC2)O)=O
333333i	333333	CCCCCC	-,-,-,-,-,-	1.526936	1.520705	1.520668	1.528532	1.549436	1.554867	112.754348	111.599406	110.881201	111.926379	112.773869	108.301508	55.197634	-54.963032	55.722436	0.564406	0.5592	O=NN(C1CCCCC1)C2CCCCC2
333333i	333333	CCCCCC	-,-,-,-,-,-	1.527031	1.523098	1.523127	1.527168	1.544234	1.544961	112.178469	111.692569	111.275824	111.719632	112.174961	109.397230	-54.686742	54.678052	-55.502475	0.562778	0.7780	CCN1CCC[CH](C1)OC(=O)[CH](C2CCCCC2)C3=CC=CC=C3
333333i	333333	CCCCCC	-,-,-,-,-,-	1.527062	1.524634	1.524583	1.528008	1.535211	1.537413	111.755018	111.545183	111.444995	111.796290	111.743427	110.537233	54.672285	-54.492648	54.771532	0.559862	0.6126	O=P(NC1CCCCC1)(OC2=CC=CC=C2)OC3=CC=CC=C3
333333i	333333	CCCCCC	-,-,-,-,-,-	1.527089	1.524375	1.524418	1.528325	1.537940	1.539523	111.812889	111.535578	111.434403	111.810631	111.751216	110.129905	-54.587730	54.428489	-55.016202	0.562161	0.9820	COC1=CC(=C2N=CC=CC2=C1)NCCCCCNC3CCCCC3
333333i	333333	CCCCCC	-,-,-,-,-,-	1.527099	1.524333	1.524386	1.528401	1.537901	1.539667	111.824339	111.538471	111.428344	111.815601	111.756216	110.134033	-54.594039	54.441571	-55.014438	0.562037	0.9516	[O-][N+](=O)C1=CC=C(CCNC2CCCCC2)C=C1
333333i	333333	CCCCCC	-,-,-,-,-,-	1.527136	1.524300	1.524325	1.528527	1.542321	1.543206	111.861536	111.573934	111.439164	111.810083	111.768939	110.197559	-54.860071	54.748780	-54.975695	0.561599	0.5614	N#C[CH](C1CCCCC1)C2=CC=CC=C2
333333i	333333	CCCCCC	-,-,-,-,-,-	1.527141	1.526910	1.526712	1.527362	1.536852	1.537230	112.334757	110.835283	112.147986	110.822371	112.326267	110.362418	-55.105777	55.126182	-54.879145	0.560043	0.2745	C1CC[C@H]2[C@@H](C1)N[P@@](=O)(S2)C3CCC(CC3)[N+](=O)[O-]
333333i	333333	CCCCCC	-,-,-,-,-,-	1.527157	1.524502	1.524527	1.528452	1.537635	1.540023	111.778342	111.501938	111.453938	111.840899	111.724472	110.205226	-54.635083	54.430554	-54.923445	0.562028	0.9733	C1CCC(CC1)NC2CCCCC2
333333i	333333	CCCCCC	-,-,-,-,-,-	1.527182	1.524471	1.524482	1.528427	1.537834	1.540139	111.789142	111.503701	111.447981	111.842511	111.737456	110.188883	-54.643861	54.437871	-54.926118	0.562013	0.9620	OC(=O)C1=NN(C(=O)C1N=NC2=C(C=CC=C2)S(O)(=O)=O)C3=C(C=CC=C3)S(O)(=O)=O.C4CCC(CC4)NC5CCCCC5
333333i	333333	CCCCCC	-,-,-,-,-,-	1.527290	1.526031	1.526207	1.527205	1.534454	1.536829	111.528563	111.794476	111.706030	111.484624	111.364805	110.916009	-54.119568	54.617404	-55.384730	0.560152	1.1684	O[CH]1CCN(C2CCCCC2)C1=O
333333i	333333	CCCCCC	-,-,-,-,-,-	1.527456	1.526204	1.526089	1.527588	1.538000	1.536734	111.315841	111.479267	111.741918	111.783459	111.440660	110.559810	54.428531	-54.007506	54.618499	0.563169	1.6570	S=C1N(CCN1C2CCCCC2)C3CCCCC3
333333i	333333	CCCCCC	-,-,-,-,-,-	1.527566	1.524032	1.523914	1.527535	1.540873	1.548519	111.456072	111.519669	111.018828	111.631618	111.122195	109.847623	-55.307647	55.812397	-56.584436	0.573344	1.0035	C1(C2(CCCCC2)CC1OCC)(C#N)C#N
333333i	333333	CCCCCC	-,-,-,-,-,-	1.527588	1.526089	1.526204	1.527457	1.536734	1.538000	111.440715	111.783447	111.741891	111.479241	111.315849	110.559844	-54.007584	54.428652	-55.575123	0.563169	1.6569	S=C1N(CCN1C2CCCCC2)C3CCCCC3
333333i	333333	CCCCCC	-,-,-,-,-,-	1.527660	1.524309	1.524291	1.526283	1.539167	1.537381	111.934818	111.833478	111.406406	111.538767	111.981133	110.412432	54.585787	-54.785002	55.211218	0.558335	0.4098	CN(CCC1CCCCC1)CCC2CCCCC2
333333i	333333	CCCCCC	-,-,-,-,-,-	1.527686	1.523121	1.523081	1.527754	1.546044	1.546239	112.046398	111.678951	111.281549	111.710434	112.069157	108.958498	54.534020	-54.482532	55.845608	0.567108	1.5696	O=C1NN(NO1)C2CCCCC2
333333i	333333	CCCCCC	-,-,-,-,-,-	1.527779	1.524752	1.524837	1.529120	1.539577	1.541230	111.669483	111.551574	111.522177	111.769338	111.588591	109.921445	54.407320	-54.311824	55.294239	0.565167	1.5597	OC1CCC(CC1)C2CCCCC2
333333i	333333	CCCCCC	-,-,-,-,-,-	1.527780	1.525913	1.525912	1.527779	1.538685	1.538705	111.434971	111.655690	111.678961	111.658225	111.436965	110.978488	-54.654263	54.650205	-54.803276	0.560239	0.5859	ClCCOCCOC1=CC=C(C=C1)C2CCCCC2
333333i	333333	CCCCCC	-,-,-,-,-,-	1.527780	1.525913	1.525913	1.527779	1.538686	1.538701	111.435094	111.656189	111.678990	111.657727	111.436233	110.979576	54.653923	-54.651625	54.804526	0.560236	0.5848	C[CH](O)COC1=CC=C(C=C1)C2CCCCC2
333333i	333333	CCCCCC	-,-,-,-,-,-	1.527790	1.524142	1.524109	1.526080	1.539213	1.537432	111.998932	111.854764	111.367413	111.524982	112.054988	110.411712	-54.632855	54.864000	-55.222921	0.557696	0.4210	O=C(CCCC1CCCCC1)OC2=C3N=CC=CC3=CC=C2
333333i	333333	CCCCCC	-,-,-,-,-,-	1.527813	1.529599	1.527626	1.523468	1.527626	1.529599	114.412632	114.412639	113.487496	111.801472	111.801478	113.487504	45.698709	-52.293233	55.399881	0.499234	9.7101	Br[CH]1CCCC[CH]1Br
333333i	333333	CCCCCC	-,-,-,-,-,-	1.527859	1.524263	1.524242	1.528447	1.536436	1.535018	113.271821	111.611324	111.576671	111.828513	113.508796	111.505874	55.201965	-54.638286	52.247637	0.534177	3.9061	N1(C(N(C(=O)C(=C1NC2CCCCC2)N=O)C3=CC=CC=C3)=O)C4=CC=CC=C4
333333i	333333	CCCCCC	-,-,-,-,-,-	1.527888	1.525880	1.525781	1.527689	1.534707	1.535488	111.296003	111.616200	111.672147	111.648136	111.393523	110.556352	54.236272	-54.111917	55.068173	0.563655	1.6248	S=P(NC1CCCCC1)(NC2CCCCC2)NC3CCCCC3
333333i	333333	CCCCCC	-,-,-,-,-,-	1.527905	1.525927	1.525926	1.527901	1.539646	1.539745	111.429157	111.651281	111.688456	111.658370	111.434507	110.923346	-54.682821	54.672559	-54.832152	0.560712	0.6242	OC1=C(C=C(C=C1)S(O)(=O)=O)C2CCCCC2
333333i	333333	CCCCCC	-,-,-,-,-,-	1.527910	1.523818	1.523806	1.526029	1.539827	1.538336	112.071123	111.880807	111.319012	111.509818	112.136008	110.258413	-54.647559	54.911830	-55.341276	0.557956	0.4796	CN(CCC1CCCCC1)CCC2CCCCC2
333333i	333333	CCCCCC	-,-,-,-,-,-	1.528076	1.524802	1.524697	1.529093	1.536373	1.534030	112.885743	111.551432	111.697364	111.875184	113.454301	111.335324	-55.135473	53.999311	-51.986274	0.537076	3.1583	N1(C(NC(NC2CCCCC2)=CC1=O)=O)C
333333i	333333	CCCCCC	-,-,-,-,-,-	1.528081	1.524798	1.524692	1.529092	1.536372	1.534006	112.885520	111.551898	111.695518	111.874729	113.455751	111.337744	55.139959	-54.002061	51.983910	0.537066	3.1662	C1(NC(NC(C=1)=O)=O)NC2CCCCC2
333333i	333333	CCCCCC	-,-,-,-,-,-	1.528225	1.524566	1.524584	1.528891	1.545603	1.550422	111.615296	111.531025	111.543670	111.930492	111.647629	110.219692	55.088983	-54.807122	54.844647	0.563321	0.8360	O=NN(C1CCCCC1)C2CCCCC2
333333i	333333	CCCCCC	-,-,-,-,-,-	1.528232	1.525253	1.525202	1.529079	1.534452	1.535560	112.449596	111.542716	111.730665	111.814029	112.956657	111.070526	-54.827715	53.912518	-52.834967	0.544193	1.8210	O=C(NC1CCCCC1)C2=CC=CC=C2
333333i	333333	CCCCCC	-,-,-,-,-,-	1.528285	1.524896	1.524834	1.528942	1.535069	1.534140	112.937606	111.610880	111.709101	111.812019	113.295156	111.391270	-54.896614	54.195220	-52.415425	0.537243	2.8696	C1(=NCCS1)NC2CCCCC2
333333i	333333	CCCCCC	-,-,-,-,-,-	1.528348	1.524606	1.524558	1.528700	1.536209	1.534526	113.121664	111.677174	111.719863	111.780648	113.418516	111.339292	54.808289	-54.266480	52.457690	0.535516	3.0364	C(=C(C=O)C=O)(NC1CCCCC1)C2=CC=CC=C2
333333i	333333	CCCCCC	-,-,-,-,-,-	1.528434	1.524557	1.524529	1.527147	1.539950	1.537560	111.714469	111.839146	111.458805	111.503010	111.768830	110.224094	54.431261	-54.632706	55.490844	0.562001	0.9709	ClC1=CC2=C(C=C1)C(=CC=N2)NC3CCC(CC3)NC4CCCCC4
333333i	333333	CCCCCC	-,-,-,-,-,-	1.528539	1.525776	1.525760	1.528494	1.536522	1.535344	112.982009	111.599608	111.827188	111.609098	112.963470	110.858988	54.282047	-54.277089	53.579342	0.542680	1.4989	OC1(CCCCC1)C#CC2(O)CCCCC2
333333i	333333	CCCCCC	-,-,-,-,-,-	1.528610	1.525837	1.525837	1.528610	1.540049	1.540050	111.419503	111.688078	111.657242	111.687928	111.419373	111.487658	55.060937	-55.061220	54.472435	0.557482	0.3210	OC1=C(C2CCCCC2)C(=O)C3=C(C=CC=C3)C1=O
333333i	333333	CCCCCC	-,-,-,-,-,-	1.528632	1.524756	1.527560	1.533821	1.543889	1.537991	113.505447	111.853868	111.787542	113.089128	113.277428	111.845741	-54.089836	52.866698	-50.163601	0.522968	3.7923	[O-][N+](=O)C1=CC(=C(S[CH]2CCCC[CH]2Cl)C=C1)[N+]([O-])=O
333333i	333333	CCCCCC	-,-,-,-,-,-	1.528684	1.525473	1.525534	1.528719	1.534355	1.535457	111.233995	111.627980	111.610611	111.687852	111.204728	110.619166	-54.255159	54.266712	-55.237575	0.564824	1.6449	O=C(NC1=CC=CC=C1)SC2CCCCC2
333333i	333333	CCCCCC	-,-,-,-,-,-	1.528691	1.524529	1.524583	1.528459	1.534782	1.536806	113.462747	111.782084	111.709227	111.668967	113.130061	111.292589	-54.261546	54.860452	-53.529207	0.535633	3.0776	C(=C(/C=O)C(C)C)(\NC1CCCCC1)C2C=CC=CC=2
333333i	333333	CCCCCC	-,-,-,-,-,-	1.528778	1.523386	1.523423	1.533617	1.566584	1.559143	112.849532	111.030734	111.736658	112.022695	114.110354	105.305778	-54.035971	51.363300	-54.250578	0.574693	5.6918	COC1=CC(=C(OC)C=C1C2(C)CCCCC2)C3(C)CCCCC3
333333i	333333	CCCCCC	-,-,-,-,-,-	1.528833	1.522913	1.523115	1.526976	1.534681	1.539923	114.211097	112.081433	111.355429	111.457776	112.963719	111.437767	54.029795	-56.464527	55.015918	0.533364	5.5835	O=C(C1CCCCC1)C2=CC=CC=C2
333333i	333333	CCCCCC	-,-,-,-,-,-	1.528917	1.525333	1.525371	1.528288	1.535300	1.533546	112.914572	111.794228	111.755479	111.574532	112.474469	111.208270	53.984017	-54.745201	54.258895	0.543223	1.8017	O=C(NC1CCCCC1)C(=O)NC2CCCCC2
333333i	333333	CCCCCC	-,-,-,-,-,-	1.528922	1.525628	1.525782	1.528992	1.533178	1.532093	112.266467	111.600417	111.741242	111.595687	112.110589	110.764522	54.026106	-54.207180	54.504403	0.552538	0.2415	CC(C)COC(=O)C1=C(C=CC=C1)C(=O)OC2CCCCC2
333333i	333333	CCCCCC	-,-,-,-,-,-	1.528951	1.524521	1.524526	1.529006	1.542066	1.543134	113.009438	111.664931	111.627858	111.672537	113.042303	110.553605	-54.813354	54.783107	-53.812217	0.544850	1.9059	C[NH+]1CCC2=C(C1)C(=NC3(N2)CCCCC3)O
333333i	333333	CCCCCC	-,-,-,-,-,-	1.529124	1.525602	1.525683	1.528829	1.533337	1.532583	112.322150	111.638709	111.704489	111.572112	112.155244	110.847947	54.102353	-54.373749	54.531721	0.551637	0.3754	O=C(CCCCC(=O)OC1CCCCC1)OC2CCCCC2
333333i	333333	CCCCCC	-,-,-,-,-,-	1.529222	1.525973	1.526185	1.529383	1.536003	1.541703	112.830009	111.481200	111.883371	111.529674	112.850726	109.155926	-53.412173	53.449998	-54.988337	0.555411	1.4054	S=P(NC1CCCCC1)(NC2CCCCC2)NC3CCCCC3
333333i	333333	CCCCCC	-,-,-,-,-,-	1.529234	1.530731	1.551694	1.552176	1.528904	1.529804	110.314104	112.229819	112.660911	107.071387	112.231424	111.256263	-55.955512	55.769554	-57.398368	0.580096	3.1581	CC1CCC(CC1)C(C)(C)[N+](C)(C)C
333333i	333333	CCCCCC	-,-,-,-,-,-	1.529269	1.523892	1.523667	1.530503	1.538343	1.545796	112.366092	111.319961	111.455641	112.061440	112.629077	110.598638	-55.448067	54.618292	-53.417668	0.551481	1.8645	N1(C(OC2(C1(O)C)CCCCC2)=O)CC3=CN=CC=C3
333333i	333333	CCCCCC	-,-,-,-,-,-	1.529278	1.526077	1.525823	1.528943	1.532047	1.532241	112.090567	111.656926	111.773815	111.533790	112.223235	110.928421	-54.158801	54.105283	-54.286237	0.551794	0.0170	CCOC(=O)C1=C(C=CC=C1)C(=O)OC2CCCCC2
333333i	333333	CCCCCC	-,-,-,-,-,-	1.529427	1.525822	1.525755	1.529714	1.539118	1.536055	112.816158	111.498607	111.906344	111.660258	113.161482	109.925175	-54.027528	53.369026	-53.565588	0.548044	0.8283	S=P(NC1CCCCC1)(NC2CCCCC2)NC3CCCCC3
333333i	333333	CCCCCC	-,-,-,-,-,-	1.529477	1.522960	1.522821	1.531563	1.540855	1.552278	112.648984	111.327372	111.328216	112.046380	112.852294	110.088325	-55.610082	54.920464	-53.797342	0.552674	1.8805	C12(N(C(=O)OC31CCCCC3)CCC4=C2C=C(C(OC)=C4)OC)C
333333i	333333	CCCCCC	-,-,-,-,-,-	1.529713	1.525212	1.525215	1.529480	1.537160	1.536037	112.325139	111.630689	111.626315	111.598782	112.270737	110.957367	-54.656199	54.742703	-54.282308	0.551097	0.8916	OC1(CCCCC1)C#CC2(O)CCCCC2
333333i	333333	CCCCCC	-,-,-,-,-,-	1.530027	1.540547	1.557409	1.555235	1.537741	1.529523	110.366050	111.883421	110.541265	110.471999	111.100237	111.987061	56.727288	-55.036351	54.697212	0.578160	0.7589	C[CH]1C[CH](C)[CH](C)[CH](CO)C1
333333i	333333	CCCCCC	-,-,-,-,-,-	1.530034	1.525281	1.525281	1.530034	1.537190	1.537190	112.047532	111.659172	111.643298	111.659172	112.047531	111.549274	-55.013788	55.013789	-53.959451	0.550114	1.4062	C1(OC(=C)C2(O1)CCCCC2)=O
333333i	333333	CCCCCC	-,-,-,-,-,-	1.530181	1.530157	1.533330	1.530181	1.530157	1.533330	111.610609	113.141154	113.611063	111.610632	113.141156	113.611054	51.395964	-50.617621	50.371281	0.513948	0.0001	OC(=O)C1CCC(CC1)C(O)=O
333333i	333333	CCCCCC	-,-,-,-,-,-	1.530217	1.519919	1.520102	1.529752	1.565682	1.558740	114.634836	112.086346	111.231039	111.472195	115.131998	107.071252	54.611666	-54.286444	54.784118	0.545606	1.3838	COC1=CC(=C(OC)C=C1C2(C)CCCCC2)C3(C)CCCCC3
333333i	333333	CCCCCC	-,-,-,-,-,-	1.530488	1.523463	1.523718	1.529348	1.546056	1.539177	112.709679	112.059308	111.420936	111.328866	112.448904	110.535688	54.673817	-55.498133	55.227684	0.551094	1.9606	N1(C(OC2(C1(O)C)CCCCC2)=O)CC3N=CC=CC=3
333333i	333333	CCCCCC	-,-,-,-,-,-	1.530824	1.523431	1.523286	1.531505	1.544260	1.548142	112.703787	111.430693	111.423158	111.882497	112.715195	109.616922	54.975109	-54.665214	54.475862	0.555752	0.7322	OC1(CCCCC1)C2(O)CCCCC2
333333i	333333	CCCCCC	-,-,-,-,-,-	1.531042	1.541138	1.537585	1.528702	1.538156	1.535354	111.707226	112.702458	108.650965	112.316995	111.501571	111.099341	55.803314	-56.497318	56.666158	0.566854	2.5277	ClC1=CC2=C(C=C1)C(=CC=N2)NC3CCC(CC3)NC4CCCCC4
333333i	333333	CCCCCC	-,-,-,-,-,-	1.531323	1.531288	1.547572	1.538451	1.527692	1.532897	110.576818	112.245049	111.517592	110.838813	111.812529	111.454264	54.418721	-53.276701	54.418032	0.563879	1.3556	C[CH]1CC[CH]([CH](O)C1)C(C)=C
333333i	333333	CCCCCC	-,-,-,-,-,-	1.531572	1.522787	1.522916	1.530665	1.548055	1.542511	112.951549	111.886678	111.301674	111.460882	112.862327	109.846049	-54.895453	55.268235	-55.053542	0.552448	1.4613	OC1(CCCCC1)C2(O)CCCCC2
333333i	333333	CCCCCC	-,-,-,-,-,-	1.531669	1.524381	1.523987	1.530946	1.548105	1.545114	112.424906	111.319502	111.626742	111.902955	112.720340	108.961084	54.555089	-53.720968	54.379312	0.560845	1.7446	N12C(COC31CCCCC3)(COC2)CO
333333i	333333	CCCCCC	-,-,-,-,-,-	1.531891	1.525319	1.526268	1.526224	1.524872	1.531015	110.707421	111.677215	111.628361	111.689374	111.524757	111.767444	-54.760750	54.070935	-54.072497	0.558231	1.0019	O=C(CSC#N)OC1CCCCC1
333333i	333333	CCCCCC	-,-,-,-,-,-	1.532704	1.525585	1.525976	1.525962	1.524933	1.532465	110.039624	111.741982	111.620402	111.673046	111.488357	111.778039	55.115711	-53.746294	53.836802	0.562155	1.8669	CC(C)(OC1CCCCC1)C(=O)O
333333i	333333	CCCCCC	-,-,-,-,-,-	1.532928	1.525977	1.525413	1.525374	1.524350	1.532019	110.542117	111.910269	111.764326	111.544743	111.431208	112.028676	54.495667	-54.158914	54.360704	0.556929	0.6579	C[CH](O)COC1CCCCC1
333333i	333333	CCCCCC	-,-,-,-,-,-	1.533215	1.526141	1.524532	1.524490	1.527808	1.533438	112.246714	113.027206	111.442731	111.596870	111.958038	113.830843	53.752599	-56.025150	54.392054	0.529613	5.5410	OC(=O)C1(O)CCCCC1
333333i	333333	CCCCCC	-,-,-,-,-,-	1.533511	1.524082	1.523780	1.531050	1.549795	1.556583	114.404423	111.476737	111.869511	111.874252	114.308342	109.126529	54.216501	-54.321804	53.497724	0.537339	2.2607	N1=C(SC2(CCCCC2)C3=C1CCCC3)N
333333i	333333	CCCCCC	-,-,-,-,-,-	1.534505	1.531495	1.523364	1.536022	1.532828	1.525915	111.266194	111.707594	111.868047	113.119062	111.907375	112.733784	54.144478	-52.050498	50.485647	0.538845	3.2041	O[CH]1CC(O)(C[CH](O)C1O)C(O)=O
333333i	333333	CCCCCC	-,-,-,-,-,-	1.534997	1.529721	1.538052	1.538149	1.529611	1.536052	110.869717	113.050408	111.429733	111.241617	111.458997	113.027167	-54.098855	54.536543	-54.526559	0.548821	1.9086	C(#C)[C@@]1(CC[C@H](C2=CC=CC=C2)CC1)O
333333i	333333	CCCCCC	-,-,-,-,-,-	1.535062	1.525750	1.527300	1.526439	1.525718	1.535069	110.928519	111.627250	111.672333	111.363796	111.691916	111.602762	-54.862890	54.665014	-54.700855	0.559379	0.2327	CC1CCC(O)CC1
333333i	333333	CCCCCC	-,-,-,-,-,-	1.535539	1.528947	1.524124	1.524258	1.527348	1.533341	111.499117	113.371469	111.950748	111.500543	111.499090	112.687296	51.814858	-54.199413	55.622803	0.538682	3.6384	OC(=O)C1CCCCC1
333333i	333333	CCCCCC	-,-,-,-,-,-	1.536852	1.558586	1.554803	1.529148	1.523923	1.531609	110.640290	114.153495	108.086190	113.959686	111.937312	111.832339	-52.945748	52.004467	-54.349572	0.552693	1.1155	C[CH]1CCCC(C1)(CC(O)=O)CC(O)=O
333333i	333333	CCCCCC	-,-,-,-,-,-	1.537346	1.529415	1.525245	1.525235	1.529770	1.536508	110.865820	112.246631	111.597883	111.635136	111.643049	112.306025	54.384965	-54.693309	54.577755	0.551794	0.7041	CC1(O)CCCCC1
333333i	333333	CCCCCC	-,-,-,-,-,-	1.537594	1.527749	1.524167	1.524158	1.526210	1.538870	110.414986	111.997036	111.845373	111.371942	111.533380	112.044891	-54.594842	54.621542	-54.850575	0.557727	0.4105	OC(=O)CCC1CCCCC1
333333i	333333	CCCCCC	-,-,-,-,-,-	1.537670	1.527794	1.524106	1.524097	1.526177	1.539026	110.394449	112.010095	111.853444	111.362229	111.527996	112.061257	-54.590221	54.627276	-54.864609	0.557721	0.4264	OC(=O)CCCCC1CCCCC1
333333i	333333	CCCCCC	-,-,-,-,-,-	1.537723	1.527779	1.524100	1.524092	1.526163	1.539078	110.383578	112.010855	111.854330	111.361893	111.525317	112.060642	-54.593303	54.624268	-54.865964	0.557798	0.4331	OC(=O)CCCC1CCCCC1
333333i	333333	CCCCCC	-,-,-,-,-,-	1.537760	1.526806	1.524799	1.524869	1.527296	1.538979	110.238284	111.861465	111.650813	111.504888	111.675689	111.754667	55.093385	-54.408747	54.479226	0.560886	0.8704	OC(=O)CC1CCCCC1
333333i	333333	CCCCCC	-,-,-,-,-,-	1.537780	1.536708	1.541929	1.547384	1.526670	1.531435	110.356644	112.758306	112.350119	110.880466	112.082560	110.688548	52.070369	-50.750720	54.192002	0.561292	4.4598	NCCC(O)C(=O)NC1CC(N)C(OC2OC(CN)C(O)C(O)C2O)C(O)C1OC3OC(CO)C(O)C(N)C3O
333333i	333333	CCCCCC	-,-,-,-,-,-	1.537800	1.528403	1.524422	1.524359	1.527104	1.539665	110.107428	111.742973	111.811238	111.434343	111.537306	111.811723	55.046401	-54.417495	54.564722	0.562340	1.0210	C[CH](O)CNC1CCCCC1
333333i	333333	CCCCCC	-,-,-,-,-,-	1.537816	1.530164	1.523078	1.528731	1.534456	1.535052	113.127128	113.765220	112.393807	112.218695	113.349421	113.797479	51.313120	-53.130030	51.896043	0.502797	5.1303	C1(C(=O)O)(C(Br)CCCC1)Br
333333i	333333	CCCCCC	-,-,-,-,-,-	1.537862	1.547181	1.543620	1.529767	1.526349	1.531853	110.808469	113.622746	109.855848	113.382378	111.432427	111.920993	-51.947378	51.918947	-54.375461	0.549416	1.7920	C[CH]1C[CH](O)CC(C)(C)C1
333333i	333333	CCCCCC	-,-,-,-,-,-	1.537952	1.528380	1.524455	1.524404	1.527165	1.539512	110.161571	111.746170	111.805801	111.438025	111.548366	111.812335	55.014983	-54.443857	54.583773	0.561956	0.9416	CNC1CCCCC1
333333i	333333	CCCCCC	-,-,-,-,-,-	1.538394	1.529313	1.523821	1.527383	1.536915	1.539968	112.736317	113.689842	112.414713	111.525740	112.749221	111.451607	-50.371498	52.973803	-55.274978	0.527940	4.1900	C1(C(=O)OCC)C(N)CCCC1
333333i	333333	CCCCCC	-,-,-,-,-,-	1.538949	1.545626	1.530016	1.526913	1.527591	1.533689	112.814625	110.914037	113.933736	114.238437	114.270709	112.994852	-50.799562	46.807368	-44.714686	0.501905	7.2099	[O-][N+](=O)[CH]1C[CH](Br)[CH](Br)C[CH]1C2=CC=CC=C2
333333i	333333	CCCCCC	-,-,-,-,-,-	1.539023	1.526176	1.524097	1.524106	1.527792	1.537671	110.394741	112.061179	111.527901	111.362194	111.853474	112.010115	-55.237713	54.864999	-54.627410	0.557720	0.4267	CC(C)CNC(=O)CCCCC1CCCCC1
333333i	333333	CCCCCC	-,-,-,-,-,-	1.539024	1.526176	1.524097	1.524106	1.527793	1.537671	110.394678	112.061218	111.527981	111.362228	111.853470	112.010074	-55.237526	54.864772	-54.627357	0.557720	0.4265	OC(=O)CCCCCC1CCCCC1
333333i	333333	CCCCCC	-,-,-,-,-,-	1.539549	1.527565	1.524406	1.524375	1.526467	1.538639	110.180883	111.899936	111.764114	111.426847	111.584613	112.000187	54.935958	-54.538030	54.617617	0.559899	0.5639	[O-][N+](=O)CC1CCCCC1
333333i	333333	CCCCCC	-,-,-,-,-,-	1.539651	1.527109	1.524363	1.524425	1.528404	1.537797	110.113232	111.812252	111.538233	111.434372	111.810871	111.744010	-55.485509	54.567062	-54.420066	0.562293	1.0118	OCCNC1CCCCC1
333333i	333333	CCCCCC	-,-,-,-,-,-	1.539666	1.535870	1.525276	1.521901	1.526260	1.534694	114.447737	113.293063	114.291485	111.936422	112.051084	113.911616	-46.098937	52.350934	-54.357713	0.495559	8.4602	I[CH]1CCCC[CH]1S(=O)(=O)C2=CC=CC=C2
333333i	333333	CCCCCC	-,-,-,-,-,-	1.539956	1.527707	1.526648	1.525740	1.526510	1.541263	110.085633	111.566894	111.799356	111.312433	111.582243	111.588683	-55.257337	54.526459	-54.713481	0.565612	1.1948	CC(C)C1CCC(O)CC1.CC(C)C2CCC(O)CC2
333333i	333333	CCCCCC	-,-,-,-,-,-	1.539956	1.527707	1.526649	1.525740	1.526510	1.541263	110.085614	111.566834	111.799385	111.312444	111.582307	111.588728	-55.257455	54.526405	-54.713265	0.565611	1.1949	CC(C)C1CCC(O)CC1.CC(C)C2CCC(O)CC2
333333i	333333	CCCCCC	-,-,-,-,-,-	1.540782	1.540782	1.533537	1.525016	1.525016	1.533537	111.011451	111.929656	111.011385	111.676835	111.544811	111.676884	-53.943706	54.573726	-55.640500	0.560924	0.6799	C[CH]1CCC[CH](C)[CH]1O
333333i	333333	CCCCCC	-,-,-,-,-,-	1.541708	1.530063	1.524020	1.523943	1.529367	1.543150	109.931953	112.531297	111.735487	111.478261	111.533986	112.722063	-54.715714	54.733055	-54.643163	0.554309	0.4372	CCOC(=O)CC1(O)CCCCC1
333333i	333333	CCCCCC	-,-,-,-,-,-	1.542365	1.540792	1.526819	1.524522	1.527631	1.531675	111.342015	110.685480	111.800795	111.807727	111.507785	112.116265	54.754007	-54.964848	54.245681	0.558452	0.8815	O[CH]1CCCC[CH]1CC2=CC=CC=C2
333333i	333333	CCCCCC	-,-,-,-,-,-	1.544786	1.531115	1.530821	1.532127	1.529119	1.539717	109.909317	111.638421	111.833999	110.553477	111.790726	111.881915	55.901947	-55.117240	55.009019	0.568531	0.3912	CC(C)[CH]1CC[CH](C)C[CH]1O
333333i	333333	CCCCCC	-,-,-,-,-,-	1.544975	1.532158	1.526117	1.526926	1.531334	1.533665	109.683498	111.020195	111.211337	112.085654	112.109422	112.085510	-56.949736	54.049014	-52.232014	0.565350	4.0399	CC(=O)O[CH]1CCCC[CH]1OC(C)=O
333333i	333333	CCCCCC	-,-,-,-,-,-	1.545256	1.530688	1.531253	1.532441	1.530645	1.545240	109.523496	112.253669	113.166566	110.366828	113.150457	112.262278	54.842320	-52.457816	52.436412	0.551425	1.9963	CC(C)(C)C1CCC(O)(CC1)C#C
333333i	333333	CCCCCC	-,-,-,-,-,-	1.545741	1.530676	1.522789	1.524107	1.528483	1.540484	109.974845	111.506522	111.789328	111.367979	111.752144	111.799693	-55.479936	54.761006	-54.596245	0.564447	1.0806	CC[CH](C)[CH]1CCCC[CH]1O
333333i	333333	CCCCCC	-,-,-,-,-,-	1.546149	1.530191	1.522723	1.524208	1.528791	1.540576	109.878546	111.778845	111.705950	111.331024	111.811434	111.857558	-55.407830	54.721270	-54.694401	0.563446	0.8661	CC(C)[CH]1CCCC[CH]1O
333333i	333333	CCCCCC	-,-,-,-,-,-	1.546293	1.527514	1.524422	1.524442	1.527654	1.547694	109.250402	112.096111	111.709133	111.192662	111.644774	112.058591	55.704156	-54.805535	54.866275	0.566061	0.9271	CCC(C)(C)C1CCC(O)CC1
333333i	333333	CCCCCC	-,-,-,-,-,-	1.546501	1.544981	1.519597	1.511405	1.546828	1.543347	110.722571	110.458102	109.511003	115.022355	109.086699	110.301195	-54.506542	55.693574	-56.305749	0.583234	3.0302	CC(=O)OC1[CH](OC(C)=O)[CH](OC(C)=O)C2(CO2)[CH](OC(C)=O)[CH]1OC(C)=O
333333i	333333	CCCCCC	-,-,-,-,-,-	1.546847	1.539341	1.526402	1.524593	1.523044	1.530281	111.444445	111.331180	111.804024	111.413577	111.320722	112.205101	-53.640520	55.317372	-55.768717	0.556588	1.4613	O[CH]1CCCC[CH]1C2=CC=CC=C2
333333i	333333	CCCCCC	-,-,-,-,-,-	1.548285	1.534106	1.531059	1.531966	1.528989	1.539468	109.895678	111.047550	111.771121	110.594163	111.840120	111.825987	-56.538760	55.442280	-54.796226	0.572572	1.1682	CC(C)[CH]1CC[CH](C)C[CH]1OC(=O)C2=C(O)C=CC=C2
333333i	333333	CCCCCC	-,-,-,-,-,-	1.548645	1.534396	1.531050	1.531858	1.528867	1.539610	109.925448	111.030920	111.809656	110.580747	111.816536	111.847194	-56.470676	55.476366	-54.853323	0.572391	1.0710	CC(C)[CH]1CC[CH](C)C[CH]1OC(C)=O
333333i	333333	CCCCCC	-,-,-,-,-,-	1.549374	1.535237	1.530311	1.528750	1.533621	1.534072	108.822797	110.560320	110.566903	112.733242	112.500073	111.457638	58.090737	-52.853918	50.668555	0.576596	7.0699	O[CH]1CCCC[CH]1N2C(=O)C3=C(C=CC=C3)C2=O
333333i	333333	CCCCCC	-,-,-,-,-,-	1.550912	1.538313	1.526461	1.524350	1.527775	1.539214	110.221564	111.896460	111.730105	111.978064	111.572383	113.093845	54.517952	-54.530636	53.906078	0.552097	0.7548	CC[C](C)(O)C#C[C]1(O)CCCC[CH]1C
333333i	333333	CCCCCC	-,-,-,-,-,-	1.557612	1.554832	1.542794	1.523063	1.522252	1.536047	110.596547	112.115883	110.975015	112.846082	111.357312	112.619497	-52.265884	53.032780	-54.597956	0.553566	1.2498	C[CH]1CCC[CH](COC(C)=O)[CH]1COC(C)=O
333333i	333333	CCCCCC	-,-,-,-,-,-	1.557975	1.538728	1.524895	1.523359	1.525599	1.544867	109.819719	110.573895	111.997397	111.127862	111.629628	112.040344	-56.064188	55.705248	-55.017469	0.571534	1.2396	CC[CH](C)[CH]1CC[CH](O)C[CH]1C
333333i	333333	CCCCCN	-,-,-,-,-,-	1.521917	1.524349	1.524373	1.522112	1.505148	1.505047	109.529635	111.710358	111.109235	111.741611	109.459266	112.542189	-53.982093	54.038000	-55.499335	0.570216	2.5350	c1c[nH]c(=O)n(c1=O)C[NH+]2CCCCC2
333333i	333333	CCCCCN	-,-,-,-,-,-	1.525830	1.524938	1.524109	1.544259	1.571880	1.532337	112.048122	113.787485	112.357139	110.923782	113.896315	109.941361	16.222769	-58.721989	41.074161	0.733123	89.6693	CC[N+]1(CCCCC[N+]2(CC)CCC[CH](C2)OC(=O)C(C3=CC=CC=C3)C4=CC=CC=C4)CCC[CH](C1)OC(=O)C(C5=CC=CC=C5)C6=CC=CC=C6
333333i	333333	CCCCCN	-,-,-,-,-,-	1.527268	1.522841	1.522267	1.538213	1.552721	1.553383	112.645488	112.696939	110.288842	109.690968	112.935210	108.257242	-56.299554	57.495425	-59.060216	0.575219	3.5222	CC[N+]1(CCCCC[N+]2(CC)CCC[CH](C2)OC(=O)C(C3=CC=CC=C3)C4=CC=CC=C4)CCC[CH](C1)OC(=O)C(C5=CC=CC=C5)C6=CC=CC=C6
333333i	333333	CCCCCN	-,-,-,-,-,-	1.528921	1.522797	1.522891	1.530512	1.472447	1.474161	111.585608	111.255124	110.250992	111.496515	111.497630	110.524020	52.538187	-52.420086	55.883179	0.563574	2.6529	[O-][N+](=O)C1=CC=C(CCN2CCCCC2)C=C1
333333i	333333	CCCCCN	-,-,-,-,-,-	1.528947	1.522870	1.522965	1.530375	1.472537	1.474312	111.519148	111.272469	110.270076	111.476126	111.422683	110.502515	52.479082	-52.408486	55.987468	0.564378	2.8048	C[CH](CN1CCCCC1)SS[CH](C)CN2CCCCC2
333333i	333333	CCCCCN	-,-,-,-,-,-	1.528955	1.522996	1.523061	1.530260	1.472641	1.473845	111.485255	111.270628	110.286573	111.471656	111.396287	110.550079	-52.476252	52.394940	-55.954966	0.564367	2.8193	C[CH](CN1CCCCC1)SS[CH](C)CN2CCCCC2
333333i	333333	CCCCCN	-,-,-,-,-,-	1.528978	1.522837	1.522930	1.530480	1.474906	1.474430	111.539457	111.257986	110.279780	111.473770	111.405005	110.214548	-52.389762	52.315590	-56.124256	0.566141	3.1435	[O-][N+](=O)C1=C(CCN2CCCCC2)C=CC=C1
333333i	333333	CCCCCN	-,-,-,-,-,-	1.529029	1.523074	1.523145	1.530119	1.473857	1.473475	111.392577	111.303777	110.323814	111.421073	111.270642	110.328660	52.277763	-52.281894	56.225088	0.566683	3.3149	N1(C(=C(C(=O)OC)N=N1)CN2CCCCC2)C3C(=NON=3)N
333333i	333333	CCCCCN	-,-,-,-,-,-	1.529060	1.522998	1.523091	1.530434	1.472220	1.473853	111.507206	111.269812	110.283413	111.465905	111.423185	110.510349	-52.445699	52.365248	-55.973841	0.564354	2.8466	O=C(OCCN1CCCCC1)[CH](OCCN2CCCCC2)C3=CC=CC=C3
333333i	333333	CCCCCN	-,-,-,-,-,-	1.529238	1.523921	1.523982	1.529432	1.479867	1.474810	111.032108	111.385363	110.507902	111.316394	110.844715	110.084657	-51.984209	52.170455	-56.677378	0.572022	4.3067	OC1=C(CN2CCCCC2)C3=CC=CC=C3C=C1
333333i	333333	CCCCCN	-,-,-,-,-,-	1.529282	1.520315	1.520181	1.531456	1.473764	1.482291	112.092264	111.178586	109.869969	111.704265	112.292389	109.691829	53.174230	-52.593974	55.761300	0.562979	2.1438	O=C(C[CH](N1CCCCC1)C2=CC=CC=C2)C3=CC=CC=C3
333333i	333333	CCCCCN	-,-,-,-,-,-	1.529660	1.531017	1.531089	1.530747	1.473285	1.472889	111.392455	111.291107	109.605704	111.406956	111.270980	110.303965	-52.729252	52.734691	-56.727973	0.571679	2.7235	N1(C(=C(C(=O)OCC)N=N1)CN2CCC(C)CC2)C3C(=NON=3)N
333333i	333333	CCCCCN	-,-,-,-,-,-	1.529875	1.529936	1.531547	1.530790	1.473018	1.471336	110.767683	111.961017	109.978529	112.410035	111.348583	110.435733	-51.000441	49.832034	-54.677493	0.562548	5.2846	N1(C(=C(C(=O)OCC)N=N1)CN2CCC(C(=O)OCC)CC2)C3C(=NON=3)N
333333i	333333	CCCCCN	-,-,-,-,-,-	1.530048	1.525104	1.525059	1.530164	1.468147	1.466157	110.736603	111.314769	110.546877	111.375612	110.726902	111.717236	52.299431	-52.228140	55.565177	0.563828	3.0203	O=C(OCCN1CCCCC1)[CH](OCCN2CCCCC2)C3=CC=CC=C3
333333i	333333	CCCCCN	-,-,-,-,-,-	1.530113	1.525023	1.525175	1.530428	1.468834	1.465708	110.793522	111.435149	110.548779	111.256308	110.537431	111.740267	-52.090605	52.471772	-56.046562	0.564449	3.1183	O=C(CCCCCCCCC(=O)CN1CCCCC1)CN2CCCCC2
333333i	333333	CCCCCN	-,-,-,-,-,-	1.530184	1.523093	1.523025	1.529013	1.473668	1.473753	111.284669	111.428154	110.315928	111.297247	111.405421	110.303325	-52.278246	52.284373	-56.369132	0.566720	3.3148	N1(C(=C(C(=O)OCC)N=N1)CN2CCCCC2)C3C(=NON=3)N
333333i	333333	CCCCCN	-,-,-,-,-,-	1.530278	1.523438	1.523407	1.529161	1.470427	1.472242	111.256536	111.444704	110.334497	111.271295	111.387520	110.734302	52.318950	-52.370180	56.186639	0.564281	2.9212	N1(N=NC2C=CC=CC(C1=O)=2)CN3CCCCC3
333333i	333333	CCCCCN	-,-,-,-,-,-	1.530450	1.522974	1.522911	1.528916	1.473061	1.471776	111.441014	111.500615	110.262249	111.256366	111.539071	110.682296	-52.431835	52.543874	-56.195897	0.563060	2.5805	COC1=CC2=C(C=C1)N(CCCCCCCN3CCCCC3)CCC2
333333i	333333	CCCCCN	-,-,-,-,-,-	1.530632	1.525073	1.525040	1.530444	1.466687	1.466679	110.592821	111.340230	110.509012	111.358142	110.642587	112.105589	52.560164	-52.494357	55.485346	0.563137	2.5849	O=C(CCCCCCCCC(=O)CN1CCCCC1)CN2CCCCC2
333333i	333333	CCCCCN	-,-,-,-,-,-	1.530636	1.522805	1.522699	1.528900	1.473936	1.472404	111.519942	111.507144	110.234841	111.250072	111.625664	110.525974	-52.436218	52.554402	-56.267037	0.563265	2.5873	COC1=CC2=C(NCCCCCN3CCCCC3)C4=CC=C(Cl)C=C4N=C2C=C1
333333i	333333	CCCCCN	-,-,-,-,-,-	1.530807	1.523004	1.522944	1.528857	1.470833	1.471346	111.368691	111.527362	110.256394	111.224515	111.521913	110.821376	52.423193	-52.562061	56.215631	0.562673	2.5207	Cc1nn(c(=S)s1)CN2CCCCC2
333333i	333333	CCCCCN	-,-,-,-,-,-	1.530878	1.524050	1.523910	1.529638	1.469488	1.471659	110.774190	111.449705	110.427220	111.299364	110.924365	111.195982	52.363940	-52.388255	56.107156	0.566180	3.1681	O=C([CH](CC1=CC=CC=C1)N2CCCCC2)C3=CC=CC=C3
333333i	333333	CCCCCN	-,-,-,-,-,-	1.530911	1.522028	1.522054	1.528430	1.476652	1.474972	111.651161	111.616735	110.139365	111.171811	111.767916	110.237314	-52.521083	52.792581	-56.627877	0.564031	2.5088	OC(CN1CCCCC1)(C2=CC=CC=C2)C3=CC=CC=C3
333333i	333333	CCCCCN	-,-,-,-,-,-	1.531196	1.523553	1.523444	1.529547	1.469854	1.471274	110.981473	111.449323	110.348335	111.252571	111.176001	110.720583	-52.264849	52.274622	-56.316666	0.566923	3.3407	CCCCO[CH](N1CCCCC1)C2=CC=CC=C2
333333i	333333	CCCCCN	-,-,-,-,-,-	1.533704	1.528254	1.524116	1.529961	1.473580	1.478595	111.320410	110.688801	110.501162	111.678320	111.039379	110.075172	-52.187348	52.189521	-56.224564	0.571636	3.9536	N1(C(=C(C(=O)OCC)N=N1)CN2CC(C(=O)OCC)CCC2)C3C(=NON=3)N
333333i	333333	CCCCCN	-,-,-,-,-,-	1.539940	1.524539	1.522250	1.529562	1.471411	1.480252	109.861574	112.486716	110.259625	111.898356	111.411572	112.428556	-52.511265	51.710095	-54.665825	0.555009	2.4806	N1(C(=C(C(=O)OCC)N=N1)CN2C(C)CCCC2)C3C(=NON=3)N
333333i	333333	CCCCCO	-,-,-,-,-,-	1.530978	1.536476	1.539477	1.542299	1.449507	1.437494	108.918311	109.985146	112.075557	110.428449	108.179599	113.540965	50.974452	-50.763501	54.864481	0.577930	6.0834	OCC1OC(C(O)C(O)C1O)C2c3cccc(O)c3C(=O)c4c(O)cc(CO)cc24
333333i	333333	CCCCCO	-,-,-,-,-,-	1.532252	1.529021	1.527554	1.542363	1.429232	1.441018	110.753512	109.509617	111.009647	109.335150	110.921502	112.413045	-53.704922	53.324887	-56.142334	0.573424	1.6322	OC[CH]1O[CH](O[CH]2[CH](O)[CH](CO)O[C]2(CO)O[CH]3O[CH](CO)[CH](O)[CH](O)[CH]3O)[CH](O)[CH](O)[CH]1O
333333i	333333	CCCCCO	-,-,-,-,-,-	1.532295	1.530421	1.531817	1.541685	1.430575	1.441724	110.445696	109.554040	111.219696	108.963253	110.489398	112.163477	-53.259121	53.292420	-56.953772	0.579207	2.6582	OC[CH]1O[CH](SC2=C(Cl)C=CC(=C2)Cl)[CH](O)[CH](O)[CH]1O
333333i	333333	CCCCCO	-,-,-,-,-,-	1.534586	1.530653	1.525486	1.538605	1.426448	1.437537	110.258331	109.804541	110.869738	109.396650	110.242700	112.527674	53.014720	-53.379219	57.131689	0.576805	2.5801	OC[CH]1O[CH](O[CH]2[CH](O)[CH](O)[CH](O)O[CH]2CO)[CH](O)[CH](O)[CH]1O
333333i	333333	CCCCCO	-,-,-,-,-,-	1.534707	1.539018	1.539568	1.544283	1.437673	1.436838	110.877487	109.434657	110.768403	109.279255	109.305248	113.052792	52.984319	-54.482505	57.701064	0.581610	2.6071	CC(=O)OC[CH]1O[CH](OC2=C(C)C=CC=C2)[CH](OC(C)=O)[CH](OC(C)=O)[CH]1OC(C)=O
333333i	333333	CCCCCO	-,-,-,-,-,-	1.535576	1.529006	1.531635	1.541380	1.429551	1.445850	112.088123	110.328773	110.677176	110.085195	110.933045	113.379881	52.195887	-53.740332	56.369462	0.556073	1.9921	OC[CH]1O[CH](OC2=CC=C(O)C=C2)[CH](O)[CH](O)[CH]1O
333333i	333333	CCCCCO	-,-,-,-,-,-	1.535758	1.542021	1.536965	1.547007	1.433350	1.443075	110.061121	108.606568	110.521642	109.526783	110.097054	112.984994	55.193062	-54.188174	55.839132	0.587151	1.7673	CCC(=O)OC[CH]1O[CH](OC2=CC=C(C=C2)N=NC3=CC=CC=C3)[CH](OC(=O)CC)[CH](OC(=O)CC)[CH]1OC(=O)CC
333333i	333333	CCCCCO	-,-,-,-,-,-	1.535951	1.525917	1.525552	1.520271	1.425072	1.430714	112.279173	112.744624	112.106142	110.726844	111.057997	113.285295	-44.508895	48.720458	-56.739067	0.525390	8.4294	CO[CH]1OCCC[CH]1Br
333333i	333333	CCCCCO	-,-,-,-,-,-	1.536235	1.539594	1.536346	1.542036	1.428379	1.434385	110.686132	110.100554	110.727966	110.412634	110.381928	113.203279	51.680295	-51.680837	55.380618	0.564987	2.7466	CC(=O)OC[CH]1O[CH](O[CH]2[CH](COC(C)=O)O[CH](SC3=CC=CC=C3)[CH](OC(C)=O)[CH]2OC(C)=O)[CH](OC(C)=O)[CH](OC(C)=O)[CH]1OC(C)=O
333333i	333333	CCCCCO	-,-,-,-,-,-	1.536390	1.526838	1.529866	1.539101	1.451011	1.423880	110.395113	109.441684	111.231989	110.687407	111.715267	112.538974	-53.580673	50.406432	-51.743986	0.562893	4.9228	CO[CH]1O[CH]([CH](O)[CH](O)CO)[CH](O)[CH](O)[CH]1O
333333i	333333	CCCCCO	-,-,-,-,-,-	1.536409	1.528396	1.532516	1.543365	1.429849	1.428500	109.663703	108.695532	111.387485	111.100864	111.563396	115.067613	-55.109047	50.399309	-48.962364	0.556087	6.7342	OC[CH]1O[CH](OC2=C(C(=O)CCC3=CC=C(O)C=C3)C(=CC(=C2)O)O)[CH](O)[CH](O)[CH]1O
333333i	333333	CCCCCO	-,-,-,-,-,-	1.536656	1.534036	1.524221	1.538912	1.420146	1.434075	111.198390	109.956421	111.102709	110.169017	111.649017	112.647549	-51.729276	51.319063	-54.969368	0.557105	2.3703	C[CH]1O[CH](O)[CH](O)[CH](O)[CH]1O
333333i	333333	CCCCCO	-,-,-,-,-,-	1.536675	1.531057	1.526450	1.537893	1.431334	1.440233	113.043604	112.828252	111.050534	109.776415	110.057023	116.701408	-48.199621	55.023092	-58.292492	0.526904	10.4664	OC[CH]1O[CH](OC[CH](O)[CH](O)[CH](O)[CH](O)C=O)[CH](O)[CH](O)[CH]1O
333333i	333333	CCCCCO	-,-,-,-,-,-	1.536796	1.537419	1.534663	1.542995	1.438374	1.436940	110.994672	110.209588	109.992415	109.540740	109.469708	113.170556	-53.053362	55.092537	-58.418524	0.578640	2.8506	CC(=O)OC[CH]1O[CH](OC(C)=O)[CH](OC(C)=O)[CH](OC(C)=O)[CH]1OC(C)=O
333333i	333333	CCCCCO	-,-,-,-,-,-	1.536886	1.526813	1.529821	1.538827	1.448497	1.423977	110.617745	109.360414	111.123443	110.596214	111.734962	112.950793	-53.945218	51.091944	-51.898091	0.561057	4.1887	CO[CH]1O[CH]([CH](O)CO)[CH](O)[CH](O)[CH]1O
333333i	333333	CCCCCO	-,-,-,-,-,-	1.536887	1.530868	1.524118	1.537547	1.416687	1.436839	111.563655	110.044920	110.716128	109.414594	111.029249	113.803327	-52.772712	54.330284	-56.945320	0.559158	2.2043	OC[CH]1O[CH](O[CH]2[CH](CO)O[CH](SC3=CC=CC=C3)[CH](O)[CH]2O)[CH](O)[CH](O)[CH]1O
333333i	333333	CCCCCO	-,-,-,-,-,-	1.536991	1.541588	1.535592	1.541597	1.432816	1.435890	111.648635	110.494052	110.721837	111.526237	110.510711	114.591375	50.812292	-51.370998	53.774865	0.544553	1.1602	CC(=O)OC[CH]1O[CH](SC2=C(Cl)C=CC(=C2)Cl)[CH](OC(C)=O)[CH](OC(C)=O)[CH]1OC(C)=O
333333i	333333	CCCCCO	-,-,-,-,-,-	1.537129	1.539282	1.542228	1.553858	1.436660	1.439965	110.940370	109.591024	110.268931	108.798407	110.249234	113.966610	-55.013674	55.565167	-56.874597	0.578643	1.7353	CC(=O)OC[CH]1O[CH](OC(C)=O)[CH](NC(=O)OCC2=CC=CC=C2)[CH](OC(C)=O)[CH]1OC(C)=O
333333i	333333	CCCCCO	-,-,-,-,-,-	1.537173	1.537922	1.531822	1.542855	1.424689	1.440194	110.959898	110.141978	110.502347	109.017393	112.108278	115.726416	-55.429546	54.937556	-54.312250	0.553504	4.1119	CC(=O)OC[CH]1O[CH](O[CH]2[CH]3CO[CH](O3)[CH]4OC(C)(C)O[CH]24)[CH](OC(C)=O)[CH](OC(C)=O)[CH]1OC(C)=O
333333i	333333	CCCCCO	-,-,-,-,-,-	1.537208	1.528259	1.537878	1.536951	1.435113	1.421487	111.333375	109.081129	110.486498	110.330197	112.048849	115.160143	55.527971	-53.255578	51.381770	0.552040	4.6270	O[CH]1O[CH]([CH](O)[CH](O)[CH]1O)C(O)=O
333333i	333333	CCCCCO	-,-,-,-,-,-	1.537782	1.536718	1.536047	1.542555	1.441217	1.439084	111.908133	109.711625	110.612402	110.123799	109.996491	115.586944	-53.787940	55.612542	-55.386218	0.556500	3.2784	CC(=O)OC[CH]1O[CH](SC2=C3C=CC=CC3=CC=C2)[CH](OC(C)=O)[CH](OC(C)=O)[CH]1OC(C)=O
333333i	333333	CCCCCO	-,-,-,-,-,-	1.537804	1.542930	1.538211	1.545223	1.432047	1.442509	110.664264	108.098401	111.653360	108.778236	111.133953	113.636989	-55.245656	54.063123	-54.648626	0.576306	1.5955	CC(=O)OC[CH]1O[CH](OCCCC2=CC=CC=C2)[CH](OC(C)=O)[CH](OC(C)=O)[CH]1OC(C)=O
333333i	333333	CCCCCO	-,-,-,-,-,-	1.538593	1.538342	1.534327	1.546665	1.426690	1.437100	110.868450	109.649989	112.697500	110.388302	110.535288	112.477197	-49.055314	48.720471	-53.976958	0.558122	6.2809	OC[CH]1O[CH](OC[CH]2O[CH](O[C]3(CO)O[CH](CO)[CH](O)[CH]3O)[CH](O)[CH](O)[CH]2O)[CH](O)[CH](O)[CH]1O
333333i	333333	CCCCCO	-,-,-,-,-,-	1.539242	1.528346	1.526053	1.536367	1.423780	1.442766	112.653987	112.945421	110.876452	109.726413	112.303067	115.035279	49.113200	-52.867828	56.719676	0.523154	6.7544	OC[CH]1O[CH](O[CH]2O[CH](CO)[CH](O)[CH](O)[CH]2O)[CH](O)[CH](O)[CH]1O
333333i	333333	CCCCCO	-,-,-,-,-,-	1.539353	1.542040	1.536371	1.541628	1.439226	1.434786	110.800074	110.239991	110.221100	110.241121	109.160590	112.650567	-51.471999	53.382550	-58.001567	0.577997	3.7643	CC(=O)OC[CH](OC(C)=O)[CH](OC(C)=O)[CH]1O[CH](OC(C)=O)[CH](OC(C)=O)[CH](OC(C)=O)[CH]1OC(C)=O.CC(=O)OC[CH](OC(C)=O)[CH](OC(C)=O)[CH]2O[CH](OC(C)=O)[CH](OC(C)=O)[CH](OC(C)=O)[CH]2OC(C)=O
333333i	333333	CCCCCO	-,-,-,-,-,-	1.539353	1.542040	1.536371	1.541629	1.439226	1.434786	110.800038	110.239954	110.221099	110.241171	109.160610	112.650561	-51.472056	53.382451	-58.001404	0.577997	3.7642	CC(=O)OC[CH](OC(C)=O)[CH](OC(C)=O)[CH]1O[CH](OC(C)=O)[CH](OC(C)=O)[CH](OC(C)=O)[CH]1OC(C)=O.CC(=O)OC[CH](OC(C)=O)[CH](OC(C)=O)[CH]2O[CH](OC(C)=O)[CH](OC(C)=O)[CH](OC(C)=O)[CH]2OC(C)=O
333333i	333333	CCCCCO	-,-,-,-,-,-	1.539438	1.525599	1.530152	1.533791	1.442549	1.426849	110.322646	109.570979	110.682413	109.716871	110.858904	112.074350	-53.698564	52.911303	-55.703302	0.576783	2.4892	CO[CH]1O[CH](CO)[CH](O)[CH](O)[CH]1O
333333i	333333	CCCCCO	-,-,-,-,-,-	1.539912	1.546774	1.533698	1.547853	1.436224	1.438998	110.232797	109.922423	110.621719	109.297989	109.485398	111.866451	52.078136	-53.276735	58.567457	0.588136	4.2357	CC(=O)OC[CH]1O[CH](OC(C)=O)[CH](OC(C)=O)[CH](OC(C)=O)[CH]1O[CH]2O[CH](COC(C)=O)[CH](OC(C)=O)[CH](OC(C)=O)[CH]2OC(C)=O
333333i	333333	CCCCCO	-,-,-,-,-,-	1.540331	1.525397	1.534408	1.534004	1.439120	1.427993	110.906050	109.886169	111.211789	110.086317	110.779271	112.580965	51.912572	-51.899463	55.213951	0.564723	2.8644	OC[CH](O)[CH](O)[CH](O[CH]1O[CH](CO)[CH](O)[CH](O)[CH]1O)C(=O)CO
333333i	333333	CCCCCO	-,-,-,-,-,-	1.540361	1.537650	1.538218	1.544830	1.431664	1.441423	111.763026	110.466009	111.468538	109.180568	112.572803	116.606022	53.958507	-53.901811	52.699948	0.534870	4.7972	CC(=O)OC[CH]1O[CH](OC[CH]2O[CH](OC(C)=O)[CH](OC(C)=O)[CH](OC(C)=O)[CH]2OC(C)=O)[CH](OC(C)=O)[CH](OC(C)=O)[CH]1OC(C)=O
333333i	333333	CCCCCO	-,-,-,-,-,-	1.540789	1.530880	1.531472	1.541557	1.430143	1.441476	111.873976	110.163182	110.306042	110.115838	111.112429	113.067321	52.714643	-53.830200	56.429853	0.560824	1.2983	OC[CH]1O[CH](OC2=C(C=CC=C2)[N+]([O-])=O)[CH](O)[CH](O)[CH]1O
333333i	333333	CCCCCO	-,-,-,-,-,-	1.540977	1.536859	1.520147	1.533579	1.421550	1.446602	110.936552	110.413603	112.325247	109.433963	111.824810	113.977215	50.980227	-51.770185	55.259754	0.546084	2.2148	OC[CH](O)[CH](O)[CH]1O[CH](O)[CH](O)[CH](O)[CH]1O
333333i	333333	CCCCCO	-,-,-,-,-,-	1.541557	1.529128	1.527719	1.526288	1.430529	1.427033	111.328668	110.234238	110.292447	109.812242	111.968678	113.203458	53.134535	-53.421919	55.752919	0.557665	0.4726	CO[CH]1OC[CH](O)[CH](O)[CH]1O
333333i	333333	CCCCCO	-,-,-,-,-,-	1.541714	1.534940	1.538414	1.541891	1.434132	1.434932	110.797465	109.505524	109.920233	108.871381	111.155643	113.431825	55.496936	-55.450101	56.683528	0.578084	1.4795	CO[CH]1O[CH](COS(=O)(=O)C2=CC=C(C)C=C2)[CH](OC(=O)C3=CC=CC=C3)[CH](OC(=O)C4=CC=CC=C4)[CH]1OC(=O)C5=CC=CC=C5
333333i	333333	CCCCCO	-,-,-,-,-,-	1.541796	1.530150	1.530786	1.539578	1.426886	1.442880	110.892480	111.007077	111.091840	109.766091	110.265154	114.191272	51.187156	-53.282559	56.958391	0.556653	3.3766	OC[CH](O)[CH]1O[CH](OC2=CC=CC=C2)[CH](O)[CH](O)[CH]1O
333333i	333333	CCCCCO	-,-,-,-,-,-	1.542310	1.540495	1.534022	1.538070	1.428850	1.435327	112.227350	110.068024	110.561414	109.416623	109.777026	114.012351	51.503163	-55.448928	58.812880	0.564594	4.7734	CC(=O)OC[CH]1O[CH](O[C]2(COC(C)=O)O[CH](COC(C)=O)[CH](OC(C)=O)[CH]2OC(C)=O)[CH](OC(C)=O)[CH](OC(C)=O)[CH]1OC(C)=O
333333i	333333	CCCCCO	-,-,-,-,-,-	1.542568	1.542470	1.534973	1.545033	1.429108	1.440273	111.565048	109.636351	111.627488	108.652616	112.465323	114.965480	54.057188	-53.904033	54.239450	0.550772	2.5657	CC(=O)OC[CH]1O[CH](O[CH]([CH](COC(C)=O)OC(C)=O)[CH](OC(C)=O)[CH](COC(C)=O)OC(C)=O)[CH](OC(C)=O)[CH](OC(C)=O)[CH]1OC(C)=O
333333i	333333	CCCCCO	-,-,-,-,-,-	1.542815	1.540164	1.538196	1.541444	1.432144	1.436075	112.523839	109.500893	110.139380	108.834742	110.184449	113.212606	-53.067966	56.540394	-59.336514	0.574996	4.3711	CC(=O)OC[CH]1O[CH](OC[CH]2O[CH](O[CH](C#N)C3=CC=CC=C3)[CH](OC(C)=O)[CH](OC(C)=O)[CH]2OC(C)=O)[CH](OC(C)=O)[CH](OC(C)=O)[CH]1OC(C)=O
333333i	333333	CCCCCO	-,-,-,-,-,-	1.543376	1.530976	1.533141	1.526959	1.431087	1.441380	110.543029	109.504943	110.942956	110.040802	111.892693	112.251761	-53.098671	52.034629	-54.916173	0.567266	2.6743	OC[CH]1OC[CH](O)[CH](O)[CH]1O
333333i	333333	CCCCCO	-,-,-,-,-,-	1.544486	1.530906	1.526961	1.525108	1.428907	1.429684	111.084014	110.411575	110.591477	109.620959	111.622874	113.698264	52.636771	-53.663155	56.309597	0.556661	1.3488	OCC1(O)OCC(O)C(O)C1O
333333i	333333	CCCCCO	-,-,-,-,-,-	1.544725	1.538750	1.551049	1.555348	1.432798	1.433914	111.244123	108.267766	109.498578	109.001668	109.671237	113.763530	-56.353424	57.006989	-57.218959	0.592149	2.1042	COC[CH]1O[CH](O[C]2(COC)O[CH](COC)[CH](OC)[CH]2OC)[CH](OC)[CH](OC)[CH]1OC
333333i	333333	CCCCCO	-,-,-,-,-,-	1.545171	1.543195	1.544871	1.544104	1.436160	1.428524	110.829479	108.709945	110.393908	108.447125	110.540783	113.766050	55.369129	-55.804938	56.905422	0.583889	1.2954	CCCCOC1OC(CON(=O)=O)C(ON(=O)=O)C(ON(=O)=O)C1ON(=O)=O
333333i	333333	CCCCCO	-,-,-,-,-,-	1.546674	1.534462	1.541180	1.541368	1.441438	1.430144	111.390934	109.104494	110.182089	108.768002	110.906362	113.575324	55.318767	-56.110441	56.865377	0.577723	2.1242	CO[CH]1O[CH]([CH](COC(C)=O)OC(C)=O)[CH](OC(C)=O)[CH](OC(C)=O)[CH]1OC(C)=O
333333i	333333	CCCCCO	-,-,-,-,-,-	1.546844	1.534109	1.537942	1.538483	1.438659	1.429953	111.487895	109.128259	110.195018	109.325418	111.125338	113.474852	54.825801	-55.341436	56.217039	0.572510	1.5637	CO[CH]1O[CH](COC(C)=O)[CH](OC(C)=O)[CH](OC(C)=O)[CH]1OC(C)=O
333333i	333333	CCCCCO	-,-,-,-,-,-	1.551827	1.531500	1.525661	1.528291	1.432930	1.431037	110.667493	110.526736	110.615703	110.527594	112.928306	114.377782	53.444564	-51.927899	52.714966	0.544240	2.4206	CO[C]1(CO)OC[CH](O)[CH](O)[CH]1O
333333i	333333	CCCCNC	-,-,-,-,-,-	1.526224	1.522521	1.524310	1.465339	1.487136	1.542370	111.670792	110.569488	110.954767	111.574988	111.700256	109.523558	52.659909	-56.013539	59.550975	0.567920	2.6948	O[CH]([CH]1CCCCN1)C2=C3C=CC=C(Cl)C3=NC(=C2)C4=CC=C(Cl)C=C4
333333i	333333	CCCCNC	-,-,-,-,-,-	1.526625	1.524884	1.526823	1.464503	1.472741	1.538723	111.263853	110.681042	111.144104	111.816487	111.102206	110.588174	51.699702	-55.443924	59.316223	0.563551	3.2913	COC1=CC(=C2N=CC=CC2=C1)NCCC[CH]3CCCCN3
333333i	333333	CCCCNC	-,-,-,-,-,-	1.526964	1.524965	1.526753	1.463675	1.470367	1.536547	111.014354	110.382880	111.254153	111.669818	111.690935	110.695163	-52.489869	55.124595	-58.321273	0.562830	2.1598	COC1=CC(=C2N=CC=CC2=C1)NCCCCCC[CH]3CCCCN3
333333i	333333	CCCCNC	-,-,-,-,-,-	1.527061	1.523378	1.525232	1.462263	1.472237	1.537670	111.584427	110.745209	111.035672	111.315754	112.016930	110.243175	-52.204414	55.772788	-59.475244	0.561151	2.7793	COC1=CC(=C2N=CC=CC2=C1)NCCCCCCC[CH]3CCCCN3
333333i	333333	CCCCNC	-,-,-,-,-,-	1.527062	1.523396	1.525251	1.462355	1.472542	1.537647	111.578170	110.750728	111.036897	111.305871	111.961258	110.237256	52.179996	-55.808084	59.548705	0.561560	2.8638	COC1=CC(=C2N=CC=CC2=C1)NCCCC[CH]3CCCCN3
333333i	333333	CCCCNC	-,-,-,-,-,-	1.527536	1.524684	1.526531	1.467059	1.489946	1.535458	111.278303	111.008039	111.205424	111.613890	110.706372	110.689665	-51.806263	56.021190	-59.617843	0.565359	3.8163	O[CH]([CH]1CCCCN1)C2=C3C=CC=CC3=NC(=C2)C4=CC(=C(Cl)C=C4)Cl
333333i	333333	CCCCNC	-,-,-,-,-,-	1.547561	1.547561	1.540418	1.470565	1.470565	1.540418	111.939185	110.751553	111.939163	111.123547	111.706986	111.123561	49.242069	-54.624680	60.022832	0.555409	5.2467	CCOC(=O)[CH]1[CH](C)N[CH](C)[CH]([CH]1C)C(=O)OCC
333333i	333333	CCCCNN	-,-,-,-,-,-	1.531875	1.528704	1.528457	1.472304	1.459438	1.487683	109.033521	110.567974	110.923310	110.432652	108.475384	108.927350	49.692059	-53.695120	62.444225	0.603699	8.8908	C1(C(=O)O)NNCCC1
333333i	333333	CCCCOC	-,-,-,-,-,-	1.524044	1.521867	1.520334	1.426265	1.445970	1.532209	112.497414	110.502965	110.869568	111.457861	114.070042	111.230210	-51.872221	56.160069	-58.682531	0.535685	3.3944	c1ccc(cc1)S(=O)(=O)[C@@H]2CCCCO2
333333i	333333	CCCCOC	-,-,-,-,-,-	1.524791	1.523704	1.536149	1.433479	1.431851	1.538076	111.478312	111.226146	109.705412	110.377874	112.869640	108.133956	50.421588	-55.447376	63.918059	0.571880	5.2608	CNC(=O)[CH](C)[CH]1N([CH]2CC[CH](O)[CH](C)O2)C(=O)C(=C(O)C=CC(C)=C[CH](C)[CH]3O[C]4(C)O[CH](C=C[C]45CO5)[CH]3C)C1=O
333333i	333333	CCCCOC	-,-,-,-,-,-	1.525594	1.524483	1.522608	1.427910	1.438758	1.533437	110.545596	110.484605	110.748319	110.912220	112.243100	110.225076	51.546530	-55.802952	61.342789	0.564636	3.4400	NC1=CC=C(C=C1)S(=O)(=O)NC[CH]2CCCCO2
333333i	333333	CCCCOC	-,-,-,-,-,-	1.527719	1.529241	1.541159	1.426618	1.430746	1.526237	109.844120	110.278700	110.231562	111.424854	113.218397	112.038102	53.130594	-54.774364	57.803416	0.556656	0.5497	O[CH]1CO[CH](OCC2=CC=CC=C2)[CH](O)[CH]1O
333333i	333333	CCCCOC	-,-,-,-,-,-	1.531849	1.535956	1.531833	1.433387	1.433150	1.543798	108.915260	110.684908	109.750598	111.977008	112.965309	109.355903	52.251144	-53.220008	59.661582	0.576480	4.3415	c1ccc(cc1)O[C@@H]2[C@@H]([C@@H]([C@@H](CO2)O)O)O
333333i	333333	CCCCOC	-,-,-,-,-,-	1.538078	1.534109	1.545578	1.430145	1.433690	1.529995	109.419316	110.052070	109.084752	111.649149	113.063538	111.884624	-54.729827	56.096800	-58.460783	0.569488	1.6467	CC(=O)O[CH]1CO[CH](OCC2=CC=CC=C2)[CH](OC(C)=O)[CH]1OC(C)=O
333333i	333333	CCCCOC	-,-,-,-,-,-	1.539606	1.538233	1.542716	1.439817	1.423926	1.531430	109.345400	110.423371	109.802065	109.062231	113.064717	112.880261	-55.101843	58.371574	-61.108997	0.571777	3.8832	CC(=O)O[CH]1CO[CH](OC2=C(Br)C=C(Br)C=C2Br)[CH](OC(C)=O)[CH]1OC(C)=O
333333i	333333	CCCCON	-,-,-,-,-,-	1.532284	1.529636	1.524488	1.431696	1.465025	1.470918	108.702158	111.455154	110.453699	108.470198	108.204211	105.059749	46.442236	-53.472926	68.495197	0.629972	13.9021	Cc1cnc(cn1)CNC(=O)CCN2CCCCO2
333333i	333333	CCCNCC	-,-,-,-,-,-	1.521167	1.530489	1.479966	1.479967	1.530489	1.521166	110.112566	111.405394	111.625827	108.965379	111.626003	111.405438	-57.045938	59.718549	-59.718331	0.572469	4.0794	C1CCN(CC1)C(C2=CC=CC=C2)C3=CC=CC=C3
333333i	333333	CCCNCC	-,-,-,-,-,-	1.522288	1.527796	1.470100	1.469647	1.528346	1.522293	110.128320	111.250531	112.137471	110.135487	112.166103	111.391513	-56.213610	58.115752	-57.883369	0.559557	2.2608	C1CCN(CC1)P(=S)(O)O
333333i	333333	CCCNCC	-,-,-,-,-,-	1.525220	1.524403	1.527172	1.547141	1.542926	1.529205	111.982350	112.105784	112.193164	110.923405	113.487610	110.268211	54.825953	-52.253775	52.199126	0.548624	1.8746	C[N+]1(C)CCC[CH](C1)OCCCCCCCCCCCCCCO[CH]2CCC[N+](C)(C)C2
333333i	333333	CCCNCC	-,-,-,-,-,-	1.525417	1.523108	1.518007	1.518009	1.523107	1.525419	111.388866	111.741266	109.031988	111.973328	109.031322	111.740676	-55.939573	59.405841	-59.407062	0.579017	3.6997	C1CC[NH+](CC1)/C=C/C=C/C=[N+]2CCCCC2
333333i	333333	CCCNCC	-,-,-,-,-,-	1.525467	1.527416	1.463403	1.463403	1.527416	1.525467	110.546817	111.265618	111.471784	111.461905	111.471793	111.265629	55.389005	-58.545295	58.545267	0.557255	2.5055	SC(=S)N1CCCCC1.C2CCNCC2
333333i	333333	CCCNCC	-,-,-,-,-,-	1.526631	1.523195	1.494144	1.494154	1.523192	1.526630	111.358684	111.727626	108.994139	114.896483	108.994096	111.727213	-54.183349	57.492134	-57.492721	0.559975	1.0365	C1CC[NH+](CC1)c2c(c(=[N+]3CCCCC3)c2=O)[O-]
333333i	333333	CCCNCC	-,-,-,-,-,-	1.527463	1.525882	1.462980	1.465536	1.540580	1.539047	110.494144	111.375730	111.430816	111.338715	111.810224	110.148419	-55.955242	58.694514	-58.976350	0.563825	1.9845	CN1CCC[CH]1[CH]2CCCNC2
333333i	333333	CCCNCC	-,-,-,-,-,-	1.531844	1.530453	1.470014	1.470479	1.532026	1.532096	109.707250	111.329909	110.950583	111.046000	110.675090	111.375406	-56.452479	59.759161	-59.794837	0.572435	2.7865	C[CH]1CCN(CC1)[CH](CC(=O)C2=CC=CC=C2)C(=O)C3=CC=CC=C3
333333i	333333	CCCNCC	-,-,-,-,-,-	1.533371	1.530397	1.479310	1.479271	1.531754	1.531344	108.981108	111.669772	111.479368	108.647382	111.763001	111.623101	58.030021	-60.276645	60.117436	0.578716	3.9098	CCCCCCCCCC1CCN(CC1)C(C2=CC=C(NC(C)=O)C=C2)C3=CC=C(NC(C)=O)C=C3
333333i	333333	CCCNCC	-,-,-,-,-,-	1.533944	1.530481	1.473350	1.472828	1.529721	1.535497	109.139662	111.628387	111.630156	110.092244	111.181045	111.834368	56.621309	-59.444562	59.503220	0.570692	3.0874	CCCCCC[CH]1CCN(CC1)C[CH](O)C2=CC=C(C=C2)[N+]([O-])=O
333333i	333333	CCCNCC	-,-,-,-,-,-	1.537182	1.530331	1.465214	1.465141	1.531992	1.535921	109.380991	111.710545	110.440820	111.874823	110.758524	111.647813	56.462808	-59.704917	59.499509	0.568125	2.5671	CCCCCCC1CCN(CC1)CC(=O)C2=CC=CC=C2
333333i	333333	CCCNCC	-,-,-,-,-,-	1.537548	1.527151	1.461881	1.461800	1.528767	1.536301	109.417382	111.622308	111.330961	111.260101	111.652510	111.561441	56.277842	-59.035748	58.824885	0.561734	2.3922	CCCCCCCCC1CCNCC1
333333i	333333	CCCOCC	-,-,-,-,-,-	1.524535	1.533331	1.416201	1.443704	1.545103	1.534552	110.296189	109.379848	112.060396	114.762788	112.916771	112.170911	58.581294	-57.275367	51.149008	0.535130	7.7472	OC[CH]1O[CH](O[CH]2[CH](O)[CH](O)[CH](O)O[CH]2CO)[CH](O)[CH](O)[CH]1O
333333i	333333	CCCOCC	-,-,-,-,-,-	1.524803	1.529861	1.431064	1.428356	1.521423	1.522658	110.088582	111.570373	111.321808	113.156034	111.406884	110.333901	-53.103489	57.420682	-59.629245	0.550046	2.3925	C1CCO[C@@H](C1)ON2C(=O)CCC2=O
333333i	333333	CCCOCC	-,-,-,-,-,-	1.529053	1.518017	1.422806	1.433397	1.541019	1.532822	110.458806	111.279570	110.609791	115.842154	110.584289	114.448101	-56.760424	60.355681	-54.248464	0.520596	7.3082	N#CC1(CC(C)(C)OCC1)O
333333i	333333	CCCOCC	-,-,-,-,-,-	1.533195	1.524785	1.426612	1.425496	1.523167	1.531046	110.542732	111.840256	110.588690	112.187441	110.347339	111.336275	-53.995053	62.060639	-63.104574	0.553572	6.5666	OC(=O)C1CCOCC1
333333i	333333	CCCOCC	-,-,-,-,-,-	1.542738	1.522903	1.425081	1.425515	1.524247	1.544211	109.037095	111.176535	110.294865	112.679047	110.507208	111.427482	56.666991	-62.307343	61.697368	0.564390	3.6282	OC(=O)C1(CCOCC1)C(O)=O
333333i	333333	CCCOCC	-,-,-,-,-,-	1.548584	1.546279	1.428447	1.420119	1.518855	1.527757	110.827321	110.945963	112.187881	114.163463	109.108084	111.949667	-49.260517	58.793084	-62.040051	0.542581	6.5766	CO[CH]1C[CH](O[CH](C)[CH]1O[CH]2O[CH](CO)[CH](O)[CH](O)[CH]2O)O[CH]3CC[C]4(C=O)[CH]5CC[C]6(C)[CH](CC[C]6(O)[CH]5CC[C]4(O)C3)C7=CC(=O)OC7
333333i	333333	CCCOCO	-,-,-,-,-,-	1.535172	1.539279	1.437829	1.424681	1.427135	1.442511	108.891783	108.819137	108.339264	111.853662	110.539970	111.166074	-55.187351	59.026965	-62.474009	0.583519	0.3454	OC[CH](O)[CH]1OC(O[CH]([CH](O)CO)C1O)C2=CC=CC=C2
333333i	333333	CCCOCO	-,-,-,-,-,-	1.535592	1.537255	1.449835	1.422855	1.424642	1.442559	109.316451	107.798948	108.504556	110.904611	111.417423	110.549586	56.462905	-59.512968	62.227512	0.590470	0.9098	OC[CH](O)[CH]1OCO[CH]([CH](O)CO)[CH]1O
333333i	333333	CCCOCO	-,-,-,-,-,-	1.538082	1.535318	1.441292	1.421946	1.420473	1.439143	110.457087	111.518984	109.279879	110.015251	111.492423	113.346398	-51.165578	59.500768	-64.690198	0.548177	8.3761	OC[CH]1OCO[CH](CO)[CH]1O
333333i	333333	CCCOCO	-,-,-,-,-,-	1.539311	1.539535	1.432214	1.424910	1.426659	1.431446	109.668813	108.029598	109.322387	111.510160	111.706737	111.473561	55.309752	-58.472003	60.691033	0.572913	0.9981	CC(=O)OC[CH](OC(C)=O)[CH]1OC(O[CH]([CH](COC(C)=O)OC(C)=O)C1OC(C)=O)C2=CC=CC=C2
333333i	333333	CCNCCC	-,-,-,-,-,-	1.523370	1.493878	1.491318	1.521919	1.541180	1.541146	113.193240	109.023718	113.856650	109.148237	113.057914	109.563828	58.513291	-58.716455	54.944153	0.560199	3.0412	COC(=O)c1ccoc1CC2CC[NH2+]CC2
333333i	333333	CCNCCC	-,-,-,-,-,-	1.525911	1.460716	1.459587	1.527756	1.543070	1.545893	112.228334	111.425986	110.843852	111.525954	112.171056	108.373272	59.443450	-59.433286	56.411692	0.563342	2.9513	N1(C(C2=CC=CC=C(CC1)2)C3CCNCC3)C
333333i	333333	CCNCCC	-,-,-,-,-,-	1.526073	1.503946	1.508439	1.520142	1.547509	1.541302	114.866371	110.543935	112.283515	108.893372	113.103301	110.278360	-57.122043	60.848602	-57.503594	0.552200	8.3719	[H]/N=C/1\\CC2(CC[NH+](CC2)C)c3c(nc([nH]3)COC)O1
333333i	333333	CCNCCC	-,-,-,-,-,-	1.528765	1.461831	1.461653	1.527230	1.537429	1.536227	111.541288	111.702616	111.332224	111.362932	111.581657	109.399614	-58.620118	58.873650	-56.291934	0.561374	2.1584	COC1=CC(=C2N=CC=CC2=C1)NCCCC3CCNCC3
333333i	333333	CCNCCC	-,-,-,-,-,-	1.543012	1.466408	1.466408	1.543012	1.532351	1.532351	113.868090	112.104113	119.253842	112.104103	113.868090	110.620424	45.560227	-45.560238	47.310207	0.479986	7.4575	C12(C(OC(O1)=O)=C)CC(NC(C2)(C)C)(C)C
333333i	333333	CCNCCC	-,-,-,-,-,-	1.548488	1.471799	1.461379	1.524049	1.524187	1.537449	110.331619	110.611710	111.975242	111.197961	111.075796	110.939819	-59.189844	59.562487	-56.015356	0.566703	2.3676	C[CH]1CCCN[CH]1C
333333i	333333	CCNCCN	-,-,-,-,-,-	1.541546	1.474556	1.474556	1.541546	1.489554	1.489554	109.934212	112.871696	109.412937	112.871552	109.934140	111.589013	55.850312	-55.850515	56.125766	0.561558	0.2502	S(N1CCNCC1)(C2C=CC(Br)=CC=2)(=O)=O
333333i	333333	CCNCCN	-,-,-,-,-,-	1.545116	1.474779	1.474701	1.546790	1.480299	1.479943	112.357181	111.995120	109.222475	112.215851	112.274549	108.455223	-55.081135	54.937430	-56.846100	0.561537	0.5710	N1(C(=C(C(=O)OCC)N=N1)CN2CCN(CC2)C)C3C(=NON=3)N
333333i	333333	CCNCCN	-,-,-,-,-,-	1.546157	1.473869	1.473332	1.544399	1.477770	1.478572	112.803363	113.319023	108.283920	112.874126	112.671148	109.808604	54.795766	-55.430643	56.439348	0.543288	2.4269	COC1=CC(=C2N=CC=CC2=C1)NCCCCCCN3CCNCC3.OC(=O)C(O)=O
333333i	333333	CCNCCN	-,-,-,-,-,-	1.546474	1.470098	1.469829	1.544614	1.483391	1.484531	112.257565	113.055316	109.329527	113.001661	112.351806	108.689935	-53.711363	53.758602	-56.241763	0.549592	1.2495	C1CN(CC[NH2+]1)CC/[NH+]=C(/C(=[NH+]/CCN2CCNCC2)/[S-])\\[S-]
333333i	333333	CCNCCN	-,-,-,-,-,-	1.546751	1.468312	1.468226	1.546249	1.482106	1.482166	115.021037	112.941644	110.577356	112.852663	114.851728	108.058732	51.599761	-51.929550	53.987127	0.517025	0.5352	C1(C(=O)NCCN2CCNCC2)=C(O)C=CC=C1
333333i	333333	CCNCCN	-,-,-,-,-,-	1.548713	1.478627	1.475747	1.545982	1.475034	1.476690	111.738898	112.348866	109.122330	112.314600	111.782135	109.192979	54.595809	-54.803485	57.155993	0.561603	0.8911	O=C(C[CH](N1CCN(CC1)CC2=CC=CC=C2)C(=O)C3=CC=CC=C3)C4=CC=CC=C4
333333i	333333	CCNNCC	-,-,-,-,-,-	1.522130	1.506952	1.439165	1.474078	1.526536	1.526799	110.921858	109.225656	109.573929	110.487050	110.163498	110.970196	61.578545	-65.464383	61.004595	0.587045	6.5795	C1CCN[NH2+]C1
333333i	333333	CCOCCC	-,-,-,-,-,-	1.527001	1.426563	1.430305	1.529734	1.531201	1.534528	110.062697	113.568989	115.939196	112.213042	111.467636	112.146387	-30.776710	-28.356432	59.689573	0.706712	89.9081	C[CH]1CC[C]2(OC1)O[CH]3C[CH]4[CH]5CC[CH]6C[CH](O)CC[C]6(C)[CH]5CC[C]4(C)[CH]3[CH]2C
333333i	333333	CCOCCC	-,-,-,-,-,-	1.528795	1.432695	1.427079	1.525597	1.567706	1.552011	113.564328	111.714335	111.228567	108.404704	112.355615	110.490569	48.080850	-75.461935	34.428998	0.730997	83.8272	c1ccc2c(c1)CN(C(=[NH2+])C23CCOCC3)N
333333i	333333	CCOCCC	-,-,-,-,-,-	1.555158	1.439732	1.426432	1.543910	1.533164	1.541842	110.280555	111.734179	117.258658	112.943958	109.929713	109.455593	50.555955	-51.123152	52.789051	0.542229	8.7133	CO[CH]1[CH](OC(N)=O)[CH](O)[CH](OC2=CC=C3C(=C(NC(=O)C4=CC=C(O)C(=C4)CC=C(C)C)C(=O)OC3=C2C)O)OC1(C)C
333333i	333333	CCOCCN	-,-,-,-,-,-	1.532606	1.435518	1.435702	1.532768	1.497804	1.498272	109.308010	111.268482	110.408647	111.394766	109.432556	109.385137	59.561339	-59.311883	58.106431	0.585131	0.7089	O=S(=O)(N1CCOCC1)N2CCOCC2
333333i	333333	CCOCCN	-,-,-,-,-,-	1.532606	1.435518	1.435703	1.532768	1.497803	1.498272	109.308007	111.268455	110.408551	111.394719	109.432556	109.385097	59.561479	-59.312029	58.106549	0.585133	0.7088	O=S(=O)(N1CCOCC1)N2CCOCC2
333333i	333333	CCOCCN	-,-,-,-,-,-	1.533148	1.431514	1.431534	1.533477	1.474685	1.475526	112.068349	111.177615	109.985316	111.228746	112.098906	108.172806	58.243855	-58.168997	57.470274	0.562855	1.3422	CCCCOP(=O)(N1CCOCC1)N2CCOCC2
333333i	333333	CCOCCN	-,-,-,-,-,-	1.533663	1.432115	1.432101	1.533120	1.471582	1.469941	112.043802	111.117523	109.940561	111.060464	111.992814	109.265355	-58.771651	58.872711	-57.037649	0.558685	2.8405	CCCCOP(=O)(N1CCOCC1)N2CCOCC2
333333i	333333	CCOCCN	-,-,-,-,-,-	1.533710	1.432420	1.431991	1.533534	1.470862	1.472150	111.914728	111.138632	109.865085	111.210060	112.071647	109.091435	-58.794904	58.586347	-56.897255	0.559511	2.5676	O=P(N1CCOCC1)(N2CC2)N3CC3
333333i	333333	CCOCCN	-,-,-,-,-,-	1.533747	1.434493	1.433494	1.534335	1.521163	1.529634	108.364083	110.806022	112.087214	111.027927	108.546434	111.730843	-61.688429	61.440471	-56.460011	0.579819	1.4677	C1CC=C([C@@H](C1)S(=O)(=O)CC#N)[NH+]2CCOCC2
333333i	333333	CCOCCN	-,-,-,-,-,-	1.535532	1.430329	1.432023	1.539311	1.473500	1.471282	115.457334	111.210348	110.212904	111.338945	115.550329	111.246497	59.766124	-59.190248	50.869755	0.509116	13.2965	O=C([CH]([CH](N1CCOCC1)C(=O)C2=CC=CC=C2)N3CCOCC3)C4=CC=CC=C4
333333i	333333	CCOCCN	-,-,-,-,-,-	1.536179	1.433700	1.433957	1.537425	1.479755	1.477536	111.325891	111.100218	109.874165	111.293832	111.242579	108.739390	-58.852721	58.711397	-57.597954	0.570148	1.1936	C1(=C(OC=C1)CN2CCOCC2)C(=O)O
333333i	333333	CCOCCN	-,-,-,-,-,-	1.536292	1.433142	1.432820	1.538374	1.480229	1.482274	111.631197	111.108145	109.832487	111.353200	111.540110	108.279532	58.770639	-58.659872	57.730818	0.569497	1.1905	ClC1=CC=C(C=C1)N2N=CC3=C(NCCCN4CCOCC4)N=CN=C23
333333i	333333	CCOCCN	-,-,-,-,-,-	1.536383	1.433343	1.432836	1.538307	1.480350	1.482310	111.567624	111.141347	109.871308	111.355390	111.478711	108.249347	58.653826	-58.571486	57.804275	0.570000	0.9620	COC1=CC(=C2N=CC=CC2=C1)NC(=O)CCN3CCOCC3
333333i	333333	CCOCCN	-,-,-,-,-,-	1.536440	1.433615	1.434193	1.537791	1.476889	1.477303	111.423356	111.113652	109.764771	111.340364	111.355806	109.009008	-58.988566	58.845962	-57.393167	0.567662	1.7711	C1CN(CCO1)CCN2CCOCC2
333333i	333333	CCOCCN	-,-,-,-,-,-	1.537032	1.434659	1.433065	1.536234	1.477624	1.479359	111.454234	111.181173	109.802716	111.013510	111.432378	108.875758	59.003800	-59.256113	58.053514	0.569032	1.8815	[O-][N+](=O)C1=CC=C(C=C1)C(=O)OC2=C(CN3CCOCC3)C4=C(C=CC=C4)C=C2
333333i	333333	CCOCCN	-,-,-,-,-,-	1.537376	1.433750	1.433025	1.536362	1.478808	1.480964	111.313101	111.185926	109.880124	111.048893	111.434207	108.538571	-58.889848	58.938756	-58.094806	0.571138	1.2149	C1(C=C(C(=O)O)OC=1C)CN2CCOCC2
333333i	333333	CCOCCN	-,-,-,-,-,-	1.537409	1.432149	1.431824	1.537758	1.484201	1.481973	111.739613	111.115118	109.623876	111.185392	111.774843	107.709520	-59.036797	58.885309	-58.166953	0.572697	1.1659	CC(=O)NC1=CC=C(C=C1)C(=O)[CH]([CH](N2CCOCC2)C3=CC=CC=C3)N4CCOCC4
333333i	333333	CCOCCN	-,-,-,-,-,-	1.537427	1.432122	1.432136	1.537390	1.481285	1.482858	111.913212	111.100069	109.549484	111.101170	111.879301	108.294158	-59.389734	59.468698	-57.989608	0.568752	2.3590	O=C([CH]([CH](N1CCOCC1)C2=CC=CC=C2)N3CCOCC3)C4=CC=CC=C4
333333i	333333	CCOCCN	-,-,-,-,-,-	1.537620	1.433280	1.433170	1.536135	1.480610	1.481940	111.282321	111.325894	109.958829	111.114291	111.341265	108.163319	-58.404360	58.579033	-58.397683	0.572600	0.4909	N1(C(=C(C(=O)N)N=N1)CN2CCOCC2)C3C(=NON=3)N
333333i	333333	CCOCCN	-,-,-,-,-,-	1.537644	1.433105	1.433203	1.536170	1.480846	1.481390	111.318156	111.259525	109.939764	111.077794	111.391642	108.224035	58.588116	-58.703547	58.296538	0.572376	0.6789	N1(C(=C(C(=O)OCC)N=N1)CN2CCOCC2)C3C(=NON=3)N
333333i	333333	CCOCCN	-,-,-,-,-,-	1.537646	1.433083	1.433238	1.536173	1.480808	1.481159	111.326830	111.239306	109.928924	111.065193	111.406484	108.266521	-58.658878	58.756275	-58.255484	0.572216	0.7788	N1(C(=C(C(=O)O)N=N1)CN2CCOCC2)C3C(=NON=3)N
333333i	333333	CCOCCN	-,-,-,-,-,-	1.537954	1.431151	1.432481	1.536570	1.491450	1.486722	111.578116	111.429555	109.801352	111.233358	111.551934	106.625064	58.063599	-58.175701	59.094435	0.578845	0.9027	CC(=O)NC1=CC=C(C=C1)C(=O)[CH]([CH](N2CCOCC2)C3=CC=CC=C3)N4CCOCC4
333333i	333333	CCOCCN	-,-,-,-,-,-	1.538168	1.434406	1.434283	1.538573	1.468254	1.473233	110.785184	111.472156	110.001875	111.210422	110.442860	109.825513	-58.087232	58.794661	-58.194470	0.568695	1.2422	CCOC(=O)NC1=CC=C(C=C1)C(=O)[CH]([CH](N2CCOCC2)C3=CC=CC=C3)N4CCOCC4
333333i	333333	CCOCCN	-,-,-,-,-,-	1.538298	1.433421	1.434095	1.538317	1.472250	1.472490	114.114768	113.035213	113.226859	113.608643	110.502972	111.558253	-34.441110	-21.326627	62.415987	0.695660	87.2803	O=C([CH]([CH](N1CCOCC1)C(=O)C2=CC=CC=C2)N3CCOCC3)C4=CC=CC=C4
333333i	333333	CCOCCN	-,-,-,-,-,-	1.539014	1.434812	1.431984	1.538445	1.472463	1.476418	110.600263	111.349930	110.084910	111.469524	110.946485	109.247927	58.350484	-57.984645	57.354799	0.569369	0.5576	CCOC(=O)NC1=CC=C(C=C1)C(=O)[CH]([CH](N2CCOCC2)C3=CC=CC=C3)N4CCOCC4
333333i	333333	CCOCCN	-,-,-,-,-,-	1.540190	1.434051	1.432464	1.536471	1.473467	1.468723	111.218979	111.805159	109.851018	111.190922	111.172849	110.282337	58.383017	-59.015228	57.445102	0.558979	2.7440	O=C([CH]([CH](N1CCOCC1)C2=CC=CC=C2)N3CCOCC3)C4=CC=CC=C4
333333i	333333	CCOCCO	-,-,-,-,-,-	1.546060	1.436206	1.432259	1.524868	1.432259	1.436206	113.356848	113.356881	112.087693	111.292118	111.292140	112.087666	-49.113650	55.087914	-58.412858	0.512746	8.1702	Cl[CH]1OCCO[CH]1Cl
333333i	333333	CCOCNC	-,-,-,-,-,-	1.530057	1.434277	1.410382	1.484889	1.520537	1.535258	108.608461	110.467699	112.282962	111.079444	110.636625	111.757125	-62.654305	62.705427	-55.917095	0.561852	4.5109	C[C@@]1(C[NH+](COC1)C)[N+](=O)[O-]
333333i	333333	CCOCOC	-,-,-,-,-,-	1.535654	1.447668	1.427397	1.425247	1.429368	1.529487	109.084537	108.771150	111.284810	110.410188	111.023634	109.722910	-58.275471	62.824418	-62.880211	0.578450	2.0738	O[CH]1CO[CH](O[CH]1[CH](O)[CH]2O[CH](OC[CH]2O)C3=CC=CC=C3)C4=CC=CC=C4
333333i	333333	CCOCOC	-,-,-,-,-,-	1.536779	1.433480	1.426656	1.426603	1.424750	1.528858	108.315777	109.252865	110.801004	111.196710	111.077391	111.042239	-59.499269	62.773729	-60.848566	0.570735	2.5979	CC(=O)O[CH]1CO[CH](O[CH]1[CH](OC(C)=O)[CH]2O[CH](OC[CH]2OC(C)=O)C3=CC=CC=C3)C4=CC=CC=C4
333333i	333333	CCOCOC	-,-,-,-,-,-	1.539039	1.439398	1.429800	1.423800	1.429078	1.526481	112.029879	111.208897	113.699096	111.234883	110.214093	109.145379	47.730205	-58.597271	65.275359	0.541126	10.8767	O[CH]1CO[CH](O[CH]1[CH]2O[CH](OC[CH]2O)C3=CC=CC=C3)C4=CC=CC=C4
333333i	333333	CCOCOC	-,-,-,-,-,-	1.539375	1.439002	1.422502	1.422158	1.432500	1.529903	108.508357	108.622298	110.584081	111.091829	110.969276	109.755862	-59.722393	63.383904	-62.178461	0.582193	1.7588	O[CH]1COCO[CH]1[CH]2OCOC[CH]2O
333333i	333333	CCOCOC	-,-,-,-,-,-	1.542076	1.433962	1.426182	1.426672	1.424892	1.529894	108.203427	109.759817	111.018868	110.354141	111.052796	111.061842	-58.954322	63.323799	-62.312231	0.571300	3.2852	CC(=O)O[CH]1CO[CH](O[CH]1[CH]2O[CH](OC[CH]2OC(C)=O)C3=C(C=CC=C3)[N+]([O-])=O)C4=C(C=CC=C4)[N+]([O-])=O
333333i	333333	CCOCOC	-,-,-,-,-,-	1.543512	1.434170	1.422505	1.419288	1.424942	1.527454	109.151398	110.509212	110.880772	111.396292	110.484876	111.141819	-56.222391	63.037099	-63.391024	0.558827	4.8027	O[CH]1COCO[CH]1[CH](O)[CH]2OCOC[CH]2O
333333i	333333	CCOCOC	-,-,-,-,-,-	1.544200	1.439065	1.421640	1.418161	1.430275	1.537382	108.297965	112.095156	113.186138	112.644439	110.855147	112.872232	29.668210	32.004220	-68.953634	0.721264	89.0123	CO[CH]1COCO[CH]1[CH](OC)[CH]2OCOC[CH]2OC
333333i	333333	CCOCOC	-,-,-,-,-,-	1.545723	1.432037	1.424952	1.422024	1.425247	1.531352	111.660721	111.005239	113.521765	110.881368	110.314570	111.506765	-50.363092	61.824489	-64.458479	0.531385	10.8033	CC(=O)O[CH]1CO[CH](O[CH]1[CH]2O[CH](OC[CH]2OC(C)=O)C3=CC=CC=C3)C4=CC=CC=C4
333333i	333333	CNCCCC	-,-,-,-,-,-	1.468316	1.463069	1.526785	1.524866	1.526219	1.534832	110.756919	111.660151	111.470853	111.242391	110.548326	111.234565	-58.850139	55.352358	-52.126506	0.561153	2.5694	C[CH]1CCCCN1
333333i	333333	CNCCCC	-,-,-,-,-,-	1.469571	1.463230	1.526810	1.524997	1.527022	1.536646	110.622320	111.754591	111.618957	111.265060	110.410688	111.025639	-58.414885	55.066486	-52.401745	0.562781	2.2669	CCCCCC[CH]1CCCCN1
333333i	333333	CNCCCC	-,-,-,-,-,-	1.483621	1.477686	1.527151	1.518153	1.520496	1.546102	110.615788	111.300283	111.953026	110.575655	109.747792	112.582713	-58.388007	57.823066	-54.486818	0.564405	2.0008	C[CH]1CCCCN1[CH](CC(=O)C2=CC=CC=C2)C(=O)C3=CC=CC=C3
333333i	333333	CNCCCC	-,-,-,-,-,-	1.484185	1.525454	1.533998	1.535522	1.543716	1.535874	110.614870	114.210341	106.824320	108.373786	112.029849	111.353815	62.290178	-61.332277	59.400717	0.591150	8.5799	C([C@@H]1[C@H]([C@@H]([C@@H]([C@@H]([NH2+]1)S(=O)(=O)[O-])O)O)O)O
333333i	333333	CNCCCC	-,-,-,-,-,-	1.517936	1.516205	1.520963	1.523400	1.525590	1.532296	108.657916	114.179588	109.621656	112.164233	111.153660	113.099786	-56.735771	54.601149	-54.027190	0.556706	1.4081	C[C@@H]1CCCC[NH+]1Cc2nnnn2Nc3cccc(c3)[N+](=O)[O-]
333333i	333333	CNCCNC	-,-,-,-,-,-	1.472003	1.472003	1.543355	1.472003	1.472003	1.543354	112.761688	109.377547	112.761775	112.761697	109.377507	112.761602	-53.676488	55.511066	-53.676763	0.541786	0.0004	C1CNCCN1
333333i	333333	CNCCNC	-,-,-,-,-,-	1.476415	1.472587	1.550544	1.476416	1.472588	1.550543	112.020525	109.531910	112.716288	112.020787	109.531936	112.716217	54.563406	-55.923923	54.163748	0.550277	0.0006	C[CH]1CN[CH](C)CN1
333333i	333333	CNCCNC	-,-,-,-,-,-	1.501053	1.496894	1.550084	1.473277	1.462437	1.554103	110.083197	112.989906	109.033644	112.008720	112.577469	110.788771	-58.067749	5.675527	52.805198	0.735439	89.7628	C1CN(CC[NH2+]1)CC/[NH+]=C(/C(=[NH+]/CCN2CCNCC2)/[S-])\\[S-]
333333i	333333	CNCCOC	-,-,-,-,-,-	1.473030	1.473030	1.535998	1.434766	1.434768	1.536001	111.932061	108.992127	111.931772	111.087979	109.964762	111.088211	-53.590872	57.199567	-58.597811	0.561930	2.2077	SC(=S)N1CCOCC1.C2COCCN2
333333i	333333	CNCCOC	-,-,-,-,-,-	1.506923	1.501413	1.529878	1.431978	1.444622	1.546397	111.535873	112.326236	109.649302	111.395127	114.580521	110.730117	-53.343749	55.694987	-58.332938	0.537780	3.1454	C1CCC(C1)n2nc(nn2)C[C@@H]3C[NH2+]CCO3
333333i	333333	COCCCC	-,-,-,-,-,-	1.425113	1.427113	1.523503	1.525104	1.524258	1.529078	109.668227	111.702613	110.506978	110.813461	110.607210	110.779181	63.186289	-55.473692	49.885982	0.568190	5.7398	CCOP(=O)(CO[C@@H]1CCCCO1)OCC
333333i	333333	COCCCC	-,-,-,-,-,-	1.432181	1.430050	1.536717	1.540811	1.544180	1.549902	112.813097	112.782528	110.224152	107.334528	110.874622	110.016566	63.236229	-62.041629	56.744613	0.577368	7.8136	CC(=O)OC[CH]1O[CH](O[CH]2[CH](COC(C)=O)O[CH](SC3=CC=CC=C3)[CH](OC(C)=O)[CH]2OC(C)=O)[CH](OC(C)=O)[CH](OC(C)=O)[CH]1OC(C)=O
333333i	333333	COCCCC	-,-,-,-,-,-	1.436932	1.430466	1.540352	1.531574	1.541439	1.548442	110.791870	114.504420	110.086584	109.401760	111.422814	110.680959	-61.599188	57.290964	-53.412633	0.559107	3.8935	OC[CH]1O[CH](O[CH]2[CH](CO)O[CH](SC3=CC=CC=C3)[CH](O)[CH]2O)[CH](O)[CH](O)[CH]1O
333333i	333333	COCCCC	-,-,-,-,-,-	1.439623	1.428473	1.521530	1.523189	1.526730	1.531715	110.748330	114.021470	111.121726	110.720674	110.472596	112.137603	-59.564618	56.014220	-51.851610	0.543129	2.8634	N#C[CH]1CCCCO1
333333i	333333	COCCCO	-,-,-,-,-,-	1.432441	1.422326	1.515724	1.516419	1.423074	1.433936	113.377775	112.391773	110.068481	109.601336	111.030917	113.084442	-56.227056	55.017083	-53.319421	0.530776	4.1579	CCOP(=O)(C1OCCCO1)OCC
333333i	333333	COCCNC	-,-,-,-,-,-	1.434192	1.433613	1.536439	1.477302	1.476887	1.537793	111.340278	109.765136	111.113919	111.423531	109.009161	111.356038	-58.988034	57.851228	-54.353791	0.567656	1.7710	C1CN(CCO1)CCN2CCOCC2
333333i	333333	COCCOC	-,-,-,-,-,-	1.432015	1.445385	1.581318	1.445385	1.432014	1.526266	112.039534	112.318159	111.471308	111.471323	112.318145	112.039532	52.174081	-50.757314	52.174103	0.523736	1.8001	C1COC(C(O1)(Cl)Cl)(Cl)Cl
333333i	333333	COCCOC	-,-,-,-,-,-	1.433576	1.437400	1.537447	1.446524	1.435342	1.526275	110.316225	110.274382	110.641261	109.581197	110.339947	110.427725	-57.975910	57.575240	-57.692054	0.575423	0.2720	C1CO[C@@H](CO1)CCl
333333i	333333	COCCOC	-,-,-,-,-,-	1.435587	1.434768	1.527761	1.436093	1.448335	1.534426	110.673220	110.247133	110.610614	110.451634	109.828702	109.725717	-57.373429	58.152703	-58.497987	0.575817	1.0130	NC1=CC=C(C=C1)S(=O)(=O)NC[CH]2COCCO2
333333i	333333	COCCOC	-,-,-,-,-,-	1.439345	1.433637	1.526599	1.434794	1.436314	1.536774	110.565497	109.852471	110.077629	110.723637	110.614817	109.789987	58.460211	-58.236134	57.728029	0.574632	0.8943	O=C([CH]1COCCO1)C2=CC=CC=C2
333333i	333333	COCCOC	-,-,-,-,-,-	1.439560	1.435030	1.545423	1.439839	1.441937	1.539343	112.020173	110.780407	110.796745	111.822233	110.757777	110.939435	55.391971	-56.018585	55.580293	0.547980	0.3905	OCC1OC2(COC3(CO2)OC(CO)C(O)C3O)C(O)C1O
333333i	333333	COCCOC	-,-,-,-,-,-	1.442216	1.441085	1.527870	1.435011	1.430944	1.537543	109.083589	110.484426	110.826999	110.048243	110.358804	109.936716	-57.361590	56.689483	-58.187552	0.579716	2.1496	C[N+](C)(C)C[CH]1COCCO1
333333i	333333	COCOCC	-,-,-,-,-,-	1.419903	1.423898	1.420806	1.441386	1.539539	1.534111	112.399838	110.467464	109.089353	112.238028	109.681161	109.612864	-64.335244	65.574034	-57.139132	0.559006	8.4566	O=C(O[CH]1CO[CH](O[CH]1[CH]2O[CH](OC[CH]2OC(=O)C3=CC=CC=C3)C4=CC=CC=C4)C5=CC=CC=C5)C6=CC=CC=C6
333333i	333333	COCOCC	-,-,-,-,-,-	1.423603	1.422900	1.421082	1.428630	1.538341	1.527767	110.662023	110.926640	111.454609	111.544208	109.945480	108.464637	61.390153	-61.460780	57.211472	0.562623	1.6736	CC1=CC=C(C=C1)S(=O)(=O)O[CH]2COCO[CH]2[CH](OS(=O)(=O)C3=CC=C(C)C=C3)[CH]4OCOC[CH]4OS(=O)(=O)C5=CC=C(C)C=C5
333333i	333333	COCOCC	-,-,-,-,-,-	1.426072	1.425316	1.425575	1.443912	1.539956	1.526814	110.990154	111.175770	111.773509	113.635556	109.448030	109.976078	-59.998280	59.011254	-53.647739	0.543426	2.7748	O=C(O[CH]1CO[CH](O[CH]1[CH](OC(=O)C2=CC=CC=C2)[CH]3O[CH](OC[CH]3OC(=O)C4=CC=CC=C4)C5=CC=CC=C5)C6=CC=CC=C6)C7=CC=CC=C7
333333i	333333	COCOCC	-,-,-,-,-,-	1.427477	1.422319	1.422035	1.423400	1.519650	1.525933	109.570970	111.093473	112.008813	110.962143	110.108510	109.126115	60.976687	-60.706668	57.251629	0.562795	0.7742	C[CH]1CCOCO1
333333i	333333	CSCSCN	-,-,-,-,-,-	1.810904	1.814638	1.814638	1.810904	1.452713	1.452713	111.085681	99.705745	111.811341	99.705750	111.085674	113.190802	-57.145719	57.145729	-60.943884	0.731535	2.0336	C[CH]1N[CH](C)S[CH](C)S1
333333i	333333	CSCSCS	-,-,-,-,-,-	1.803373	1.803373	1.803373	1.803373	1.803373	1.803373	112.836488	98.996242	112.836486	98.996234	112.836486	98.996239	-68.188995	68.189000	-68.189002	0.850605	0.0000	C1SCSCS1
333333i	333333	NCCCCC	-,-,-,-,-,-	1.469616	1.529493	1.524455	1.524455	1.529493	1.469616	111.184568	111.136124	111.340239	110.466764	111.340239	111.136129	-55.801865	52.276271	-52.276269	0.563122	2.8893	CN1CCCCC1
333333i	333333	NCCCCC	-,-,-,-,-,-	1.472125	1.530621	1.522927	1.522839	1.528942	1.473448	110.619774	111.497650	111.508656	110.249653	111.247571	111.591307	-55.791818	52.429419	-52.566378	0.562947	2.5491	CCN1CCCCC1
333333i	333333	NCCCCC	-,-,-,-,-,-	1.472839	1.530461	1.522940	1.522841	1.528980	1.474656	110.443174	111.472827	111.480843	110.264301	111.265807	111.559054	55.975682	-52.394436	52.488057	0.564309	2.7964	N1(CCC(=O)OC)CCCCC1
333333i	333333	NCCCCC	-,-,-,-,-,-	1.473303	1.544235	1.530688	1.522978	1.528946	1.469507	110.936330	112.239473	109.894138	111.062295	111.264781	111.004656	-54.997647	52.063217	-53.602029	0.565612	2.3473	CN1CCCC(C1)OC(C2=CC=CC=C2)C3=CC=C(Cl)C=C3.OC(=O)C=CC(O)=O
333333i	333333	NCCCCC	-,-,-,-,-,-	1.474461	1.529024	1.523100	1.523185	1.530166	1.474335	110.389274	111.444353	111.291812	110.318715	111.447183	111.330667	56.313531	-52.376928	52.349107	0.565831	3.1075	OCCN1CCCCC1
333333i	333333	NCCCCC	-,-,-,-,-,-	1.474826	1.532218	1.520908	1.521103	1.530319	1.478162	109.764595	111.703253	111.729758	110.023058	111.152534	111.509141	-55.821689	52.200817	-52.886939	0.568036	3.2451	N1(C(CN)(C)C)CCCCC1
333333i	333333	NCCCCC	-,-,-,-,-,-	1.475191	1.539334	1.528643	1.522362	1.530960	1.472053	110.458539	112.823897	110.062830	110.522727	111.585760	111.511719	-55.570414	52.474775	-53.619782	0.562729	1.4952	CCN1CCC[CH](C1)OC(=O)[CH](C2CCCCC2)C3=CC=CC=C3
333333i	333333	NCCCCC	-,-,-,-,-,-	1.475432	1.543079	1.528737	1.521376	1.528669	1.471664	110.773580	112.744399	110.452754	110.858492	111.141068	111.368784	53.946766	-51.740899	53.915929	0.560687	2.4391	CCN1CCC[CH](C1)OC(=O)C(C2=CC=CC=C2)C3=CC=CC=C3
333333i	333333	NCCCCC	-,-,-,-,-,-	1.475477	1.551481	1.538653	1.525656	1.527878	1.468635	110.955820	112.036263	109.276911	110.778576	111.350960	111.001540	-55.794477	52.813686	-54.172398	0.572193	1.7559	CN1CCC[CH](C1)N[CH](C2=CC=CC=C2)C3=CC=C(Cl)C=C3
333333i	333333	NCCCCC	-,-,-,-,-,-	1.475817	1.551481	1.538742	1.525579	1.527786	1.468468	110.953118	112.102011	109.296865	110.805905	111.336365	110.990452	-55.623088	52.704805	-54.198466	0.571719	1.7660	CN1CCC[CH](C1)NC(C2=CC=CC=C2)C3=CC=CC=C3
333333i	333333	NCCCCC	-,-,-,-,-,-	1.477620	1.544784	1.530342	1.527578	1.529178	1.468158	111.162626	112.358859	110.425716	111.181488	111.443720	111.203337	-54.038198	51.132890	-52.857143	0.558510	2.7715	CN1CCC[CH](C1)OC(=O)C(C2=CC=CC=C2)C3=CC=CC=C3
333333i	333333	NCCCCC	-,-,-,-,-,-	1.483404	1.538440	1.526204	1.527127	1.531246	1.474895	109.914487	110.517170	110.907369	111.014608	111.891826	111.561929	57.691682	-51.775323	50.255636	0.570148	5.8672	CCN1CCC[CH](O)C1
333333i	333333	NCCCCC	-,-,-,-,-,-	1.484639	1.551713	1.534492	1.526722	1.531824	1.471432	110.429831	112.109887	110.559252	110.108527	111.709019	111.470859	-55.318462	52.256918	-53.637893	0.567776	2.0139	CCN1CCC[CH](C1)N2C3=C(SC4=C2C=CC=C4)C=CC=C3
333333i	333333	NCCCCC	-,-,-,-,-,-	1.504636	1.522298	1.537864	1.537895	1.519471	1.506713	111.691249	110.090714	113.026822	110.264217	113.036357	109.606686	54.616816	-50.587039	51.324700	0.562856	5.1697	C[NH+]1CCC2(CC1)NC(=O)C3CC[NH+](CC3=N2)C
333333i	333333	NCCCCC	-,-,-,-,-,-	1.509433	1.521907	1.529415	1.528301	1.522543	1.509348	112.847168	109.990733	111.704212	109.818357	111.893552	110.152504	-56.064931	56.042465	-55.681055	0.569826	0.8503	C[NH+]1CCC(CC1)OC(=O)[C@@](c2ccccc2)(c3ccns3)O
333333i	333333	NCCCCC	-,-,-,-,-,-	1.535086	1.523086	1.522514	1.522327	1.524048	1.535152	110.090257	111.635717	111.781070	111.643169	112.060935	112.024616	55.640092	-53.921160	53.148773	0.556844	2.0545	CCCCCCCCCCCCOC(=O)C[N+]1(C)CCCCC1
333333i	333333	NCCCCC	-,-,-,-,-,-	1.548846	1.543061	1.527803	1.524431	1.523062	1.528078	111.182670	113.597664	111.182450	112.213544	111.911462	112.004884	50.723528	-52.613840	55.763859	0.542008	3.1058	C[N+]1(C)CCC[CH](C1)OC(=O)C(O)(C2=CC=CC=C2)C3=CC=CC=C3
333333i	333333	NCCCCC	-,-,-,-,-,-	1.549726	1.541099	1.525484	1.520290	1.524775	1.533238	110.044200	113.527583	110.351985	111.471042	112.198821	112.118246	-53.875240	54.651054	-56.421896	0.555576	1.6748	CC[N+]1(C)CCC[CH](C1)OC(=O)C(O)(C2=CC=CC=C2)C3=CC=CC=C3
333333i	333333	NCCCCC	-,-,-,-,-,-	1.555438	1.540211	1.533416	1.530614	1.519905	1.537954	112.097981	112.644489	110.491143	113.257877	112.460089	110.738164	60.570165	-32.233025	-27.535548	0.742188	89.5228	C[N+]1(C)CCC[CH](C1)OCCCCCCCCCCCCCCO[CH]2CCC[N+](C)(C)C2
333333i	333333	NCCNCC	-,-,-,-,-,-	1.474684	1.545777	1.481317	1.480587	1.547035	1.474277	109.222121	112.035971	112.503708	108.393310	112.385963	112.147990	57.057404	-55.195691	55.088983	0.560727	0.3081	CN1CCN(CCCN2c3ccccc3Sc4ccc(cc24)C(F)(F)F)CC1
333333i	333333	NCCOCC	-,-,-,-,-,-	1.478310	1.536610	1.432967	1.433222	1.536526	1.478508	108.878077	114.013346	111.228276	110.256188	111.205994	114.022311	-55.167438	58.385508	-58.385045	0.537371	5.6108	CC(=O)OCC(=C=C)ON1CCOCC1
333333i	333333	NCCOCC	-,-,-,-,-,-	1.478588	1.536913	1.433434	1.434446	1.537490	1.481213	108.454763	111.366515	111.124993	109.854037	111.126814	111.186774	-58.040866	58.779772	-58.906207	0.572827	0.9360	OC[CH](O)[CH](O)[CH](O)C(=O)CN1CCOCC1
333333i	333333	NCCOCC	-,-,-,-,-,-	1.479602	1.536468	1.433252	1.433759	1.537396	1.481480	108.415959	111.406212	111.113606	109.896783	111.257038	111.327284	58.159888	-58.771025	58.678024	0.571218	0.9460	CCCCCOC=CCN1CCOCC1
333333i	333333	NCCOCC	-,-,-,-,-,-	1.480204	1.538387	1.433285	1.433022	1.536211	1.481073	108.438636	111.573068	111.390343	109.799633	111.075100	111.612914	57.455872	-58.664344	58.930677	0.568641	1.4814	NCCCN1CCOCC1
333333i	333333	NCCOCC	-,-,-,-,-,-	1.480486	1.534370	1.434067	1.433777	1.533351	1.475234	109.711609	110.709093	111.045390	109.998260	110.997932	110.854975	57.492270	-59.491618	59.503234	0.570929	1.8567	CCS(=O)(=O)NN1CCOCC1
333333i	333333	NCCOCC	-,-,-,-,-,-	1.481734	1.539856	1.431192	1.431787	1.538007	1.485039	107.902525	111.742362	111.498015	109.742211	111.019079	111.577143	57.510789	-58.499657	59.052051	0.571145	1.3195	N1(C(CN)(C)C)CCOCC1
333333i	333333	NCCOCC	-,-,-,-,-,-	1.481835	1.536402	1.433253	1.432831	1.538167	1.480428	108.346047	111.559375	111.107090	109.889458	111.329805	111.478139	-58.070013	58.748213	-58.645324	0.569687	1.1105	CC(C)OC(=O)NCCCN1CCOCC1
333333i	333333	NCCOCC	-,-,-,-,-,-	1.482351	1.538204	1.432819	1.433085	1.536511	1.482441	108.269172	111.492839	111.225524	109.958601	111.043372	111.566241	57.770647	-58.756556	58.868675	0.570630	1.1105	OCCN1CCOCC1
333333i	333333	OCCCCC	-,-,-,-,-,-	1.424857	1.541343	1.524117	1.535827	1.551247	1.440288	115.744507	114.222604	107.071070	110.867487	112.066338	109.725992	-39.688028	62.512492	-25.271160	0.745049	86.9064	COC(C)C(NC(=O)C1CCCN1C)C2OC(SCCOC(=O)C3=C(O)C=CC=C3)C(O)C(O)C2O.OC(=O)C4=C(O)C=CC=C4
333333i	333333	OCCCCC	-,-,-,-,-,-	1.427749	1.546382	1.537860	1.532957	1.549621	1.448726	114.548332	111.335800	111.084523	111.660195	109.443410	112.979503	26.013947	33.620510	-59.743281	0.721818	88.8306	CC(=O)OC[CH]1O[CH](OC[CH]2O[CH](O[CH](C#N)C3=CC=CC=C3)[CH](OC(C)=O)[CH](OC(C)=O)[CH]2OC(C)=O)[CH](OC(C)=O)[CH](OC(C)=O)[CH]1OC(C)=O
333333i	333333	OCCCCC	-,-,-,-,-,-	1.428391	1.546799	1.530336	1.534349	1.531115	1.440433	113.230730	110.972012	110.782886	111.226658	108.858554	109.985734	-52.105110	50.838663	-53.994124	0.568202	4.9720	OC[CH]1O[CH](OC[CH]2O[CH](O[C]3(CO)O[CH](CO)[CH](O)[CH]3O)[CH](O)[CH](O)[CH]2O)[CH](O)[CH](O)[CH]1O
333333i	333333	OCCCCC	-,-,-,-,-,-	1.429165	1.539627	1.538337	1.529555	1.535366	1.418143	117.355058	116.068509	113.905551	112.327264	108.530161	112.585277	42.856466	-4.981107	-44.499961	0.658925	80.3968	CC1(C)[CH](CC[C]2(C)[CH]1CC[C]3(C)[CH]2C(=O)C=C4[CH]5C[C](C)(CC[C]5(C)CC[C]34C)C(O)=O)O[CH]6O[CH]([CH](O)[CH](O)[CH]6O[CH]7O[CH]([CH](O)[CH](O)[CH]7O)C(O)=O)C(O)=O
333333i	333333	OCCCCC	-,-,-,-,-,-	1.429771	1.532010	1.536147	1.540911	1.547143	1.427884	113.329983	111.380732	109.332224	111.622653	108.913249	111.743092	-55.707939	53.107949	-52.149157	0.561244	1.0949	CC1(C)[CH](CC[C]2(C)[CH]1CC[C]3(C)[CH]2C(=O)C=C4[CH]5C[C](C)(CC[C]5(C)CC[C]34C)C(O)=O)O[CH]6O[CH]([CH](O)[CH](O)[CH]6O[CH]7O[CH]([CH](O)[CH](O)[CH]7O)C(O)=O)C(O)=O
333333i	333333	OCCCCC	-,-,-,-,-,-	1.430856	1.543039	1.533307	1.523571	1.550023	1.430488	112.327315	111.887970	110.637962	111.481649	110.083349	110.450766	52.901355	-49.412126	51.425269	0.557501	4.8185	CCOC1=CC=C(N[CH]2O[CH](CO)[CH](O)[CH](O)[CH]2O)C=C1
333333i	333333	OCCCCC	-,-,-,-,-,-	1.435434	1.539642	1.539392	1.541813	1.546699	1.428302	113.768515	111.583913	110.054737	111.093142	111.049297	112.200112	-55.667055	51.584831	-49.734670	0.543625	2.9842	CC(=O)OC[CH]1OC=C[CH](OC(C)=O)[CH]1O[CH]2O[CH](COC(C)=O)[CH](OC(C)=O)[CH](OC(C)=O)[CH]2OC(C)=O
333333i	333333	OCCCCC	-,-,-,-,-,-	1.435472	1.537930	1.532966	1.525894	1.542371	1.428840	112.220497	110.560565	109.569201	110.889412	110.339245	110.955245	57.070029	-52.666883	51.646909	0.569797	3.2955	OC[CH]1OC=C[CH](O)[CH]1O[CH]2O[CH](CO)[CH](O)[CH](O)[CH]2O
333333i	333333	OCCCCC	-,-,-,-,-,-	1.436171	1.545603	1.541995	1.537561	1.542825	1.433185	112.922221	110.559658	110.533093	110.610398	108.928512	110.198902	-53.834792	51.952145	-53.797372	0.576274	3.6254	CC(=O)OC[CH]1O[CH](OC[CH]2O[CH](OC(C)=O)[CH](OC(C)=O)[CH](OC(C)=O)[CH]2OC(C)=O)[CH](OC(C)=O)[CH](OC(C)=O)[CH]1OC(C)=O
333333i	333333	OCCCCC	-,-,-,-,-,-	1.436237	1.537112	1.542193	1.533523	1.545540	1.431792	112.216917	111.032344	110.005952	110.270344	109.966610	111.155658	-56.348340	52.689757	-52.374016	0.570840	1.9873	CCC[CH]1CC=CC=CC=CC=C[CH](C[CH](O)[CH]([CH](O)CC(=O)C[CH](O)CCCC(=O)C[CH](O)[CH](CC)C(=O)O1)C(O)=O)O[CH]2O[CH](C)[CH](O)[CH](N)[CH]2O.OS(O)(=O)=O
333333i	333333	OCCCCC	-,-,-,-,-,-	1.437236	1.540017	1.543274	1.533755	1.547317	1.428839	114.410112	110.763786	112.200546	110.159740	109.721489	111.284376	51.953895	-51.215741	52.418911	0.550835	3.0427	CC(=O)OC[CH]1O[CH](OC(C)=O)[CH](OC(C)=O)[CH](OC(C)=O)[CH]1O[CH]2O[CH](COC(C)=O)[CH](OC(C)=O)[CH](OC(C)=O)[CH]2OC(C)=O
333333i	333333	OCCCCC	-,-,-,-,-,-	1.437238	1.538302	1.541272	1.542142	1.541589	1.432756	112.656058	110.576672	108.775500	110.730705	107.763652	109.583168	-55.633494	54.541081	-56.275375	0.595828	2.6285	CC(=O)NC1=C(S[CH]2O[CH](COC(C)=O)[CH](OC(C)=O)[CH](OC(C)=O)[CH]2OC(C)=O)C=CC(=C1)Cl
333333i	333333	OCCCCC	-,-,-,-,-,-	1.437257	1.539080	1.527597	1.527098	1.539649	1.431960	117.531334	113.750327	112.525161	110.224014	110.450182	112.008681	-45.457865	51.026435	-55.374851	0.511614	10.3518	OC[CH]1O[CH](O[CH]2[CH](O)[CH](CO)O[C]2(CO)O[CH]3O[CH](CO)[CH](O)[CH](O)[CH]3O)[CH](O)[CH](O)[CH]1O
333333i	333333	OCCCCC	-,-,-,-,-,-	1.437327	1.545930	1.537669	1.543900	1.546700	1.438203	111.697675	109.554100	109.359416	112.435518	110.598334	111.364598	-58.484607	50.543457	-47.275633	0.569293	8.2795	O=C(NC1=CC=CC=C1)OCC2OC(OC(=O)NC3=CC=CC=C3)C(OC(=O)NC4=CC=CC=C4)C(OC(=O)NC5=CC=CC=C5)C2OC(=O)NC6=CC=CC=C6.O=C(NC7=CC=CC=C7)OCC8OC(OC(=O)NC9=CC=CC=C9)C(OC(=O)NC%10=CC=CC=C%10)C(OC(=O)NC%11=CC=CC=C%11)C8OC(=O)NC%12=CC=CC=C%12
333333i	333333	OCCCCC	-,-,-,-,-,-	1.437327	1.545930	1.537669	1.543900	1.546700	1.438203	111.697695	109.554120	109.359437	112.435540	110.598370	111.364595	-58.484546	50.543365	-47.275554	0.569292	8.2796	O=C(NC1=CC=CC=C1)OCC2OC(OC(=O)NC3=CC=CC=C3)C(OC(=O)NC4=CC=CC=C4)C(OC(=O)NC5=CC=CC=C5)C2OC(=O)NC6=CC=CC=C6.O=C(NC7=CC=CC=C7)OCC8OC(OC(=O)NC9=CC=CC=C9)C(OC(=O)NC%10=CC=CC=C%10)C(OC(=O)NC%11=CC=CC=C%11)C8OC(=O)NC%12=CC=CC=C%12
333333i	333333	OCCCCC	-,-,-,-,-,-	1.437676	1.541741	1.541892	1.538744	1.548262	1.443859	113.938320	111.324376	108.362082	111.695008	108.613077	110.044904	55.049169	-54.462030	55.458755	0.577230	1.1056	CCCCCCCCCCCCCCCC1=CC(=CC=C1[N+]([O-])=O)O[CH]2O[CH](COC(C)=O)[CH](OC(C)=O)[CH](OC(C)=O)[CH]2OC(C)=O
333333i	333333	OCCCCC	-,-,-,-,-,-	1.439100	1.535345	1.532285	1.525348	1.543061	1.436861	114.545328	111.398242	111.998619	110.568285	111.081496	111.005341	52.027883	-50.630350	51.637169	0.538364	2.0015	CCCCCCCCCCCCCCCC1=CC(=C(N)C=C1)O[CH]2O[CH](CO)[CH](O)[CH](O)[CH]2O
333333i	333333	OCCCCC	-,-,-,-,-,-	1.439481	1.552067	1.540666	1.522873	1.555559	1.438974	112.719653	110.183876	111.123030	110.734255	108.094509	114.088463	-34.587579	-27.708263	61.651193	0.759120	89.1513	NCCC(O)C(=O)NC1CC(N)C(OC2OC(CN)C(O)C(O)C2O)C(O)C1OC3OC(CO)C(O)C(N)C3O
333333i	333333	OCCCCC	-,-,-,-,-,-	1.439877	1.539635	1.529483	1.531052	1.545246	1.427790	113.213228	111.811199	110.104904	110.418032	109.823521	110.419377	53.868313	-52.574297	54.369527	0.565105	2.2839	CO[CH]1C[CH](O[CH](C)[CH]1O[CH]2O[CH](CO)[CH](O)[CH](O)[CH]2O)O[CH]3CC[C]4(C=O)[CH]5CC[C]6(C)[CH](CC[C]6(O)[CH]5CC[C]4(O)C3)C7=CC(=O)OC7
333333i	333333	OCCCCC	-,-,-,-,-,-	1.440008	1.540672	1.542309	1.538731	1.548789	1.445415	113.752644	111.121378	108.350389	111.674435	108.631696	109.833668	55.366962	-54.534240	55.458819	0.580524	0.9895	CCCCCCCCCCCCCCCC1=CC(=CC=C1N)O[CH]2O[CH](COC(C)=O)[CH](OC(C)=O)[CH](OC(C)=O)[CH]2OC(C)=O
333333i	333333	OCCCCC	-,-,-,-,-,-	1.441450	1.535693	1.541415	1.537040	1.548954	1.434548	112.641126	109.806784	108.182227	110.747065	109.945923	110.525339	-59.655314	55.406431	-52.851101	0.586929	3.9591	CCCCCCCCCCCCCCCC1=CC(=C(N)C=C1)O[CH]2O[CH](COC(C)=O)[CH](OC(C)=O)[CH](OC(C)=O)[CH]2OC(C)=O
333333i	333333	OCCCCC	-,-,-,-,-,-	1.443037	1.537679	1.541576	1.533137	1.543950	1.432706	111.458549	110.524081	110.340583	110.198300	109.526940	110.826273	56.268718	-52.492457	52.691217	0.580310	3.1731	NCCC(O)C(=O)NC1CC(N)C(OC2OC(CN)C(O)C(O)C2O)C(O)C1OC3OC(CO)C(O)C(N)C3O
333333i	333333	OCCCCC	-,-,-,-,-,-	1.444044	1.538279	1.548557	1.545940	1.556053	1.430453	112.660779	110.913056	108.439980	108.999986	108.632605	112.310635	-59.447923	58.177231	-55.766674	0.591227	3.9387	COCC1=C(O[CH]2O[CH](CO)[CH](OC)[CH](OC)[CH]2OC)C=CC=C1
333333i	333333	OCCCCC	-,-,-,-,-,-	1.444867	1.534931	1.531023	1.528088	1.539934	1.431432	114.977549	112.120442	111.470771	110.061976	109.879775	111.659427	51.160348	-52.935920	54.821622	0.543517	4.6405	OC[CH]1O[CH](O[CH]2O[CH](CO)[CH](O)[CH](O)[CH]2O)[CH](O)[CH](O)[CH]1O
333333i	333333	OCOCCC	-,-,-,-,-,-	1.419277	1.419117	1.436534	1.538891	1.538462	1.434166	111.097296	111.262576	111.184969	109.895270	108.236755	110.209061	-62.348477	58.139991	-53.136445	0.569561	1.7808	O=C(NC1=CC=CC=C1)OC[CH]2OCO[CH](COC(=O)NC3=CC=CC=C3)[CH]2OC(=O)NC4=CC=CC=C4
333333i	333333	OCOCCC	-,-,-,-,-,-	1.419528	1.419636	1.423779	1.534383	1.544746	1.444771	111.200368	111.333884	110.384081	111.492992	108.082746	109.481120	-62.328219	57.931878	-52.948383	0.568613	2.6967	CO[CH]1COCO[CH]1[CH](OC)[CH]2OCOC[CH]2OC
333333i	333333	OCOCCC	-,-,-,-,-,-	1.421029	1.425837	1.427909	1.536323	1.540922	1.430513	111.088980	110.595873	110.942144	111.661397	107.694057	109.535751	-61.299832	56.607823	-52.150177	0.570930	3.5080	CC(=O)O[CH]1CO[CH](O[CH]1[CH]2O[CH](OC[CH]2OC(C)=O)C3=C(C=CC=C3)[N+]([O-])=O)C4=C(C=CC=C4)[N+]([O-])=O
333333i	333333	OCOCCC	-,-,-,-,-,-	1.421872	1.422665	1.430982	1.528642	1.538859	1.438761	111.144005	111.298445	110.993358	109.315150	108.832630	108.634334	-62.069021	58.555244	-55.172115	0.578759	0.5483	O[CH]1COCO[CH]1[CH](O)[CH]2OCOC[CH]2O
333333i	333333	OCOCCC	-,-,-,-,-,-	1.422504	1.422155	1.432501	1.529905	1.539374	1.439001	110.584239	111.091766	110.969563	109.755935	108.508430	108.622464	62.178235	-57.929331	54.530045	0.582190	1.7589	O[CH]1COCO[CH]1[CH]2OCOC[CH]2O
333333i	333333	OCOCCC	-,-,-,-,-,-	1.423747	1.424973	1.427851	1.535830	1.534833	1.443336	111.656093	110.447630	111.211809	111.230914	108.067269	109.008500	-61.003565	57.275348	-53.267893	0.571571	2.4590	O=C(O[CH]1CO[CH](O[CH]1[CH]2O[CH](OC[CH]2OC(=O)C3=CC=CC=C3)C4=CC=CC=C4)C5=CC=CC=C5)C6=CC=CC=C6
333333i	333333	OCOCCC	-,-,-,-,-,-	1.424810	1.424783	1.428217	1.530376	1.539726	1.433057	111.136250	111.301907	111.143763	111.224347	109.064654	110.397002	-61.789673	56.462806	-50.966141	0.556398	3.8888	CC(=O)O[CH]1CO[CH](O[CH]1[CH](OC(C)=O)[CH]2O[CH](OC[CH]2OC(C)=O)C3=CC=CC=C3)C4=CC=CC=C4
333333i	333333	OCOCCC	-,-,-,-,-,-	1.425079	1.427346	1.427782	1.532039	1.543436	1.430440	110.842317	113.875741	110.714097	109.602883	109.712900	107.579274	-31.548373	65.273455	-30.916535	0.761555	88.9360	CC1=CC=C(C=C1)S(=O)(=O)O[CH]2COCO[CH]2[CH](OS(=O)(=O)C3=CC=C(C)C=C3)[CH]4OCOC[CH]4OS(=O)(=O)C5=CC=C(C)C=C5
333333i	333333	OCOCCC	-,-,-,-,-,-	1.427028	1.423490	1.428684	1.530991	1.541336	1.429566	111.828606	112.099036	111.485186	110.602134	108.058847	110.478519	59.699790	-57.637118	53.884837	0.556921	0.6077	CC(=O)O[CH]1CO[CH](O[CH]1[CH]2O[CH](OC[CH]2OC(C)=O)C3=CC=CC=C3)C4=CC=CC=C4
333333i	333333	OCOCCC	-,-,-,-,-,-	1.430535	1.424337	1.430470	1.533400	1.540453	1.431159	113.207319	112.076197	110.835849	111.856568	108.556581	111.186120	68.677824	-41.026447	-18.694657	0.735986	89.4263	O[CH]1CO[CH](O[CH]1[CH]2O[CH](OC[CH]2O)C3=CC=CC=C3)C4=CC=CC=C4
333333i	333333	OCOCCC	-,-,-,-,-,-	1.432058	1.425943	1.423622	1.524778	1.545156	1.428263	113.186306	112.092262	111.357679	110.128081	109.376499	109.602404	59.542482	-58.358048	54.605333	0.550825	2.3804	O[CH]1CO[CH](O[CH]1[CH](O)[CH]2O[CH](OC[CH]2O)C3=CC=CC=C3)C4=CC=CC=C4
333333i	333333	OCOCCC	-,-,-,-,-,-	1.435461	1.432270	1.428856	1.532346	1.542913	1.429129	110.597722	113.143255	111.537399	109.610834	109.474448	108.161805	-31.195746	65.040535	-30.471254	0.759167	88.6540	O=C(O[CH]1CO[CH](O[CH]1[CH](OC(=O)C2=CC=CC=C2)[CH]3O[CH](OC[CH]3OC(=O)C4=CC=CC=C4)C5=CC=CC=C5)C6=CC=CC=C6)C7=CC=CC=C7
333333i	333333	PCCCCC	O,-,-,-,-,-	1.788934	1.532392	1.540457	1.532122	1.523131	1.785241	103.833261	112.818835	111.506162	113.584909	112.463743	112.665830	56.452182	-62.465935	62.698904	0.592703	2.8206	CCO[P@@]1(=O)CCC[C@@H](C1)C
333333i	333333	PNCCCC	O,-,-,-,-,-	1.649736	1.469716	1.537349	1.531100	1.522402	1.798708	104.225679	114.504172	111.724825	113.783428	111.037037	110.515561	-58.467479	59.937875	-60.047209	0.592725	1.3526	CCO[P@@]1(=O)CCCCN1Cc2ccccc2
333333i	333333	SCCCCC	-,-,-,-,-,-	1.815807	1.520436	1.526990	1.526990	1.520436	1.815807	98.828880	111.654313	112.842530	113.179913	112.842522	111.654302	-60.667818	59.776947	-59.776970	0.640377	6.4700	S1CCC(O)CC1
333333i	333333	SCCCSC	-,-,-,-,-,-	1.815100	1.525834	1.525834	1.815811	1.747029	1.751964	100.832930	112.338895	113.717492	112.392120	100.833828	111.509044	-63.478036	63.478892	-59.784789	0.725461	7.5285	CC1(OC[C@@H](O1)[C@@H]2CC23SCCCS3)C
333333i	333333	SCSCSC	O,-,O,-,O,-	1.762844	1.757693	1.752154	1.752154	1.757693	1.762844	106.777235	112.048503	106.527567	113.701894	106.527565	112.048502	-69.979879	31.772967	31.772971	0.957726	90.0000	O=S1(=O)CS(=O)(=O)CS(=O)(=O)C1
