#种子 0xbeef	NCONF 100	环大小 5
#花样	杂化	元素	双键伙伴	l0	l1	l2	l3	l4	a0	a1	a2	a3	a4	t0	t1	t2	Q	phi	SMILES
22222f1	22222	CCCCC	-,-,-,O,-	1.433281	1.335029	1.474096	1.475562	1.336828	110.492914	111.604092	104.366024	108.465968	104.947948	-3.402696	3.429334	0.000000	0.031954	2.7234	[H]/N=C\\1/[C@H]([C@H](C2=C(S1)C=C(C2=O)C)C(C)C)C#N
22222f1	22222	CCCCC	-,-,-,O,-	1.490085	1.379676	1.450714	1.477285	1.352370	104.358185	111.500077	106.778885	105.532703	111.830151	-0.000050	0.000001	0.000000	0.000001	0.2623	c1cnc2c(n1)C(=CC2=O)[O-]
22222f1	22222	CCCCC	-,C,-,-,-	1.455453	1.467649	1.405899	1.461476	1.343156	109.911416	107.016136	105.415027	109.830404	107.826689	-0.180512	0.134372	0.000000	0.001679	10.4630	C1=CC=C(C=C1)C=C2C=CC3=C2C=CC=C3
22222f1	22222	CCCCN	O,-,-,O,-	1.458575	1.384387	1.462649	1.360210	1.360730	106.464213	107.406744	107.490520	106.240924	112.351775	0.874655	0.437252	0.000000	0.018956	11.5530	[O-][N+](=O)C1=C2C(=O)NC(=O)C2=CC=C1
22222f1	22222	CCCCN	O,-,-,O,-	1.463118	1.386787	1.462589	1.360720	1.360773	106.339112	107.465971	107.334296	106.446930	112.413692	-0.000023	0.000023	0.000000	0.000000	4.6679	[O-][N+](=O)C1=CC2=C(C=C1)C(=O)NC2=O
22222f1	22222	CCCCN	O,N,-,-,-	1.533188	1.458954	1.393776	1.391716	1.378383	105.564881	105.732941	106.674033	111.316266	110.710174	-0.317136	0.109517	0.000000	0.003899	14.9920	[O-][N+](=O)C1=CC(=C(NN=C2C(=O)NC3=C2C=CC=C3)C=C1)[N+]([O-])=O
22222f1	22222	CCCCO	O,-,-,O,-	1.439516	1.364861	1.439516	1.359482	1.359482	106.221904	107.915216	107.915219	106.221902	111.725758	-0.000001	0.000001	0.000000	0.000000	2.2373	C1(C2=C(C(O)=CC=C2O)C(O1)=O)=O
22222f1	22222	CCCCO	O,-,-,O,-	1.441912	1.366353	1.445744	1.359284	1.360245	105.922658	107.956554	108.058060	105.706113	112.345551	-0.987059	0.545162	0.000000	0.009468	5.9202	[O-][N+](=O)C1=C2C(=O)OC(=O)C2=CC=C1
22222f1	22222	CCCCO	O,-,-,O,-	1.451117	1.372586	1.451117	1.355874	1.355874	105.921301	107.742357	107.742359	105.921299	112.672684	-0.000001	-0.000006	0.000000	0.000000	3.5968	ClC1=C(Cl)C(=C2C(=O)OC(=O)C2=C1Cl)Cl
22222f1	22222	CCCCO	O,-,-,O,-	1.454713	1.374514	1.454713	1.354471	1.354471	106.062170	107.606304	107.606303	106.062171	112.663052	-0.000001	0.000009	0.000000	0.000000	6.3314	BrC1=C(Br)C(=C2C(=O)OC(=O)C2=C1Br)Br
22222f1	22222	CCCNN	-,-,N,-,-	1.343776	1.558511	1.345645	1.527639	1.380058	111.303464	108.514488	104.470600	109.575022	105.856290	-0.660185	-2.556315	0.000000	0.047690	6.6915	CC1=CCC(=O)C2=CNN(C2=[NH+]1)C
22222f1	22222	CCCNO	N,N,-,-,-	1.531645	1.409610	1.339011	1.390842	1.369886	109.796583	102.473008	108.557823	114.951062	104.204460	-1.268275	1.014024	0.000000	0.012058	6.1995	[H]/N=C\\1/C(=N\\Nc2ccccc2)/c3ncc(n3O1)c4ccc(cc4)Cl
22222f1	22222	CCNCC	N,O,-,-,-	1.532459	1.376931	1.393116	1.394601	1.457610	105.812725	105.656797	110.585159	111.370739	106.574193	-0.173464	0.084038	0.000000	0.001857	14.7233	ON(O)NC(=N)NN=C1C(=O)NC2=C1C=CC=C2
22222f1	22222	CCNCC	N,O,-,-,-	1.534006	1.377702	1.392147	1.394115	1.458746	105.719434	105.600466	110.676659	111.348326	106.655109	-0.020905	0.010304	0.000000	0.000222	14.2164	NC(=S)NN=C1C(=O)NC2=C1C=CC=C2
22222f1	22222	CNCCC	O,-,O,-,-	1.361276	1.361276	1.462437	1.385318	1.462437	106.365432	112.380288	106.365432	107.444424	107.444424	0.000007	-0.000003	0.000000	0.000000	7.6562	O=C1NC(=O)C2=C1C=CC=C2
22222f1	22222	CNCCC	O,-,O,-,-	1.361276	1.361276	1.462437	1.385318	1.462437	106.365432	112.380288	106.365432	107.444425	107.444423	0.000010	-0.000007	0.000000	0.000000	7.2782	O=C1NC(=O)c2ccccc12
22222f1	22222	CNCCC	O,-,O,-,-	1.367043	1.367043	1.461817	1.383415	1.461817	106.378864	112.047549	106.378864	107.597128	107.597130	-0.217641	0.127597	0.000000	0.001907	0.0010	O=C1N(CC2=CC=CC=C2)C(=O)C3=C1C=CC=C3
22222f1	22222	CNCCC	O,-,O,-,-	1.367111	1.366827	1.461875	1.383330	1.461201	106.504188	111.900609	106.463668	107.572782	107.546170	-1.120274	0.635951	0.000000	0.009919	1.7680	N1(C(C2C=CC=CC(C1=O)=2)=O)CC3=C(C(=O)Cl)C=CC=C3
22222f1	22222	CNCCC	O,-,O,-,-	1.368611	1.368336	1.461716	1.383472	1.461603	106.530933	111.736119	106.516414	107.571701	107.550193	3.155423	-1.988396	0.000000	0.027239	3.8495	O=C1N(CCN2C(=O)C3=CC=CC=C3C2=O)C(=O)C4=C1C=CC=C4
22222f1	22222	CNCCC	O,-,O,-,-	1.368611	1.368336	1.461716	1.383472	1.461603	106.530936	111.736117	106.516417	107.571702	107.550189	3.155420	-1.988397	0.000000	0.027239	3.8495	O=C1N(CCN2C(=O)C3=CC=CC=C3C2=O)C(=O)C4=C1C=CC=C4
22222f1	22222	CNCCC	O,-,O,-,-	1.368747	1.368853	1.461768	1.382956	1.461237	106.501422	111.741850	106.447660	107.605832	107.566763	-3.739530	2.239755	0.000000	0.032712	0.9652	N1(C(C2C=CC=CC(C1=O)=2)=O)CC3=C(C(=O)O)C=CC=C3
22222f1	22222	CNCCC	O,-,O,-,-	1.369622	1.368723	1.461190	1.384766	1.466234	105.401882	112.895986	106.002815	107.573706	108.125610	0.000046	-0.000015	0.000000	0.000000	16.0618	O=C1N(C2=NC=NN2)C(=O)C3=C1C=CC=C3
22222f1	22222	CNCCC	O,-,O,-,-	1.373654	1.367043	1.460064	1.380578	1.459868	107.032900	110.774231	107.184313	107.463877	107.412726	3.620166	-2.106233	0.000000	0.032223	1.3257	O[CH]1CCCC[CH]1N2C(=O)C3=C(C=CC=C3)C2=O
22222f1	22222	CNCCC	O,-,O,-,-	1.378820	1.379717	1.459484	1.378086	1.460189	106.850040	110.526798	106.920484	107.685387	107.760278	4.879239	-2.559727	0.000000	0.045267	6.2361	O=C1N(C(=O)C2=C1C=CC=C2)C3=C4C=CC=CC4=CC=C3
22222f1	22222	CNCCC	O,-,O,-,-	1.378930	1.380811	1.459207	1.377419	1.459929	106.956401	110.403482	106.999214	107.687913	107.762316	-4.124201	2.047461	0.000000	0.039017	8.5652	CC1=C(C=CC=C1)N2C(=O)C3=C(C=CC=C3)C2=O
22222f1	22222	CNCCC	O,-,O,-,-	1.382918	1.382918	1.458683	1.374995	1.458682	107.321167	109.876842	107.321041	107.740553	107.740397	-0.000010	-0.000018	0.000000	0.000000	11.8132	O=C1N(C2=CC=CC=C2)C(=O)C3=C1C=CC=C3
22222f1	22222	CNCCC	O,-,O,-,-	1.383083	1.383147	1.458598	1.374925	1.458638	107.344980	109.833138	107.348120	107.734385	107.739377	0.000046	-0.000026	0.000000	0.000000	2.9115	O=C1N(C2=CC3=C(C=CC=C3)C=C2)C(=O)C4=C1C=CC=C4
22222f1	22222	CNCNN	-,-,N,-,-	1.354490	1.365725	1.385846	1.399346	1.310684	112.586409	110.516028	100.901696	114.129182	101.854557	0.947204	-1.136252	0.000000	0.009764	12.2387	COC1(C=NN=C2N1C=NN2)OC
22222f1	22222	CNCNN	-,-,N,-,-	1.378564	1.397385	1.423752	1.383544	1.311144	115.521510	107.416917	100.969756	114.905532	101.186242	-0.052727	0.069318	0.000000	0.000594	15.2554	COc1ccc(cc1OC)N2C=NN3C2=NNc4c3[nH]c5c4cccc5
22222f1	22222	CNNCN	O,-,-,N,-	1.412619	1.410694	1.375451	1.353099	1.376340	106.173843	108.498894	105.001507	110.630367	108.806418	-6.059625	9.471339	0.000000	0.082432	4.3391	c1cc(ccc1N2C(=O)N3CCCN=C3N2)F
22222f1	22222	COCCC	O,-,C,-,-	1.373250	1.404983	1.446788	1.378148	1.456589	107.796316	108.026310	109.305197	105.818913	109.053264	-0.000313	0.000275	0.000000	0.000003	9.6744	O=C1OC(=C2OC(=O)C3=C2C=CC=C3)C4=C1C=CC=C4
22222f1	22222	COCCC	O,-,C,-,-	1.374227	1.402068	1.442970	1.376937	1.457966	107.902625	107.673165	109.750381	105.744894	108.928707	-0.128821	0.047791	0.000000	0.001356	17.7953	O=C1OC(=CC2=CC=CC=C2)C3=C1C=CC=C3
22222f1	22222	COCCC	O,-,O,-,-	1.356211	1.356211	1.454593	1.370322	1.454593	105.992510	112.561471	105.992517	107.726751	107.726751	-0.000234	0.000201	0.000000	0.000002	9.1194	O=C1OC(=O)C2=C(C3=CC=CC=C3)C4=C(C=CC=C4)C(=C12)C5=CC=CC=C5
22222f1	22222	COCCC	O,-,O,-,-	1.356285	1.361184	1.453253	1.370091	1.444169	105.778460	112.314500	106.250881	106.963149	108.693010	0.000208	-0.000140	0.000000	0.000002	8.8258	O=C1OC(=O)C2=C3C=CC=CC3=CC=C12
22222f1	22222	COCCC	O,-,O,-,-	1.358981	1.365647	1.453105	1.357450	1.438452	106.194677	112.255341	105.084847	108.413101	108.052034	0.000126	-0.000050	0.000000	0.000001	15.0646	C1(OC(=O)C2=C1C=CC=N2)=O
22222f1	22222	COCCC	O,-,O,-,-	1.361291	1.361883	1.444012	1.361634	1.436863	105.495962	112.222040	105.915536	107.535259	108.831203	0.000008	-0.000009	0.000000	0.000000	8.9153	C1(OC(=O)C2=C1C=NC=C2)=O
22222f1	22222	NCCCC	-,-,-,-,-	1.357952	1.458063	1.340419	1.456542	1.359681	109.884344	106.992166	107.873389	107.334621	107.474437	6.746817	-4.504345	0.000000	0.059182	6.2880	CC1=C2NC(=C1CCC(O)=O)C=C3N=C(C=C4NC(=CC5=NC(=C2)C(=C5C)C=C)C(=C4C)C=C)C(=C3CCC(O)=O)C
22222f1	22222	NCCCC	-,-,-,-,-	1.360201	1.461668	1.342680	1.467993	1.362147	109.438827	107.551910	108.188477	106.752740	108.042618	-0.452097	1.251844	0.000000	0.014322	15.3796	CC1=C2NC(=C1CCC(O)=O)C=C3N=C(C=C4NC(=CC5=NC(=C2)C(=C5C)C=C)C(=C4C)C=C)C(=C3CCC(O)=O)C
22222f1	22222	NCCCC	-,-,-,O,O	1.390970	1.393922	1.464200	1.555107	1.381537	111.012371	111.545515	107.040728	105.140231	105.261154	0.000081	-0.000079	0.000000	0.000001	5.4203	BrC1=CC2=C(NC(=O)C2=O)C=C1
22222f1	22222	NCCCC	-,-,-,O,O	1.394320	1.395147	1.464266	1.552859	1.380315	111.202745	111.106573	107.276808	105.107914	105.305960	0.000007	-0.000004	0.000000	0.000000	1.0049	CC1=CC=CC2=C1NC(=O)C2=O
22222f1	22222	NCCCC	-,O,-,-,O	1.359342	1.466541	1.388123	1.462418	1.359087	113.877190	104.960069	107.903852	107.481630	105.419619	-3.446217	-0.040318	0.000000	0.052490	0.3872	ON1C(=O)C2=C(C=CC=C2)C1=O
22222f1	22222	NCCCC	-,O,-,-,O	1.364195	1.463011	1.382191	1.463011	1.364195	113.333676	105.473942	107.859220	107.859219	105.473942	-0.000033	-0.000001	0.000000	0.000001	1.1647	OCC1=CC=CC=C1.[O-][N+](=O)N2C(=O)C3=C(C=CC=C3)C2=O
22222f1	22222	NCCCC	-,O,-,-,O	1.364195	1.463011	1.382191	1.463011	1.364195	113.333676	105.473943	107.859219	107.859220	105.473942	0.000002	-0.000002	0.000000	0.000000	17.8720	[O-][N+](=O)N1C(=O)C2=C(C=CC=C2)C1=O
22222f1	22222	NCCCC	-,O,-,-,O	1.365614	1.462024	1.383767	1.462024	1.365614	112.106173	106.386688	107.554657	107.554655	106.386694	-0.624011	-0.000019	0.000000	0.009320	0.0010	BrCN1C(=O)C2=C(C=CC=C2)C1=O
22222f1	22222	NCCCC	-,O,-,-,O	1.366080	1.462069	1.384136	1.462069	1.366080	112.087898	106.384695	107.557386	107.557384	106.384690	0.988746	0.000003	0.000000	0.014771	0.0001	N1(C(C2C=CC=CC(C1=O)=2)=O)CC(=O)OCC
22222f1	22222	NCCCC	-,O,-,-,O	1.366300	1.461740	1.384616	1.462885	1.366262	112.151697	106.425519	107.496730	107.640631	106.283969	0.361137	-0.206296	0.000000	0.003407	3.1126	N1(C(C2C=CC=CC(C1=O)=2)=O)CC(=O)CCl
22222f1	22222	NCCCC	-,O,-,-,O	1.366998	1.460656	1.383339	1.462358	1.368416	111.624367	106.763765	107.429320	107.588054	106.546629	-1.444707	0.180662	0.000000	0.019363	4.7975	OCCN1C(=O)C2=C(C=CC=C2)C1=O
22222f1	22222	NCCCC	-,O,-,-,O	1.367981	1.461882	1.383671	1.461882	1.367981	111.801737	106.488581	107.555502	107.555495	106.488585	-1.966211	-0.000012	0.000000	0.029364	0.0002	BrCCN1C(=O)C2=C(C=CC=C2)C1=O
22222f1	22222	NCCCC	-,O,-,-,O	1.368249	1.461512	1.383013	1.461516	1.369349	111.740297	106.556310	107.583800	107.585262	106.524463	0.652925	-0.079237	0.000000	0.008798	4.6271	BrCCCCN1C(=O)C2=C(C=CC=C2)C1=O
22222f1	22222	NCCCC	-,O,-,-,O	1.368561	1.461826	1.383242	1.461826	1.368561	111.850650	106.458682	107.598210	107.598209	106.458683	1.117458	0.000006	0.000000	0.016696	0.0002	CCN1C(=O)C2=C(C=CC=C2)C1=O
22222f1	22222	NCCCC	-,O,-,-,O	1.368703	1.461988	1.383411	1.461470	1.367742	111.819125	106.412998	107.609168	107.542326	106.505483	-1.954242	-0.021446	0.000000	0.029475	0.3737	CCCCCCCCC=CCCCCCCCC(=O)OCCN1C(=O)C2=C(C=CC=C2)C1=O
22222f1	22222	NCCCC	-,O,-,-,O	1.368821	1.461572	1.383060	1.461684	1.368649	111.825188	106.488485	107.595860	107.610826	106.478794	-0.166865	-0.006827	0.000000	0.002577	1.3590	CCCCN1C(=O)C2=C(C=CC=C2)C1=O
22222f1	22222	NCCCC	-,O,-,-,O	1.368833	1.461589	1.383066	1.461707	1.368644	111.825187	106.488600	107.595323	107.610835	106.478783	0.207179	0.004951	0.000000	0.003156	0.8048	CCCN1C(=O)C2=C(C=CC=C2)C1=O
22222f1	22222	NCCCC	-,O,-,-,O	1.369232	1.462062	1.383696	1.462062	1.369232	112.504912	105.959301	107.788244	107.788235	105.959308	-0.000054	-0.000014	0.000000	0.000001	7.0690	BrN1C(=O)C2=C(C=CC=C2)C1=O
22222f1	22222	NCCCC	-,O,O,-,-	1.401139	1.538206	1.453843	1.393252	1.421449	109.220347	105.933431	106.032094	107.441051	111.373076	0.000058	-0.000066	0.000000	0.000001	10.7381	CC(=O)N1C(=O)C(=O)C2=C1C=CC=C2
22222f1	22222	NCCNC	-,-,-,-,O	1.286814	1.514889	1.285423	1.504052	1.520010	100.896083	112.940342	112.471107	101.645670	112.046797	0.000000	0.000006	0.000000	0.000000	0.4693	c1c2=[NH+]C(=O)[NH+]=c2ncn1
22222f1	22222	NCCNN	-,-,N,-,-	1.287609	1.457673	1.358808	1.271401	1.445849	105.181666	107.528077	108.045540	106.292694	112.952022	0.000144	-0.000207	0.000000	0.000002	7.7177	C1C(=CN=C2C1=NN=N2)O
22222f1	22222	NCNCN	-,O,-,N,-	1.384755	1.432155	1.356381	1.367551	1.510513	109.464833	103.995033	111.924384	110.252506	104.357900	-0.762923	0.655129	0.000000	0.006510	17.6597	CN1C(=O)N2CCC[NH+]=C2N1
22222f1	22222	NCNNN	-,N,-,-,-	1.368794	1.326807	1.418238	1.371054	1.283250	109.958764	109.957504	104.175687	108.242290	107.646493	-0.447374	-0.408206	0.000000	0.011761	17.8416	C1C[NH+]=C2N=NNN2N1
22222f1	22222	OCCCC	-,C,-,-,O	1.404982	1.446788	1.378148	1.456589	1.373250	108.026251	109.305166	105.819028	109.053128	107.796426	0.000237	-0.000159	0.000000	0.000002	6.5152	O=C1OC(=C2OC(=O)C3=C2C=CC=C3)C4=C1C=CC=C4
22222f2	22222	CCCCC	C,-,-,-,-	1.495377	1.412379	1.455350	1.418031	1.492872	107.925190	106.348477	109.709087	109.988516	105.998575	1.099203	-0.050484	0.000000	0.016488	1.4540	C1(C2=C(C=CC=C2)C3=C1C=CC=C3)=C(C(=O)O)F
22222f2	22222	CCCCC	N,-,-,-,-	1.480564	1.401257	1.446156	1.409925	1.487808	106.368729	107.933521	109.094593	109.551406	107.051751	0.000040	-0.000011	0.000000	0.000000	11.0176	ON=C1C2=C(C=CC=C2)C3=CC=CC=C13
22222f2	22222	CCCCC	O,-,-,-,-	1.465286	1.395004	1.448907	1.338920	1.467280	105.954686	107.442444	107.835201	110.274730	108.458012	-0.217638	-1.014274	0.000000	0.016978	6.7878	CC1=C([C@@H](C2=C(N1)c3ccccc3C2=O)c4ccco4)C#N
22222f2	22222	CCCCN	O,-,-,-,-	1.479824	1.368964	1.367162	1.391926	1.389169	105.373475	106.680075	110.087798	108.639586	109.219066	0.000082	-0.000153	0.000000	0.000001	7.2182	c1cc2cccc3c2c(c1)C(=O)N3
22222f2	22222	CNCCC	O,-,-,-,-	1.387209	1.391692	1.368017	1.371098	1.479334	105.290277	109.226569	108.902299	109.615085	106.965642	0.068326	-0.114129	0.000000	0.001001	1.4676	C1(NC2=CC=C(C3=C(C1=CC=C3)2)CN)=O
22222f2	22222	NCCNC	-,-,-,-,C	1.419934	1.433925	1.371351	1.394103	1.389344	105.276189	108.269833	107.311818	108.065493	110.534208	0.314561	4.170776	0.000000	0.065466	2.8454	CN1c2ccccc2N3C1=C(C(=O)C3)C#N
22222f2	22222	NCNCC	-,N,-,-,-	1.378241	1.358528	1.410215	1.406718	1.416538	104.443751	113.204259	106.135819	107.406635	108.788897	1.529832	-1.221960	0.000000	0.012622	14.1030	CC(C)N1C[NH+]=C2Nc3ccccc3N2C1
22222i	22222	CCCCC	C,-,-,-,-	1.454667	1.341746	1.447665	1.342881	1.454741	107.311756	106.940001	109.393632	109.589803	106.764414	0.164777	-0.063533	0.000000	0.001813	16.7193	C[NH+](C)C=C1C=CC=C1
22222i	22222	CCCCC	O,-,-,-,-	1.483738	1.347021	1.462469	1.347021	1.483740	109.395931	104.437215	110.855571	110.855460	104.437217	1.112282	-1.509851	0.000000	0.012125	17.9657	O=C1C(=C(C2=CC=CC=C2)C(=C1C3=CC=CC=C3)C4=CC=CC=C4)C5=CC=CC=C5
22222i	22222	CCCNC	-,-,O,-,O	1.334891	1.489581	1.376515	1.364448	1.470692	109.516369	105.558847	108.689618	108.628407	107.606553	-0.149281	0.118627	0.000000	0.001302	16.7382	OC1=C(C(=O)N(C2=CC=CC=C2)C1=O)C3=CC=CC=C3
22222i	22222	CCCNC	-,-,O,-,O	1.336188	1.471088	1.353238	1.355729	1.467879	107.784491	107.442058	107.189203	110.475619	107.067361	1.175220	-2.018945	0.000000	0.017916	1.3796	C/N=C\\1/C(C(=O)N(C1=O)C)C2=CC(=O)N(C2=O)C
22222i	22222	CCCNN	-,-,C,-,-	1.334194	1.440010	1.388543	1.264974	1.374253	110.398499	105.008099	104.909340	111.056768	108.578417	-2.032596	2.232092	0.000000	0.019659	1.9240	CC1=C(/C(=C\\2/C(=NNS2)C)/N=N1)C(=O)OC
22222i	22222	CCCNN	N,N,-,-,-	1.495229	1.511716	1.309527	1.393163	1.370566	102.857068	104.242133	110.012786	107.252793	115.576540	1.816498	-0.511119	0.000000	0.022709	12.0656	C1(/C(NN=C1N)=N)=N/NC2=CC(C(F)(F)F)=CC=C2
22222i	22222	CCCNN	O,P,-,-,-	1.483490	1.489029	1.296368	1.393135	1.385235	102.926184	104.621524	110.659378	107.635502	114.123405	1.482448	-0.510976	0.000000	0.017297	15.0671	C1(C(N(C2=CC=CC=C2)N=C1C)=O)=P(C3=CC=C(C=C3)Br)(C4=CC=CC=C4)C5C=CC=CC=5
22222i	22222	CCCOC	-,-,O,-,O	1.322323	1.450714	1.348793	1.351567	1.459051	108.943300	106.253625	108.824095	109.267058	106.711922	0.000001	-0.000001	0.000000	0.000000	3.3147	ClC1=CC(=O)OC1=O
22222i	22222	CCCOC	-,C,O,-,-	1.424496	1.490594	1.381810	1.393814	1.329336	104.848478	106.521597	107.683857	104.440451	116.505617	0.000006	-0.000004	0.000000	0.000000	6.0175	C1(C(C(=O)OC=1)=C)C(=O)O
22222i	22222	CCNCC	-,-,-,-,C	1.347039	1.474320	1.284844	1.498354	1.484255	106.454312	110.965730	107.686476	110.986296	103.806781	-1.877901	-0.251077	0.000000	0.029320	4.1309	CC\\1=C([NH+]=C(/C1=C(\\C)/NN)C)C(=O)NN
22222i	22222	CCNCN	N,C,-,-,-	1.521827	1.399798	1.309765	1.378676	1.392682	102.971485	108.750225	104.345856	116.805117	106.592030	3.704950	0.951704	0.000000	0.067976	4.9674	[H]/N=C/1\\C(=C(\\C#N)/N)\\N=CN1N=C(C)C
22222i	22222	CCNCN	O,C,-,-,-	1.493251	1.379790	1.295307	1.345630	1.352947	102.277002	109.347957	103.918742	115.865746	108.590553	0.000009	-0.000005	0.000000	0.000000	8.4700	c1cc(oc1)/C=C\\2/C(=O)NC(=N2)[S-]
22222i	22222	CCNNC	-,C,-,-,-	1.436124	1.383831	1.264809	1.370002	1.332154	103.467593	106.457858	110.113709	108.458024	111.502657	-0.132288	0.112970	0.000000	0.001098	15.9059	c1ccc(cc1)C(=O)ON/C(=C\\2/C=CN=N2)/[NH3+]
22222i	22222	CCNNC	-,C,-,-,-	1.436133	1.387516	1.266757	1.369669	1.330541	103.791187	106.048024	110.332284	108.260436	111.568069	0.000017	-0.000013	0.000000	0.000000	9.1007	C1=C/C(=C\\2/C=CN=N2)/NC=C1
22222i	22222	CCNON	-,C,-,-,-	1.478931	1.396105	1.416977	1.447579	1.299355	109.069491	104.614987	110.108133	104.318600	111.172855	8.414626	-8.245501	0.000000	0.077458	2.4399	c1ccc(cc1)C(=O)/C(=C/2\\C=[N+](ON2)[O-])/N=O
22222i	22222	CNCNC	-,-,N,-,-	1.295944	1.367728	1.368338	1.298305	1.507181	108.785647	102.315425	117.897790	102.149128	108.850923	0.342902	-0.211471	0.000000	0.002852	1.1809	C[S@@](=O)CC1=NC(=N)N=C1C[S@@](=O)C
22222i	22222	CNNNC	-,-,-,-,C	1.305302	1.414640	1.258001	1.372602	1.467171	108.231647	106.454688	110.881043	110.724524	103.707983	-0.008130	-0.063676	0.000000	0.000956	4.8648	CC(C)(C)C\\1=NN=N/C1=C/Nc2ccc(cc2)F
22222i	22222	COCNC	O,-,-,-,C	1.361072	1.354177	1.294962	1.369636	1.488135	102.946792	106.374765	117.711865	102.715894	110.250533	0.131905	-0.125176	0.000000	0.001025	1.3490	O=C1OC(=NC1=CC2=CC=CC=C2)C3=CC=CC=C3
22222i	22222	NCCCN	-,-,N,-,-	1.306609	1.478906	1.489759	1.297844	1.445146	110.261177	107.914039	103.717504	108.345857	109.686449	-2.626798	2.618030	0.000000	0.025349	0.8653	C1(\C(=NN=C1N)C2C=CC(C)=CC=2)=N/NC3C=C([N+]([O-])=O)C=CC=3
22222i	22222	NCCNC	-,C,O,-,O	1.364817	1.495091	1.366306	1.370915	1.383469	109.812995	106.518484	104.450003	111.508845	107.703186	0.450646	-0.783851	0.000000	0.007112	0.7655	COC1=CC=C(C=C1)C=C2NC(=O)NC2=O
22222i	22222	NCCNC	-,C,O,-,S	1.367668	1.497931	1.369775	1.370914	1.382315	109.445914	106.692152	104.374062	111.241467	108.245714	-0.231819	0.110207	0.000000	0.002386	10.3323	OC1=C(C=CC=C1)C=C2NC(=S)NC2=O
22222i	22222	NCCNC	-,C,O,-,S	1.380291	1.492718	1.375192	1.393517	1.409522	109.021535	107.335261	104.942456	111.332307	107.368441	-0.000017	0.000012	0.000000	0.000000	7.3550	CN1/C(=C/Nc2ccccc2)/C(=O)N(C1=S)C
22222i	22222	NCNCC	-,-,-,C,O	1.350468	1.299228	1.376972	1.491655	1.366569	107.826690	115.997433	104.170475	109.411856	102.576123	-0.816753	-0.039413	0.000000	0.011510	3.4054	CCN1C(=N/C(=C\\c2ccccc2)/C1=O)C
22222i	22222	NCNCC	-,C,-,-,-	1.440839	1.422827	1.389245	1.340511	1.401237	105.541090	106.982195	107.124299	109.725418	110.570249	-2.367199	1.593064	0.000000	0.021889	3.0796	N1(/C(=C/[N+]([O-])=O)N(C)C=C1)C(=N)N
22222i	22222	NCOCN	-,-,-,C,-	1.300342	1.369770	1.394643	1.372386	1.346605	102.554062	119.205964	98.335147	109.899278	109.489630	-1.823527	5.534454	0.000000	0.063177	16.2204	c1cc(ccc1C2=NN/C(=C(\\N)/N=O)/O2)[N+](=O)[O-]
22223f1	22223	CCCCC	-,-,C,N,-	1.337301	1.425209	1.474751	1.531461	1.535186	111.921271	111.671873	107.237023	108.423476	100.741274	-0.008949	0.460620	0.000000	0.006916	2.4757	[H]/N=C/1\\[C@@H](C(=C\\2C1=C(C(/C2=N\\[H])C#N)C)C)C#N
22223f1	22223	CCCCC	N,O,-,-,-	1.514633	1.465202	1.400691	1.502952	1.514092	109.065087	106.188755	109.369460	112.703771	102.672928	0.000019	0.000007	0.000000	0.000000	8.4499	C1(\C(C2C=CC=CC(C1)=2)=O)=N/O
22223f1	22223	CCCCS	-,-,-,-,O	1.341457	1.459076	1.394161	1.750904	1.742728	112.787643	112.258127	113.076357	109.836974	92.040899	-0.000010	0.000002	0.000000	0.000000	7.2049	BrC1=CC2=CC=CC=C2S1(=O)=O
22223f1	22223	CCCCS	N,-,-,N,-	1.480372	1.330890	1.445371	1.747582	1.774804	108.357735	113.265833	116.258925	109.066938	93.038477	-0.520443	-0.280661	0.000000	0.011799	15.8189	CN1CCC\\2=C1/C(=N\\O)/S/C2=N\\c3ccc(cc3)F
22223f1	22223	NCCNS	-,-,-,-,-	1.417048	1.415103	1.417048	1.674508	1.674508	108.091296	112.311387	112.311389	108.091293	96.114378	-0.000001	11.513536	0.000000	0.183489	0.0000	c1ccc2c(c1)nc3c(n2)NSN3
22223f1	22223	NCCNS	-,-,-,-,O	1.426320	1.399473	1.426320	1.702748	1.702748	105.299058	113.091366	113.091368	105.299059	95.373152	0.000011	-18.186559	0.000000	0.298202	0.0000	c1ccc2c(c1)NS(=O)(=O)N2
22223f1	22223	NCNNC	-,-,-,-,-	1.425068	1.289440	1.376851	1.489453	1.446749	107.206058	113.495612	106.611853	111.980235	100.355602	5.883160	-6.017083	0.000000	0.051012	3.7622	CN1C=NN2[C@@H]1[N+](=C([CH-]2)c3ccccc3)C
22223f1	22223	OCCOC	-,-,-,-,-	1.359011	1.369793	1.359002	1.442836	1.443203	100.764699	112.544534	112.540569	100.776797	113.372861	-0.119067	0.208055	0.000000	0.002106	10.3507	COc1cc(cc(OC)c1OC)C2C3C(COC3=O)C(O)c4cc5OCOc5cc24
22223f1	22223	OCCOC	-,-,-,-,-	1.359133	1.374301	1.359943	1.443541	1.442822	100.881625	112.460066	112.419439	100.850420	113.382687	0.007851	-0.452501	0.000000	0.006954	0.5095	N#CC(=CC1=CC2=C(OCO2)C=C1)C#N
22223f1	22223	OCCOC	-,-,-,-,-	1.359257	1.374047	1.360440	1.442973	1.442702	100.833354	112.497364	112.393994	100.833169	113.441933	-0.146363	0.130157	0.000000	0.001187	0.6968	OC(=O)/C=C/c1ccc2OCOc2c1
22223f1	22223	OCCOC	-,-,-,-,-	1.359366	1.376157	1.360066	1.443733	1.442774	100.940243	112.406072	112.382278	100.898047	113.373355	0.001308	-0.014383	0.000000	0.000209	2.7647	NC(=S)NN=CC1=CC2=C(OCO2)C=C1
22223f1	22223	OCCOC	-,-,-,-,-	1.359443	1.374257	1.360501	1.442646	1.442696	100.811062	112.495976	112.390347	100.825919	113.476154	0.151415	-0.221194	0.000000	0.002094	2.2265	CC=CC1=CC2=C(OCO2)C=C1
22223f1	22223	OCCOC	-,-,-,-,-	1.359525	1.376365	1.360160	1.443423	1.442709	100.920965	112.405756	112.375129	100.891942	113.406207	-0.000013	0.000045	0.000000	0.000001	10.4019	ON=CC1=CC2=C(OCO2)C=C1
22223f1	22223	OCCOC	-,-,-,-,-	1.359647	1.376422	1.360193	1.443051	1.442764	100.899309	112.411121	112.366209	100.893449	113.428202	-0.011387	0.251501	0.000000	0.003786	1.3363	O=C(NN=CC1=CC2=C(OCO2)C=C1)C3=CC=CC=C3
22223f1	22223	OCCOC	-,-,-,-,-	1.360143	1.374028	1.359089	1.442548	1.443464	100.830984	112.415316	112.476220	100.866462	113.407595	-0.012861	-0.335114	0.000000	0.005357	1.0737	[N+](=C/C1C=C2OCOC(=CC=1)2)(/[O-])C3C=CC=CC=3
22223f1	22223	OCCOC	-,-,-,-,-	1.360295	1.371658	1.358631	1.442517	1.443552	100.777749	112.449833	112.552806	100.819199	113.400414	0.000001	-0.000018	0.000000	0.000000	0.9242	c1cc2c(cc1Nc3nnc(o3)c4ccn[nH]4)OCO2
22223f1	22223	OCCOC	-,-,-,-,-	1.360314	1.375156	1.359695	1.442705	1.442770	100.802627	112.414723	112.448033	100.813220	113.497545	0.083215	0.847239	0.000000	0.014138	2.6028	N1(C(SC(/C1=O)=C/C2C=C3OCOC(=CC=2)3)=S)C(C(=O)O)CCC
22223f1	22223	OCCOC	-,-,-,-,-	1.360366	1.374913	1.359600	1.442474	1.442969	100.807125	112.410053	112.457517	100.826893	113.488206	0.054421	0.554427	0.000000	0.009249	2.6047	N1(C(SC(/C1=O)=C/C2C=C3OCOC(=CC=2)3)=S)C(C(=O)O)C4C=CC=CC=4
22223f1	22223	OCCOC	-,-,-,-,-	1.362045	1.379072	1.361116	1.440237	1.438583	101.727044	111.386366	112.791565	100.918254	113.176771	-0.000001	0.000005	0.000000	0.000000	3.0838	C1(=C2OCOC2=CC=C1)C(=O)O
22223f1	22232	CCCCC	-,-,-,-,-	1.454146	1.403381	1.505568	1.515583	1.343393	107.870162	109.573262	108.839430	101.342687	112.374458	0.000115	-0.000147	0.000000	0.000001	9.4209	c1ccc2c(c1)C=CC23C(=O)c4ccccc4C3=O
22223f1	22232	CCCCO	O,-,-,-,-	1.456280	1.377538	1.474804	1.444458	1.367477	106.549482	108.825301	109.199585	103.353866	112.067892	0.443480	-0.615204	0.000000	0.005739	6.3779	C1(C2=C(C=C(C=C2)N)CO1)=O
22223f1	22232	CCCCO	O,-,-,-,-	1.483034	1.336997	1.484371	1.420094	1.359159	109.471471	106.178610	110.095940	105.299713	108.888965	-2.599498	2.029963	0.000000	0.023122	12.5043	c1ccc2c(c1)CCC3=C(C=C2)C(=O)OC3
22223f1	22232	CCNCC	-,-,-,-,O	1.337732	1.394103	1.434949	1.534350	1.491729	104.364004	112.408873	114.025582	98.186767	110.817706	4.338716	-4.447776	0.000000	0.040794	16.3969	CN1c2ccccc2N3C1=C(C(=O)C3)C#N
22223f1	22232	CCNCC	-,-,-,-,O	1.339892	1.400574	1.456879	1.524813	1.482102	104.502162	113.955001	111.015178	100.025613	110.502046	0.000007	-0.000005	0.000000	0.000000	11.3190	C1(=C2N(C=CC=C2)CC1=O)C#N
22223f1	22232	CCNCN	-,-,-,-,-	1.346187	1.403134	1.470170	1.500106	1.394680	110.886564	109.562938	109.051626	102.311343	107.794382	-4.911956	6.233534	0.000000	0.059296	9.6114	c1ccc(cc1)C2=CN3C=CS[C@@H]3N2CCO
22223f1	22232	NCCCC	-,-,-,-,O	1.347656	1.329268	1.485442	1.528678	1.384350	111.143387	109.310316	112.968278	98.691924	107.886095	-0.000002	0.000002	0.000000	0.000000	2.2866	c1[nH]c(=O)c2c(n1)NC(=O)C2
22223f1	22232	NCNCC	-,N,-,-,O	1.342756	1.362518	1.441431	1.524708	1.362451	109.327705	110.365900	111.349544	99.702828	109.254024	-0.000061	0.000060	0.000000	0.000001	10.3280	Cc1c(c(=O)n2c(n1)NC(=O)C2)C=O
22223f1	22322	CCCCC	-,-,-,-,-	1.346962	1.518548	1.498673	1.399262	1.451912	108.104482	112.063528	101.089450	109.599966	109.142266	0.162999	-0.076773	0.000000	0.001603	6.9812	C1CC2=C(C=CC=C2)[CH]1C3=CC4=CC=CC=C4C3
22223f1	22322	CCSCC	-,-,O,-,-	1.338279	1.730014	1.753879	1.396011	1.461158	112.963311	112.666308	92.248458	109.925157	112.196766	0.000033	-0.000020	0.000000	0.000000	7.4309	OC1=C(Cl)S(=O)(=O)C2=CC=CC=C12
22223f1	22322	CNCCC	O,-,-,-,-	1.378086	1.443214	1.491535	1.395948	1.466783	106.601518	113.099301	102.507672	109.913128	107.878381	0.000002	-0.000001	0.000000	0.000000	17.5066	O=C1NCC2=C1C=CC=C2
22223f1	22322	CNSCC	O,-,O,-,-	1.408449	1.673547	1.738920	1.388442	1.473022	109.466872	113.507844	93.321540	110.547295	112.682661	5.424084	-1.614742	0.000000	0.064904	16.3746	O=C1NS(=O)(=O)C2=CC=CC=C12
22223f1	22322	COCCC	O,-,-,-,-	1.365389	1.449131	1.484753	1.379835	1.455773	106.871168	112.046467	103.181725	108.972394	108.903989	1.553205	-1.458752	0.000000	0.014395	2.5475	O=C1O[CH](C2=CC=CC=C2)C3=C1C=CC=C3
22223f1	22322	COCCC	O,-,-,-,-	1.366761	1.450482	1.487383	1.381259	1.456135	106.609988	112.421440	102.882931	109.045519	109.040123	-0.000014	-0.000018	0.000000	0.000000	14.7512	C1(OC(C)(C)C2=C1C=CC=C2)=O
22223f1	22322	COCCC	O,-,-,-,-	1.367486	1.444308	1.475365	1.379510	1.456413	106.597381	112.077347	103.389951	109.152376	108.782945	0.000016	-0.000014	0.000000	0.000000	9.1964	C1(OCC2=C1C=CC=C2)=O
22223f1	22322	COCCC	O,-,-,-,-	1.367486	1.444308	1.475365	1.379510	1.456413	106.597391	112.077338	103.389956	109.152379	108.782935	0.000016	0.000002	0.000000	0.000000	2.8995	O=C1OCC2=C1C=CC=C2
22223f1	22322	COCCC	O,-,-,-,-	1.367721	1.440790	1.475245	1.382743	1.463316	106.862088	112.108226	103.413494	109.555165	108.061027	-0.000018	0.000019	0.000000	0.000000	3.8791	C1(OCC2=C1C(=CC=C2)C)=O
22223f1	22322	NCCCC	-,-,-,-,-	1.300718	1.551448	1.504154	1.391172	1.471829	109.501704	111.361120	101.127911	109.011710	108.972003	1.573578	-0.889774	0.000000	0.014657	2.0537	CC1=CC2=CC=CC=C2N1C=CC3=[N+](C)C4=C(C=CC=C4)C3(C)C
22223f1	22322	NCCCC	-,-,-,-,-	1.300884	1.549032	1.504519	1.391432	1.470476	109.507598	111.405600	101.129086	108.983311	108.948044	-1.535219	0.752329	0.000000	0.014755	4.3380	COC1=CC(=C(NC=CC2=[N+](C)C3=C(C=CC=C3)C2(C)C)C=C1)OC
22223f1	22322	NCCCC	-,-,-,-,-	1.300990	1.554459	1.503900	1.390701	1.471394	109.608338	111.060207	101.245411	108.909370	109.045615	-3.337764	1.513053	0.000000	0.032834	7.3362	CN(CCCl)C1=CC=C(C=C1)C=CC2=[N+](C)C3=C(C=CC=C3)C2(C)C
22223f1	22322	NCCCC	-,-,-,-,-	1.301312	1.555599	1.503528	1.390398	1.471980	109.621836	110.984346	101.291054	108.902946	109.069395	3.350158	-1.552332	0.000000	0.032804	6.5672	CCN(CCCl)C1=CC(=C(C=C1)C=CC2=[N+](C)C3=C(C=CC=C3)C2(C)C)C
22223f1	22322	NCCCC	-,-,-,-,-	1.301442	1.559542	1.503043	1.389556	1.472476	109.547494	110.652941	101.256034	108.793747	109.165640	-7.616867	4.593358	0.000000	0.070596	5.2027	CN1C2=C(C=CC=C2)C(=C1C3=CC=CC=C3)C=CC4=[N+](C)C5=CC=CC=C5C4(C)C
22223f1	22322	NCCNC	-,-,-,-,-	1.289886	1.490091	1.481104	1.297347	1.374433	104.322700	111.899326	101.644315	103.847837	117.892270	-6.539560	4.649139	0.000000	0.057666	17.4303	C1C(=O)[C@H]2C(=NC=N2)NC=N1
22223f1	23222	CCCCC	N,-,-,-,C	1.531460	1.535185	1.337301	1.425209	1.474751	108.423459	100.741317	111.921249	111.671864	107.237023	-0.690044	0.455792	0.000000	0.006918	2.4642	[H]/N=C/1\\[C@@H](C(=C\\2C1=C(C(/C2=N\\[H])C#N)C)C)C#N
22223f1	23222	CCCCC	O,-,O,-,-	1.516330	1.516330	1.463005	1.387789	1.463005	108.543042	103.219323	108.543031	109.759513	109.759514	-4.010231	2.644959	0.000000	0.040779	0.0009	O=C1C(C2=NC3=C(C=CC=C3)C=C2)C(=O)C4=C1C=CC=C4
22223f1	23222	CCCCC	O,-,O,-,-	1.525562	1.525562	1.464006	1.388703	1.464006	107.914474	103.731992	107.914499	110.203730	110.203734	-1.699804	1.118405	0.000000	0.017394	0.0021	c1ccc2c(c1)C=CC23C(=O)c4ccccc4C3=O
22223f1	23222	CCCCN	O,-,-,-,-	1.551994	1.508960	1.398383	1.387253	1.392400	107.008980	102.343012	108.694619	110.385589	111.496299	2.209579	-1.021622	0.000000	0.025820	14.8457	Cc1cccc2c1[C@H](C(=O)N2)n3cnc4c(c3=O)cccn4
22223f1	23222	CCCCN	O,-,N,O,-	1.523872	1.501104	1.502956	1.359770	1.371933	108.574111	102.252485	107.982628	106.148091	114.474823	7.466729	-6.564300	0.000000	0.073511	16.4661	C1CN=C2[C@@H](N1)C(=O)NC2=O
22223f1	23222	CSCCC	O,-,-,-,O	1.747029	1.756714	1.381064	1.458545	1.531610	104.908898	96.219664	112.616086	111.426470	114.828881	0.000051	-0.000033	0.000000	0.000001	5.5535	C1(SC2C=CC=CC(C1=O)=2)=O
22223f1	23222	NCCCC	-,-,-,-,O	1.451958	1.492303	1.395615	1.468643	1.383097	113.036940	102.406146	109.967067	108.240793	106.349054	0.000002	0.000015	0.000000	0.000000	5.8041	CN1CC2=C(C=CC=C2)C1=O
22223f1	23222	NCCCC	-,-,-,-,O	1.453528	1.492571	1.395583	1.466679	1.382592	112.648985	102.447217	110.015534	108.033934	106.713223	-2.227527	0.114605	0.000000	0.034376	1.7595	OCCN1CC2=C(C=CC=C2)C1=O
22223f1	23222	NCNCC	-,-,-,-,-	1.486922	1.489453	1.478536	1.470166	1.286023	109.790314	108.357034	102.165999	108.973370	110.699968	-1.143101	0.921494	0.000000	0.011051	17.6543	CN1C=NN2[C@@H]1[N+](=C([CH-]2)c3ccccc3)C
22223f1	23222	OCCCC	-,-,-,-,O	1.454603	1.497431	1.380174	1.454917	1.364676	112.352477	102.533075	109.128213	108.908968	107.077062	-0.032275	0.110121	0.000000	0.001287	12.0546	Oc1ccc2c(Oc3cc(O)ccc3C42OC(=O)c5ccccc54)c1
22223f1	23222	OCCCC	-,-,-,-,O	1.455007	1.497024	1.380212	1.454965	1.364909	112.325614	102.536831	109.154755	108.892415	107.090385	0.000063	-0.000029	0.000000	0.000001	14.7572	CC(=O)OC1=CC2=C(C=C1)C3(OC(=O)C4=C3C=CC=C4)C5=C(O2)C=C(OC(C)=O)C=C5
22223f1	23222	OCCCC	-,-,-,-,O	1.457633	1.507195	1.380089	1.451010	1.361256	113.174494	100.671270	109.453901	108.848652	106.393779	-9.688156	4.242706	0.000000	0.111397	16.1245	CC(C)C1=CC(=C(C)C=C1O)C2(OC(=O)C3=C2C=CC=C3)C4=C(C)C=C(O)C(=C4)C(C)C
22223f1	23222	OCCCC	-,-,-,-,O	1.458082	1.489713	1.380687	1.452052	1.367100	112.475918	102.271589	109.433530	108.995803	106.738875	-2.207128	0.783405	0.000000	0.026701	15.0982	c1ccc2c(c1)[C@@H](OC2=O)C3=C(CCCC3=O)O
22223f1	23222	OCCCC	-,-,-,-,O	1.460635	1.500179	1.380871	1.451762	1.361396	113.093904	101.517209	109.416307	109.087814	106.633892	-4.107007	1.884059	0.000000	0.046271	14.8121	OC1=C(I)C=C(C=C1I)C2(OC(=O)C3=C2C=CC=C3)C4=CC(=C(O)C(=C4)I)I
22223f1	23222	OCCCC	-,-,-,-,O	1.462901	1.499789	1.374280	1.451596	1.360932	112.919870	101.317674	109.731051	109.010889	106.737443	-4.406622	2.073312	0.000000	0.049207	14.1876	CN(C)C1=CC=C(C=C1)C2(OC(=O)C3=C2C=CC(=C3)N(C)C)C4=CC=C(C=C4)N(C)C
22223f1	23222	OCCCC	-,-,-,-,O	1.463323	1.501721	1.380057	1.451834	1.360564	113.024032	101.416958	109.464256	109.073874	106.736996	4.363359	-2.000120	0.000000	0.049272	14.8746	CN(C)C1=CC=C(C=C1)C2(OC(=O)C3=C2C=CC=C3)C4=CC=C(C=C4)N(C)C
22223f1	32222	CCCCC	-,-,-,-,-	1.494254	1.398506	1.472971	1.357047	1.518483	101.356365	109.545406	109.797396	106.438014	112.849683	-0.546985	-0.213088	0.000000	0.010794	9.6427	C1C2=C(C=CC=C2)C(=C1C3=CC=CC=C3)C4=CC=CC=C4
22223f1	32222	CCCNC	-,-,-,-,-	1.521947	1.398459	1.477802	1.297159	1.534393	101.052494	108.244825	109.127239	108.954001	112.621440	0.000096	0.000003	0.000000	0.000001	0.1690	Cc1[n+](c2ccc3c(c2s1)C(C(=[N+]3C)C)(C)C)C
22223f1	32222	CCCNC	-,-,-,-,O	1.505016	1.387625	1.383409	1.390942	1.532580	101.659541	109.326183	110.255651	110.680172	108.078453	0.000014	-0.000005	0.000000	0.000000	15.8277	c1cc2c(nc1)CC(=O)N2
22223f1	32222	CCNCO	-,C,-,O,-	1.517191	1.368559	1.380686	1.365601	1.440679	104.290792	105.728971	111.174062	109.689317	109.052570	-2.347088	2.713827	0.000000	0.022205	7.3752	C12(N(C(=O)OC1(C)C)CCN3C(=C2)C(OC3=O)(C)C)C
22223f1	32222	CCNCO	-,C,-,O,-	1.517191	1.368559	1.380686	1.365601	1.440679	104.290792	105.728975	111.174058	109.689317	109.052573	-2.347082	2.713777	0.000000	0.022205	7.3737	C[C@]12C=C3C(OC(=O)N3CCN1C(=O)OC2(C)C)(C)C
22223f1	32222	COCCC	-,-,O,-,-	1.448320	1.366897	1.456205	1.380499	1.483589	103.063846	112.287128	106.621762	108.955803	109.063924	-0.380251	-0.207230	0.000000	0.008044	12.8198	CC(C)C1OC(=O)c2ccccc12
22223f1	32222	SCCCC	-,O,-,-,O	1.752369	1.459385	1.383662	1.459385	1.752369	91.904514	111.155357	112.892386	112.892386	111.155357	0.000003	-0.000001	0.000000	0.000000	15.5948	S1C(C2C=CC=CC(C1=O)=2)=O
22223f1	32222	SCCCC	O,-,-,-,-	1.728927	1.341420	1.468835	1.394184	1.744281	93.149085	111.786194	113.224904	112.076584	109.763232	-0.000015	0.000014	0.000000	0.000000	13.2479	S1(C=C(Br)C2=C1C=CC=C2)(=O)=O
22223f1	32222	SCCCC	O,-,-,-,-	1.735700	1.342818	1.471859	1.393519	1.746340	92.784822	112.188131	112.726371	112.361287	109.939389	-0.000001	0.000003	0.000000	0.000000	10.5600	S1(C(=C(Br)C2=C1C=CC=C2)Br)(=O)=O
22223f1	32222	SCCCC	O,-,-,-,-	1.741137	1.343333	1.459812	1.393675	1.746285	92.592827	112.146896	112.610877	112.997474	109.651927	-0.000018	0.000026	0.000000	0.000000	9.7241	S1(C=CC2=C1C=CC=C2)(=O)=O
22223f2	22223	CCCCC	-,-,-,-,-	1.376724	1.516774	1.380839	1.517132	1.508135	116.122392	104.780815	107.362844	113.907827	97.822446	0.286995	-0.592968	0.000000	0.005680	8.9224	COCc1[nH]c2c(n1)-c3c(nc(o3)N)[C@H]2c4ccc(cc4)Cl
22223f2	22223	NCCCC	-,-,-,-,-	1.278771	1.476305	1.336262	1.496572	1.474015	109.978421	112.826110	103.614401	112.441194	100.870958	-0.439962	3.651534	0.000000	0.047914	5.8438	CC1=NCCC2=c3ccc(cc3=[NH+][C@@H]12)OC
22223f2	22223	OCCCS	-,-,-,-,O	1.378557	1.383599	1.372078	1.743199	1.656900	109.120473	114.577233	113.914888	107.103091	95.284316	0.000000	0.000017	0.000000	0.000000	0.6515	c1cc2cccc3c2c(c1)OS3(=O)=O
22223f2	22232	NCCSO	-,-,-,-,-	1.345906	1.354386	1.625208	1.667856	1.435690	105.251442	113.498852	112.872714	87.863686	110.163505	10.364159	-23.603664	0.000000	0.326220	16.9503	C[C@@H]1C[C@@H](C2=NOS3=C2C1=NO3)C
22223f2	22232	NCCSO	-,-,-,-,-	1.345907	1.354384	1.625208	1.667855	1.435690	105.251268	113.498844	112.872806	87.863597	110.163573	-10.363755	23.603533	0.000000	0.326222	16.9497	C[C@@H]1C[C@@H](C2=NOS3=C2C1=NO3)C
22223f2	22322	NNCNC	-,-,-,-,-	1.412258	1.460933	1.454635	1.456116	1.314364	95.743545	101.350965	103.992853	78.234673	112.356119	40.405427	-56.492083	0.000000	0.621532	0.5259	C1=CC=C(C=C1)N2N=C3N(C2N3C4=CC=CC=C4)C5=CC=CC=C5
22223f2	22322	NNCNC	-,-,-,-,-	1.412258	1.460933	1.457994	1.416665	1.314364	95.743545	101.350965	105.170619	79.395264	117.472581	-40.996264	53.627893	0.000000	0.567100	3.9581	C1=CC=C(C=C1)N2N=C3N(C2N3C4=CC=CC=C4)C5=CC=CC=C5
22223f2	23222	CCNCC	O,-,-,-,-	1.535758	1.500291	1.418425	1.388992	1.450354	107.818077	104.955998	105.438168	114.998452	106.675347	2.318708	-3.600331	0.000000	0.030389	10.2746	CC(=O)[C@@H]1C[C@@]2(C(=O)c3ccccc3N2O1)c4ccccc4
22223f2	32222	CCCCC	-,-,-,-,-	1.515029	1.412176	1.447849	1.412820	1.515472	101.944627	110.326948	108.727823	108.699634	110.300968	0.000209	0.000009	0.000000	0.000003	1.3313	BrC1=CC2=C(C=C1)C3=CC=CC=C3C2
22223f2	32222	CCCCC	-,-,-,-,-	1.517353	1.413917	1.447849	1.412032	1.514692	101.931367	110.232229	108.711466	108.744756	110.380182	0.000164	-0.000039	0.000000	0.000002	9.7017	[O-][N+](=O)C1=CC2=C(CC3=C2C=CC=C3)C=C1
22223f2	32222	CCCCN	-,-,-,-,-	1.496093	1.405148	1.441677	1.354667	1.483754	101.200315	109.096289	109.368155	106.943028	113.392213	0.000208	-0.000198	0.000000	0.000002	5.4535	c1ccc-2c(c1)C[n+]3c2cccc3
22223f2	32222	CCCNC	-,-,-,-,-	1.507286	1.403074	1.437926	1.363501	1.512695	100.103780	110.736049	108.299982	108.665026	112.195163	-0.000323	0.000382	0.000000	0.000003	13.3754	CC1(c2ccccc2-[n+]3c1cc(cc3c4ccccc4)c5ccco5)C
22223f2	32222	CCCNC	-,-,-,-,-	1.524237	1.414621	1.386168	1.353579	1.493638	100.215704	109.858661	107.057645	112.238239	110.567181	1.240790	0.426000	0.000000	0.023708	7.3910	c1ccc(cc1)c2c(c3n(n2)-c4ccccc4[C@@H]3CO)O
22223f2	32222	CCCNN	-,-,-,-,-	1.504670	1.396854	1.389332	1.389339	1.465591	102.715418	109.228410	107.928283	111.106100	108.907597	3.063495	-1.427699	0.000000	0.031758	13.6694	c1ccc(cc1)n2c(=O)n3n(c2=O)-c4cc5ccccc5cc4C3
22223f2	32222	SCCCC	O,-,-,-,-	1.781965	1.349929	1.468763	1.394054	1.744045	93.353825	109.323482	114.887233	112.238165	110.195522	-0.273188	-0.009636	0.000000	0.004514	1.6879	c1ccc2c(c1)C3=C(S2(=O)=O)NCCS3
22223i	22223	CCCCS	-,-,O,C,-	1.336657	1.464176	1.480343	1.733135	1.731974	117.318231	110.311869	111.128638	110.543884	90.697378	0.000026	-0.000011	0.000000	0.000000	16.5854	COC(=O)C1=CC(=O)/C(=C(/Nc2ccc(cc2Cl)Cl)\\O)/S1
22223i	22223	CCNCC	-,-,-,-,-	1.342757	1.372051	1.299556	1.523340	1.514123	109.562157	113.338131	105.393180	116.170345	95.536187	-0.000044	0.000059	0.000000	0.000000	10.5170	CC1=C(N=C(C1(C)C)C)C
22223i	22223	CCNCC	-,-,-,-,-	1.345631	1.378715	1.299190	1.487431	1.509584	110.899159	112.571598	102.809537	120.176922	93.523928	-0.445611	1.289371	0.000000	0.012457	17.4841	CCOC(=O)C1=C(N=C([C@H]1C)[N+](=O)[O-])C
22223i	22223	CCNCS	C,O,-,-,-	1.511514	1.377740	1.285345	1.729509	1.730345	108.009709	112.326516	111.848270	118.166672	89.646888	-0.278787	0.485872	0.000000	0.004173	6.5927	CCOC(=O)C/C(=C/1\\C(=O)N=C(S1)S)/C
22223i	22223	CCOCC	-,-,-,O,-	1.329593	1.395775	1.372840	1.508677	1.476193	108.966747	114.627658	104.074175	112.309219	100.021665	0.216916	-0.093304	0.000000	0.002018	12.6001	c1ccc(cc1)C2=CCC(=O)O2
22223i	22223	CNCCS	N,-,O,C,-	1.355614	1.365114	1.491986	1.722011	1.740731	109.913826	117.976239	109.724449	109.297345	93.071810	-1.289496	0.534744	0.000000	0.011342	14.1976	CC(=O)/N=C\\1/NC(=O)/C(=C/N2CCCCC2)/S1
22223i	22223	CNCCS	O,-,O,C,-	1.384751	1.390431	1.490174	1.707519	1.758389	110.867974	115.113788	110.724709	110.464112	92.763232	0.208200	-1.917379	0.000000	0.027697	4.8748	N1(C(SC(\C1=O)=C/C2=CC=C(C=O)C=C2)=O)C3=CC=CC=C3
22223i	22223	CNCCS	S,-,O,C,-	1.375844	1.386857	1.490330	1.723954	1.758527	109.905610	116.558625	110.439185	109.554617	93.255016	-5.932936	5.040355	0.000000	0.047862	3.9364	N1(C(SC(/C1=O)=C/C2C=C3OCOC(=CC=2)3)=S)C(C(=O)O)C4C=CC=CC=4
22223i	22223	CNCCS	S,-,O,C,-	1.375861	1.386781	1.490377	1.724102	1.758549	109.899429	116.553656	110.444969	109.531460	93.260549	-6.142181	5.292587	0.000000	0.049884	2.6161	N1(C(SC(/C1=O)=C/C2C=CC(=CC=2)F)=S)C(C(=O)O)C3C=CC=CC=3
22223i	22223	CNCCS	S,-,O,C,-	1.375889	1.386023	1.490923	1.724603	1.758832	109.891849	116.461762	110.446536	109.377410	93.250159	-8.089665	7.567458	0.000000	0.069096	4.9461	N1(C(SC(/C1=O)=C/C2C=C(OC)C(=CC=2)OCC#C)=S)C(C(=O)O)C3C=CC=CC=3
22223i	22223	CNCCS	S,-,O,C,-	1.379014	1.383553	1.486626	1.714898	1.761026	109.833654	116.498099	110.424527	110.127613	93.076099	-2.194522	1.308244	0.000000	0.017560	2.5501	N1(C(SC(\C1=O)=C/C2=CC=C(C=O)C=C2)=S)CC3C=CC=CC=3
22223i	22223	CNCCS	S,-,O,C,-	1.385813	1.393772	1.490634	1.722051	1.765554	109.639076	116.284932	110.047752	109.631853	92.968370	-7.531927	12.295697	0.000000	0.124193	5.9844	N1(C(SC(/C1=O)=C/C(=C/C2C=CC=CC=2)C)=S)C3=C(C(=O)O)C=CC=C3
22223i	22223	CNCCS	S,-,O,C,-	1.390417	1.398181	1.493470	1.719813	1.762457	109.910132	115.916807	110.486805	110.013233	93.350391	2.172300	2.035605	0.000000	0.059622	15.1254	N1(C(SC(/C1=O)=C/C2C=CC(=CC=2)F)=S)C3=CC(C(=O)O)=CC=C3
22223i	22223	CNCCS	S,-,O,C,-	1.390505	1.398449	1.493400	1.719440	1.762720	109.931849	115.873803	110.517253	110.012806	93.350439	1.920680	2.217924	0.000000	0.059097	13.2944	N1(C(SC(/C1=O)=C/C2C=CC(=CC=2)F)=S)C3=CC=C(C(=O)O)C=C3
22223i	22223	CNCCS	S,-,O,C,-	1.391885	1.395636	1.488420	1.710458	1.765044	109.951122	115.609262	110.555056	110.480863	93.139135	2.323797	1.499955	0.000000	0.053445	17.3885	N1(C(SC(\C1=O)=C/C2C=CC(C=O)=CC=2)=S)C3=CC(C(F)(F)F)=CC=C3
22223i	22223	CNCCS	S,-,O,C,-	1.391896	1.395587	1.488424	1.710492	1.764945	109.954351	115.613814	110.550856	110.482084	93.137145	-2.220756	-1.583474	0.000000	0.053295	17.7417	N1(C(SC(\C1=O)=C/C2=CC=C(C=O)C=C2)=S)C3C=C(Cl)C=CC=3
22223i	22223	CNNCC	-,-,-,-,-	1.300368	1.508215	1.284901	1.476825	1.511209	116.939686	100.904779	113.102679	110.682143	98.315696	-1.465319	2.455222	0.000000	0.021042	1.4789	CC1=N[N+](=C(OS(=O)(=O)c2ccc(C)cc2)C1C(=O)c3ccc(Cl)cc3Cl)C
22223i	22223	CNNCC	-,-,-,O,-	1.294424	1.375661	1.409836	1.499587	1.489109	114.033544	107.202010	112.813460	104.958435	100.990394	-0.491127	0.441071	0.000000	0.004062	4.7603	CC1=NN(C(=O)C1)C2=C(Cl)C=CC(=C2)S(O)(=O)=O
22223i	22223	CNNCC	-,-,-,O,-	1.295521	1.384908	1.404743	1.499567	1.492094	114.258365	106.316384	113.636319	104.545142	101.243790	0.000049	-0.000113	0.000000	0.000001	16.2692	CC1=NN(C(=O)C1)C2=CC=CC=C2
22223i	22223	CNNCC	-,-,-,O,-	1.295841	1.384024	1.404834	1.499569	1.492384	114.250663	106.338506	113.630124	104.575306	101.205146	0.147824	-0.168982	0.000000	0.001448	16.4579	CC1=NN(C(=O)C1)C2=CC=C(C=C2)S(O)(=O)=O
22223i	22223	CNNCC	-,-,-,O,-	1.296801	1.385171	1.407091	1.525047	1.505842	114.435466	106.696295	113.968701	104.408435	100.471542	-0.779485	1.367056	0.000000	0.013300	7.6119	CC1=NN(C2=CC=CC=C2)C(=O)[CH]1O
22223i	22223	CNNCC	-,-,-,O,-	1.297603	1.385574	1.411343	1.508353	1.483529	115.939113	105.357245	113.673921	104.768027	100.258427	0.196012	0.175328	0.000000	0.005229	17.2366	OC(=O)C1=NN(C2=CC=C(C=C2)S(O)(=O)=O)C(=O)[CH]1N=NC3=CC=C(C=C3)S(O)(=O)=O
22223i	22223	CNNCC	-,-,-,O,-	1.298078	1.386758	1.410296	1.488205	1.485866	113.745331	106.267525	113.618328	104.051991	102.283074	0.639056	0.565829	0.000000	0.016820	17.2844	CC1=NN(C2=CC=C(C=C2)[N+]([O-])=O)C(=O)[CH]1[N+]([O-])=O
22223i	22223	CNNCC	-,-,-,O,-	1.299340	1.368690	1.385718	1.497674	1.500600	114.189258	105.714133	114.885655	104.798722	100.412232	-0.000006	0.000005	0.000000	0.000000	10.2337	CC1=NNC(=O)C1
22223i	22223	CNNCC	-,-,-,O,-	1.302553	1.378922	1.415228	1.508028	1.487144	115.745039	105.616191	113.517121	105.012378	100.052019	2.497835	-2.333654	0.000000	0.021083	2.6128	OC(=O)C1=NN(C(=O)C1N=NC2=C(C=CC=C2)S(O)(=O)=O)C3=C(C=CC=C3)S(O)(=O)=O.C4CCC(CC4)NC5CCCCC5
22223i	22223	CNNCC	O,-,-,-,-	1.403805	1.383558	1.298237	1.492737	1.497706	104.758236	113.537419	106.383781	114.125824	101.194740	-0.000056	0.000002	0.000000	0.000001	0.9592	c1ccc(cc1)N2C(=O)CC(=N2)c3ccco3
22223i	22223	CNNCC	O,-,-,-,-	1.404743	1.384908	1.295521	1.492094	1.499567	104.545131	113.636329	106.316380	114.258367	101.243793	-0.000016	0.000003	0.000000	0.000000	6.4125	N1(C(CC(=N1)C)=O)C2C=CC=CC=2
22223i	22223	CNNCC	O,-,-,C,-	1.385400	1.392235	1.371156	1.512764	1.526387	107.261772	110.754159	109.657052	108.159259	101.711235	-10.816582	16.093566	0.000000	0.144640	1.2356	Cc1cc(nc(n1)N2C(=O)C/C(=C/C(=O)OC)/N2)C
22223i	22223	NCNCC	-,C,-,-,-	1.373523	1.486979	1.288505	1.507582	1.457775	112.085524	104.759987	110.549136	110.923374	101.322383	3.406735	0.339611	0.000000	0.055412	3.0784	CC1=C/C(=C/2\\NCC=[NH+]2)/C(=O)[NH+]=N1
22223i	22232	CCCCO	-,-,O,-,-	1.340619	1.467811	1.503171	1.440164	1.391090	117.216862	102.496642	110.166674	102.946426	107.162450	-0.824571	0.307720	0.000000	0.009158	17.9113	CNC1=C(C(=O)[C@H](O1)c2ccccc2)c3ccc(cc3)C(F)(F)F
22223i	22232	CCNON	-,-,-,-,-	1.345551	1.393327	1.410616	1.406045	1.395296	108.344169	108.840686	108.232520	105.003100	108.561126	6.067306	-9.703899	0.000000	0.091316	1.2535	CC1=C(NON1)c2c(c(n[nH]2)N=O)N=O
22223i	22232	CCNON	-,-,-,-,-	1.353199	1.395342	1.405914	1.407235	1.393925	107.326150	109.328135	107.889078	104.905462	109.217334	8.199573	-11.461177	0.000000	0.104286	6.0368	c1cc(cnc1)C2=C(NON2)/N=C\\N=O
22223i	22232	CCNSN	O,C,-,-,-	1.516060	1.388273	1.664040	1.682605	1.376453	107.864445	112.632144	110.095384	95.415382	113.204602	9.116542	-8.348236	0.000000	0.088046	6.1171	c1ccc(cc1)/C=C\\2/C(=O)NSN2
22223i	22232	CCOCC	-,O,-,-,-	1.477629	1.361640	1.421292	1.481486	1.337139	105.945043	109.660844	108.840605	104.991523	110.561985	-0.000017	0.000003	0.000000	0.000000	4.2377	C1(C(OCC=1OC)=O)Br
22223i	22232	CCOPO	-,-,-,O,-	1.335170	1.401454	1.658321	1.658321	1.401454	112.623356	112.623357	110.686522	93.380240	110.686525	0.000006	-0.000015	0.000000	0.000000	16.0673	CC1=C(OP(=O)(O1)[O-])C
22223i	22232	CCOPO	-,-,-,O,-	1.340829	1.408062	1.634373	1.634373	1.408062	112.905649	112.905630	108.887906	96.407042	108.887908	-0.506999	0.700616	0.000000	0.007872	0.0080	CC1=C(OP(=O)(O1)n2ccnc2)C
22223i	22232	CNCCC	O,-,O,-,O	1.371626	1.391105	1.550140	1.509646	1.503638	107.968972	111.961764	110.323577	100.927944	108.760008	1.567336	-2.321306	0.000000	0.023497	0.5341	O=C1N(C2=CC=CC=C2)C(=O)C(C3=CC=CC=C3)(C4=CC=CC=C4)C1=O
22223i	22232	CNCCN	O,-,O,-,-	1.348910	1.359920	1.552479	1.456702	1.368549	108.651018	110.569486	109.427786	97.740124	113.368834	-4.681052	2.274021	0.000000	0.042584	7.0186	O=C1NC(=O)[C](CC2=CC=CC=C2)(N1)C3=CC=CN=C3
22223i	22232	CNCCN	O,-,O,-,-	1.352446	1.360543	1.538450	1.442707	1.373398	108.566166	110.992656	108.461112	99.572914	112.404821	-0.496472	0.446852	0.000000	0.004443	0.2215	O=C1NC(=O)C2(CCCC2)N1
22223i	22232	COCCO	O,-,C,-,-	1.370477	1.381674	1.485322	1.422843	1.363755	112.864490	104.949833	111.134104	101.859188	109.192386	0.000002	-0.000005	0.000000	0.000000	14.2172	C1(OC(=C)C2(O1)CCCCC2)=O
22223i	22232	COCCO	O,-,C,-,-	1.371379	1.381553	1.484488	1.421206	1.365236	112.885249	104.957554	111.004884	102.107912	108.990367	1.073054	-2.085316	0.000000	0.021345	9.3665	C1(OC(=C)C(O1)(CCC2=C(CCCC2(C)C)C)C)=O
22223i	22232	COCCO	O,-,C,-,-	1.371452	1.381524	1.484655	1.420908	1.365411	112.885722	104.941453	110.988464	102.098908	108.966674	1.844548	-3.222995	0.000000	0.031747	4.9233	C1(OC(=C)C(O1)(CC/C=C(/CCC=C(C)C)C)C)=O
22223i	22232	NCCCC	-,O,O,-,O	1.358703	1.511373	1.524787	1.553764	1.375405	113.613821	107.285424	108.440427	100.501875	110.062714	2.026559	-0.255996	0.000000	0.027225	4.4500	CCN1C(=O)C(=O)C(C1=O)(C2=CC=CC=C2)C3=CC=CC=C3
22223i	22232	NCCSC	-,-,-,-,C	1.387975	1.339751	1.747362	1.807896	1.398235	110.627393	116.383555	112.939811	88.369846	111.673327	-0.046079	0.427104	0.000000	0.007983	5.9475	CN\\1C=CS/C1=C/C(=S)SC
22223i	22232	NCCSC	-,O,C,-,S	1.379109	1.488023	1.709949	1.762747	1.378363	116.719503	110.634063	109.805843	93.438584	109.399873	-0.479060	0.417608	0.000000	0.004768	5.2267	CN1C(=O)/C(=C/[n+]2ccccc2N)/SC1=S
22223i	22232	NNCCC	-,-,-,-,-	1.432041	1.301213	1.501207	1.498654	1.295256	107.688788	108.195152	113.609864	96.147342	114.314444	1.467325	-2.011315	0.000000	0.019473	2.2567	N1N=C(C)C(C=1S)N
22223i	22232	NNCCC	-,-,-,-,O	1.376390	1.298048	1.498012	1.498357	1.393044	114.488705	105.834439	114.260789	100.760685	104.655382	-0.000006	0.000023	0.000000	0.000000	9.5497	CN1N=C(C)CC1=O
22223i	22232	NNCCC	-,-,O,-,-	1.368690	1.385718	1.497675	1.500600	1.299340	105.714131	114.885656	104.798724	100.412229	114.189261	0.000004	-0.000001	0.000000	0.000000	13.9732	N1NC(=O)CC=1C
22223i	22232	NNCCC	-,-,O,-,-	1.385092	1.406328	1.500307	1.485438	1.296176	105.641565	113.564436	104.880440	100.594327	115.317004	0.440578	-0.444420	0.000000	0.004456	12.2647	NC1=CC=CC(=C1)N2N=C(CC2=O)C(O)=O
22223i	22322	CCCCC	-,-,-,-,-	1.340853	1.503982	1.511382	1.345049	1.438949	109.334230	110.077285	101.481238	109.469968	109.631303	-0.721051	0.748645	0.000000	0.007297	3.3683	C1=C[C@@H](C(=C1)CCO)S
22223i	22322	CCCCN	-,-,-,-,-	1.344850	1.514534	1.506877	1.328279	1.379917	111.419135	107.726551	101.130956	109.340823	110.379011	0.567658	-0.548305	0.000000	0.005637	4.1523	c1ccc(cc1)C2=C[NH+]=C([C@@H]2C#N)N
22223i	22322	CCCCN	-,-,-,O,-	1.343475	1.502800	1.513691	1.390721	1.380543	108.791668	111.587645	100.684440	107.466984	111.459762	0.061374	-0.620837	0.000000	0.008668	6.4525	CC1=C(CC(=O)N1Cc2ccco2)C(=O)OC
22223i	22322	CCCCO	-,-,-,O,-	1.327362	1.476625	1.511344	1.376021	1.392537	115.113609	108.786008	100.030435	112.205931	103.864017	-0.000021	0.000029	0.000000	0.000000	14.1623	CC1=CCC(=O)O1
22223i	22322	CCCOC	-,-,-,-,O	1.333483	1.484618	1.427213	1.357811	1.461252	107.410393	109.621086	104.698947	109.115123	109.146937	-0.282844	-0.300447	0.000000	0.007722	17.3509	CO[CH]1C[CH](O[CH](C)[CH]1O[CH]2O[CH](CO)[CH](O)[CH](O)[CH]2O)O[CH]3CC[C]4(C=O)[CH]5CC[C]6(C)[CH](CC[C]6(O)[CH]5CC[C]4(O)C3)C7=CC(=O)OC7
22223i	22322	CCSCC	-,-,O,-,-	1.334149	1.727834	1.727834	1.334149	1.450867	113.221891	110.367026	92.822167	110.367026	113.221890	-0.000003	-0.000010	0.000000	0.000000	4.1755	C1(=C(S(=O)(=O)C(=C1Cl)Cl)Cl)Cl
22223i	22322	CCSCC	-,-,O,-,-	1.338937	1.744499	1.734472	1.336423	1.442039	113.549197	109.786207	92.753109	110.008941	113.896501	-0.672324	0.324356	0.000000	0.007500	2.8155	OC1=C(C2=C(Cl)C=C(Cl)C=C2)S(=O)(=O)C(=C1O)C3=C(Cl)C=C(Cl)C=C3
22223i	22322	CCSCN	-,-,-,C,-	1.345828	1.755284	1.807293	1.386527	1.372242	114.033917	113.871357	87.879879	110.726245	113.422603	-0.911964	2.073722	0.000000	0.024847	6.1834	C1=C(S/C(=C(\\N)/N=O)/N1)[N+](=O)[O-]
22223i	22322	CCSCN	-,C,-,S,-	1.513252	1.735300	1.774967	1.373611	1.302274	116.901793	106.824110	90.512035	114.176156	111.585906	-0.000014	-0.000004	0.000000	0.000000	3.0985	c1ccc(cc1)N/C=C/2\\C(=NC(=S)S2)[O-]
22223i	22322	CCSCN	O,C,-,-,-	1.497492	1.717404	1.738644	1.286918	1.378482	111.927163	108.927266	89.618394	117.149047	112.372125	0.407934	-0.753000	0.000000	0.007401	7.9341	c1cc(oc1)/C=C\\2/C(=O)N=C(S2)N
22223i	22322	CCSNN	-,C,-,-,-	1.488970	1.730099	1.692989	1.365037	1.305933	117.175256	105.085850	91.821251	115.113468	110.198544	-5.185686	7.745012	0.000000	0.079071	17.7515	CC1=C(/C(=C\\2/C(=NNS2)C)/N=N1)C(=O)OC
22223i	22322	CNCCN	O,-,-,-,-	1.362476	1.430187	1.517250	1.300688	1.366525	109.542540	112.740735	96.131704	114.749611	106.522293	-5.388195	3.730040	0.000000	0.050776	7.7429	O=C1N[CH](C2=CC=CC=C2)C(=N1)C3=CC=CC=C3
22223i	22322	CNCOC	-,-,-,-,O	1.297077	1.481321	1.426674	1.344163	1.502345	115.295395	100.496062	112.676647	105.856677	105.575869	2.949782	-3.304644	0.000000	0.028632	7.0548	CC(C)CC1=N[C@@H](OC1=O)c2ccccc2
22223i	22322	CNNOC	-,-,-,-,-	1.378857	1.435567	1.486722	1.381922	1.327387	110.476696	105.880955	107.467281	102.735885	113.277817	-4.042406	2.916548	0.000000	0.036818	11.8898	c1cc2c(cccn2)c(c1)N3C(=CON3)O
22223i	22322	CNSNC	-,-,O,-,-	1.356247	1.605088	1.606877	1.340213	1.476712	114.017971	98.777325	111.974845	97.041100	118.188758	0.000206	-0.000258	0.000000	0.000003	17.8790	CC1=NS(=O)(=O)N=C1O
22223i	22322	NCSCC	-,N,-,C,O	1.345843	1.728544	1.729189	1.492552	1.364413	116.894178	112.020200	91.722111	109.804036	109.559056	0.111738	0.008464	0.000000	0.001767	0.4009	N1C(SC(\C1=O)=C/C2=CC=C(C=O)C=C2)=N
22223i	22322	NCSCC	-,O,-,C,O	1.363878	1.748125	1.739664	1.493150	1.374883	117.574355	109.859630	93.225263	108.758027	110.249695	1.535440	1.886398	0.000000	0.050325	14.1440	N1(C(SC(/C1=O)=C/C(=C\C2=CC=CC=C2)C)=O)CC(=O)O
22223i	22322	NCSCC	-,O,-,C,O	1.364621	1.750883	1.731786	1.493191	1.374810	117.634671	109.924345	92.950610	109.432136	109.911066	-2.789152	0.816583	0.000000	0.034768	16.8204	N1(C(SC(/C1=O)=C/C2=CC=C(C=C2)C(C)C)=O)CC(=O)O
22223i	22322	NCSCC	-,O,-,C,O	1.364644	1.750914	1.731728	1.493159	1.374786	117.632983	109.923855	92.949219	109.435100	109.912061	-2.789285	0.821265	0.000000	0.034734	16.7128	N1(C(SC(/C1=O)=C/C2C=CC=CC=2)=O)CC(=O)O
22223i	22322	NCSCC	-,O,-,C,O	1.364773	1.750675	1.732613	1.493440	1.374409	117.602351	109.906149	93.005665	109.315537	109.987727	-2.498181	0.083998	0.000000	0.037473	5.1090	N1(C(SC(/C1=O)=C/C2C=C(OC)C(=CC=2)O)=O)CC(=O)O
22223i	22322	NCSCC	-,O,-,C,O	1.364873	1.751624	1.730330	1.492885	1.374322	117.605315	109.923588	92.910099	109.505149	109.913946	3.007754	-1.228874	0.000000	0.035050	8.7968	N1(C(SC(/C1=O)=C/C2C=C(Br)C=CC=2)=O)CC(=O)O
22223i	22322	NCSCC	-,O,-,C,O	1.364916	1.751494	1.730538	1.492920	1.374378	117.605177	109.923056	92.919859	109.493956	109.912614	2.831643	-0.902262	0.000000	0.034736	15.1235	N1(C(SC(/C1=O)=C/C2C=CC(=CC=2)F)=O)CC(=O)O
22223i	22322	NCSCC	-,O,-,C,O	1.364940	1.751537	1.730438	1.492928	1.374350	117.603330	109.923280	92.917712	109.498929	109.911298	-2.833570	0.903890	0.000000	0.034753	15.1000	N1(C(SC(/C1=O)=C/C2=CC=C(C=C2)Cl)=O)CC(=O)O
22223i	22322	NCSCC	-,O,-,C,O	1.365003	1.751116	1.729969	1.493068	1.375361	117.538888	110.017615	92.825898	109.616085	109.716111	1.364258	1.818596	0.000000	0.046682	13.3776	N1(C(SC(/C1=O)=C/C2C(O)=CC=CC=2)=O)CC(=O)O
22223i	22322	NCSCC	-,O,-,C,O	1.365218	1.752133	1.728437	1.492270	1.374105	117.532680	109.961665	92.835083	109.644510	109.833439	2.140951	0.424954	0.000000	0.038111	3.5829	N1(C(SC(/C1=O)=C/C2C(Br)=CC=CC=2)=O)CC(=O)O
22223i	22322	NCSCC	-,O,-,C,O	1.365293	1.752300	1.728292	1.492240	1.373980	117.508925	109.967652	92.826590	109.643078	109.837384	-1.968124	-0.786109	0.000000	0.040294	9.1139	N1(C(SC(/C1=O)=C/C2C(Cl)=CC=CC=2)=O)CC(=O)O
22223i	22322	NCSCC	-,O,-,C,O	1.365326	1.752229	1.728729	1.492866	1.374043	117.574432	109.932975	92.869853	109.605042	109.872690	2.823654	-0.894306	0.000000	0.034693	15.2579	N1(C(SC(/C1=O)=C/C2=CC=C([N+]([O-])=O)C=C2)=O)CC(=O)O
22223i	22322	NCSCC	-,O,-,C,O	1.365508	1.753444	1.727250	1.490139	1.372300	117.423779	109.907830	92.786305	109.596185	110.080347	-4.260854	2.964456	0.000000	0.046167	14.6389	N1(C(SC(/C1=O)=C/C2C([N+]([O-])=O)=CC=CC=2)=O)CC(=O)O
22223i	22322	NCSCC	-,O,-,C,O	1.365592	1.752708	1.726822	1.491588	1.373362	117.493961	109.967390	92.787013	109.730413	109.873541	2.767919	-0.779368	0.000000	0.034782	17.5310	N1(C(SC(/C1=O)=C/C2C(Cl)=CC=CC=2Cl)=O)CC(=O)O
22223i	22322	NCSCC	-,S,-,C,O	1.379416	1.757415	1.726098	1.491322	1.388447	116.701904	109.840597	93.369160	109.587039	110.426080	-1.148350	2.304206	0.000000	0.027544	4.2929	N1(C(SC(/C1=O)=C/C(=C/C2=CC=CC=C2)C)=S)CCC(=O)O
22223i	22322	NCSCC	-,S,-,C,O	1.379748	1.758293	1.722074	1.490434	1.387695	116.162809	110.044801	93.203127	109.674439	110.550534	2.141567	1.482826	0.000000	0.052875	14.7608	N1(C(SC(/C1=O)=C/C2C=C3OCOC(=CC=2)3)=S)C(C(=O)O)CCC
22223i	22322	NCSCC	-,S,-,C,O	1.379807	1.756964	1.725489	1.491462	1.387725	116.148691	110.043114	93.325460	109.410108	110.743809	-2.958501	-0.397718	0.000000	0.050476	1.4197	N1(C(SC(/C1=O)=C/C=C/C)=S)C(C(=O)O)C
22223i	22322	NCSCC	-,S,-,C,O	1.380004	1.757806	1.722999	1.491093	1.387720	116.173461	110.040006	93.237416	109.625579	110.609459	-3.124239	-0.113366	0.000000	0.049572	2.2602	N1(C(SC(/C1=O)=C/C2=CC=C(C=C2)F)=S)C(C(=O)O)C
22223i	23222	CCCCC	O,-,O,-,-	1.509069	1.510509	1.502083	1.334239	1.476115	111.237293	99.950585	110.461040	108.744944	109.590317	-0.698210	1.274450	0.000000	0.011426	0.1336	c1ccc(cc1)[C@@H]2C(=O)C=C(C2=O)N
22223i	23222	CCCNC	N,-,O,-,O	1.502887	1.518811	1.376906	1.366421	1.513869	107.565275	103.000223	108.840113	114.082313	106.400551	-2.616354	3.660376	0.000000	0.029749	17.5048	C/N=C\\1/C(C(=O)N(C1=O)C)C2=CC(=O)N(C2=O)C
22223i	23222	CCCNN	-,-,-,-,-	1.471548	1.455231	1.289272	1.440481	1.296879	110.577559	100.442505	112.529780	107.402799	109.046291	-0.202714	0.324263	0.000000	0.002822	0.0700	Cc1ccccc1[C@@H]2[C@@H]([C@@]23C(=NN=C3O)N)C#N
22223i	23222	CCCNN	N,-,O,-,-	1.497532	1.507408	1.404995	1.408632	1.367680	110.660747	102.477627	106.533994	111.634546	107.364671	5.002648	1.830469	0.000000	0.104932	7.2485	N=C1CC(=O)N(N1)C2=CC=CC=C2
22223i	23222	CCNCN	O,-,-,O,-	1.530049	1.445051	1.374720	1.352632	1.356627	109.169836	99.029448	112.336123	108.419251	110.548827	-6.828825	5.047658	0.000000	0.066184	3.0395	c1csc(n1)NC(=O)C[C@@H]2C(=O)NC(=O)N2
22223i	23222	CCNCN	O,-,-,O,-	1.530990	1.450184	1.373732	1.353130	1.360820	108.588798	99.657500	112.096767	108.457962	111.043593	2.636976	-4.114332	0.000000	0.034280	6.6174	C1CSC[C@@]12C(=O)NC(=O)N2
22223i	23222	CCNNC	-,-,-,-,-	1.506516	1.485192	1.265397	1.375010	1.333598	106.266150	101.126369	110.321749	110.823346	111.298634	3.958565	-4.094694	0.000000	0.036060	5.0158	Cc1cc(n(n1)[C@H]2C(=C(N=N2)C)[NH3+])C
22223i	23222	CCOCC	C,-,-,-,-	1.523313	1.446872	1.386345	1.336112	1.450282	103.338411	107.336658	105.277994	114.688593	109.126562	4.002280	-1.616502	0.000000	0.046167	17.3487	c1ccc(cc1)[C@@H]2C(=C(C#N)C#N)C(=C(O2)N)C#N
22223i	23222	CCOCO	C,-,-,O,-	1.487930	1.419118	1.364634	1.370390	1.381566	111.070621	101.852604	109.250036	112.864698	104.901828	-2.376659	1.817585	0.000000	0.022604	4.9801	C1(C(OC(O1)=O)=C)(C2C3C=CC(C2)C3)C
22223i	23222	CCOCO	C,-,-,O,-	1.491863	1.419279	1.362047	1.368202	1.381826	111.327410	101.263750	109.782796	112.798449	104.827594	-0.000017	0.000031	0.000000	0.000000	0.2360	C12(C(OC(O1)=O)=C)CC(NC(C2)(C)C)(C)C
22223i	23222	CSCNC	C,-,S,-,O	1.724771	1.749151	1.360843	1.366517	1.490146	109.781245	92.767581	109.771814	118.106061	109.573300	-0.000010	0.000025	0.000000	0.000000	11.6184	CC=C1SC(=S)NC1=O
22223i	23222	NCCNC	-,-,O,-,-	1.462718	1.532754	1.385833	1.297973	1.361380	106.709732	100.464269	109.588221	106.019770	117.053380	3.381073	-1.526904	0.000000	0.038091	13.4806	CCN1CC(=O)N=C1N
22223i	23222	NCCNC	-,-,O,-,O	1.451394	1.550410	1.361034	1.349812	1.370569	112.942493	98.471679	108.941196	110.742075	108.775357	-2.250375	3.668766	0.000000	0.031331	5.8270	C[C]1(NC(=O)NC1=O)C2=CC=C(Cl)C=C2
22223i	23222	NCCNC	-,-,O,-,O	1.453476	1.555715	1.360749	1.348907	1.369480	113.247444	98.027702	109.100742	110.733467	108.796259	-2.797371	3.196517	0.000000	0.028320	1.7432	CCC[C]1(NC(=O)NC1=O)C2=CC=CC=C2
22223i	23222	NCCNC	-,-,O,-,S	1.455390	1.507499	1.357069	1.364409	1.423131	109.144028	102.514622	108.496301	111.710081	108.134968	-0.000010	0.000000	0.000000	0.000000	2.5582	CC(=O)N1CC(=O)NC1=S
22223i	23222	NCNCC	-,-,-,-,-	1.480575	1.481394	1.296221	1.485522	1.296421	104.190288	109.374843	104.188582	110.965270	110.983092	1.783627	-4.380906	0.000000	0.047798	17.7221	C1CCC2(CC1)N=C(C3=CC=CC=C3)C(=N2)C4=CC=CC=C4
22223i	23222	NCONC	-,-,-,-,-	1.440403	1.445380	1.434790	1.308468	1.367785	105.680220	104.199877	107.640613	105.785790	114.805217	12.815834	-7.434321	0.000000	0.127258	3.8131	c1ccc(c(c1)[C@@H]2NC(=NO2)CC(=O)N3CCCC3)O
22223i	23222	NNOCN	-,-,-,-,-	1.437197	1.458338	1.358507	1.289731	1.359110	107.613903	105.857814	101.909740	116.755426	107.410259	-4.968776	1.492642	0.000000	0.061483	14.4258	CCCN1NOC(=N1)N
22223i	32222	CCCCC	-,-,-,-,-	1.525328	1.353887	1.468066	1.352967	1.523681	102.136913	109.357523	109.492985	109.515084	109.438774	1.689220	-0.197020	0.000000	0.023095	4.0656	OC1(CC=C)C(=C(C2=CC=CC=C2)C(=C1C3=CC=CC=C3)C4=CC=CC=C4)C5=CC=CC=C5
22223i	32222	CCNCC	-,O,-,O,O	1.521064	1.393644	1.379087	1.510632	1.491526	102.926080	109.678401	112.073952	107.286302	108.017285	0.809441	0.041712	0.000000	0.012977	3.1626	CCC1(CC)C(=O)N(C(=O)C1=O)C2=CC=CC=C2
22223i	32222	CCNCN	-,-,-,-,-	1.505879	1.301418	1.379574	1.309865	1.476562	95.497760	116.642677	103.366335	113.688999	110.804229	0.000010	-0.000003	0.000000	0.000000	16.3857	CC1(C(=NC=[N+]1[O-])C#N)C
22223i	32222	CCNCN	-,O,-,-,-	1.516550	1.379724	1.390362	1.300417	1.479425	103.777681	106.084458	108.351650	114.020689	107.480245	-4.047458	1.095145	0.000000	0.050721	11.1175	CO[C@@]1(C(=O)N(C(=N1)[O-])c2ccc(cc2)F)C(F)(F)F
22223i	32222	CNCCC	-,-,O,C,O	1.476055	1.394593	1.478812	1.475684	1.516633	100.396933	114.890605	106.153841	106.843938	109.828035	13.021281	-5.475117	0.000000	0.127250	13.5870	CNC(=O)[CH](C)[CH]1N([CH]2CC[CH](O)[CH](C)O2)C(=O)C(=C(O)C=CC(C)=C[CH](C)[CH]3O[C]4(C)O[CH](C=C[C]45CO5)[CH]3C)C1=O
22223i	32222	CNCNC	-,-,O,-,O	1.442672	1.385328	1.365054	1.362618	1.539730	99.712929	111.619890	108.639637	110.292285	108.649465	7.495199	-0.633603	0.000000	0.098186	3.4254	C1(N(C(=O)N(C1=O)C)C)(C(NC(=O)NC)=O)O
22223i	32222	CNCNC	-,-,O,-,O	1.443654	1.375477	1.353393	1.361890	1.537689	99.644528	112.072465	108.540911	110.982788	108.254626	5.093804	-0.386130	0.000000	0.066904	3.0518	CC(C)(C)C[C]1(C)NC(=O)NC1=O
22223i	32222	CNCNC	-,-,O,-,O	1.444799	1.403704	1.360477	1.357173	1.513994	100.436721	111.379115	107.543955	111.006675	109.353874	-5.453179	5.126934	0.000000	0.046611	6.1177	[O-][N+](=O)C1=CC=C(O1)C=NN2CC(=O)NC2=O
22223i	32222	CNCNC	-,-,O,-,O	1.447733	1.374313	1.353173	1.361259	1.539263	99.492860	112.313613	108.553910	111.084669	108.460845	2.061888	0.014886	0.000000	0.028964	0.1338	CCCCCC[C]1(C)NC(=O)NC1=O
22223i	32222	CNCNC	-,-,O,-,O	1.447853	1.374320	1.353157	1.361258	1.539359	99.480287	112.318446	108.552340	111.084711	108.467328	-2.165086	0.077257	0.000000	0.029374	1.5932	CC[C]1(C)NC(=O)NC1=O
22223i	32222	CNCNO	-,-,-,-,-	1.441242	1.364948	1.304457	1.437598	1.447369	104.682121	105.091152	116.022061	105.216612	107.773474	8.548944	-2.200146	0.000000	0.101714	8.1354	CC1(NC(=NO1)C2=NC(ON2)(C)C)C
22223i	32222	CNNCC	-,-,-,-,-	1.480276	1.386616	1.385389	1.341992	1.505785	101.664138	108.130013	110.148601	109.499013	109.985930	7.970759	-5.991997	0.000000	0.068917	9.4005	Cc1ccc(cc1)N2[C@@H](C=C(N2)C)O
22223i	32222	CNNCO	-,-,-,N,-	1.463254	1.254408	1.381139	1.362146	1.405017	109.331059	106.666703	109.523265	113.299909	101.171498	-0.533859	0.014715	0.000000	0.007865	0.0056	CC[C@@]1(N=N/C(=N\\c2ccccc2)/O1)C
22223i	32222	COCCC	-,-,O,-,-	1.430281	1.361038	1.462082	1.329914	1.479759	103.876718	109.387139	109.124711	106.754596	110.855447	0.391196	-0.330953	0.000000	0.003348	14.7170	C[CH]1OC(=O)C=C1
22223i	32222	SCCNC	-,C,O,-,S	1.726498	1.487885	1.366555	1.360899	1.748200	92.748015	109.762213	109.620188	118.100903	109.767716	0.324635	-0.308882	0.000000	0.002926	16.3435	CN(C)C1=CC=C(C=C1)C=C2SC(=S)NC2=O
22233f1	22233	CCCCC	-,-,O,-,-	1.334962	1.471911	1.505138	1.558317	1.499860	116.078414	105.616201	112.085921	102.654866	103.444170	-3.396367	3.503434	0.000000	0.033203	8.4715	C1(=CC(=O)C2C1C3C=CC2C3)O
22233f1	22233	CCCCC	O,-,-,-,-	1.440090	1.364879	1.481548	1.559851	1.534885	108.241409	109.142442	114.805953	102.598807	105.211389	-0.000002	0.000022	0.000000	0.000000	2.2520	c1csc2c1C(=O)CC2
22233f1	22233	CCCCC	O,-,-,-,-	1.463200	1.393905	1.496553	1.533100	1.506433	109.760835	107.732719	112.604728	104.694237	105.207481	-0.000039	0.000060	0.000000	0.000001	1.2174	CC1=CC=C(Cl)C2=C1C(=O)CC2
22233f1	22233	CCCCS	N,-,-,-,-	1.484068	1.347998	1.499359	1.804593	1.753089	111.738017	111.292663	117.586731	106.242209	93.056820	-1.654402	2.945953	0.000000	0.030840	11.9484	[H]/N=C/1\\C(=C2CCCC[C@H]2S1)c3[n-]nnn3
22233f1	22233	CNCCC	O,-,O,-,-	1.383808	1.383497	1.510373	1.521513	1.506906	107.478095	110.238552	108.461384	100.601688	102.348229	-11.174026	27.354015	0.000000	0.322488	17.6376	N1(C(C2C(C=CC(C(C1=O)2)C)C(=O)OC)=O)C3=CC=CC=C3
22233f1	22233	CNCCC	O,-,O,-,-	1.401613	1.404662	1.482406	1.489292	1.503390	103.839098	109.411897	103.818333	99.339067	98.039292	15.696676	-40.921324	0.000000	0.484676	17.7136	c1ccc(cc1)N2C(=O)[C@H]3[C@H](C2=O)N=NN3
22233f1	22233	CNCSC	O,-,C,-,-	1.401454	1.385913	1.733188	1.805913	1.507671	111.782490	116.476200	111.247509	93.784640	106.667080	2.042391	-0.907967	0.000000	0.018020	8.5527	C1C(=C(N2C(=O)CSC2=C1C(=O)N)N)C#N
22233f1	22233	CNNCC	-,-,-,-,-	1.301068	1.370343	1.452103	1.517332	1.485705	116.862438	106.051228	112.402851	104.764108	99.401651	6.744025	-7.559593	0.000000	0.066094	13.9060	CCOC(=O)C1=NN[C@@H]2[C@H]1C(=O)NC2=O
22233f1	22233	CNNCC	-,-,-,-,-	1.307736	1.393846	1.455821	1.512304	1.497917	113.798110	105.778211	107.850932	101.211065	96.702719	-20.566307	36.458811	0.000000	0.367102	6.2602	CCCC1=NN([C@@H]2[C@@H]1N=C(NC2=O)Cc3ccc(cc3)N)C
22233f1	22233	COCCC	O,-,O,-,-	1.352848	1.355495	1.497076	1.523077	1.488379	110.974647	110.532560	110.237966	103.295371	102.797219	-3.808070	11.657415	0.000000	0.143123	14.0809	O=C1OC(=O)[CH]2[CH]1[CH](N3[CH]4[CH]([CH](N23)C5=CC=CC=C5)C(=O)OC4=O)C6=CC=CC=C6
22233f1	22233	COCCC	O,-,O,-,-	1.353600	1.353600	1.491805	1.532777	1.491805	110.853606	111.080736	110.853605	103.556632	103.556631	-3.226166	1.877107	0.000000	0.027310	0.0000	O=C1OC(=O)[CH]2[CH]3C[CH](C=C3)[CH]12
22233f1	22233	NCCCC	-,-,-,-,-	1.409212	1.389661	1.485901	1.540604	1.476750	103.550574	112.299902	109.836321	100.055552	107.294914	-0.060664	-15.311877	0.000000	0.254925	0.8776	N1(C2=C(C=NN=C2)CC1)C
22233f1	22233	NCCCC	-,-,-,-,-	1.417094	1.394877	1.489067	1.540040	1.474123	102.563416	113.049350	109.073008	100.268328	107.991668	-1.346705	-14.393384	0.000000	0.255901	1.3951	N1C2=C(C=CC=C2)CC1
22233f1	22233	NCNCC	-,-,-,-,-	1.288693	1.349835	1.422860	1.530481	1.499970	103.454447	118.015659	109.352538	101.464445	107.070543	-4.511111	7.308263	0.000000	0.077064	8.2022	COC(=O)/C=c/1\\c(=O)n2c(=NCC2)s1
22233f1	22233	NCNCC	-,-,-,-,-	1.292139	1.377945	1.431232	1.519485	1.482711	105.147209	117.096506	107.469256	103.405840	106.556822	-2.737053	5.025078	0.000000	0.054779	11.1226	C1CSC2=NCCN2C1=O
22233f1	22233	NCNCC	-,O,-,-,-	1.395122	1.396573	1.456692	1.602815	1.461592	112.427152	108.022709	111.565611	102.523108	101.409438	9.025002	-17.896389	0.000000	0.197316	13.2343	ClN1C(=O)N(Cl)C2(N(Cl)C(=O)N(Cl)C12C3=CC=CC=C3)C4=CC=CC=C4
22233f1	22233	OCCPC	-,-,-,O,-	1.378124	1.394334	1.718188	1.790976	1.458063	110.981832	118.725843	107.513568	94.724271	106.410887	-0.059192	6.904315	0.000000	0.133051	4.3023	c1ccc2c(c1)OC[P@@]2(=O)O
22233f1	22332	CCCCC	-,-,-,-,O	1.331490	1.514499	1.600703	1.516834	1.470691	107.436550	115.715930	102.733869	102.368932	111.660661	-1.503666	2.517907	0.000000	0.028968	5.1765	ClC1=C(Cl)[C]2(Cl)[C]3(Cl)C(=C(Cl)[C](Cl)(C3=O)[C]2(Cl)C1=O)Cl
22233f1	22332	CCCCC	-,-,-,-,O	1.337199	1.505582	1.526794	1.500942	1.468654	105.766124	114.263276	104.651743	102.190838	112.059593	8.457376	-9.883624	0.000000	0.101008	12.7617	COc1ccc2c(c1)CC[C@@H]3C2=CC(=O)C3
22233f1	22332	CCCCC	-,C,-,-,-	1.510375	1.522210	1.544063	1.545843	1.349066	103.163745	113.184664	99.217372	104.385547	114.503054	22.836826	-21.457463	0.000000	0.233612	3.0512	c1ccc2c(c1)[nH]c(n2)NNC3=C4C=CC[C@@H]4C3
22233f1	22332	CCCCO	-,-,-,-,-	1.334757	1.490082	1.529292	1.439570	1.394869	114.579718	109.322396	101.310806	108.643863	105.121796	-6.945258	9.977992	0.000000	0.097248	8.4742	CC1=C([C@@H]2CCO[C@@H]2O1)C(=O)OC
22233f1	22332	CCCCO	O,C,-,-,-	1.483427	1.498350	1.534483	1.439075	1.363122	107.473222	106.480188	98.419412	104.431660	109.326335	31.138887	-36.313808	0.000000	0.360187	12.0655	CC1=C2C(=O)O[C@H]([C@@]2(CCC1=O)C)c3ccoc3
22233f1	22332	CCCCO	O,C,-,-,-	1.486310	1.498554	1.536590	1.443234	1.364918	107.610011	106.353525	99.856885	104.379686	110.338774	29.363975	-32.957481	0.000000	0.328728	9.3753	CC1=C2C(=O)O[C@@H]([C@@]2(CCC1)C)c3ccoc3
22233f1	22332	CNCCN	-,-,-,-,-	1.317683	1.462691	1.573231	1.476342	1.321206	114.191306	110.845223	102.275398	102.939509	109.627164	3.471773	-2.279132	0.000000	0.031601	11.6612	CCCCNC(=O)NCC1=[NH+][C@@H]2C=CC=C[C@@H]2N1
22233f1	22332	CNCCN	O,-,-,-,-	1.378716	1.425865	1.546936	1.425865	1.378716	108.961932	111.246765	104.155432	104.155431	111.246765	2.931984	0.000004	0.000000	0.042330	0.0001	O=C1NC2NC(=O)NC2N1
22233f1	22332	CNCCN	O,-,-,-,-	1.384114	1.428060	1.523270	1.448286	1.385065	108.318663	110.282944	103.144104	102.686724	109.409851	-20.041400	24.253239	0.000000	0.236049	15.4317	O=C1NC2NC(=O)NC(=O)C2N1
22233f1	22332	CNCCN	S,-,-,-,-	1.423199	1.468907	1.576075	1.451032	1.391393	108.433948	108.795887	102.529894	101.595076	111.117252	-22.281477	26.657536	0.000000	0.267148	17.5319	C[C@@]12C[C@@]3(C(NC(=S)N3O)(C)C)ON1C(=S)NC2(C)C
22233f1	22332	CNCCO	O,-,-,-,-	1.363935	1.450783	1.567288	1.458138	1.366135	108.902348	112.139071	98.997291	102.337742	108.381959	-21.976144	28.646547	0.000000	0.294636	9.9414	C12(N(C(=O)OC31CCCCC3)CCC4=C2C=C(C(OC)=C4)OC)C
22233f1	22332	CNCCO	O,-,-,-,-	1.363988	1.451275	1.568534	1.457184	1.366537	109.022991	112.213754	99.115501	102.574989	108.437142	-21.024509	27.685529	0.000000	0.284819	9.4233	C12(N(C(=O)OC1(CC)C)CCC3=C2C=CC=C3)C
22233f1	22332	CNCCO	O,-,-,-,-	1.364130	1.450783	1.569072	1.456958	1.366351	109.006420	112.234364	99.101542	102.570902	108.478331	-21.103962	27.661195	0.000000	0.284409	9.6944	C12(N(C(=O)OC1(CC)C)CCC3=C2C=C(C(OC)=C3)OC)C
22233f1	22332	CNCCO	O,-,-,-,-	1.364535	1.450274	1.561797	1.454858	1.366933	108.994918	112.199030	99.058909	102.964856	108.193741	20.941339	-27.678082	0.000000	0.283277	9.4033	C12(N(C(=O)OC1(C)C)CCC3=C2C=C(C(OC)=C3)OC)C
22233f1	22332	CNCCO	O,-,-,-,-	1.373007	1.439233	1.561046	1.446608	1.367951	109.473632	111.108591	99.549886	102.941569	107.853972	-22.593349	28.891402	0.000000	0.290335	12.3227	C[C@]12C=C3C(OC(=O)N3CCN1C(=O)OC2(C)C)(C)C
22233f1	22332	CNCCO	O,-,-,-,-	1.373007	1.439233	1.561046	1.446608	1.367951	109.473632	111.108594	99.549889	102.941571	107.853972	-22.593312	28.891388	0.000000	0.290335	12.3227	C12(N(C(=O)OC1(C)C)CCN3C(=C2)C(OC3=O)(C)C)C
22233f1	22332	CNCSC	-,-,-,-,-	1.386661	1.500106	1.833843	1.747983	1.339212	116.558644	112.660077	105.140873	91.865232	112.505865	11.023883	-10.038284	0.000000	0.122237	10.3756	c1ccc(cc1)C2=CN3C=CS[C@@H]3N2CCO
22233f1	22332	NCCCO	-,-,-,-,-	1.305865	1.483381	1.501735	1.418375	1.429290	106.237802	113.215178	95.406929	103.359863	104.047213	26.382088	-38.917791	0.000000	0.397427	3.7348	c1ccc(cc1)C2=NO[C@@H]3[C@@H]2C(=O)NC(=O)N3
22233f1	23322	CCCCC	O,-,-,-,-	1.508548	1.538076	1.495012	1.389706	1.455738	109.412799	105.237174	104.465595	112.494713	108.389719	-0.000027	0.000041	0.000000	0.000000	9.9559	O=C1CCC2=C1C=CC=C2
22233f1	23322	CCCCN	O,-,-,O,-	1.491429	1.517332	1.515710	1.359030	1.356861	109.667602	104.155065	104.146161	108.185900	112.167247	2.861024	-9.834810	0.000000	0.114129	14.8389	CCOC(=O)C1=NN[C@@H]2[C@H]1C(=O)NC2=O
22233f1	23322	CCCCN	O,-,-,O,-	1.510660	1.533025	1.509166	1.359488	1.358719	108.398350	101.573480	102.457164	107.278834	112.744288	26.251895	-24.516024	0.000000	0.270114	12.0535	C1C=C(C[C@@H]2[C@H]1C(=O)NC2=O)Cl
22233f1	23322	CCCCO	O,-,-,O,-	1.488379	1.523077	1.497077	1.355495	1.352848	110.974661	102.797281	103.295299	110.237988	110.532556	14.071688	-11.657457	0.000000	0.143122	14.0815	O=C1OC(=O)[CH]2[CH]1[CH](N3[CH]4[CH]([CH](N23)C5=CC=CC=C5)C(=O)OC4=O)C6=CC=CC=C6
22233f1	23322	CCCCO	O,-,-,O,-	1.494265	1.522321	1.500190	1.351205	1.350516	111.316702	103.295434	103.565497	110.785456	110.690171	-5.606285	5.392958	0.000000	0.057393	11.3823	C12(C(C(=O)OC1=O)C3(C)OC2CC3)C
22233f1	23322	CCCCO	O,-,-,O,-	1.499735	1.517451	1.499019	1.357887	1.356424	109.795283	100.232317	101.634678	108.765854	109.690164	29.791041	-26.471618	0.000000	0.306228	17.5530	C[CH]1C=CC[CH]2[CH]1C(=O)OC2=O
22233f1	23322	CCCCO	O,-,-,O,-	1.506302	1.522478	1.489229	1.348949	1.352062	111.309083	102.525870	104.503206	110.906933	110.737641	-1.056422	0.509774	0.000000	0.012459	12.1501	C12(C(OC(C1C3CCC2(O3)C)=O)=O)C
22233f1	23322	CCCCO	O,-,-,O,-	1.506701	1.524987	1.495674	1.351851	1.353193	110.829516	103.103467	103.966664	110.889550	111.012671	3.561701	-1.674663	0.000000	0.042212	12.6335	C1(C2(C(C3CC2CC3)C(O1)=O)C)=O
22233f1	23322	CCCON	-,-,-,-,-	1.478380	1.504468	1.427302	1.436550	1.294823	113.665397	95.769821	101.789134	104.533859	105.546341	39.747434	-40.950284	0.000000	0.410065	4.3387	c1ccc2c(c1)[C@@H]3[C@@H](CO2)C=NO3
22233f1	23322	CSCCC	O,-,-,-,-	1.758065	1.825959	1.493809	1.395248	1.465792	110.746146	93.840493	106.610652	115.329281	113.473428	-0.000004	0.000004	0.000000	0.000000	0.7012	C1(SCC2C1=CC=CC=2)=O
22233f1	23322	NCCCC	-,-,-,-,-	1.475131	1.551027	1.482406	1.330890	1.384297	109.512790	104.517216	101.831237	112.732997	110.670392	-7.789227	4.981384	0.000000	0.083112	0.3109	CN1CCC\\2=C1/C(=N\\O)/S/C2=N\\c3ccc(cc3)F
22233f1	23322	NCCNC	-,-,-,-,-	1.437862	1.587595	1.489066	1.293026	1.349322	105.919070	101.311859	106.640209	101.568476	122.631288	12.935989	-7.674906	0.000000	0.134516	0.0113	[C@@H]12[C@@H](NC(=N1)O)N=C(N2)O
22233f1	23322	NCCNC	-,-,-,-,-	1.489067	1.587595	1.437862	1.349322	1.293026	101.568479	106.640207	101.311858	105.919074	122.631283	12.935990	-12.941362	0.000000	0.134516	0.0113	[C@@H]12[C@@H](NC(=N1)O)N=C(N2)O
22233f1	23322	NCCNC	-,-,-,-,-	1.499453	1.517498	1.448345	1.380945	1.306152	99.393053	103.987542	100.430408	101.734668	120.444155	37.378807	-30.494740	0.000000	0.362478	14.9187	CN1[C@@H]2[C@@H](C(=NC1=O)[O-])N=C(N2)Cl
22233f1	23322	NCCNC	-,-,-,-,N	1.463976	1.554979	1.428837	1.366752	1.331370	107.856624	105.766585	100.738160	112.625619	111.029423	6.123174	2.291257	0.000000	0.124594	6.6798	[C@@H]12[C@@H](NS(=O)(=O)N1)[N-]/C(=N\\[N+](=O)[O-])/N2
22233f1	23322	NCCNC	-,-,-,-,O	1.425865	1.546936	1.425865	1.378716	1.378716	111.246766	104.155432	104.155431	111.246765	108.961933	0.000003	2.931984	0.000000	0.042330	0.0000	O=C1NC2NC(=O)NC2N1
22233f1	23322	NCCNC	-,-,-,-,O	1.436298	1.574843	1.436298	1.376734	1.376734	111.503201	103.495025	103.495025	111.503204	109.255078	-0.000020	-5.228022	0.000000	0.075574	0.0002	C12(C(NC(N1)=O)(NC(N2)=O)C)C
22233f1	23322	NCCNC	-,-,-,-,O	1.436298	1.574843	1.436298	1.376734	1.376734	111.503203	103.495024	103.495026	111.503202	109.255077	-0.000017	5.228055	0.000000	0.075574	0.0001	C12(C(NC(N1)=O)(NC(N2)=O)C)C
22233f1	23322	NCCNC	-,-,-,-,O	1.436930	1.542191	1.449105	1.395943	1.396195	109.853375	104.610917	102.905769	108.881023	108.855517	17.983680	-22.499138	0.000000	0.207622	14.5114	OCN1C2C(N(CO)C1=O)N(CO)C(=O)N2CO
22233f1	23322	NCCNC	-,-,-,-,O	1.436931	1.542191	1.449105	1.395943	1.396195	109.853368	104.610897	102.905807	108.880996	108.855538	17.983672	-22.499128	0.000000	0.207622	14.5114	OCN1C2C(N(CO)C1=O)N(CO)C(=O)N2CO
22233f1	23322	NCCNC	-,-,-,-,O	1.437876	1.558901	1.440136	1.397058	1.392838	111.023596	104.221781	104.063701	110.441835	108.673983	5.911060	-11.645814	0.000000	0.113549	5.4340	CN1[C@@H]2[C@@H](NNC(=O)N2)N(C1=O)C
22233f1	23322	NCCNC	-,-,-,-,O	1.461592	1.602815	1.456692	1.396573	1.395122	112.427132	101.409440	102.523104	111.565633	108.022714	19.253458	-17.896288	0.000000	0.197316	13.2347	ClN1C(=O)N(Cl)C2(N(Cl)C(=O)N(Cl)C12C3=CC=CC=C3)C4=CC=CC=C4
22233f1	23322	NCCNN	-,-,-,-,-	1.459985	1.489292	1.432270	1.398959	1.276985	107.437119	99.941492	96.441977	106.047075	108.775130	-43.410416	39.680830	0.000000	0.437070	11.7455	c1ccc(cc1)N2C(=O)[C@H]3[C@H](C2=O)N=NN3
22233f1	23322	OCCNC	-,-,-,-,O	1.419208	1.504867	1.410325	1.382666	1.383069	104.404859	102.085186	99.884486	105.260415	110.413989	41.773700	-35.871803	0.000000	0.396421	13.3305	C1C=C(O[C@@H]2[C@@H]1OC(=O)N2)C#N
22233f1	23322	OCCOC	-,-,-,-,O	1.403952	1.494367	1.403952	1.383836	1.383836	102.816206	100.080471	100.080470	102.816205	111.014585	47.909818	-38.017369	0.000000	0.447122	18.0000	C1[C@@H]2[C@@H](CS1)OC(=O)O2
22233f1	32223	CCCCC	-,-,-,O,-	1.498480	1.396037	1.463390	1.506276	1.532560	104.795503	112.371714	107.851215	109.729499	105.252070	-0.000054	-0.000199	0.000000	0.000004	7.0563	CC1=CC=C(C)C2=C1CCC2=O
22233f1	32223	CCCNC	-,-,-,-,-	1.489067	1.394877	1.417094	1.474124	1.540040	100.268302	109.073005	113.049357	102.563387	107.991655	-1.346671	17.264992	0.000000	0.255902	1.3950	c1ccc2c(c1)CCN2
22233f1	32223	CCCNC	-,-,-,-,-	1.489123	1.394642	1.426973	1.466801	1.536970	100.050084	109.210929	111.647224	102.712982	106.865123	-2.073140	20.445823	0.000000	0.296183	2.5057	C12C(=C(N)C=C(N=1)C)CCN2C
22233f1	32223	CCCNC	-,-,-,-,-	1.489384	1.400434	1.411904	1.480235	1.535593	99.983106	109.417857	112.340200	103.066226	107.625892	-0.327830	-16.540124	0.000000	0.265647	1.6249	N1(C(=C(C(=O)OCC)N=N1)CN2C3=C(C=CC=C3)CC2)C4C(=NON=4)N
22233f1	32223	CCCNC	-,-,-,-,-	1.491395	1.402674	1.420345	1.473094	1.536388	100.325665	109.478164	111.448147	103.791625	107.084707	0.284242	-17.452218	0.000000	0.270333	0.3824	c1ccc2c(c1)CCN2c3ccc4nnnn4n3
22233f1	32223	CCCOC	-,-,-,-,-	1.477406	1.381330	1.385266	1.442639	1.528664	99.040777	109.140598	113.493429	102.966591	109.139358	-1.819638	-13.884137	0.000000	0.237827	4.8760	Cc1ccnc2c1CCO2
22233f1	32223	CCCOC	-,-,-,-,-	1.478808	1.386582	1.370604	1.447766	1.529720	99.026206	109.241725	113.645373	103.545606	109.249787	2.180024	12.437743	0.000000	0.219835	6.0815	c1cc2c(cc1O)CCO2
22233f1	32223	CCCOC	-,-,-,-,-	1.479159	1.386449	1.370903	1.447230	1.529578	99.040555	109.177172	113.673034	103.521807	109.232047	2.173273	12.526816	0.000000	0.221126	6.0514	c1ccc2c(c1)CCO2
22233f1	32223	CCNNC	-,-,-,-,-	1.492134	1.338868	1.487112	1.486161	1.535913	102.324984	110.652666	111.532118	103.763028	105.894152	-2.942757	-12.563311	0.000000	0.236275	6.0437	Cc1cc([n+]2c(n1)CCN2c3ccccc3)C
22233f1	32223	CNCCC	-,-,-,-,-	1.479222	1.410456	1.399673	1.490488	1.537473	107.397875	103.434450	112.300613	109.374319	100.183409	-16.454962	-0.150522	0.000000	0.261141	1.3396	Cc1cnc(o1)CN2CCc3c2cccc3
22233f1	32223	CNCNC	-,-,-,-,-	1.429595	1.372549	1.294037	1.482774	1.519016	103.342073	107.915224	116.920753	105.208932	106.613019	-0.000032	-0.000030	0.000000	0.000001	17.5460	CC1=CC(=O)N2CCN=C2S1
22233f1	32223	CNCNC	-,-,-,-,-	1.439482	1.357420	1.345269	1.480360	1.559173	102.805262	110.058637	114.540148	106.793202	105.355937	6.456623	-2.852904	0.000000	0.061409	15.8711	C1CN2CC[NH+]=C2N1
22233f1	32223	CNCNC	-,-,C,-,-	1.467046	1.359818	1.374410	1.466873	1.541576	103.785957	109.642662	111.239706	109.315546	102.894506	1.110480	10.599571	0.000000	0.170391	4.1414	c1ccc(cc1)n2c(=O)cc3n(c2=O)CCN3
22233f1	32223	CNCOC	-,-,N,-,-	1.437486	1.363036	1.359469	1.438961	1.525454	100.984002	111.217467	110.956214	107.507590	106.369879	-5.461535	-6.343581	0.000000	0.164167	16.1888	c1c(c(=O)nc2n1CCO2)C#N
22233f1	32223	COCCC	-,-,-,-,-	1.450282	1.366847	1.384049	1.490528	1.546216	109.990230	105.142907	114.264554	109.775559	99.818744	-6.486817	0.252413	0.000000	0.096003	0.4600	OC(=O)[CH]1OC2=CC=CC=C2[CH]1C3=CC=CC=C3
22233f1	32223	NCCCS	-,-,-,S,-	1.453244	1.347596	1.475369	1.754191	1.775979	106.007627	117.055985	113.776349	107.512065	95.068265	1.147873	4.257879	0.000000	0.083952	5.3335	C[N+]1(C2=C(CCCC2)C(=S)S1)CC=C
22233f1	32223	SCCCC	-,-,-,O,-	1.729519	1.361182	1.428368	1.539566	1.880330	91.673495	114.144074	117.788097	109.622987	106.771347	-0.000007	0.000001	0.000000	0.000000	0.1797	c1c[nH]c2c1SCC2=O
22233f1	32223	SCNCC	-,-,-,O,-	1.752096	1.277762	1.572894	1.496488	1.824890	94.107422	117.681848	109.958045	113.797880	104.351430	-3.519523	2.290567	0.000000	0.030579	0.2406	Cc1ccc(cc1)C2=N[N+]3=C(SC2)SCC3=O
22233f1	32223	SNCNC	-,-,-,-,-	1.692680	1.354578	1.355990	1.457464	1.837233	89.536687	114.800202	115.745019	111.611735	108.039189	-5.486462	5.611958	0.000000	0.044025	2.0030	Cc1cc2n(n1)S[C@@H](N2)Nc3ccccc3
22233f1	33222	CCCCC	-,-,-,-,O	1.538281	1.516331	1.345139	1.473348	1.493921	103.055596	104.790442	113.398808	106.812721	111.831847	3.380762	-2.096048	0.000000	0.032111	2.3760	CC1C2C(CC(C)C3CC(=O)C(=C3C2O)C)OC1=O
22233f1	33222	CCCCC	-,-,-,-,O	1.547215	1.496668	1.388013	1.455477	1.510603	104.459400	104.365741	112.383709	108.374206	109.632726	-6.860884	1.976179	0.000000	0.087127	11.1336	CC(=O)[CH]1CC2=C(C=CC=C2)C1=O
22233f1	33222	CCCCC	-,-,O,-,-	1.550486	1.510869	1.455401	1.388154	1.496537	104.558841	104.517116	109.824223	108.475076	112.452134	3.800590	-1.996920	0.000000	0.040925	9.6522	O=C([CH]1CC2=CC=CC=C2C1=O)C3=CC=CC=C3
22233f1	33222	CCCCO	-,-,-,-,-	1.546929	1.480813	1.384261	1.368447	1.457102	108.809082	100.080250	109.644082	113.998607	104.996380	-10.367653	1.820493	0.000000	0.151770	7.0512	CC1(C)CC2=CC(=CC=C2O1)Br
22233f1	33222	CCNCN	-,-,-,-,-	1.551695	1.461157	1.321233	1.320589	1.477358	104.049240	102.180239	110.817478	114.239700	108.713344	0.000045	0.000213	0.000000	0.000003	9.8352	C1CN2C=CN=C(C2=[NH+]1)Cl
22233f1	33222	CCNCN	-,-,-,N,-	1.536516	1.446093	1.364583	1.365067	1.456692	102.494383	103.292616	111.097065	109.197772	110.288982	-10.873766	-0.667200	0.000000	0.181307	1.0667	C1Cn2c(=O)[nH]c(=O)nc2N1
22233f1	33222	CCNCN	-,-,-,N,-	1.559173	1.439482	1.357420	1.345269	1.480360	105.355942	102.805260	110.058636	114.540154	106.793197	6.699792	-6.456606	0.000000	0.061409	15.8709	C1CN2CC[NH+]=C2N1
22233f1	33222	CCNCO	-,-,-,C,-	1.520495	1.438571	1.361533	1.386937	1.449197	106.323915	101.871430	110.339611	111.753842	105.592361	13.867179	-2.629215	0.000000	0.193502	6.9321	C[C@@H]1Cn2c(c(c(=O)[nH]c2=O)c3ccccc3)O1
22233f1	33222	CCOCC	-,-,-,-,-	1.565607	1.457338	1.370140	1.384332	1.486456	99.259746	107.862382	105.015524	113.918051	109.603447	-19.366791	10.365042	0.000000	0.202809	9.3610	CC(C)(C)C(=O)[C@@]1([C@@H](c2ccccc2O1)O)n3cncn3
22233f1	33222	CCOCN	-,-,-,N,-	1.523087	1.445072	1.328614	1.304011	1.444140	100.167717	106.517751	103.554335	116.479833	109.246573	-18.986193	11.745821	0.000000	0.191624	4.4783	C1COC2=[NH+]C[C@@H](CN21)Br
22233f2	22233	CCCCC	N,-,-,-,-	1.479365	1.415173	1.516550	1.546143	1.496693	109.043828	107.705204	112.588531	103.281041	107.131187	2.272528	0.871444	0.000000	0.048041	11.6755	C/N=C/1\\c2ccccc2[C@]3([C@@H]1[NH+]3C)c4ccccc4
22233f2	22233	COCCC	O,-,O,-,-	1.352672	1.352673	1.495228	1.527867	1.495228	110.943603	110.952869	110.943601	103.557935	103.557934	2.153257	-1.255129	0.000000	0.018243	0.0002	O=C1OC(=O)[CH]2[CH]3CC[CH](C=C3)[CH]12
22233f2	23322	CCCCO	O,-,-,O,-	1.500339	1.539983	1.502185	1.349542	1.347949	111.394831	102.908525	103.162026	111.038120	111.024740	6.501379	-6.305659	0.000000	0.067392	11.1573	CC(=O)OC1CCC2(C)C3(C1)C=CC4(C5CCC(C(C)=O)C5(C)CC6OC246)C7C3C(=O)OC7=O
22233f2	23322	CCCCO	O,-,-,O,-	1.500795	1.548463	1.499080	1.348388	1.349514	111.476002	102.728978	103.349019	111.179855	111.197529	-2.307364	1.441118	0.000000	0.025366	2.2030	CC(=O)O[CH]1CC[C]2(C)C3=CC[C]4(C)[CH](CC[CH]4[C]35C=C[C]2(C1)[CH]6[CH]5C(=O)OC6=O)C(C)=O
22233f2	23322	OCCNC	-,-,-,-,O	1.441437	1.537299	1.439763	1.397167	1.369573	110.108447	105.195842	103.919692	109.977591	109.953186	-5.735481	9.052243	0.000000	0.084103	5.3036	N12C3(C(CCC3(C)OC1=O)C(N2C4=CC=CC=C4)(C)C)C
22233f2	23322	OCCNC	-,-,-,-,O	1.441444	1.537277	1.439707	1.397132	1.369606	110.106343	105.196402	103.917735	109.980980	109.949437	-5.744861	9.071884	0.000000	0.084289	5.2739	N12C3(C(CCC3(C)OC1=O)C(N2C4C=CC(=CC=4)C)(C)C)C
22233f2	32223	CCCCC	-,-,-,-,-	1.500336	1.372682	1.372184	1.501291	1.549318	103.442590	111.545281	110.033700	111.463294	103.513147	-0.111170	0.372688	0.000000	0.004264	11.2739	C(C(C1C2=C3C(CCC(=CC=1)3)=CC=C2)=O)([P+](C4=CC=CC=C4)(C5C=CC=CC=5)C6=CC=CC=C6)Br
22233f2	32223	CCCCC	-,-,-,-,-	1.500782	1.372663	1.375182	1.502277	1.548815	103.474071	111.613262	109.951150	111.420467	103.540089	0.319754	-0.194000	0.000000	0.002842	2.8000	[O-][N+](=O)C1=C2C=CC=C3CCC(=C23)C=C1
22233f2	32223	CCCCC	-,-,-,-,-	1.500811	1.372773	1.373192	1.501155	1.548631	103.463897	111.605725	109.887347	111.570215	103.472816	-0.000035	-0.000045	0.000000	0.000001	15.9418	O=CC1=C2C=CC=C3CCC(=C23)C=C1
22233f2	32223	CCCCC	-,-,-,-,-	1.501750	1.372014	1.370615	1.499050	1.551623	103.767008	110.824538	110.751836	111.236958	103.419660	-0.000048	-0.000049	0.000000	0.000001	17.8950	BrC1=C2CCC3=CC=CC(=C23)C=C1
22233f2	32223	CCCCC	-,-,-,-,-	1.511062	1.371270	1.369720	1.500004	1.565181	102.870758	111.295605	110.826176	111.326293	103.677981	-0.000372	0.372398	0.000000	0.005526	1.3171	C1(C2=C3C(C=CC=C(C1)3)=CC=C2)CC(=O)O
22233f2	32223	CCCNC	-,-,-,-,-	1.498310	1.385461	1.381835	1.461367	1.549845	102.517764	110.121053	111.570006	109.375840	106.414335	0.072252	0.143128	0.000000	0.003083	12.4655	N12C(C(=C(O)C3=C1C(=CC=C3)CC2)C4=CC=CC=C4)=O
22233f2	32223	CCCNC	-,-,-,-,-	1.498595	1.386075	1.385087	1.459882	1.549124	102.573754	110.214461	111.290569	109.546899	106.374316	-0.000038	-0.000030	0.000000	0.000001	15.7582	Cc1cc(=O)n2c3c1cccc3CC2
22233f2	32223	CNCCC	-,-,-,-,-	1.463069	1.381350	1.385266	1.498215	1.549860	106.400044	109.223180	111.643058	110.111867	102.438813	-2.113220	-0.775787	0.000000	0.041618	10.1598	C1(C(N2CCC3C(=C(C=1O)C=CC=3)2)=O)C(=O)OCC
22233f3	22332	CCCCN	-,-,-,-,-	1.397258	1.508616	1.561920	1.471028	1.404766	110.194743	111.133070	101.227504	106.462055	109.142842	11.055977	-13.288501	0.000000	0.133191	17.6453	COC1=CC2=C(C=C1OC)C34CCN5CC6=CCOC7CC(=O)N2C3C7C6CC45.CC(C)CC(NC=O)C(O)=O
22233f3	22332	CCCCN	-,-,-,-,-	1.397258	1.508616	1.561921	1.471028	1.404764	110.194773	111.133141	101.227482	106.462054	109.142859	11.055290	-13.288157	0.000000	0.133188	17.6428	CCC(C(O)=O)C1=CC=C(C=C1)[N+]([O-])=O.COC2=CC3=C(C=C2OC)C45CCN6CC7=CCOC8CC(=O)N3C4C8C7CC56
22233f3	22332	CCCCN	-,-,-,-,-	1.397258	1.508616	1.561921	1.471028	1.404765	110.194782	111.133068	101.227481	106.462009	109.142802	11.055797	-13.288757	0.000000	0.133194	17.6429	COC1=CC2=C(C=C1OC)[C]34CCN5CC6=CCO[CH]7CC(=O)N2[CH]3[CH]7[CH]6C[CH]45.OS(O)(=O)=O
22233f3	22332	CCCCN	-,-,-,-,-	1.398476	1.517218	1.543500	1.453895	1.401869	109.867802	111.676085	100.297136	108.831210	108.934316	5.657628	-6.098396	0.000000	0.061137	8.9290	COC1=CC2=C(C=C1OC)[C]34CCN5C[CH]3[CH]6[CH]7[CH](CC(=O)N2[CH]47)OCC=C6C5.OC[CH](O)[CH](O)[CH](O)[CH](O)[CH](O)C(O)=O
22233f3	22332	CCCCN	-,-,-,-,-	1.400013	1.508879	1.552646	1.464345	1.402533	110.221481	111.573979	100.930314	107.995371	108.732102	3.534405	-6.595349	0.000000	0.070816	5.6034	CCC(C(O)=O)C1=CC=C(C=C1)[N+]([O-])=O.COC2=CC3=C(C=C2OC)C45CCN6CC7=CCOC8CC(=O)N3C4C8C7C6C5
22233f3	22332	CCCCN	-,-,-,-,-	1.400014	1.508878	1.552647	1.464341	1.402534	110.221508	111.573855	100.930383	107.995537	108.731940	3.529225	-6.593046	0.000000	0.070814	5.6467	CCC(C)OC(=O)C1=C(C=CC=C1)C(O)=O.COC2=CC3=C(C=C2OC)C45CCN6CC7=CCOC8CC(=O)N3C4C8C7C6C5
22233i	22233	CCCCS	N,-,-,-,-	1.460801	1.337529	1.497825	1.826944	1.736972	112.164333	111.955254	118.008779	104.807157	93.064278	0.063884	0.033816	0.000000	0.001502	16.8152	[H]/N=C\\1/C=C[C@@H](S1)C
22233i	22233	CCOCC	-,-,-,-,-	1.331294	1.393455	1.441568	1.524228	1.477204	108.802268	115.138617	103.257936	108.226181	100.940207	-12.374189	18.628108	0.000000	0.181698	0.1872	Cc1ccc(cc1)[S@@](=O)C2=CCCO2
22233i	22233	CCOCC	N,O,-,-,-	1.503589	1.358201	1.431762	1.509742	1.479640	109.401784	105.866388	109.915787	107.912813	98.849444	-9.368598	24.822244	0.000000	0.269352	16.6630	C1(\C(OCC1)=O)=N/O
22233i	22233	CNCCC	O,-,O,-,-	1.356937	1.356937	1.502008	1.523379	1.502008	107.388526	113.662686	107.388516	104.424348	104.424400	17.011866	-9.513512	0.000000	0.143319	0.0013	c1cc(ccc1[N+](=O)[O-])ON2C(=O)CCC2=O
22233i	22233	CNCCC	O,-,O,-,-	1.357194	1.357369	1.502328	1.522996	1.501361	107.562993	114.060938	107.276870	104.561557	104.505161	15.298194	-9.953476	0.000000	0.124494	9.9396	C1CCO[C@@H](C1)ON2C(=O)CCC2=O
22233i	22233	CNCCC	O,-,O,-,-	1.363154	1.367881	1.497957	1.513556	1.498948	109.560780	111.336649	109.628749	104.267324	104.381373	-8.758828	4.230177	0.000000	0.079941	9.1433	N1([C@@H]2C3O[C@@H](C(C2)=O)OC3)C(CCC1=O)=O
22233i	22233	CNCCS	N,-,-,-,-	1.357847	1.291691	1.509914	1.845819	1.732089	117.928766	108.496919	122.293765	100.985695	89.924549	1.988308	-5.313747	0.000000	0.066837	12.2703	[H]/N=C/1\\N=C([C@H](S1)CC(=O)[O-])O
22233i	22233	CNCCS	N,-,O,-,-	1.341080	1.365665	1.525189	1.833660	1.718143	113.210531	117.581328	111.714721	105.265570	92.227220	0.260975	-0.255268	0.000000	0.002405	14.8598	N=C1NC(=O)[CH](S1)C2=CC=CC=C2
22233i	22233	CNCCS	N,-,O,-,-	1.341486	1.363116	1.511635	1.819680	1.720315	112.811254	117.368918	111.895638	105.695344	92.228846	-0.000001	-0.000006	0.000000	0.000000	1.2914	N=C1NC(=O)CS1
22233i	22233	CNCSC	O,-,S,-,-	1.394537	1.388694	1.759831	1.789040	1.503368	112.564787	115.844690	110.417703	93.290431	106.680547	7.389191	-10.000359	0.000000	0.120721	2.0652	COC1=CC=C(C=C1)N2C(=O)CSC2=S
22233i	22233	CNNCC	-,-,-,-,-	1.299110	1.366468	1.463074	1.533754	1.509888	115.673663	106.830759	111.932408	103.241158	98.600996	-11.850116	19.253473	0.000000	0.186088	3.4466	CC1=NN(C[C]1(C)N=O)C2=CC=C(Cl)C=C2
22233i	22233	NCNCC	-,-,-,-,-	1.302478	1.361520	1.441661	1.535120	1.494190	103.176099	117.957780	107.110515	100.853653	106.360870	-13.488109	19.767513	0.000000	0.204939	3.7770	CC(=O)c1cc(cs1)CSC2=NCCN2
22233i	22233	NCNCC	-,-,-,-,-	1.311642	1.362254	1.436720	1.530654	1.493114	103.564764	116.509228	107.807947	100.470600	106.204690	-15.179136	21.903186	0.000000	0.223090	2.6858	Cc1cc(n/c(=N/C2=NCCN2)/[nH]1)C
22233i	22233	NCNCC	-,-,-,-,-	1.314542	1.376591	1.446043	1.528571	1.491224	104.440307	116.031796	107.817599	101.271786	106.348212	11.436252	-18.458952	0.000000	0.194937	6.8783	OC1=C(C=CC=C1)C2=NCCN2
22233i	22233	NCNOC	-,-,-,-,-	1.310065	1.370129	1.398647	1.445273	1.487615	98.117979	119.281527	106.605218	101.937390	112.056614	11.968977	-13.655503	0.000000	0.128053	10.2683	CC1(NC(=NO1)C2=NC(ON2)(C)C)C
22233i	22233	NCOCC	-,-,-,-,-	1.299585	1.353288	1.419170	1.511626	1.470232	103.065245	119.586389	104.440515	104.335491	105.211007	8.745306	-16.059723	0.000000	0.175094	11.1598	c1ccc(c(c1)C2=NCCO2)O
22233i	22233	NCOCC	-,-,-,-,-	1.301115	1.352236	1.422000	1.524573	1.477769	103.257582	119.581414	104.162798	103.992767	104.325822	-12.564389	19.808097	0.000000	0.206688	5.9926	CC[C@@](c1ccncc1Br)(C2=NC(CO2)(C)C)O
22233i	22233	NCOCC	-,O,-,-,-	1.369797	1.366084	1.457098	1.552476	1.431941	111.029193	109.597617	108.905847	102.407609	101.647392	-11.490103	22.441180	0.000000	0.243899	11.9996	N1(C(OC(C1(O)C)(CCC=C(C)C)C)=O)CC=C
22233i	22233	NCOCC	-,O,-,-,-	1.374375	1.366631	1.448423	1.549605	1.431906	110.386330	109.943126	108.421128	103.000469	101.306516	10.240181	-22.458903	0.000000	0.253164	15.4476	N1(C(OC(C1(O)C)(C)C)=O)CC(=O)O
22233i	22332	CCCCN	-,-,-,-,-	1.339764	1.499584	1.537640	1.461363	1.383397	110.538845	110.750980	102.758551	103.701004	110.279900	-7.935591	12.691475	0.000000	0.134822	0.8909	CCCCCCCCCCCCSC1=CCCN1
22233i	22332	CCCNO	-,-,-,-,-	1.329218	1.475426	1.491612	1.471817	1.392368	113.037346	109.782972	104.047242	106.595679	106.528601	-0.906601	0.598436	0.000000	0.008171	9.0873	CC1=C([C@@H](N(O1)C)c2ccccc2)S(=O)(=O)c3ccccc3
22233i	22332	CNCCN	-,-,-,-,-	1.297836	1.487886	1.530747	1.466780	1.409545	114.615768	106.087430	107.407357	100.324710	108.282111	11.613998	-17.169751	0.000000	0.175493	2.7643	CC1=NCCN1S(=O)(=O)c2ccccc2
22233i	22332	CNCCN	-,-,-,-,-	1.307519	1.491346	1.532418	1.443869	1.371581	116.894609	103.939407	106.356107	101.063270	107.415736	-13.484892	19.919033	0.000000	0.200352	4.8305	CCCCCCCCCCCCCCCCCC1=NCCN1
22233i	22332	CNCCN	-,-,-,-,-	1.309590	1.487544	1.529872	1.452643	1.378912	116.315668	104.712182	106.515786	101.349606	107.433089	12.388205	-18.327943	0.000000	0.184733	4.2761	CCCCCC1=NCCN1CCO
22233i	22332	CNCCN	-,-,-,-,-	1.310235	1.484680	1.528688	1.457371	1.382735	116.607861	104.619259	106.341169	101.514126	106.559031	-13.495172	20.022233	0.000000	0.201454	4.2375	CCCCCCCCCCCC1=NCCN1CCNCCCC
22233i	22332	CNCCN	C,-,-,-,-	1.384288	1.460479	1.545998	1.467415	1.389383	107.735962	111.257056	101.970279	102.434163	110.750203	21.312099	-23.223055	0.000000	0.233786	14.1659	C(=C1NCCN1)(C(=O)OC)C#N
22233i	22332	CNCCN	O,-,-,-,-	1.382339	1.437572	1.523778	1.437572	1.382339	107.850614	110.735593	103.187034	103.187035	110.735592	-17.340926	20.250494	0.000000	0.197262	18.0000	O=C1NCCN1
22233i	22332	CNCCN	O,-,-,-,-	1.415740	1.456512	1.567723	1.463709	1.413381	107.698180	109.864216	102.406537	101.220710	109.334721	22.014427	-29.487905	0.000000	0.298362	8.9526	N1(C(N(C)C(C1NO)(C)C)=O)C2C=CC=CC=2
22233i	22332	CNCCN	O,-,-,-,-	1.424685	1.473458	1.595038	1.465211	1.407408	108.199934	109.010725	101.462216	100.496455	109.987763	-25.423557	31.680144	0.000000	0.323144	14.1694	N1(C(N(C)C(C1(NO)C)(C)C)=O)C2C=CC=CC=2
22233i	22332	CNCCN	S,-,-,-,-	1.380147	1.441053	1.526492	1.441053	1.380147	108.490188	110.654732	103.491626	103.491629	110.654731	14.996501	-17.543260	0.000000	0.171007	18.0000	S=C1NCCN1
22233i	22332	CNCCN	S,-,-,-,-	1.417733	1.450332	1.515361	1.450332	1.417733	107.369367	109.629369	103.906255	103.906233	109.629376	-19.651498	23.359392	0.000000	0.224361	17.9999	S=C1N(CCN1C2CCCCC2)C3CCCCC3
22233i	22332	CNCCO	-,-,-,-,-	1.294558	1.472579	1.522113	1.426001	1.351231	120.082491	102.908829	105.007417	103.611719	104.309104	14.632031	-20.126568	0.000000	0.194091	11.4109	CC1=NC[C@@H](O1)c2ccccc2
22233i	22332	CNCCO	O,-,-,-,-	1.370554	1.430102	1.551757	1.452036	1.368050	109.560978	110.536081	101.232728	101.991082	108.277682	-21.464323	27.794847	0.000000	0.278595	10.9032	N1(C(OC2(C1(O)C)CCCCC2)=O)CC3=CN=CC=C3
22233i	22332	CNCCO	O,-,-,-,-	1.372365	1.433578	1.554477	1.452809	1.367042	110.062130	109.738326	100.761979	102.331188	108.268156	-25.514448	28.723749	0.000000	0.286157	14.8385	N1(C(OC2(C1(O)C)CCCCC2)=O)CC3N=CC=CC=3
22233i	22332	CNCCO	O,-,-,-,-	1.374812	1.433203	1.554226	1.449729	1.368958	109.704028	110.392520	101.350543	102.254773	108.310897	-20.441751	27.075767	0.000000	0.271669	9.8226	N1(C(OC(C1(O)C)(CCC=C(C)C)C)=O)CCC2C=C(OC)C(=CC=2)OC
22233i	22332	CNCCO	O,-,-,-,-	1.374982	1.435126	1.550109	1.446800	1.365382	110.330544	110.072535	101.636360	103.155108	108.484869	-19.793376	24.460282	0.000000	0.241698	14.8979	N1(C(OC(C1(O)C)(C)C)=O)CCN2C(OC(C2(O)C)(C)C)=O
22233i	22332	CNCCO	O,-,-,-,-	1.374982	1.435126	1.550109	1.446800	1.365383	110.330535	110.072540	101.636380	103.155114	108.484867	-19.793317	24.460244	0.000000	0.241697	14.8978	N1(C(OC(C1(O)C)(C)C)=O)CCN2C(OC(C2(O)C)(C)C)=O
22233i	22332	CNCCO	S,-,-,-,-	1.365083	1.436426	1.530425	1.440455	1.359923	111.330651	109.235180	100.824978	104.558814	107.126827	22.986967	-25.647020	0.000000	0.251070	12.4363	C1(NC(C)(C)CO1)=S
22233i	22332	CNNNO	O,-,-,-,-	1.366988	1.385407	1.442071	1.472731	1.367668	108.988094	113.129393	103.417412	108.187091	105.843957	-6.695654	4.265113	0.000000	0.057893	6.2039	O=C1NN(NO1)C2CCCCC2
22233i	22332	NCCCC	-,O,-,-,O	1.363123	1.501962	1.512756	1.501962	1.363123	114.233277	107.768694	104.831368	104.831369	107.768690	-6.276988	7.435140	0.000000	0.073479	17.9999	[O-][N+](=O)N1C(=O)CCC1=O
22233i	22332	NCCCC	-,O,-,-,O	1.363123	1.501962	1.512756	1.501962	1.363123	114.233279	107.768683	104.831358	104.831365	107.768680	6.277187	-7.435352	0.000000	0.073481	17.9998	CO.[O-][N+](=O)N1C(=O)CCC1=O
22233i	22332	NCCCC	-,O,-,-,O	1.363940	1.499356	1.516798	1.499178	1.364090	112.747601	109.035834	104.591574	104.565211	109.058158	-0.301519	0.081183	0.000000	0.003546	13.1661	CCCCCN1C(=O)CCC1=O
22233i	22332	NCCCC	-,O,-,-,O	1.363987	1.499325	1.516796	1.499178	1.364067	112.746519	109.036293	104.590891	104.566560	109.057373	-0.259079	-0.031084	0.000000	0.004262	4.1613	CCCCCCCCCCN1C(=O)CCC1=O
22233i	22332	NCCCC	-,O,-,-,O	1.365742	1.500221	1.517164	1.500221	1.365742	113.548449	108.399705	104.826070	104.826073	108.399703	-0.000022	0.000025	0.000000	0.000000	14.7854	BrN1C(=O)CCC1=O
22233i	22332	NCCCC	-,O,-,-,O	1.375632	1.500556	1.521851	1.502485	1.370637	112.338241	107.009703	104.303262	104.794721	107.477040	16.200885	-5.980304	0.000000	0.179786	16.7058	CN(C)C(=[O+]N1C(=O)CCC1=O)N(C)C
22233i	22332	NCCCC	-,O,-,-,O	1.376805	1.497078	1.509871	1.500624	1.376682	111.620318	109.552317	104.576049	105.026302	109.081938	3.106980	-3.718212	0.000000	0.036777	16.2806	C=CN1C(=O)CCC1=O
22233i	22332	NCCSC	-,-,-,-,O	1.295655	1.520968	1.794745	1.757873	1.368986	113.032071	117.057548	104.915495	90.580472	114.414414	0.000024	-0.000034	0.000000	0.000000	4.8215	c1ccc(c(c1)NC2=NC(=O)SC2)O
22233i	22332	NCSCC	-,-,-,-,O	1.284029	1.718106	1.815707	1.524260	1.380927	110.066171	121.411678	88.523392	105.172003	114.804508	1.291992	-1.286250	0.000000	0.016196	15.3066	CCOC(=O)c1c(sc(n1)N/N=C(\\C#N)/C2=NC(=O)CS2)C
22233i	22332	NCSCC	-,N,-,-,-	1.371694	1.757394	1.810789	1.491242	1.285211	109.240134	115.499366	90.593553	102.270720	122.394275	0.438108	-0.330200	0.000000	0.004789	7.5210	c1cc(cc(c1)O)/N=C/2\\N=C(CS2)O
22233i	22332	NCSCC	-,N,-,-,O	1.381320	1.749012	1.805686	1.504805	1.385323	117.588533	110.304842	93.547629	106.695556	111.827851	1.183621	-1.708681	0.000000	0.020291	9.1551	N1(\C(SCC1=O)=N/NC2=CC=CC=C2)N
22233i	22332	NCSCN	-,-,-,-,-	1.304025	1.758947	1.813379	1.459118	1.360943	110.998466	116.172887	88.661157	103.985692	115.758456	-8.077197	15.957885	0.000000	0.209141	5.5667	c1ccc(cc1)C2=NN[C@@H](S2)c3ccncc3
22233i	22332	NNCCC	-,-,-,-,O	1.403307	1.464333	1.529451	1.507653	1.384501	110.382656	107.208386	103.346367	100.164015	107.297001	-26.686973	33.045389	0.000000	0.330905	13.5639	N1(NC(=O)C(C1)C)C2C=CC=CC=2
22233i	22332	OCCCC	-,O,-,-,O	1.352954	1.498431	1.510132	1.490227	1.351544	110.300272	110.245953	102.708388	103.070305	110.494873	-15.247692	17.095052	0.000000	0.173149	16.7275	O1C([C@H](C)CC1=O)=O
22233i	23322	CCCCC	O,-,-,-,-	1.495257	1.524108	1.506616	1.339994	1.466746	111.966513	102.444847	105.643342	113.086871	106.757989	-3.063938	2.783387	0.000000	0.030852	17.8451	O=C1CCC(=C1)C2=CC=CC=C2
22233i	23322	CCCCN	O,-,-,O,-	1.498426	1.503695	1.498426	1.380112	1.380112	109.126823	103.977853	103.977855	109.126820	110.659596	-17.302382	14.856262	0.000000	0.171559	18.0000	O=C1CCC(=O)N1C2=CC=CC=C2
22233i	23322	CCSCN	O,-,-,O,-	1.503572	1.784435	1.752897	1.381468	1.388480	112.685414	106.810420	92.948038	111.425237	115.368541	-8.045300	6.942627	0.000000	0.095627	15.0267	O=C1CSC(=O)N1C2=CC=CC=C2
22233i	23322	CCSCN	O,-,-,S,-	1.506843	1.815049	1.742106	1.356868	1.365230	111.989400	105.628969	93.383538	110.316729	118.681363	-0.000001	-0.000009	0.000000	0.000000	3.0741	O=C1CSC(=S)N1
22233i	23322	NCCCC	-,-,-,O,O	1.448473	1.525829	1.493007	1.524452	1.380195	111.997416	106.922804	102.140289	109.034063	105.726156	20.243123	-15.534443	0.000000	0.195361	14.9645	CCCCN1C[CH](C(=O)OCC)C(=O)C1=O
22233i	23322	NCCCC	-,-,-,O,O	1.450598	1.525454	1.491438	1.524238	1.384067	111.100134	106.994759	101.853164	108.973555	105.932810	-22.317663	16.213044	0.000000	0.215970	11.3295	CCCN1C[CH](C(=O)OCC)C(=O)C1=O
22233i	23322	NCCCN	-,-,-,-,-	1.457571	1.526922	1.502216	1.303117	1.368692	114.270805	103.222723	100.433930	116.026561	105.982182	2.221835	-2.557593	0.000000	0.024143	2.1504	N1(C(CC(=N1)C(F)(F)F)(C2=CC=NC=C2)O)C=O
22233i	23322	NCCCN	-,-,-,-,-	1.458963	1.528379	1.502135	1.297953	1.369034	114.337152	103.110920	100.169880	116.520869	105.734245	2.963707	-1.724792	0.000000	0.033787	6.0984	N1(C(CC(=N1)CC)(C2=CC=C(C=C2)OC)O)C=O
22233i	23322	NCCCN	-,-,-,-,-	1.459206	1.528302	1.502013	1.297933	1.369189	114.340601	103.108423	100.181478	116.535803	105.724031	2.709274	-1.498656	0.000000	0.031315	7.8388	N1(C(CC(=N1)CC)(C2=CC=CC=C2)O)C=O
22233i	23322	NCCNC	-,-,-,-,O	1.445662	1.521800	1.446098	1.396075	1.396360	109.951748	102.661050	102.682709	109.943167	107.416337	-26.456426	22.491065	0.000000	0.258181	17.8054	COCN1CCN(COC)C1=O
22233i	32223	CCCCC	-,O,-,-,-	1.510234	1.475397	1.340528	1.517776	1.552827	101.606754	112.790235	105.597986	114.787484	104.437715	-5.958147	0.130880	0.000000	0.087175	1.1634	CC[CH]1C(=O)C(=C(C2=CC=CC=C2)[C]1(O)C3=CC=CC=C3)CC
22233i	32223	CCCNC	-,C,O,-,-	1.498823	1.486872	1.374766	1.434607	1.521836	102.517583	108.219300	106.462750	112.159113	105.202665	-3.882982	-11.724521	0.000000	0.221247	10.2579	c1ccc(cc1)/C=C/2\\CCNC2=O
22233i	32223	CCCOC	-,C,O,-,-	1.480555	1.481263	1.361091	1.428036	1.509101	100.968738	107.554788	107.894831	109.510599	106.683294	8.106752	9.942319	0.000000	0.257880	17.3857	c1cc([nH]c1)/C=C/2\\CCOC2=O
22233i	32223	CCNCS	-,-,-,N,-	1.506715	1.295922	1.367210	1.749652	1.817848	103.026867	119.462698	111.629571	114.846209	90.831818	0.062283	3.227536	0.000000	0.049606	0.9372	CCOC(=O)[C@@H]1C(=N/C(=N/CC=C)/S1)C
22233i	32223	CCNCS	-,O,-,C,-	1.517392	1.374271	1.364809	1.726973	1.833753	105.156713	111.515824	118.947030	110.542651	93.788048	-1.502855	-0.105018	0.000000	0.023973	5.8300	C[C@@H]1C(=O)N/C(=C/C(=S)N)/S1
22233i	32223	CCNNC	-,-,-,-,-	1.495184	1.293739	1.367796	1.469188	1.518909	99.327464	116.237646	106.455555	111.795646	103.227122	0.033506	-11.349430	0.000000	0.164908	0.2153	COC(=O)[C@@H]1C=NN[C@@H]1C(=O)OC
22233i	32223	CCNNC	-,N,-,-,-	1.484297	1.372122	1.256041	1.478873	1.510405	97.989185	112.118910	109.664062	111.295185	104.846298	-8.571993	-5.420471	0.000000	0.195571	13.6617	Cc1ccc(o1)/C=N/N=C/2\\C[C@@H](N=N2)c3ccccc3
22233i	32223	CCOCC	-,O,-,O,-	1.521464	1.353279	1.354060	1.517775	1.540165	102.242329	109.843895	110.249392	110.892813	100.310365	-5.791087	-11.446291	0.000000	0.251029	12.6773	CC(=O)O[C]1(C)C(=O)OC(=O)[C]1(C)OC(C)=O
22233i	32223	CNCNC	-,-,O,-,-	1.443439	1.381416	1.381931	1.445871	1.542832	102.699898	110.698202	108.101127	110.814115	102.309717	-7.924296	-8.210391	0.000000	0.222420	17.6762	C[CH]1NC(=O)N[CH]1CCCCCC(O)=O
22233i	32223	CNCNO	-,-,-,-,-	1.458493	1.313183	1.311851	1.396532	1.448175	104.594533	108.051207	111.480546	111.226883	104.640356	-0.205830	-0.336299	0.000000	0.007457	14.7318	CC[C@@H]1[NH+]=C(NO1)c2ccccc2
22233i	32223	CNCOC	-,-,O,-,-	1.426076	1.387075	1.372032	1.434000	1.509440	101.125232	109.036474	109.250160	107.752659	105.011517	16.408499	2.035533	0.000000	0.262926	4.3784	COCC(=O)N(N1CCOC1=O)c2c(C)cccc2C
22233i	32223	CNCOC	-,-,O,-,-	1.429961	1.379608	1.375644	1.428123	1.503806	102.609880	109.536108	109.411829	108.152404	104.619491	-6.628035	-9.432892	0.000000	0.224350	14.7222	Cc1c(noc1N2CCOC2=O)C
22233i	32223	CNCOC	-,-,O,-,-	1.433440	1.377020	1.368974	1.432093	1.507562	101.671521	108.511549	109.900387	107.894118	104.360239	-14.275272	-4.142061	0.000000	0.261157	8.3702	Cc1ccc(c(c1)C)c2csc(n2)CN3CCOC3=O
22233i	32223	CNCOC	-,-,O,-,-	1.454216	1.396359	1.369941	1.437780	1.522539	99.757719	110.165912	109.381322	107.796198	106.334592	-12.073205	-5.272144	0.000000	0.244346	11.1064	c1ccc(cc1)S(=O)(=O)N2CCOC2=O
22233i	32223	CNNCC	-,-,-,-,-	1.457751	1.375273	1.298133	1.504237	1.512341	103.104903	110.975826	106.708892	114.857781	99.241419	-14.799121	0.048244	0.000000	0.215913	0.3947	c1ccc(cc1)CN2CCC(=N2)/C=C/c3ccco3
22233i	32223	CNNCC	-,-,-,O,-	1.456520	1.387434	1.374065	1.498870	1.519224	105.873154	105.831061	113.024475	107.348105	101.460252	-9.461407	-7.276105	0.000000	0.245550	15.8302	c1ccc(cc1)/N=N/N2CCC(=O)N2
22233i	33222	CCCCC	-,-,-,-,O	1.540064	1.508351	1.339373	1.467927	1.511103	101.580087	105.486180	113.329450	106.905808	111.925910	7.074143	-2.116768	0.000000	0.086531	11.7741	CC1(C)CC(=CC1=O)C2=CC=CC=C2
22233i	33222	CCCOC	-,-,O,-,O	1.509117	1.489369	1.352724	1.356045	1.509357	102.073297	102.384264	110.467670	110.051583	109.430302	19.304029	-6.835213	0.000000	0.229960	15.3534	CC(=C)CCC(C)=C[CH]1CC(=O)OC1=O
22233i	33222	CCNCC	-,-,-,O,O	1.522171	1.451482	1.390212	1.519730	1.484985	102.053943	108.135831	111.277041	105.951581	109.512679	12.979703	-2.639687	0.000000	0.169014	6.7900	CCOC(=O)[CH]1CN(C(=O)C1=O)C2=CC=CC=C2
22233i	33222	CCNCC	-,-,-,O,O	1.524223	1.455605	1.389957	1.522268	1.487377	101.822898	107.708877	110.251272	106.430509	109.119508	20.035846	-9.343004	0.000000	0.206238	13.3300	CCOC(=O)[CH]1CN(C(=O)C1=O)C(C)(C)C
22233i	33222	CCNCC	-,-,-,O,O	1.525453	1.450632	1.384127	1.524173	1.491367	101.855097	107.000411	111.095573	105.939019	108.973965	-21.501986	10.672974	0.000000	0.215789	11.4164	CCOC(=O)[CH]1CN(CC(C)C)C(=O)C1=O
22233i	33222	CCNCC	-,-,-,O,O	1.525515	1.448798	1.377287	1.523874	1.492786	102.170970	106.918138	112.167527	105.728120	109.079364	-18.099500	8.021496	0.000000	0.189738	15.7050	CCOC(=O)[CH]1CN(CC2=CC=CC=C2)C(=O)C1=O
22233i	33222	CCNCC	-,-,-,O,O	1.525517	1.448795	1.377247	1.523848	1.492813	102.181949	106.927759	112.177154	105.730925	109.086116	-18.019335	7.998549	0.000000	0.188768	15.6562	COC(=O)[CH]1CN(CC2=CC=CC=C2)C(=O)C1=O
22233i	33222	CCNCC	-,-,-,O,O	1.525668	1.446944	1.379500	1.524908	1.493211	102.122342	106.927890	112.014415	105.684505	109.036688	-19.219069	9.140455	0.000000	0.195714	13.2922	CCOC(=O)[CH]1CN(C)C(=O)C1=O
22233i	33222	CCNCC	-,-,-,O,O	1.525818	1.452545	1.385014	1.523446	1.491002	102.003221	107.123970	111.143399	106.052162	109.026925	-20.154222	9.609670	0.000000	0.205808	12.9175	CCOC(=O)[CH]1CN(C(C)C)C(=O)C1=O
22233i	33222	CCNCC	-,-,-,O,O	1.525831	1.448505	1.380240	1.524487	1.492995	102.140687	106.929148	111.988777	105.729410	109.036094	18.796737	-8.534060	0.000000	0.195264	14.8782	CCOC(=O)[CH]1CN(CC)C(=O)C1=O
22233i	33222	CCNCC	-,-,-,O,O	1.526348	1.448173	1.374239	1.522760	1.493839	102.654642	107.214053	113.136056	105.655538	109.131722	-9.528626	0.399037	0.000000	0.144634	0.0201	CCOC(=O)[CH]1CN(CCC2=CC=CC=C2)C(=O)C1=O
22233i	33222	CCNCN	-,-,-,O,-	1.519252	1.451263	1.407171	1.390226	1.448075	103.133416	104.161507	109.532870	108.057876	110.231515	15.414830	-2.953896	0.000000	0.209946	7.4110	COC(=O)[C@@H]1CN(C(=O)N1)C(=O)CCc2ccccc2
22233i	33222	CCNCN	-,-,-,S,-	1.583425	1.478758	1.390599	1.380165	1.467999	102.641402	101.484806	110.329894	108.536530	111.877514	-23.045990	18.290346	0.000000	0.217731	9.3712	C[C@@]12C[C@@]3(C(NC(=S)N3O)(C)C)ON1C(=S)NC2(C)C
22233i	33222	CCNCO	-,-,-,O,-	1.547950	1.433246	1.376909	1.368630	1.447355	102.873564	101.414922	110.238945	109.855508	108.251946	20.473664	-6.427702	0.000000	0.260455	12.2403	CC1([C@@](N(C(=O)O1)CCc2ccco2)(C)O)C
22233i	33222	CCOCC	-,-,-,-,-	1.527388	1.443788	1.376490	1.326782	1.478277	101.448682	108.617801	103.915923	116.363418	108.524681	-10.176066	6.262162	0.000000	0.101859	3.9732	C1COC=C1
22233i	33222	CCOCC	-,-,-,O,N	1.510243	1.432942	1.354589	1.501816	1.478522	98.964466	107.775289	109.732817	106.244447	109.141225	24.947579	-9.487587	0.000000	0.270932	16.8120	C\\1COC(=O)/C1=N\\NC(=S)N
22233i	33222	CCOCN	-,-,-,-,-	1.512271	1.419378	1.348732	1.287349	1.467325	105.163782	104.500443	104.462549	120.008020	103.452471	-13.554609	7.302925	0.000000	0.148499	11.5265	C1COC=N1
22233i	33222	CCOCO	-,-,-,O,-	1.498838	1.416644	1.367306	1.367260	1.418291	102.376249	102.491567	106.440208	111.022845	106.338294	27.098132	-10.731283	0.000000	0.315524	17.2409	C[CH]1COC(=O)O1
22233i	33222	CNNCN	-,-,-,-,-	1.470896	1.417794	1.320819	1.302110	1.437044	102.833620	106.424659	107.366449	113.630156	109.409018	5.756044	-3.913042	0.000000	0.053611	0.8051	CC1(NN(C(=[NH+]1)[S-])c2ccccc2)C
22233i	33222	CSCNC	-,-,S,-,O	1.799730	1.759790	1.388683	1.397092	1.513889	105.590620	92.826525	110.296144	115.846111	112.036004	-14.817462	7.783816	0.000000	0.203914	14.0545	C[CH]1SC(=S)N(C1=O)C2=CC=C(Cl)C=C2
22323f1	23232	CCCCC	-,-,O,-,-	1.506626	1.498506	1.499001	1.505949	1.337477	109.567556	92.694733	103.011836	92.735957	109.552357	53.267576	-53.261783	0.000000	0.548713	0.0554	ClC1=C(Cl)[C]2(Cl)[C]3(Cl)C(=C(Cl)[C](Cl)(C3=O)[C]2(Cl)C1=O)Cl
22323f1	32232	SCCSC	-,-,-,-,C	1.730997	1.336007	1.730273	1.758957	1.756672	94.094034	118.544903	117.728319	94.438967	115.193777	-0.000003	0.000017	0.000000	0.000000	3.9454	c1ccc2c(c1)c3c(c(=O)o2)SC(=C(C#N)C#N)S3
22323f1	32322	CCCNC	-,-,-,-,-	1.486544	1.477120	1.457816	1.299215	1.509655	96.257276	110.698760	104.352725	106.853396	118.231241	19.875878	-13.614821	0.000000	0.181528	8.5394	CC1[C@@-]2[C@@H](N=C[NH+]=C2O)N=C1C
22323i	23223	CCCOC	N,-,O,-,-	1.481769	1.495624	1.364548	1.432829	1.499325	109.750724	102.788675	110.853558	112.152100	104.337910	2.277847	-0.282300	0.000000	0.032898	4.7672	CC(C)(C)/N=C/1\\CC(=O)OC1
22323i	23223	CCCOC	N,-,O,-,-	1.492157	1.502261	1.370659	1.446395	1.511014	110.018414	102.957499	110.436113	112.866803	103.552932	4.092205	-4.111390	0.000000	0.037766	7.5933	C/N=C/1\\C(C(=O)O[C@@H]1C(C(=O)N)C(=O)N)Cl
22323i	23232	CSCCN	S,-,C,-,-	1.747910	1.737211	1.497973	1.443968	1.370045	110.039899	92.899011	112.357437	105.909098	118.794556	0.000049	-0.000059	0.000000	0.000001	5.1920	C1(SC(=C)CN1)=S
22333f1	22333	CCCOC	-,-,-,-,-	1.346546	1.501380	1.443931	1.492300	1.515255	106.302655	106.530796	97.580824	97.182729	97.711726	38.527940	-55.500752	0.000000	0.558127	4.2439	CC1=C([C@@]2([C@@H]3[C@@H]([C@]1(O2)C)C(=O)C=CC3=O)[NH3+])C#N
22333f1	22333	CNCCC	-,-,-,-,-	1.301204	1.486212	1.564553	1.538729	1.488946	110.445453	115.543688	99.081114	105.047490	102.311518	17.114047	-25.637902	0.000000	0.276152	0.6985	CC1=[N+]([C@@]2(CCc3c(non3)[C@@]2(C1)O)[NH3+])[O-]
22333f1	22333	NCCNC	-,-,-,-,-	1.295870	1.498381	1.462830	1.526383	1.487632	105.240736	117.028658	103.582326	105.163850	108.665863	5.649647	-2.426818	0.000000	0.049770	7.1057	C1C=CCC2=N[C@@H]([NH2+][C@@H]21)C(=O)[O-]
22333f1	22333	NCCNC	-,-,-,-,-	1.297647	1.501201	1.504995	1.492023	1.468226	110.736956	110.166518	104.956333	102.454699	106.880582	15.982029	-21.200443	0.000000	0.213395	7.4418	C[C@@]12CCCCC1=[N+](CN2O)[O-]
22333f1	23332	CCCCC	-,-,-,-,-	1.495014	1.551085	1.536228	1.492636	1.335828	112.322981	103.981937	106.717618	104.355332	112.593372	-1.640001	1.149132	0.000000	0.016520	7.9129	CC1=CC=C(C=C1)S(O)(=O)=O.NC(=N)SC2CC3CC2C4C=CCC34
22333f1	23332	CCCCC	-,-,-,-,-	1.513995	1.561551	1.560427	1.527693	1.337816	107.095681	99.358413	92.116540	98.854372	107.718460	-53.439119	52.384884	0.000000	0.593577	0.7313	OC(=O)[CH]1[CH](C(O)=O)[C]2(Cl)C(=C(Cl)[C]1(Cl)C2(Cl)Cl)Cl
22333f1	23332	CCCCC	-,-,-,-,-	1.516306	1.535426	1.531882	1.513363	1.341632	107.277853	97.756424	93.652991	98.114314	107.098426	-54.197491	54.245353	0.000000	0.594159	0.2193	[C@@]1(C2C=CC([C@@H]1C(=O)O)C2)(C(=O)O)C
22333f1	23332	CCCCC	-,-,-,-,-	1.516567	1.534323	1.536022	1.514689	1.343431	107.246430	97.981275	93.696852	98.055994	107.159981	-54.012985	54.100789	0.000000	0.592722	0.0076	C1(=CC(=O)C2C1C3C=CC2C3)O
22333f1	23332	CCCCC	-,-,-,-,-	1.516586	1.532384	1.528764	1.510257	1.341925	107.131049	98.176320	93.774423	98.903512	107.167836	53.563310	-53.145983	0.000000	0.582759	1.1577	C1(C(OC(O1)=O)=C)(C2C3C=CC(C2)C3)C
22333f1	23332	CCCCN	-,-,-,-,-	1.582641	1.513972	1.512283	1.457049	1.315060	110.510395	102.609221	107.100616	106.965759	112.601724	-3.033819	4.564798	0.000000	0.043437	7.8608	C1COC2(O1)[C@@]3(C[C@@]3(C(=[NH+]2)N)C#N)C#N
22333f1	23332	CCCCO	O,-,-,-,-	1.509287	1.533075	1.516281	1.431631	1.366799	110.821923	100.607862	102.569496	104.554269	109.347803	31.092386	-34.216142	0.000000	0.339974	3.3602	[C@]12(C(OCC1C(=C)CC[C@@H]2O)=O)C
22333f1	23332	CCCCO	O,-,-,-,-	1.509686	1.528904	1.526801	1.436023	1.369829	110.360111	101.068063	101.985874	103.625291	109.306231	-32.123337	36.547918	0.000000	0.360962	6.8882	C1(C(C2(O)CCCCC(O1)2)C)=O
22333f1	23332	CCCSC	-,-,-,-,-	1.509220	1.527976	1.846792	1.726526	1.334797	115.707767	108.860312	105.850973	93.545993	113.957757	-14.471938	12.582971	0.000000	0.155479	0.1508	C1C(=O)[C@@H]2[C@@H](C=CS2)S(=O)(=O)N1
22333f1	23332	CCOCC	-,-,-,-,-	1.511256	1.465718	1.471039	1.496828	1.348255	107.076626	97.884692	97.962897	98.953979	106.440463	52.002915	-52.185226	0.000000	0.534568	0.8623	C[C@@]12C(=C[C@@H](O1)C(=O)C23CC3)C(=O)OC
22333f1	23332	NCCSC	-,-,-,-,-	1.483357	1.559916	1.829178	1.713148	1.308916	115.841810	108.155670	105.639458	92.839709	115.647714	13.587163	-12.001265	0.000000	0.149301	1.9211	C1=C[C@H]2[C@@H](C(=C1)Cl)[NH+]=C(S2)N
22333f1	32233	CCCCC	-,-,-,-,-	1.459902	1.354142	1.467731	1.581099	1.574888	99.085854	117.244124	111.132715	101.785630	107.960760	0.198640	-10.331335	0.000000	0.169050	1.2340	C1Cc2c(onc2c3c4c(on3)CCC4)C1
22333f1	32233	CCCCC	-,-,-,-,-	1.476196	1.364433	1.471432	1.567298	1.570092	101.919377	111.356555	115.192153	100.173792	107.412620	-0.127213	-11.939876	0.000000	0.200068	0.7241	N1C2=C(CCC2)C3=C1C=CC=C3
22333f1	32233	CCCCC	-,-,-,-,-	1.487575	1.367129	1.480754	1.557241	1.560229	102.550505	110.436765	114.457685	100.716890	106.633906	-0.460179	14.162784	0.000000	0.228733	0.4676	C1(=C(SC2=C1CCC2)N)C(=O)N
22333f1	32233	CCCCC	-,-,-,-,-	1.493357	1.391476	1.502743	1.533421	1.535783	101.322154	110.677329	111.022457	100.802595	106.416802	0.024070	-18.642806	0.000000	0.308608	0.0937	CC1=CC=C(C=C1)S(=O)(=O)NC2=C3CCCC3=NC(=C2)O
22333f1	32233	CCCCC	-,-,-,-,-	1.495166	1.391970	1.502153	1.532704	1.536190	101.438553	110.516542	111.184475	100.887643	106.491592	0.072812	18.316280	0.000000	0.304186	0.1123	CC1=CC=C(C=C1)S(=O)(=O)OC2=CC(=C3CCCC3=N2)N
22333f1	32233	CCCCC	-,-,-,-,-	1.496473	1.394303	1.502249	1.531603	1.535555	101.676848	110.206851	111.279803	100.848336	106.430135	-0.641598	18.930921	0.000000	0.305237	0.9713	CC(=O)NC1=C2CCCC2=NC(=C1)OC(C)=O
22333f1	32233	CCCCC	-,-,-,-,-	1.499667	1.401517	1.513587	1.561381	1.540309	101.563982	111.307423	110.614932	100.824418	106.141030	-0.190180	18.468975	0.000000	0.308367	0.4941	c1ccc2c(c1)C[C@@H]([C@@H]2Sc3ncccn3)O
22333f1	32233	CCCCC	-,-,-,-,-	1.500368	1.340323	1.493100	1.528538	1.530457	102.901190	110.860681	112.664584	102.225083	106.442318	0.622130	-13.928459	0.000000	0.219175	1.0924	C[C@@]12CCCC[NH+]1CCC3=C2CCC3
22333f1	32233	CCCCC	-,-,-,-,-	1.501378	1.402424	1.499711	1.536609	1.543032	100.474282	110.562507	110.845445	100.715427	106.248958	0.954022	19.147363	0.000000	0.330681	1.4401	C12[C@@H]([C@@H](Cl)CC=1C=CC=C2)O
22333f1	32233	CCCCO	-,-,-,-,-	1.481779	1.359205	1.482338	1.471905	1.471715	104.953002	108.909484	112.995952	102.627156	110.512389	0.019548	-0.283394	0.000000	0.004273	1.8147	CC1(c2c(c(sc2C(O1)(C)C)N)C#N)C
22333f1	32233	CCCCP	-,-,-,-,O	1.507977	1.409069	1.506485	1.819163	1.812323	105.565660	115.238573	115.147053	105.479648	95.693892	-0.008707	11.182300	0.000000	0.193105	0.0169	c1ccc2c(c1)CP(=O)(C2)CCl
22333f1	32233	CCCCS	-,-,-,-,-	1.498684	1.349776	1.480659	1.826817	1.823217	105.965022	115.341219	118.433592	104.997445	95.262722	0.000946	-0.000884	0.000000	0.000008	6.3700	Cc1c2c(=O)c3c([nH]c2n(n1)C)CSC3
22333f1	32233	CNCCC	-,-,-,-,-	1.443483	1.359405	1.469779	1.548922	1.542793	102.386258	112.674041	112.210496	101.245586	106.159727	-1.108285	14.798173	0.000000	0.228994	2.5032	Cc1c(snn1)c2nnc3n2CCC3
22333f1	32233	CNCCC	-,-,-,-,-	1.450218	1.362227	1.476724	1.549338	1.538604	101.902545	113.376912	110.904147	101.803978	105.931078	0.304254	-15.153226	0.000000	0.244627	1.0670	c1cc2n(c1)CCC2
22333f1	32233	CNCCC	-,-,C,-,-	1.451702	1.374839	1.497526	1.531454	1.525089	103.351736	111.304595	110.032724	101.932813	104.445005	0.068023	-18.088297	0.000000	0.293853	0.6698	c1ccnc(c1)Nc2ccc3n(c2=O)CCC3
22333f1	32233	CNCCC	-,-,C,-,-	1.452952	1.385444	1.506969	1.529806	1.519664	103.322088	111.853009	108.508734	102.762608	104.188832	0.952904	17.731859	0.000000	0.300021	0.7087	C1(=C2N(CCC2)C(C=C1O)=O)C(=O)OCC
22333f1	32233	CNCSC	-,-,-,-,-	1.443760	1.354386	1.715459	1.841076	1.533043	106.413662	117.546843	113.067463	91.444809	106.584584	-2.282928	-10.474128	0.000000	0.236592	1.6239	c1c(nc2n1CCS2)C=O
22333f1	32233	CNCSC	-,-,-,-,-	1.464642	1.340318	1.757571	1.807353	1.527421	106.787525	115.000481	112.976520	90.777225	105.653130	-3.183518	-13.736002	0.000000	0.313288	2.1379	c1cnc2[n+](c1)CCS2
22333f1	32233	CNCSC	-,-,N,-,-	1.444273	1.364209	1.741867	1.816353	1.517548	107.814374	115.462090	110.978134	92.457355	103.919528	-5.398987	-12.514094	0.000000	0.318012	5.0556	N1=C2N(CCS2)C(C(=C1O)C)=O
22333f1	32233	CNCSC	-,-,N,-,-	1.444310	1.363935	1.741855	1.816305	1.517496	107.806082	115.422414	110.996160	92.460635	103.902161	-5.651891	-12.351295	0.000000	0.318314	5.4310	N1=C2N(CCS2)C(C(=C1O)CC)=O
22333f1	32233	SCCCC	-,-,-,-,-	1.693855	1.332424	1.477015	1.553028	1.856142	90.737495	116.008880	116.900130	105.350410	107.268854	-0.090684	13.245710	0.000000	0.210610	1.6316	C1C[C@H]2C[C@@H]1C3=C2SC([C@@H]3F)(F)F
22333f1	32233	SCCCC	-,-,-,-,-	1.775950	1.373920	1.488299	1.534222	1.818750	91.462621	111.710877	115.781982	106.325362	106.778667	-2.395920	20.710612	0.000000	0.300369	1.0620	c1c2c(nc(n1)N)SCC2
22333f1	32233	SCCSC	O,-,-,O,-	1.789549	1.392593	1.791582	1.819174	1.814315	93.899142	116.675818	116.984568	93.930203	111.878577	-3.069301	-12.877646	0.000000	0.304108	4.8037	c1ccc2c(c1)[S@@](=O)C[S@@]2=O
22333f1	33223	CCCCC	-,-,-,-,-	1.527083	1.503055	1.339942	1.496848	1.526371	105.868509	102.817185	110.931748	111.949532	102.513797	-14.529309	-0.333107	0.000000	0.240476	0.5012	C1Cc2c(c(=S)sc(c2C#N)N)C1
22333f1	33223	CCCCC	-,-,-,-,-	1.531734	1.509811	1.341299	1.514740	1.534137	93.591436	98.898228	107.218146	107.143161	98.477951	-34.540981	-0.634858	0.000000	0.582024	0.6038	Cn1cc(nc1)c2nc(on2)[C@@H]3C[C@H]4C[C@@H]3C=C4
22333f1	33223	CCCCC	-,-,-,-,-	1.532107	1.509265	1.341358	1.509526	1.533817	93.553387	98.815738	107.198863	107.201553	98.553112	-34.522714	-0.652746	0.000000	0.581844	0.5667	COP(=O)([C@@H]1C[C@H]2C[C@@H]1C=C2)OC
22333f1	33223	CCCCC	-,-,-,-,-	1.532595	1.510380	1.342151	1.509647	1.534675	93.701809	98.712414	107.600663	106.896201	98.675001	-33.986256	-1.128319	0.000000	0.579909	1.0276	C1[C@@H]2C[C@@H]([C@H]1C=C2)[NH3+]
22333f1	33223	CCCCC	-,-,-,-,-	1.535128	1.514395	1.343558	1.514395	1.535128	93.585071	98.029182	107.173292	107.173292	98.029182	-35.507631	-0.000001	0.000000	0.593819	0.0000	O=C1OC(=O)[CH]2[CH]3C[CH](C=C3)[CH]12
22333f1	33223	CCCCC	-,-,-,-,-	1.535637	1.515270	1.342259	1.505909	1.524807	99.747868	99.465289	108.994042	109.570811	100.116497	28.892738	-1.231585	0.000000	0.465255	1.4315	c1ccc(cc1)[C@@H]2[C@@H]3C[C@@H](C=C3)N(C2=O)O
22333f1	33223	CCCCC	-,-,-,-,-	1.536545	1.495219	1.399825	1.505464	1.546700	107.572196	101.693719	111.160093	111.342060	101.088212	16.894559	-1.143668	0.000000	0.264994	1.9974	C1CC2=C(C=CC=C2)[CH]1C3=CC4=CC=CC=C4C3
22333f1	33223	CCCCC	-,-,-,-,-	1.581099	1.467731	1.354142	1.459902	1.574888	107.960716	101.785554	111.132693	117.244112	99.085782	-10.331786	0.198706	0.000000	0.169057	1.2341	C1Cc2c(onc2c3c4c(on3)CCC4)C1
22333f1	33223	CCCCC	-,-,N,O,-	1.557710	1.514637	1.500718	1.526455	1.562890	94.073114	100.606595	105.367378	104.471009	100.484054	-34.923584	-0.088545	0.000000	0.587868	0.2704	CC1(C)[CH]2CC[C]1(C)C(=O)C2=NO
22333f1	33223	CCCCC	-,-,O,O,-	1.556616	1.516958	1.516100	1.526152	1.562135	94.092030	100.943040	104.686422	104.491599	100.510583	-34.969349	-0.171187	0.000000	0.589264	0.2705	CC1(C)[CH]2CC[C]1(C)C(=O)C2=O
22333f1	33223	CCCOC	-,-,O,-,-	1.520847	1.517757	1.379559	1.441616	1.515773	98.582263	99.156819	108.459463	107.798372	102.535461	28.067359	0.857980	0.000000	0.472203	0.1995	C1C=C[C@@H]2C[C@H]1OC2=O
22333f1	33223	CCNCC	-,-,-,O,-	1.518118	1.460790	1.380168	1.510724	1.528304	103.606473	102.292772	112.097676	107.650821	103.475165	-24.712269	6.249728	0.000000	0.321676	8.6030	c1coc2c1C(=O)[C@@H]3CCC(=O)N3C2
22333f1	33223	CCNCC	-,-,-,O,-	1.523171	1.433879	1.375542	1.512122	1.530555	102.901701	101.713154	112.402311	107.258630	103.106803	-29.435517	10.958511	0.000000	0.343443	14.2809	c1ccc2c(c1)[C@@H]3CCC(=O)N3CN2
22333f1	33223	CCNCC	-,-,-,O,-	1.528090	1.440487	1.384975	1.508119	1.527868	103.438663	103.423691	112.813304	107.103451	102.113596	-12.683619	-8.677508	0.000000	0.327961	14.0440	C[C@@]12CCC(=O)N1CC[N-]2
22333f1	33223	CCNCC	-,-,-,O,-	1.545739	1.428360	1.383105	1.527956	1.582372	97.197122	102.553871	111.043332	106.899621	98.551832	26.130639	4.700711	0.000000	0.489528	6.0095	CC1([C@@]2(NC(=O)[C@]1(C([C@@H](O2)c3ccccc3)(C#N)C#N)C#N)C)C
22333f1	33223	CCOCC	-,-,-,N,-	1.539387	1.450735	1.370991	1.503068	1.541844	90.661415	102.810799	104.046545	108.040707	97.094660	-33.540807	-4.314925	0.000000	0.601673	3.8753	CC1(C[C@]2(C([C@@]1(C(=[N-])O2)C#N)(C#N)C#N)C)C
22333f1	33223	CSCCS	-,-,-,-,-	1.827207	1.722375	1.336058	1.730484	1.828094	109.624376	96.173226	119.237938	117.906275	96.474201	-4.673419	-0.026825	0.000000	0.091072	0.3347	C[C@@H]1Sc2c(=S)ssc2S1
22333f1	33223	OCCCC	-,-,-,-,-	1.469885	1.508872	1.348993	1.508740	1.469800	97.577906	97.493831	106.595781	106.619989	97.523234	-33.868249	0.106176	0.000000	0.555655	0.1011	O1C2C3C=NC=CC(C1C=C2)=3
22333f1	33322	CCCCC	-,-,-,-,-	1.523085	1.519232	1.470904	1.343457	1.514110	104.604157	107.290482	104.499318	113.682360	109.872630	2.165125	-1.364552	0.000000	0.022255	1.4453	C12C(C(=O)O)C1C(C)C=C2
22333f1	33322	CCCCC	-,-,-,-,-	1.564711	1.560863	1.499000	1.396762	1.499370	101.941833	104.607664	102.195927	111.018516	111.055493	-28.530321	17.804777	0.000000	0.304426	1.1764	CC[C@@]1(Cc2ccc(cc2C1)N)c3c[nH]c[nH+]3
22333f1	33322	CCCCO	-,-,-,O,-	1.504836	1.503323	1.489926	1.376137	1.453765	101.725265	99.429032	98.482721	107.243211	108.674037	-47.310535	35.954016	0.000000	0.477937	10.0384	c1ccc(cc1)[C@@H]2[NH2+][C@H]3[C@H](S2)COC3=O
22333f1	33322	CCCCO	-,-,-,O,-	1.507810	1.513317	1.497382	1.374009	1.438584	103.451569	100.799102	100.238368	108.669479	109.155541	-39.622870	27.870815	0.000000	0.408841	4.9615	COC1=CC=C(C=C1OC)[CH]2[CH]3COC(=O)[CH]3CC4=C2C=C(OC)C(=C4)OC
22333f1	33322	CCCCO	-,-,-,O,-	1.508242	1.513205	1.497275	1.373609	1.438799	103.427769	100.755302	100.236808	108.684364	109.137585	39.680970	-27.885808	0.000000	0.409709	4.8741	COC1=C(O)C=C2[CH]([CH]3COC(=O)[CH]3CC2=C1)C4=CC=C(O)C(=C4)OC
22333f1	33322	CCCCO	-,-,-,O,-	1.508370	1.513117	1.497282	1.373571	1.439022	103.402187	100.742640	100.221689	108.700112	109.115142	39.727578	-27.874342	0.000000	0.410396	4.7752	OC1=CC=C(C=C1O)[CH]2[CH]3COC(=O)[CH]3CC4=CC(=C(O)C=C24)O
22333f1	33322	CCCCO	-,-,-,O,-	1.512418	1.530230	1.510875	1.357900	1.421365	108.236060	105.218644	103.582556	111.462055	110.653256	-5.219093	-0.149203	0.000000	0.085786	1.5971	C12(C3(OC(C1COC2=O)CC3)C)C
22333f1	33322	CCCCO	-,-,-,O,-	1.513387	1.527692	1.507545	1.359813	1.424022	108.011540	103.723857	104.151185	110.859743	110.046715	-13.458623	4.611946	0.000000	0.171131	16.3964	[C@]12([C@@H](C3(CO)OC1CC3)COC2=O)C
22333f1	33322	CCCCO	-,-,-,O,-	1.513412	1.531565	1.512882	1.360312	1.425156	108.004262	104.774033	104.001584	110.842922	110.911105	8.823847	-2.587304	0.000000	0.115384	14.1153	[C@]12(C3CC([C@@H]1COC2=O)CC3)C
22333f1	33322	CCCCO	-,-,-,O,-	1.514690	1.528984	1.507030	1.359067	1.423186	108.299925	103.680580	104.332015	110.889777	110.187422	12.291159	-4.422802	0.000000	0.154664	17.2623	C12(C(C3(C)OC1CC3)COC2=O)C
22333f1	33322	CCCCO	-,-,-,O,-	1.515375	1.529901	1.502708	1.354755	1.425151	108.352778	104.787448	104.224937	111.433263	110.864220	4.980531	-2.550679	0.000000	0.056390	9.6240	C12(C3(C(COC3=O)C(O1)CC2)C)C(C(=O)C)=O
22333f1	33322	CCCCO	-,-,-,O,-	1.515700	1.516968	1.503836	1.368113	1.433994	103.929669	101.424841	100.413299	109.825787	109.059375	-36.132753	23.977658	0.000000	0.382050	1.3685	CC(=O)OC1=CC=C(C=C1OC(C)=O)[CH]2[CH]3COC(=O)[CH]3CC4=C2C=C(OC(C)=O)C(=C4)OC(C)=O
22333f1	33322	CCCCO	-,-,-,O,-	1.516572	1.535348	1.514255	1.366722	1.429235	104.551532	102.135886	100.378161	110.169216	109.794616	32.930077	-21.240275	0.000000	0.353207	0.2543	C12(C(COC1=O)C(Cl)CCC2OC(=O)C)C
22333f1	33322	CCCCO	-,-,-,O,-	1.518939	1.515601	1.505351	1.370320	1.433771	104.476466	100.071743	100.999256	109.003844	108.875890	-37.766935	26.125232	0.000000	0.397374	3.1344	COc1cc(cc(OC)c1OC)C2C3C(COC3=O)C(O)c4cc5OCOc5cc24
22333f1	33322	CCCOC	-,-,-,-,O	1.528951	1.525758	1.427284	1.370032	1.512654	101.144198	99.780027	104.535968	108.403593	109.788765	39.637952	-28.287114	0.000000	0.394841	4.7838	C[CH]1[CH]2CC[C]3(C)C=CC(=O)C(=C3[CH]2OC1=O)C
22333f1	33322	CCCOC	-,-,-,-,O	1.530587	1.522727	1.436883	1.365442	1.506566	101.375586	100.445558	103.979954	109.002911	109.795882	38.316075	-27.388046	0.000000	0.383668	4.8199	CC1C2C(CC(C)C3CC(=O)C(=C3C2O)C)OC1=O
22333f1	33322	CCSCC	-,-,O,-,-	1.531548	1.797667	1.751795	1.397761	1.509622	107.626890	105.035703	93.840188	111.103927	113.647083	-25.570378	14.167103	0.000000	0.313323	1.7368	Br[CH]1[CH](Br)S(=O)(=O)C2=C1C=CC=C2
22333f1	33322	SCCCC	-,-,-,-,-	1.812366	1.547156	1.497806	1.342729	1.742992	89.724822	102.612445	104.741080	111.966248	114.212860	41.005213	-30.003331	0.000000	0.436310	2.2946	c1ccc2c(c1)C=C[C@@H]3[C@@H]2SC(=C3)C=O
22333f1	33322	SCCCC	O,-,-,-,-	1.791499	1.531500	1.510217	1.399606	1.750113	93.789141	105.665699	107.306741	113.546601	111.324536	-29.603101	22.246456	0.000000	0.304123	3.9962	O=S1(=O)CCC2=C1C=CC3=CC=CC=C23
22333f2	23332	OCCCC	-,-,-,-,O	1.448322	1.540234	1.541112	1.520701	1.376539	109.470614	101.630125	99.341255	99.491864	108.723596	43.881608	-41.638935	0.000000	0.456731	1.0869	CC(C)C1CCC2(C)C(CCC3C4(C)CCCC23OC4=O)C1
22333f2	23332	OCCCC	-,-,-,-,O	1.448372	1.540181	1.541066	1.520702	1.376505	109.471060	101.634999	99.346037	99.494802	108.724418	-43.865656	41.630428	0.000000	0.456577	1.0748	CCC1(C)CCC2(C)C(CCC3C4(C)CCCC23OC4=O)C1
22333f2	32233	CCCCC	-,-,-,-,-	1.514407	1.408512	1.545395	1.563164	1.543246	105.846050	111.656783	110.024699	104.934883	106.995739	0.860642	3.786895	0.000000	0.073665	5.3739	c1ccc2c(c1)CC3[C@@H]2NC3=O
22333f2	33223	CCCCC	-,-,-,-,-	1.543177	1.492228	1.332424	1.492860	1.544480	94.609842	97.695212	108.606704	107.978204	98.025938	-34.400776	0.249224	0.000000	0.571301	0.1534	C1C[C@H]2C[C@@H]1C3=C2SC([C@@H]3F)(F)F
22333f2	33223	OCCCC	-,-,-,-,-	1.469885	1.496290	1.407750	1.502675	1.469800	97.577906	96.111070	105.939383	105.153050	96.278808	35.382542	-0.050467	0.000000	0.588662	0.0792	O1C2C3C=NC=CC(C1C=C2)=3
22333f2	33322	CCCNN	-,-,-,-,-	1.562598	1.543519	1.439763	1.434085	1.494906	103.045128	104.746169	103.821988	110.411751	109.874736	-28.554189	24.985071	0.000000	0.277166	16.3691	N12C3(C(CCC3(C)OC1=O)C(N2C4=CC=CC=C4)(C)C)C
22333f2	33322	CCCNN	-,-,-,-,-	1.562603	1.543516	1.439707	1.434054	1.494964	103.048710	104.743990	103.820872	110.409589	109.870145	-28.561000	25.025290	0.000000	0.277236	16.2662	N12C3(C(CCC3(C)OC1=O)C(N2C4C=CC(=CC=4)C)(C)C)C
22333i	22333	CCCCC	-,-,-,-,-	1.339841	1.495272	1.527786	1.528215	1.493999	111.254868	112.045678	102.520269	106.128678	102.983911	-13.683286	21.424032	0.000000	0.222524	0.0714	c1ccc(c(c1)/C=N/NC(=O)COC2=CCCC2)Cl
22333i	22333	CCCCC	-,-,-,-,-	1.340544	1.507740	1.568589	1.568589	1.507740	111.793010	111.793011	100.222894	103.286437	100.222900	-21.526583	33.300970	0.000000	0.360728	0.0000	ClC1=C(Cl)C(Cl)(Cl)C(Cl)(Cl)C1(Cl)Cl
22333i	22333	CCCCC	-,-,-,-,-	1.341838	1.495470	1.525880	1.528777	1.501244	111.330967	111.711693	102.847422	106.105184	102.826823	-14.463354	21.929226	0.000000	0.224902	1.5759	C1(=C(C#N)CCC1)NC(=O)C
22333i	22333	CCCCS	-,-,-,-,-	1.341496	1.498496	1.523535	1.821460	1.750399	112.668063	115.563160	107.471222	105.904858	92.374716	17.440844	-24.637006	0.000000	0.263031	0.7325	CC1=C(CCS1)C(=O)[O-]
22333i	22333	CCCCS	-,-,-,-,O	1.342583	1.517704	1.520715	1.782515	1.724409	112.026294	114.129009	107.533452	104.633500	94.523126	19.854927	-26.874689	0.000000	0.282757	1.9004	c1ccc(cc1)NC2=CS(=O)(=O)CC2
22333i	22333	CNCCC	C,-,-,-,-	1.393176	1.466355	1.524208	1.525331	1.521278	107.398017	111.992217	102.573394	103.748210	102.704602	-20.413818	32.243847	0.000000	0.334311	1.1385	C(/[N+]([O-])=O)=C1/N(CCC1)CC
22333i	22333	CNCCC	N,-,-,-,-	1.371824	1.442926	1.529840	1.531381	1.510279	110.035830	110.785655	101.903559	104.739561	101.724021	-28.913993	32.685884	0.000000	0.317083	15.9268	C1(/NCCC1)=N/O
22333i	22333	CNCCS	N,-,-,-,-	1.353934	1.447991	1.529425	1.827046	1.743004	112.266868	114.224731	106.104181	104.563635	91.622090	-33.629432	33.195256	0.000000	0.327446	13.3309	N=C1NCCS1
22333i	22333	CNCCS	N,-,-,-,-	1.354100	1.437823	1.533216	1.823571	1.750213	111.510653	115.417469	106.929501	103.571919	91.749828	-28.858662	33.573334	0.000000	0.338002	9.4474	[H]/N=C/1\\N[C@]2(CSC(=[NH+]2)N)CS1
22333i	22333	CNCCS	S,-,-,-,-	1.370131	1.439877	1.516934	1.815838	1.748615	109.683501	115.631091	107.488680	103.224493	93.238348	29.928020	-33.358139	0.000000	0.330986	11.9111	S=C1NCCS1
22333i	22333	CNCSC	O,-,-,-,-	1.394144	1.448282	1.807417	1.798042	1.518534	111.881902	115.477851	106.651451	91.806104	106.979470	-22.299006	24.954338	0.000000	0.297565	8.4646	c1cc(oc1)[C@@H]2N(C(=O)CS2)c3nccs3
22333i	22333	COCCC	O,-,-,-,-	1.363309	1.453659	1.534769	1.519497	1.502945	109.833265	111.389103	101.728662	103.861593	101.219251	22.147318	-33.316242	0.000000	0.339906	1.9272	O=C1O[C](C[CH]1C2=CC=CC=C2)(C3=CC=CC=C3)C4=C5C=CC=CC5=CC=C4
22333i	22333	NCCCC	-,O,-,-,-	1.387455	1.509547	1.525929	1.516538	1.440257	111.299034	107.971018	103.227412	103.689891	102.631955	11.051544	-27.146477	0.000000	0.322259	15.4668	N1(C(=O)CCC1)CC(=O)N
22333i	22333	NCSCC	-,-,-,-,-	1.288296	1.758636	1.816871	1.526592	1.474259	110.453290	115.875139	90.413581	100.712982	109.969267	-15.900500	28.228247	0.000000	0.373466	3.6215	C1(=NCC(S1)CI)NC2C=CC(=CC=2)Cl
22333i	22333	NCSCC	-,-,-,-,-	1.288670	1.746502	1.799839	1.518745	1.475540	109.625939	117.330547	89.735678	102.403976	109.909613	15.652035	-26.884563	0.000000	0.348438	2.6089	C1(=NCCS1)NC2CCCCC2
22333i	22333	NCSCC	-,-,-,-,-	1.288708	1.759341	1.807684	1.523802	1.475159	110.638678	116.148248	90.463610	101.899609	110.177950	14.908463	-26.274410	0.000000	0.343768	3.2546	C1(=NCC(S1)C)NC2C=C(O)C=CC=2
22333i	22333	NCSCC	-,-,-,-,-	1.290691	1.740434	1.799910	1.520475	1.477964	108.854303	118.232358	89.541018	102.584341	110.025778	-14.840207	26.300957	0.000000	0.343599	3.8835	N1(C(=C(C(=O)OC)N=N1)CSC2=NCCS2)C3C(=NON=3)N
22333i	22333	NCSCC	-,-,-,-,-	1.291104	1.741304	1.799582	1.520366	1.478104	108.915920	118.116869	89.556438	102.548479	110.053473	-15.270455	26.516294	0.000000	0.345012	3.2112	C1CCC(CC1)NCSC2=NCCS2
22333i	22333	NCSCC	-,-,-,-,-	1.296817	1.753184	1.817185	1.524863	1.476769	110.006321	116.063660	90.412042	100.936178	109.598246	14.469500	-28.057631	0.000000	0.375896	6.2264	COc1ccc(cc1)C2=NC[C@@H](S2)Cn3cnc(n3)C#N
22333i	22333	NCSCC	-,S,-,-,-	1.385197	1.765177	1.832126	1.552588	1.456590	115.821427	109.584146	92.854689	102.096440	106.839557	15.836168	-29.551346	0.000000	0.380183	3.1113	N1(C(SC(C1NO)(C)C)=S)CC=C
22333i	22333	NCSCC	-,S,-,-,-	1.386602	1.764071	1.831300	1.552639	1.457609	115.834959	109.604773	92.870329	102.180375	106.964505	16.448337	-29.626827	0.000000	0.378010	1.8312	N1(C(SC(C1NO)(C)C)=S)CC
22333i	22333	NCSCC	-,S,-,-,-	1.387563	1.765147	1.831929	1.552665	1.456979	115.175379	109.707902	93.193718	102.176955	106.555985	-11.543243	27.644034	0.000000	0.375110	10.6116	N1(C(SC(C1NO)(C)C)=S)C
22333i	22333	NCSCC	-,S,-,-,-	1.396359	1.761563	1.840532	1.544583	1.459610	114.497725	109.755055	93.583131	101.912480	107.385056	-10.074204	26.521178	0.000000	0.366779	12.8232	N1(C(SC(C1NO)(C)C)=S)N
22333i	22333	NCSCC	-,S,-,-,-	1.397252	1.766520	1.826353	1.555161	1.466205	113.935467	110.198510	93.031231	101.906230	106.912948	-13.431412	29.266797	0.000000	0.390327	8.3813	N1(C(SC(C1NO)(C)C)=S)C(CC)C
22333i	23332	CCCCC	N,-,-,-,C	1.508827	1.525680	1.525624	1.496930	1.491771	109.646404	102.100949	105.892601	103.226033	106.814609	31.842780	-35.386654	0.000000	0.342145	7.5680	CN(C)/N=C/1\\CCCC1=C2SS2
22333i	23332	CCCCN	O,-,-,-,-	1.508100	1.526440	1.515774	1.430146	1.379742	108.135001	102.842797	103.735508	103.156722	112.021565	27.619220	-31.505648	0.000000	0.308194	9.1324	O=C1CCCN1
22333i	23332	CCCCO	O,-,-,-,-	1.498186	1.516752	1.519215	1.429382	1.364382	110.603257	102.768585	102.325057	106.176418	109.299319	27.065124	-28.993383	0.000000	0.289654	1.5620	O=C1C[CH](CO1)C2=CC=CC=C2
22333i	23332	CCCCO	O,-,-,-,-	1.498827	1.507722	1.506204	1.427153	1.365997	110.126259	101.899671	102.435375	105.156398	109.072218	-30.377661	33.008767	0.000000	0.325305	2.8237	O=C1CCCO1
22333i	23332	CCOCC	-,-,-,-,-	1.484865	1.437486	1.452235	1.485918	1.332248	110.123718	105.435152	108.419848	105.246386	109.699894	10.286104	-9.957317	0.000000	0.097328	2.9581	C[C@@]1([C@@H](N(C(=O)NC1=O)[C@H]2C=C[C@@H](O2)CO)N=[N+]=[N-])Br
22333i	23332	NCCCC	-,-,-,-,O	1.439074	1.515264	1.524435	1.510492	1.389628	111.527670	102.973167	103.620158	103.297351	107.757907	32.700623	-27.882771	0.000000	0.318024	11.8909	CN1CCCC1=O
22333i	32233	CCCCC	-,-,-,-,-	1.499423	1.339939	1.503374	1.539636	1.532626	102.013626	111.255908	111.828634	101.312460	105.316673	-0.390015	17.635775	0.000000	0.285837	0.6240	C1C=C[C@@H]([C@@H]1N=O)Cl
22333i	32233	CCCCS	-,-,-,-,O	1.494433	1.341766	1.501259	1.789061	1.785378	103.777591	117.469285	116.572356	103.866928	98.247522	-0.310061	-1.462708	0.000000	0.029042	4.3418	C1C=C(CS1(=O)=O)NC(=S)N
22333i	32233	CCCPO	-,-,-,O,-	1.509843	1.338869	1.781643	1.643604	1.433187	108.593144	113.137778	110.579544	93.602715	113.364595	-0.533576	4.934238	0.000000	0.085573	5.5417	CC1(C=C[P@@](=O)(O1)[O-])C
22333i	32233	CCCSS	-,-,-,-,O	1.495085	1.340029	1.729930	2.056264	1.825103	108.942008	120.325439	117.733924	96.009622	96.952402	-0.240790	1.331047	0.000000	0.023614	6.3393	C1C(=C(S[S@@]1=O)Cl)Cl
22333i	32233	CCNCC	-,N,-,-,-	1.480231	1.318296	1.466992	1.523225	1.527327	102.408494	111.039228	111.730065	102.634909	103.335896	-0.501776	18.632016	0.000000	0.293194	0.6033	c1ccc(cc1)C(=O)C/[NH+]=C/2\\CCCN2
22333i	32233	CNCCC	-,-,O,-,-	1.438225	1.391433	1.507601	1.522140	1.515624	103.401128	110.874132	108.364002	102.730267	103.425712	-5.657510	-15.591999	0.000000	0.324744	7.6135	CC1([C@@H](N(S1(=O)=O)C(=O)OC)N2CCCC2=O)C
22333i	32233	COCCC	-,-,O,-,-	1.432348	1.366648	1.511751	1.518381	1.524773	104.641681	109.166194	110.118027	100.575472	101.594503	-1.728296	23.847570	0.000000	0.365285	2.9768	CC(=O)OC[CH](OC(C)=O)[CH](OC(C)=O)[CH](OC(C)=O)[CH]1OC(=O)[CH](OC(C)=O)[CH]1OC(C)=O
22333i	32233	COCCC	-,-,O,-,-	1.440013	1.364654	1.517262	1.516083	1.525935	105.126390	109.099453	110.256684	100.803198	101.958246	-3.366578	24.181252	0.000000	0.350407	5.3071	OC[CH](O)[CH](O)[CH]1OC(=O)[CH](O)[CH]1O
22333i	32233	COCCC	-,-,O,-,-	1.441927	1.364466	1.515469	1.516576	1.522527	105.139776	109.602602	110.942474	101.202659	103.752678	-1.357564	19.547937	0.000000	0.299810	2.7616	OC[CH](O)[CH]1OC(=O)[CH](O)[CH]1O
22333i	32233	COCCC	-,-,O,-,-	1.442127	1.363607	1.515427	1.516447	1.521403	105.376538	109.563050	110.933585	101.288440	103.709546	2.036689	-19.839567	0.000000	0.296116	3.8894	OC[CH]1OC(=O)[CH](O)[CH]1O
22333i	32233	COCCC	-,-,O,-,-	1.443631	1.364425	1.515135	1.517061	1.523212	105.198123	109.798918	110.872138	101.329109	103.929669	-2.396159	19.848603	0.000000	0.292192	4.5310	O[CH](C=O)[CH]1OC(=O)[CH](O)[CH]1O
22333i	32233	COCCC	-,-,O,-,-	1.445370	1.363575	1.514463	1.516969	1.523005	105.035578	109.872954	110.858379	101.342149	103.992552	2.239806	-19.755185	0.000000	0.292609	4.2501	OC[CH](O)[CH](O)[CH](O)[CH]1OC(=O)[CH](O)[CH]1O
22333i	32233	SCNCC	-,N,-,-,-	1.763185	1.368563	1.448512	1.532396	1.829207	92.623472	110.475189	114.973810	106.664583	103.931474	-16.810870	33.876305	0.000000	0.330041	14.2592	C1(\SC(C)CN1)=N/C2C=CC(N(C)C)=CC=2
22333i	32233	SCNCC	-,S,-,-,-	1.759864	1.393925	1.492828	1.577028	1.832005	93.924221	110.368249	114.492281	105.576897	102.222785	11.458813	-32.701537	0.000000	0.382495	12.0503	S1C(N(C)C(C1(NO)C)(C)C)=S
22333i	33223	CCCCC	-,-,-,-,-	1.532774	1.493852	1.337458	1.491890	1.528530	106.064859	102.211395	112.108474	111.475292	102.811409	14.444325	-0.571916	0.000000	0.228534	1.1278	C1C[CH](O[CH]2CCC=C2)C=C1
22333i	33223	CCCCC	-,-,-,-,-	1.533490	1.497013	1.337326	1.492191	1.528051	106.157984	102.187618	112.065355	111.540909	102.854198	-14.089081	0.352216	0.000000	0.225706	0.7244	ClC1=CC=CC(=C1)NC(=O)O[CH]2CCC=C2
22333i	33223	CCCCC	-,-,-,-,-	1.536455	1.499027	1.338073	1.492923	1.530483	106.300033	101.750886	112.341936	111.463726	102.589577	-14.029197	-0.288548	0.000000	0.233750	0.6053	S=C(S[CH]1CCC=C1)N2CCOCC2
22333i	33223	CCCCC	-,-,-,-,-	1.541095	1.505419	1.340922	1.492585	1.530106	105.923908	101.137915	112.045454	111.438051	102.355866	16.479563	-0.594574	0.000000	0.264623	1.1131	O=C([CH]1CCC=C1C2=CC=CC=C2)C3=CC=CC=C3
22333i	33223	CCCCS	-,-,-,-,O	1.529142	1.507134	1.339011	1.729392	1.786417	105.574805	107.482286	116.404501	111.103538	95.120106	13.912184	0.229850	0.000000	0.223086	2.7976	c1nc([nH]n1)S[C@@H]2CS(=O)(=O)C=C2
22333i	33223	CCCNC	-,-,-,-,-	1.512598	1.477735	1.289637	1.481038	1.523530	103.106932	97.824408	120.121846	103.312671	105.927790	18.538912	0.403527	0.000000	0.306521	2.2216	C1CC(=NC1)O
22333i	33223	CCCNC	-,-,-,-,-	1.519609	1.506407	1.296436	1.478528	1.522320	103.448384	97.625165	118.565479	104.444563	105.952491	18.968683	0.033847	0.000000	0.311217	1.1267	CC1(CC(=O)/C(=C/[C@@H]2CCN=C2S)/C(=O)N1)C
22333i	33223	CCCNO	-,-,O,-,-	1.519669	1.506058	1.376009	1.417542	1.435590	106.302340	98.655640	107.738103	110.846704	105.256857	-28.123174	13.861016	0.000000	0.321784	13.5019	c1ccc(c(c1)/C=N\\[C@@H]2CONC2=O)O
22333i	33223	CCCOC	-,-,O,-,-	1.515008	1.521450	1.369079	1.427567	1.508644	102.255100	102.246851	109.447294	109.508610	106.478843	19.358047	-0.182520	0.000000	0.308858	1.2119	Cc1cccc(C)c1N(C2CCOC2=O)C(=O)CCl
22333i	33223	CCCOC	-,-,O,-,-	1.517994	1.515730	1.363090	1.426215	1.510389	104.590998	103.834686	110.459467	109.602733	107.153960	-0.884507	13.876641	0.000000	0.194070	0.1556	Clc1cccc(c1)N(C2CCOC2=O)C(=O)C3CC3
22333i	33223	CCNCC	-,-,-,O,-	1.524206	1.445068	1.377974	1.505567	1.528156	104.264385	102.809889	112.732525	108.235612	102.775637	-19.268420	1.094814	0.000000	0.297298	0.7628	CN(c1ccccc1)/C(=N/NC(=O)[C@H]2CCC(=O)N2)/S
22333i	33223	CCNCS	-,-,-,-,-	1.532741	1.467936	1.310708	1.719902	1.829523	104.867238	107.982925	115.534687	114.627127	91.836414	-16.987173	1.707622	0.000000	0.242695	1.0431	[H]/N=C/1\\N[C@]2(CSC(=[NH+]2)N)CS1
22333i	33223	CCNNC	-,-,-,-,-	1.527849	1.463979	1.415672	1.462108	1.524866	100.504614	104.410934	107.537436	109.105611	105.690322	-28.838115	9.674791	0.000000	0.347302	14.2117	CC(=O)SC1CN(N(C1)C=O)C=O
22333i	33223	NCOCC	-,-,-,O,-	1.448259	1.412623	1.361267	1.527076	1.479835	107.741153	106.664710	108.596888	111.172612	99.552454	-16.393112	1.316241	0.000000	0.235866	1.8204	CS(=O)(=O)N1COC(=O)[C@@H]1c2ccccc2
22333i	33322	CCCCC	-,-,-,-,-	1.528530	1.532774	1.493852	1.337458	1.491890	102.811413	106.064855	102.211402	112.108470	111.475297	-22.083182	14.444280	0.000000	0.228534	1.1277	C1C[CH](O[CH]2CCC=C2)C=C1
22333i	33322	CCCCC	-,-,-,-,-	1.530142	1.531735	1.492991	1.337296	1.490731	103.209043	106.017915	103.222775	111.621675	111.988391	-19.045924	12.447280	0.000000	0.196583	1.0311	O[CH]1CCC=C1
22333i	33322	CCCCC	-,-,-,-,-	1.538079	1.529011	1.492411	1.338085	1.496053	101.728580	105.795688	102.501270	111.456103	112.072231	24.114124	-15.132419	0.000000	0.251790	0.8166	CCCCCCCN[CH]1CCC=C1
22333i	33322	CCCCC	-,-,-,-,-	1.574563	1.541470	1.499578	1.343429	1.548456	100.062737	103.953283	101.691039	112.795504	109.974549	31.699272	-19.538075	0.000000	0.342775	2.8598	C1(C(CC(=C1N)C=O)(C#N)C#N)(C#N)CC(=O)C
22333i	33322	CCCCN	-,-,-,O,-	1.522353	1.529442	1.507333	1.377262	1.442676	102.762454	103.819100	102.944646	108.293967	112.233461	-27.921339	14.669566	0.000000	0.307681	7.6474	NC(=O)[CH]1CCC(=O)N1
22333i	33322	CCCCN	-,-,-,O,-	1.523856	1.516272	1.510883	1.407694	1.454208	103.172419	103.503501	103.050974	107.939248	110.615448	-31.408829	18.206767	0.000000	0.333644	3.8647	CC1CCC(=O)N1c2ccccc2
22333i	33322	CCCCO	-,-,-,O,-	1.514245	1.509679	1.499254	1.367220	1.431581	104.262574	101.981551	101.690351	110.061195	108.988014	-32.092642	18.731048	0.000000	0.349697	4.7097	CS(=O)(=O)CC[C@@H]1CCC(=O)O1
22333i	33322	CCCNC	-,-,-,-,O	1.522126	1.516835	1.446219	1.395141	1.530898	102.387210	103.264142	103.500117	110.603070	107.959796	34.801940	-25.725914	0.000000	0.340523	7.5015	O[CH]1CCN(C2CCCCC2)C1=O
22333i	33322	CCCNC	-,-,-,-,O	1.524713	1.516861	1.442352	1.387229	1.531334	102.327786	103.294296	103.263776	111.587959	107.560974	33.991458	-24.334278	0.000000	0.337082	5.0346	O[CH]1CCN(CC2=CC=CC=C2)C1=O
22333i	33322	CCCNN	-,-,-,-,-	1.527377	1.525497	1.462472	1.415467	1.462283	104.538084	100.430258	105.682876	109.042225	107.628773	-29.772430	13.920738	0.000000	0.346317	13.4476	c1ccc(cc1)SC2CN(N(C2)C=O)C=O
22333i	33322	CCCNN	-,-,-,-,O	1.550541	1.555717	1.465172	1.447290	1.476395	100.625894	108.851648	105.320310	108.013944	114.912738	-12.559498	4.506654	0.000000	0.148377	17.9300	CC(=O)O[C@@]1(CC(N[N+]1=O)(C)C)C
22333i	33322	CCCOC	-,-,-,-,O	1.515987	1.507204	1.427662	1.364325	1.495485	101.703087	102.598526	104.908271	108.969751	110.671723	33.181657	-23.967138	0.000000	0.322986	6.2641	CC(=O)[CH]1CCOC1=O
22333i	33322	CCCOC	-,-,-,-,O	1.521970	1.507974	1.426586	1.367067	1.513887	101.200530	102.998521	105.235532	109.598620	110.244171	-32.258509	21.905026	0.000000	0.318391	2.5434	CC1(C)CCOC1=O
22333i	33322	CCNNC	-,-,-,-,O	1.523004	1.468754	1.395188	1.380580	1.498361	102.337354	105.258307	104.154460	113.112831	107.165974	28.179537	-21.123595	0.000000	0.268450	6.9891	C1CNNC1=O
22333i	33322	CCSCC	-,-,O,-,-	1.525297	1.790087	1.731891	1.339527	1.501380	107.506910	105.484281	94.486376	111.348585	116.092847	-20.123892	12.322573	0.000000	0.241317	2.0364	C1CS(=O)(=O)C=C1
22333i	33322	CCSCC	-,-,O,-,-	1.534584	1.783858	1.725481	1.338585	1.505390	107.391366	105.349250	95.246680	111.016085	116.521067	19.386785	-13.013883	0.000000	0.228953	5.9129	C[N+](C)(C)[CH]1CS(=O)(=O)C=C1
22333i	33322	CCSCN	-,-,-,-,-	1.539180	1.827630	1.728924	1.315609	1.449870	107.487296	104.711380	91.507662	114.180791	115.737931	-19.875389	9.169555	0.000000	0.262975	8.1377	C[C@@]1(CSC(=[NH+]1)Nc2c([nH]cn2)C(=O)Nc3ccccc3)O
23233i	32332	CCCCC	-,O,-,-,O	1.508384	1.507779	1.523796	1.507185	1.508655	102.156577	112.169675	104.823900	104.640369	111.953670	-15.864588	20.270572	0.000000	0.200056	11.0373	C1(C(CCC1=O)=O)C
23333f1	23333	CCCCC	C,-,-,-,-	1.510135	1.524383	1.532044	1.545530	1.530403	110.002703	104.121122	103.548821	103.555369	101.880328	-31.270537	41.819218	0.000000	0.403962	13.0459	CC(=O)OCC=C1CC[CH]2[CH]3CCC4=CC(=O)CC[C]4(C)[CH]3[CH](O)C[C]12C
23333f1	23333	CCCCC	C,-,-,-,-	1.510589	1.524844	1.530621	1.550934	1.534224	109.675061	104.397042	103.522006	103.336978	101.829417	-31.308674	42.125556	0.000000	0.408446	12.2160	COC(=O)C=C1CC[CH]2[CH]3CCC4=CC(=O)CC[C]4(C)[CH]3C(=O)C[C]12C
23333f1	23333	CCCCC	O,-,-,-,-	1.514399	1.534253	1.534558	1.565102	1.528862	109.253286	99.479348	94.239959	102.928602	97.959060	53.450110	-57.575674	0.000000	0.588979	3.2272	C12(C(C(C)(C)C(C1)CC2)=O)C(=O)O
23333f1	32333	CNCNC	-,-,-,-,-	1.435234	1.440487	1.469697	1.478950	1.526665	101.749625	111.604206	106.439560	106.342584	106.261086	12.505680	5.987100	0.000000	0.262391	12.5755	C[C@@]12CCC(=O)N1CC[N-]2
23333f1	33233	CCNCC	-,-,-,-,-	1.530215	1.464135	1.454250	1.520824	1.525132	103.945901	103.602645	111.619790	105.252585	103.111503	-13.066652	-9.163812	0.000000	0.346601	14.6940	CC(C)[CH]1NC(=O)[CH](NC(=O)C2=C3N=C4C(=C(C)C(=O)C(=C4C(=O)N[CH]5[CH](C)OC(=O)[CH](C(C)C)N(C)C(=O)CN(C)C(=O)[CH]6CCCN6C(=O)[CH](NC5=O)C(C)C)N)OC3=C(C)C=C2)[CH](C)OC(=O)[CH](C(C)C)N(C)C(=O)CN(C)C(=O)[CH]7CCCN7C1=O
23333f1	33233	CCNCC	-,-,-,-,-	1.530714	1.464992	1.454228	1.526179	1.531418	104.431724	101.451883	110.527389	105.532476	105.088303	-33.505216	18.058450	0.000000	0.346245	9.4056	CC(C)[CH]1NC(=O)[CH](NC(=O)C2=C3N=C4C(=C(C)C(=O)C(=C4C(=O)N[CH]5[CH](C)OC(=O)[CH](C(C)C)N(C)C(=O)CN(C)C(=O)[CH]6CCCN6C(=O)[CH](NC5=O)C(C)C)N)OC3=C(C)C=C2)[CH](C)OC(=O)[CH](C(C)C)N(C)C(=O)CN(C)C(=O)[CH]7CCCN7C1=O
23333f1	33233	CCNOC	-,-,-,-,-	1.526084	1.468907	1.436859	1.441597	1.526761	104.634835	103.569636	110.099550	108.987166	106.336318	-20.086079	6.693367	0.000000	0.245828	13.6912	C[C@@]12C[C@@]3(C(NC(=S)N3O)(C)C)ON1C(=S)NC2(C)C
23333f1	33233	OCCCC	-,-,O,-,-	1.471039	1.536696	1.499458	1.525895	1.465718	97.962897	97.129367	104.482268	102.561556	98.339607	-34.358788	-1.015715	0.000000	0.590695	0.9908	C[C@@]12C(=C[C@@H](O1)C(=O)C23CC3)C(=O)OC
23333f1	33323	CCCCC	-,-,-,N,-	1.555108	1.548179	1.514706	1.529297	1.555651	92.591518	104.259825	98.177147	109.532908	99.633324	37.766153	-2.224802	0.000000	0.593049	3.0908	CC1(C)[CH]2CC[C]1(C)C(C2)=NO
23333f1	33323	CCCCC	-,-,-,O,-	1.518037	1.510937	1.525852	1.507928	1.524801	104.647110	106.463889	101.654811	112.008513	102.231383	28.069528	-9.071734	0.000000	0.350050	14.9040	CC1(O[C@@H]2CCC(=O)[C@@H]2O1)C
23333f1	33323	CCCCC	-,-,-,O,-	1.537837	1.557440	1.525088	1.505246	1.521030	105.589368	103.687086	101.835764	112.511993	102.086056	-28.666116	9.428148	0.000000	0.372286	15.1124	[C@H]12[C@@H](C(CC3[C@]1(C4C(C5CCC([C@](CC4)(C)5)=O)CC3)C)=O)O2
23333f1	33323	CCCCC	-,-,-,O,-	1.552823	1.548146	1.515674	1.529368	1.563920	92.846371	104.190204	98.597134	109.440791	99.075003	-36.682470	0.724852	0.000000	0.594383	1.6340	CC1(C)[CH]2CC[C]1(CS(O)(=O)=O)C(=O)C2
23333f1	33323	CCCCC	-,-,-,O,-	1.560257	1.555413	1.531428	1.534960	1.556270	92.444970	103.339139	98.240853	108.652725	100.313218	-39.980580	4.683215	0.000000	0.603855	5.3452	CC1(C)[CH]2CC[C]1(C)C(=O)[CH]2N.OS(O)(=O)=O
23333f1	33323	CCCCC	-,-,-,O,-	1.567548	1.550148	1.513237	1.537450	1.566598	91.540381	102.879523	98.931923	108.379960	100.683355	41.629125	-6.238171	0.000000	0.611718	6.5554	C[C]1(CS(O)(=O)=O)[CH]2CC[C]1(C)C(=O)[CH]2Br
23333f1	33323	CCCCC	-,-,-,O,-	1.573870	1.549038	1.514513	1.535026	1.557519	92.103722	102.548068	98.974358	108.741157	100.087986	40.340905	-5.085320	0.000000	0.611342	5.5069	C12(C(C(C)(CC1)C(C2Br)=O)(C)C)C(=O)O
23333f1	33323	CCCNC	-,-,-,-,-	1.519944	1.532323	1.464892	1.462337	1.525356	102.510455	102.592640	103.859357	110.934838	104.043105	-31.956942	11.607341	0.000000	0.392745	16.8204	C1C[C@@H]2N=Cc3c(c(sc3N2C1)C(=O)N)N
23333f1	33323	CCCNO	-,-,-,-,-	1.517068	1.521864	1.500291	1.411007	1.433126	105.452096	101.357874	101.891512	111.039411	105.585695	-30.261145	12.946374	0.000000	0.368132	15.3545	CC(=O)[C@@H]1C[C@@]2(C(=O)c3ccccc3N2O1)c4ccccc4
23333f1	33332	CCCCC	-,-,-,-,C	1.565384	1.537152	1.527181	1.518717	1.527027	99.202129	102.506341	93.621579	100.583242	107.412419	57.202817	-54.535496	0.000000	0.592597	2.4072	CC1(C)[CH]2CC[CH](C2)C1=C
23333f1	33332	CCCCC	-,-,-,-,N	1.572995	1.536201	1.530981	1.529223	1.532758	97.123483	103.435667	94.063500	99.247543	109.582496	-58.312083	53.368221	0.000000	0.592569	3.4747	CC1(C)[CH]2CC[C](C)(C2)C1=NO
23333f2	23333	CCCCC	O,-,-,-,-	1.499001	1.548250	1.600703	1.568666	1.498506	103.011836	96.114828	104.859863	102.815354	96.145759	-32.414023	-0.922401	0.000000	0.578718	1.2799	ClC1=C(Cl)[C]2(Cl)[C]3(Cl)C(=C(Cl)[C](Cl)(C3=O)[C]2(Cl)C1=O)Cl
23333f3	33332	CNCCC	-,-,-,-,C	1.483969	1.484006	1.544581	1.499690	1.505412	104.437368	103.209731	105.982825	103.456188	108.000195	-36.771544	21.188409	0.000000	0.367960	2.7273	CCC(C(O)=O)C1=CC=C(C=C1)[N+]([O-])=O.COC2=CC3=C(C=C2OC)C45CCN6CC7=CCOC8CC(=O)N3C4C8C7C6C5
23333f3	33332	CNCCC	-,-,-,-,C	1.483970	1.484007	1.544580	1.499689	1.505412	104.437621	103.209957	105.982929	103.456203	108.000470	-36.770970	21.188850	0.000000	0.367950	2.7254	CCC(C)OC(=O)C1=C(C=CC=C1)C(O)=O.COC2=CC3=C(C=C2OC)C45CCN6CC7=CCOC8CC(=O)N3C4C8C7C6C5
23333i	23333	CCCCC	N,-,-,-,-	1.506938	1.524176	1.524151	1.522711	1.504383	112.616355	101.560724	104.624242	104.441105	101.480739	30.569128	-40.445379	0.000000	0.381480	16.1237	ON=C1CCCC1
23333i	23333	CCCCC	O,-,-,-,-	1.506679	1.523472	1.522634	1.523472	1.506679	112.228178	101.751292	104.463157	104.463157	101.751291	-31.455073	40.498247	0.000000	0.382099	18.0000	O=C1CCCC1
23333i	23333	CCCCC	O,-,-,-,-	1.528015	1.544423	1.524963	1.544423	1.528014	113.682471	100.457279	105.455740	105.455676	100.457203	30.493803	-39.895699	0.000000	0.373870	17.9992	O=C1C(CCC#N)(CCC#N)CCC1(CCC#N)CCC#N
23333i	23333	CSCCS	N,-,-,-,-	1.747657	1.829571	1.526091	1.812517	1.749957	114.698718	96.769595	106.438760	108.886471	95.804819	33.152492	-44.842240	0.000000	0.440366	17.0627	C1(/SC(/C=N/O)(C)CS1)=N/C
23333i	23333	CSCCS	N,-,-,-,-	1.760271	1.829474	1.525863	1.825235	1.763396	111.963685	95.099935	105.635637	109.437435	97.491236	44.112024	-43.020812	0.000000	0.486263	10.6459	C1(SC(/C=N/O)(C)CS1)=[N+](C)C
23333i	23333	CSCCS	O,-,-,-,-	1.751807	1.827796	1.526618	1.812722	1.749841	114.816754	96.626904	106.466481	109.018058	95.636949	33.164805	-44.963835	0.000000	0.440595	17.1370	C1(SC(/C=N/O)(C)CS1)=O
23333i	23333	NCCCC	-,-,-,-,-	1.450526	1.522569	1.525041	1.522166	1.447735	111.967729	104.139395	103.000331	102.942235	104.152656	-29.888185	37.160159	0.000000	0.364327	17.3051	CC(C)OC(=O)N1CCCC1
23333i	23333	NCCCC	-,-,-,-,-	1.454929	1.523703	1.523537	1.521260	1.450008	111.516081	104.282282	103.049590	102.810985	104.330588	-29.574554	37.398016	0.000000	0.366786	15.9528	C(C(=O)NN)(N1CCCC1)=O
23333i	23333	NCCOC	-,-,-,-,-	1.439811	1.510406	1.435041	1.441436	1.440800	110.166232	102.278491	104.899331	106.694145	106.035962	-30.032152	30.753441	0.000000	0.296248	0.8173	CC(=O)N1CCO[C@@H]1c2c(c(c(s2)Cl)Cl)Cl
23333i	23333	NCCSC	-,-,-,-,-	1.467490	1.520352	1.811192	1.836747	1.461370	116.205651	108.213491	104.613071	93.954471	105.500872	34.953042	-28.728623	0.000000	0.354948	2.4091	N1(C(C(=O)O)CSC1(C)C)C=O
23333i	23333	NNCCC	-,-,-,-,-	1.427163	1.475493	1.524594	1.520992	1.458609	112.307909	105.799511	104.113899	103.151884	102.189085	24.570396	-35.014013	0.000000	0.343799	7.1452	N1(N(CCC1NC2C=CC(=CC=2)Cl)C(C)C)C=O
23333i	23333	NNCCC	-,-,-,-,-	1.441123	1.487124	1.525021	1.518036	1.458566	112.110714	104.851050	105.532533	102.777355	101.487810	-16.973542	32.923143	0.000000	0.352992	8.1182	N1(N(CCC1NC2C=CC=CC=2)C(C)C)C=O
23333i	32333	CCCCO	-,N,-,-,-	1.508786	1.491158	1.511865	1.432977	1.444219	101.823023	111.383237	98.711311	105.926376	107.173505	17.722159	-34.266604	0.000000	0.360483	7.0045	C[C@@H]1/C(=N/OC(=O)c2ccccc2)/CCO1
23333i	32333	CCCSS	-,N,-,-,-	1.521657	1.523418	1.803326	2.038697	1.804483	106.483763	117.317182	109.148973	96.023566	94.884438	-1.086294	-22.609865	0.000000	0.485648	2.0284	C1C(=NNC(=O)N)CSS1
23333i	32333	CNCCC	-,-,-,-,-	1.451025	1.457833	1.523780	1.523633	1.520774	104.344758	111.224459	104.351958	102.953147	102.624985	-9.795482	29.626536	0.000000	0.372981	14.9160	c1cc(ccc1c2cc3c([n-]nn3)nc2)C(=O)N4CCCC4
23333i	32333	CNCCC	-,-,-,-,-	1.451918	1.456646	1.523842	1.522431	1.520835	104.496537	111.107551	104.462960	102.979854	102.686317	10.185807	-29.707707	0.000000	0.369870	15.5673	N1(C2C(=NON=2)N)N=NC(=C1C)C(N3CCCC3)=O
23333i	32333	CNCCC	-,-,-,-,-	1.452701	1.454906	1.522230	1.523778	1.521753	104.397349	111.372797	104.312927	102.914239	102.888388	-11.811727	30.525097	0.000000	0.368112	17.9532	c1ccc(c(c1)[C@@H]2NC(=NO2)CC(=O)N3CCCC3)O
23333i	32333	CNCCC	-,-,-,-,-	1.454894	1.451120	1.527377	1.520557	1.527681	103.759475	112.332683	103.396131	102.949069	103.201717	14.534417	-32.210307	0.000000	0.371630	14.1400	CCSc1nc(s[s+]1)N2CCCC2
23333i	32333	CNCCC	-,-,-,-,-	1.456517	1.451941	1.520862	1.522558	1.523778	104.445565	111.128169	104.482245	102.687036	102.970292	13.572880	-31.703878	0.000000	0.370149	15.6768	N1(C2C(=NON=2)N)C(=C(C(N3CCCC3)=O)N=N1)C4=CC=CC=C4
23333i	32333	CNCCC	-,-,-,-,-	1.462308	1.464541	1.522239	1.519437	1.521406	104.825854	110.007501	104.903528	102.786046	102.678973	11.146892	-30.789226	0.000000	0.375972	16.6006	c1nc(no1)CSC(=S)N2CCCC2
23333i	32333	CNCCC	-,-,-,-,-	1.465581	1.463042	1.520939	1.519676	1.522569	104.914705	109.931206	104.764036	102.569858	102.781627	13.928752	-32.612396	0.000000	0.378966	15.5727	c1cc([nH]c1)C(=O)CSC(=S)N2CCCC2
23333i	32333	CNCCC	-,-,-,-,-	1.477896	1.477263	1.533314	1.516554	1.535608	104.545107	110.375713	103.786778	103.268615	102.984001	14.817370	-33.221641	0.000000	0.380023	13.9479	C[CH]1CC[CH](C)N1C2=CC=C(C=C2)[CH](C3=CC=C(C=C3)N(C)C)C4=CC=C(C=C4)N5[CH](C)CC[CH]5C
23333i	32333	CNCCS	-,-,-,-,-	1.464795	1.490706	1.528082	1.810896	1.819912	106.868172	110.301959	108.282972	107.491445	93.929434	-39.152182	24.939043	0.000000	0.338029	6.0645	c1cc[n+](c(c1)N2CSC[C@@H]2C(=O)[O-])[O-]
23333i	32333	NCSCC	-,C,-,-,-	1.418189	1.735993	1.837233	1.523841	1.561845	103.589615	108.072915	92.546707	105.674666	106.403681	-32.425595	3.510266	0.000000	0.460652	8.1507	[H]/[O+]=C\\1/C=CC=C/C1=C\\2/[NH2+][C@H](CS2)C(=O)[O-]
23333i	32333	NNCCS	-,-,-,-,-	1.422865	1.467040	1.514401	1.810946	1.666855	108.510899	112.017938	105.564365	103.240275	96.569066	40.823522	-32.734000	0.000000	0.350399	5.8869	C[NH2+]N1N(CCS1)/C(=N/C)/S
23333i	32333	SCSCC	-,C,-,-,-	1.758386	1.757232	1.813082	1.514478	1.814838	97.016417	113.016095	96.109644	106.860535	107.645575	-17.236833	38.949752	0.000000	0.461915	9.3419	C1(C(CC(CC1=O)(C)C)=O)=C2SCCS2
23333i	33323	CCCNC	-,-,-,-,-	1.517908	1.528596	1.465334	1.462709	1.524266	102.328189	103.315255	104.592542	110.583242	103.563922	-26.938608	4.329060	0.000000	0.385938	6.9938	C1CCN(C1)c2c(nns2)CO
23333i	33332	CCCCC	-,-,-,-,N	1.540531	1.533492	1.525913	1.486304	1.493617	99.981607	106.390663	105.774241	100.260252	116.702255	34.332503	-28.647833	0.000000	0.324483	10.7481	COC(=O)/C=C\\SC(=S)[C@@H]1CCCC1=[NH2+]
23333i	33332	CCCCN	-,-,-,-,-	1.530583	1.525367	1.519586	1.454061	1.468351	103.934974	103.427184	102.879661	104.740355	111.279403	37.121475	-31.169036	0.000000	0.363465	15.7114	NC(=O)C1CCCN1C(=O)COC(=O)c2ccccc2
23333i	33332	CCCCN	-,-,-,-,-	1.533350	1.516585	1.535597	1.477564	1.477531	103.769612	103.270470	102.990546	104.552024	110.386416	-38.822007	29.775761	0.000000	0.379921	13.8856	C[CH]1CC[CH](C)N1C2=CC=C(C=C2)[CH](C3=CC=C(C=C3)N(C)C)C4=CC=C(C=C4)N5[CH](C)CC[CH]5C
23333i	33332	CCCON	-,-,-,-,-	1.507338	1.507954	1.435246	1.437432	1.453565	103.777579	100.396633	105.532311	107.163227	108.252728	36.252370	-22.357630	0.000000	0.370769	2.1684	CO[C@@H]1CCON1C(=O)c2ccccc2
23333i	33332	CCOSN	-,-,-,O,-	1.534905	1.429744	1.617090	1.715332	1.458594	103.826148	107.095207	109.647381	95.806745	109.732374	36.516132	-19.543935	0.000000	0.348326	4.4038	C[C@@H]1CO[S@@](=O)N1c2ccccc2
23333i	33332	CCSCC	-,-,-,-,O	1.522363	1.819806	1.810361	1.507644	1.506333	107.006860	105.183750	94.751946	105.551191	115.094407	30.771253	-15.956000	0.000000	0.371401	1.6800	c1cc(sc1)[C@@H]2CC(=O)CS2
23333i	33332	CCSCC	-,-,O,-,O	1.527513	1.774041	1.763983	1.501032	1.527160	105.077473	106.615265	97.499316	104.740018	116.296707	-27.448545	13.083080	0.000000	0.325325	5.1852	CC1(C)CS(=O)(=O)CC1=O
33333f1	33333	CCCCC	-,-,-,-,-	1.527581	1.559771	1.555545	1.523757	1.519168	104.224585	107.057580	103.990844	105.778173	103.322158	-4.036950	-20.137415	0.000000	0.384321	5.4232	C12(C(CC1CCC2)C#N)[N+]3(C)CCCC3
33333f1	33333	CCCCC	-,-,-,-,-	1.528588	1.539686	1.534638	1.542543	1.533062	93.425707	101.326768	102.842352	103.153874	100.066750	-34.742643	-2.226367	0.000000	0.611018	2.1143	[C@]1([C@H](C2CC1CC2)C(=O)OC)(C(=O)OC)C
33333f1	33333	CCCCC	-,-,-,-,-	1.528618	1.539541	1.534634	1.542333	1.533095	93.422351	101.328336	102.836056	103.171543	100.203521	35.001633	1.861428	0.000000	0.609875	1.7702	[C@@]1([C@@H](C2CC1CC2)C(=O)O)(C(=O)O)C
33333f1	33333	CCCCC	-,-,-,-,-	1.530880	1.520032	1.543089	1.568177	1.579874	106.603223	103.759850	105.539455	103.011023	105.540175	39.382845	-37.236080	0.000000	0.385116	3.6410	CC(=C)[CH]1CC[C]2(CO)CC[C]3(C)[CH](CC[CH]4[C]5(C)CC[CH](O)C(C)(C)[CH]5CC[C]34C)[CH]12
33333f1	33333	CCCCC	-,-,-,-,-	1.531289	1.541111	1.539231	1.541365	1.534964	93.240590	101.076668	102.923508	102.886443	100.016667	-34.756638	-2.487417	0.000000	0.616760	2.3388	C1(C2(C(C3CC2CC3)C(O1)=O)C)=O
33333f1	33333	CCCCC	-,-,-,-,-	1.532119	1.535016	1.534291	1.546716	1.543268	96.794999	105.429220	104.260366	104.499709	104.504914	-29.897840	-0.130549	0.000000	0.486332	0.2569	CC1(C)[CH]2CC[C]1(C)C(=O)OC2=O
33333f1	33333	CCCCC	-,-,-,-,-	1.532214	1.532106	1.542292	1.542801	1.563279	104.454662	106.450633	107.179308	104.085136	102.448953	-0.038655	23.652774	0.000000	0.389527	0.0958	CC(=O)OCC(=O)[C]1(O)CC[CH]2[CH]3CCC4=CC(=O)CC[C]4(C)[CH]3[CH](O)C[C]12C
33333f1	33333	CCCCC	-,-,-,-,-	1.532452	1.531951	1.549764	1.554177	1.561066	103.381123	105.354955	107.602717	104.532073	102.412571	12.565982	13.201685	0.000000	0.406192	17.2094	C[C]1(O)CC[CH]2[CH]3CCC4=CC(=O)CC[C]4(C)[CH]3[CH](O)C[C]12C
33333f1	33333	CCCCC	-,-,-,-,-	1.532595	1.545773	1.553388	1.548885	1.534675	93.701809	101.162521	102.364005	103.127344	101.867000	38.676063	-3.271952	0.000000	0.600647	3.2040	C1[C@@H]2C[C@@H]([C@H]1C=C2)[NH3+]
33333f1	33333	CCCCC	-,-,-,-,-	1.532725	1.528460	1.538658	1.548770	1.554103	104.290428	106.319740	106.185801	103.724622	100.671443	1.936532	-27.527110	0.000000	0.430147	2.5466	CC(=O)[CH]1CC[CH]2[CH]3CC=C4C[CH](O)CC[C]4(C)[CH]3CC[C]12C
33333f1	33333	CCCCC	-,-,-,-,-	1.533279	1.528326	1.537035	1.548985	1.555493	104.244813	106.488983	106.040517	103.943068	100.614132	-2.071823	27.587981	0.000000	0.428700	2.7305	CC(=O)OCC(=O)C1CCC2C3CCC4=CC(=O)CCC4(C)C3CCC12C
33333f1	33333	CCCCC	-,-,-,-,-	1.534558	1.544738	1.542099	1.539658	1.534253	94.239959	99.492457	103.305506	103.021885	101.915370	-40.054100	5.262913	0.000000	0.603266	5.0713	C12(C(C(C)(C)C(C1)CC2)=O)C(=O)O
33333f1	33333	CCCCC	-,-,-,-,-	1.535598	1.533912	1.540388	1.548787	1.561049	103.984752	105.986577	106.744896	104.252147	101.102631	2.364492	23.501534	0.000000	0.420851	3.1049	CC1(O)CCC2C3CCC4=CC(=O)CCC4(C)C3CCC21C
33333f1	33333	CCCCC	-,-,-,-,-	1.535608	1.526622	1.551082	1.557119	1.547491	101.867570	105.531355	106.722884	104.836358	103.645849	20.271023	5.557073	0.000000	0.411834	8.0267	CC(=C)[CH]1CC[C]2(C)CC[C]3(C)[CH](CC[CH]4[C]5(C)CC[CH](OC(=O)C6=CC=CC=C6)C(C)(C)[CH]5CC[C]34C)[CH]12
33333f1	33333	CCCCC	-,-,-,-,-	1.536062	1.540000	1.537644	1.542911	1.527784	93.153670	100.349604	102.841783	102.921943	100.916614	37.818401	-1.422461	0.000000	0.616069	1.3111	[C@]12(C3CC([C@@H]1COC2=O)CC3)C
33333f1	33333	CCCCC	-,-,-,-,-	1.536336	1.535333	1.532362	1.546280	1.551392	96.176386	105.670846	104.317635	104.443598	105.028444	30.719003	-0.732522	0.000000	0.486443	0.7545	C12(C(OC(=O)C(C1(CBr)C)CC2)=O)C
33333f1	33333	CCCCC	-,-,-,-,-	1.537457	1.546713	1.564635	1.542525	1.532901	106.535993	104.279340	101.115483	103.689500	106.274919	40.388318	-40.526648	0.000000	0.423244	0.6535	CC12CC(O)C3C(CCC4=CC(=O)CCC34C)C1CC[C@@]2(O)C(=O)CO
33333f1	33333	CCCCC	-,-,-,-,-	1.537665	1.547898	1.564584	1.540861	1.532342	106.690866	104.720273	101.251421	103.661744	106.231898	38.757237	-40.518992	0.000000	0.415700	4.1911	CC1CC2C3CCC(O)(C(=O)C)C3(C)CC(O)C2(F)C4(C)C=CC(=O)C=C14
33333f1	33333	CCCCC	-,-,-,-,-	1.537739	1.544278	1.548313	1.531804	1.528805	106.168949	104.384321	101.054105	104.467551	106.311415	-39.934443	39.966345	0.000000	0.415003	0.1351	C[C]12CC[CH]3[CH](CCC4=C3C=CC(=C4)O)[CH]1CC[CH]2OC(=O)CCC5CCCC5
33333f1	33333	CCCCC	-,-,-,-,-	1.537861	1.532294	1.530853	1.540645	1.535688	103.113955	101.055248	93.537217	101.107975	103.022829	-57.072809	56.913791	0.000000	0.603126	0.1750	CC(=O)OC[CH]1[CH]2CC[CH](C2)[CH]1COC(C)=O
33333f1	33333	CCCCC	-,-,-,-,-	1.538664	1.533944	1.530780	1.541642	1.532747	103.020416	101.635489	93.386357	100.190726	103.083493	56.329738	-58.103360	0.000000	0.607662	3.2604	Cc1ccc2c(c1)[C@@H]3[C@@H]4CC[C@@H](C4)[C@@H]3[S@@](=O)N2
33333f1	33333	CCCCC	-,-,-,-,-	1.538980	1.531590	1.550137	1.576565	1.571257	104.865250	106.310656	106.888990	100.600867	101.481891	13.009407	-35.605018	0.000000	0.447890	16.0928	CC(C)CCCC(C)C1CCC2(C)C3=CCC4C(C)(C)C(O)CCC4(C)C3=CCC12C.CC(CCC=C(C)C)C5CCC6(C)C7=C(CCC56C)C8(C)CCC(O)C(C)(C)C8CC7
33333f1	33333	CCCCC	-,-,-,-,-	1.539483	1.531245	1.534241	1.540485	1.534305	102.885893	102.006692	93.227068	100.099770	103.027812	56.048987	-58.338529	0.000000	0.608259	4.1356	CC(=O)O[C@@H]1[C@@H]2CC[C@@H](C2)[C@@H]1[N+](=O)[O-]
33333f1	33333	CCCCC	-,-,-,-,-	1.539641	1.542667	1.543193	1.527926	1.530217	106.183118	103.978239	101.004204	105.039599	106.008963	40.509858	-39.738436	0.000000	0.416155	2.5360	C[C]12CC[CH]3[CH](CCC4=CC(=O)CC[CH]34)[CH]1CC[CH]2O
33333f1	33333	CCCCC	-,-,-,-,-	1.540288	1.529374	1.539067	1.555251	1.561065	103.963557	106.894852	106.378703	102.887171	101.658556	-6.023509	30.051209	0.000000	0.425029	7.7972	C[CH](O)[CH]1CC[CH]2[CH]3CC[CH]4C[CH](O)CC[C]4(C)[CH]3CC[C]12C
33333f1	33333	CCCCC	-,-,-,-,-	1.540496	1.537064	1.538632	1.544989	1.557079	104.041174	106.035739	106.101703	103.091348	100.921480	-4.605633	30.171585	0.000000	0.441025	5.7603	C[C]1(O)CC[CH]2[CH]3CCC4=CC(=O)CC[C]4(C)C3=CC[C]12C
33333f1	33333	CCCCC	-,-,-,-,-	1.541099	1.560998	1.557844	1.535460	1.530634	105.488831	102.130877	99.783665	104.406851	106.362657	45.838740	-40.811795	0.000000	0.465406	10.4983	CC(=O)OC1CCC2(C)C3(C1)C=CC4(C5CCC(C(C)=O)C5(C)CC6OC246)C7C3C(=O)OC7=O
33333f1	33333	CCCCC	-,-,-,-,-	1.541563	1.525210	1.531091	1.545205	1.557276	106.014799	106.677431	104.505624	103.256475	102.125774	21.187598	-38.881019	0.000000	0.411339	6.2784	CC(=O)[CH]1CC[CH]2[CH]3CCC4=CC(=O)CC[C]4(C)[CH]3[CH](O)C[C]12C
33333f1	33333	CCCCC	-,-,-,-,-	1.541895	1.524199	1.552219	1.588611	1.573904	104.199799	107.911435	107.277236	102.043552	102.530987	-7.472568	29.258144	0.000000	0.405176	10.1241	C[CH](CCC(O)=O)[CH]1CC[C]2(C)[CH]3CC[CH]4C(C)(C)[CH](O)CC[C]4(C)[CH]3C(=O)C[C]12C
33333f1	33333	CCCCC	-,-,-,-,-	1.542218	1.562381	1.557118	1.541331	1.533733	106.648057	103.755170	101.323349	103.410933	106.445226	-40.021855	41.448890	0.000000	0.427904	3.0182	CO[CH]1C[CH](O[CH](C)[CH]1O[CH]2O[CH](CO)[CH](O)[CH](O)[CH]2O)O[CH]3CC[C]4(C=O)[CH]5CC[C]6(C)[CH](CC[C]6(O)[CH]5CC[C]4(O)C3)C7=CC(=O)OC7
33333f1	33333	CCCCC	-,-,-,-,-	1.542249	1.535377	1.497911	1.486332	1.504421	104.139376	104.801821	104.661930	108.587804	108.383057	-29.270600	17.712898	0.000000	0.302228	1.8999	CNC(=O)O[C@@H]1CC[C@H]2[C@@H]1O2
33333f1	33333	CCCCC	-,-,-,-,-	1.542958	1.529364	1.532372	1.542228	1.533602	102.594862	101.400219	93.513897	102.288699	103.434921	-57.060574	54.740767	0.000000	0.592150	3.5439	COC(=O)C1C2CC(Br)C(C2)C1C(=O)OC
33333f1	33333	CCCCC	-,-,-,-,-	1.543704	1.528764	1.532384	1.560694	1.570040	103.337010	100.756916	93.774423	103.320723	101.230538	57.957812	-55.299993	0.000000	0.597425	4.9458	C1(C(OC(O1)=O)=C)(C2C3C=CC(C2)C3)C
33333f1	33333	CCCCC	-,-,-,-,-	1.544200	1.527162	1.543730	1.579474	1.569506	103.995034	107.971373	106.887553	102.410963	102.846407	8.510211	-29.883722	0.000000	0.401103	11.6017	C[CH](CCC(Br)=C(C)C)[CH]1CC[C]2(C)C3=C(CC[C]12C)[C]4(C)CC[CH](O)C(C)(C)[CH]4CC3
33333f1	33333	CCCCC	-,-,-,-,-	1.544321	1.539830	1.530430	1.552737	1.556990	103.518582	106.255710	105.545500	104.006926	100.040808	2.078595	-28.864012	0.000000	0.450857	2.4704	C[C]1(O)CC[CH]2[CH]3CCC4=CC(=O)CC[C]4(C)[C]35O[CH]5C[C]12C
33333f1	33333	CCCCC	-,-,-,-,-	1.544330	1.548056	1.551383	1.558142	1.561618	102.281116	102.950841	103.866571	91.354940	102.491809	-34.210822	55.168960	0.000000	0.602754	2.7726	CC(C)(CO[CH]1C[CH]2CC[C]1(C)C2(C)C)[N+]([O-])=O
33333f1	33333	CCCCC	-,-,-,-,-	1.544431	1.548015	1.551365	1.558144	1.561669	102.272612	102.956301	103.862619	91.355635	102.500964	-34.229800	55.173849	0.000000	0.602724	2.7517	CC(C)(N)CO[CH]1C[CH]2CC[C]1(C)C2(C)C
33333f1	33333	CCCCC	-,-,-,-,-	1.544553	1.551620	1.558237	1.555685	1.537190	102.824171	103.580007	91.367137	102.715529	102.811246	55.560092	-55.581522	0.000000	0.599752	0.8177	CCCCCN(CCCCC)CC(=O)O[CH]1C[CH]2CC[C]1(C)C2(C)C
33333f1	33333	CCCCC	-,-,-,-,-	1.544573	1.547492	1.551620	1.558237	1.562474	102.294459	102.948606	103.838692	91.367137	102.469019	34.368043	-55.269312	0.000000	0.603045	2.6191	CCCCCN(CCCCC)CC(=O)O[CH]1C[CH]2CC[C]1(C)C2(C)C
33333f1	33333	CCCCC	-,-,-,-,-	1.544601	1.551256	1.558487	1.555814	1.537474	102.808608	103.531385	91.360745	102.780945	102.809085	55.672668	-55.489040	0.000000	0.599761	0.4818	CO[CH]1C[CH]2CC[C]1(C)C2(C)C
33333f1	33333	CCCCC	-,-,-,-,-	1.544720	1.551365	1.558144	1.555963	1.537414	102.815968	103.552971	91.355635	102.785915	102.791304	-55.631582	55.514627	0.000000	0.599647	0.5780	CC(C)(N)CO[CH]1C[CH]2CC[C]1(C)C2(C)C
33333f1	33333	CCCCC	-,-,-,-,-	1.544721	1.551383	1.558142	1.555943	1.537409	102.815254	103.550766	91.354940	102.786897	102.792358	-55.634541	55.513584	0.000000	0.599661	0.5706	CC(C)(CO[CH]1C[CH]2CC[C]1(C)C2(C)C)[N+]([O-])=O
33333f1	33333	CCCCC	-,-,-,-,-	1.544739	1.548270	1.551256	1.558487	1.562041	102.244943	102.973967	103.882756	91.360745	102.490842	34.140693	-55.132247	0.000000	0.602748	2.8585	CO[CH]1C[CH]2CC[C]1(C)C2(C)C
33333f1	33333	CCCCC	-,-,-,-,-	1.544920	1.550235	1.563976	1.555380	1.537502	102.950173	103.522430	91.571652	102.153179	102.924350	55.397348	-55.956200	0.000000	0.602132	1.7789	CC(=O)N[CH]1C[CH]2CC[C]1(C)C2(C)C
33333f1	33333	CCCCC	-,-,-,-,-	1.544930	1.550250	1.563896	1.555412	1.537505	102.950759	103.523042	91.571580	102.159131	102.921604	-55.395883	55.952618	0.000000	0.602086	1.7735	CCCCC(=O)N[CH]1C[CH]2CC[C]1(C)C2(C)C
33333f1	33333	CCCCC	-,-,-,-,-	1.544933	1.550278	1.563867	1.555437	1.537497	102.951204	103.522491	91.572700	102.160037	102.922088	55.395312	-55.950136	0.000000	0.602068	1.7709	CCCC(=O)N[CH]1C[CH]2CC[C]1(C)C2(C)C
33333f1	33333	CCCCC	-,-,-,-,-	1.544979	1.548424	1.573841	1.568044	1.543281	102.894149	103.657180	91.806470	101.407410	103.035612	55.886726	-55.997142	0.000000	0.606631	2.0252	CC(=O)OCC[C]12CC[CH](C[CH]1Cl)C2(C)C
33333f1	33333	CCCCC	-,-,-,-,-	1.545154	1.525306	1.542439	1.577054	1.568861	103.680561	108.063684	107.149790	102.729468	103.122227	-6.031144	27.722429	0.000000	0.392836	8.3379	CC(C)CCC[CH](C)[CH]1CC[C]2(C)C3=C(C(=O)C[C]12C)[C]4(C)CC[CH](O)C(C)(C)[CH]4CC3=O
33333f1	33333	CCCCC	-,-,-,-,-	1.545501	1.546099	1.550278	1.563867	1.569108	102.421056	103.026088	103.712891	91.572700	102.191951	35.166483	-55.698802	0.000000	0.604032	1.8800	CCCC(=O)N[CH]1C[CH]2CC[C]1(C)C2(C)C
33333f1	33333	CCCCC	-,-,-,-,-	1.545559	1.546088	1.550250	1.563896	1.568975	102.416476	103.029021	103.708958	91.571580	102.197537	-35.170636	55.697580	0.000000	0.604032	1.8753	CCCCC(=O)N[CH]1C[CH]2CC[C]1(C)C2(C)C
33333f1	33333	CCCCC	-,-,-,-,-	1.545632	1.546088	1.550235	1.563976	1.569031	102.410768	103.033136	103.709608	91.571652	102.194480	35.162330	-55.695836	0.000000	0.604076	1.8888	CC(=O)N[CH]1C[CH]2CC[C]1(C)C2(C)C
33333f1	33333	CCCCC	-,-,-,-,-	1.545706	1.537152	1.527181	1.537769	1.539960	103.017419	99.725405	93.621579	101.896745	102.909844	-58.309463	56.424738	0.000000	0.608781	3.9136	CC1(C)[CH]2CC[CH](C2)C1=C
33333f1	33333	CCCCC	-,-,-,-,-	1.545973	1.544221	1.528730	1.535031	1.550083	102.395603	103.139210	100.915943	93.510306	102.388524	38.958414	-57.554327	0.000000	0.599233	3.3713	CC1=CC=C(C=C1)S(O)(=O)=O.NC(=N)SC2CC3CC2C4C=CCC34
33333f1	33333	CCCCC	-,-,-,-,-	1.546201	1.536201	1.530981	1.539003	1.541125	103.414108	99.792765	94.063500	102.486167	102.789251	57.516958	-55.239333	0.000000	0.598620	4.8772	CC1(C)[CH]2CC[C](C)(C2)C1=NO
33333f1	33333	CCCCC	-,-,-,-,-	1.546632	1.523839	1.531256	1.552822	1.565497	103.593626	107.503400	106.119474	104.452363	101.556863	-3.468023	27.431516	0.000000	0.408120	4.5955	CC(C)CCC[CH](C)[CH]1CC[CH]2[CH]3C[CH](NCC4=CC=CC=C4)[C]56C[CH]5CC[C]6(C)[CH]3CC[C]12C
33333f1	33333	CCCCC	-,-,-,-,-	1.547193	1.523475	1.529887	1.553022	1.565625	103.816700	107.619005	105.925691	104.318555	101.580379	5.971142	-29.250336	0.000000	0.407353	7.9789	CC(C)CCC[CH](C)[CH]1CC[CH]2[CH]3CC[CH]4C[CH](O)CC[C]4(C)[CH]3CC[C]12C
33333f1	33333	CCCCC	-,-,-,-,-	1.548474	1.526134	1.535944	1.560890	1.564701	104.887840	106.955773	105.626991	102.361645	101.858552	-15.980924	36.609616	0.000000	0.425748	15.0264	CC(C)CCCC(C)C1CCC2C3CC(SC(N)=N)C4(O)CC(O)CCC4(C)C3CCC12C.CC5=CC=C(C=C5)S(O)(=O)=O
33333f1	33333	CCCCC	-,-,-,-,-	1.549283	1.527632	1.540115	1.588856	1.571920	103.789806	108.183925	106.375576	101.895661	102.512282	12.181643	-33.155767	0.000000	0.418566	15.9442	C[CH](CCC(O)=O)[CH]1CC[C]2(C)[CH]3[CH](C(=O)C[C]12C)[C]4(C)CC[CH](O)C(C)(C)[CH]4CC3=O
33333f1	33333	CCCCC	-,-,-,-,-	1.549666	1.532294	1.530853	1.548038	1.552809	102.684321	100.515616	93.537217	103.154698	102.423119	58.097636	-54.871350	0.000000	0.599476	5.9188	CC(=O)OC[CH]1[CH]2CC[CH](C2)[CH]1COC(C)=O
33333f1	33333	CCCCC	-,-,-,-,-	1.550551	1.545331	1.537568	1.555033	1.566568	91.466318	103.441772	102.940031	102.924904	101.875097	-34.878615	-2.166528	0.000000	0.606490	2.1818	CC1(C)[CH]2CC[C]1(C)[CH](S)C2
33333f1	33333	CCCCC	-,-,-,-,-	1.550551	1.549169	1.544950	1.565837	1.566568	91.466318	103.871796	102.831543	102.604899	101.806012	34.193599	2.994434	0.000000	0.607426	3.0858	CC1(C)[CH]2CC[C]1(C)[CH](S)C2
33333f1	33333	CCCCC	-,-,-,-,-	1.550713	1.531245	1.534241	1.547904	1.542864	101.861488	101.392303	93.227068	100.731483	103.679707	-58.219924	57.119184	0.000000	0.611291	0.8465	CC(=O)O[C@@H]1[C@@H]2CC[C@@H](C2)[C@@H]1[N+](=O)[O-]
33333f1	33333	CCCCC	-,-,-,-,-	1.551213	1.529364	1.532372	1.548568	1.548385	102.517441	102.674071	93.513897	100.272380	102.694732	55.289397	-58.571941	0.000000	0.604460	5.6883	COC(=O)C1C2CC(Br)C(C2)C1C(=O)OC
33333f1	33333	CCCCC	-,-,-,-,-	1.551330	1.526099	1.533320	1.561686	1.565300	103.439663	107.679523	105.736210	102.500425	102.034957	11.361033	-33.871511	0.000000	0.429979	14.5107	CC(C)CCC[CH](C)[CH]1CC[CH]2[CH]3C[CH](Br)[C]4(Br)C[CH](Cl)CC[C]4(C)[CH]3CC[C]12C
33333f1	33333	CCCCC	-,-,-,-,-	1.551696	1.544590	1.537454	1.555828	1.558377	91.371189	103.553104	102.829066	102.804727	102.747943	35.883377	0.571710	0.000000	0.599713	0.6764	CC1(C)[CH]2CC[C]1(C)[CH](C2)OC(=O)CSC#N
33333f1	33333	CCCCC	-,-,-,-,-	1.551696	1.547709	1.544491	1.562082	1.558377	91.371189	103.846213	102.934305	102.319420	102.444608	-34.296918	-2.564183	0.000000	0.603100	2.6911	CC1(C)[CH]2CC[C]1(C)[CH](C2)OC(=O)CSC#N
33333f1	33333	CCCCC	-,-,-,-,-	1.552823	1.545254	1.544605	1.551625	1.563920	92.846371	102.872151	103.161781	103.450494	102.957466	36.874491	-1.909710	0.000000	0.584463	1.8455	CC1(C)[CH]2CC[C]1(CS(O)(=O)=O)C(=O)C2
33333f1	33333	CCCCC	-,-,-,-,-	1.553805	1.536371	1.523082	1.547336	1.559194	102.917683	106.872314	104.107844	103.818284	99.240339	-7.449965	34.522351	0.000000	0.474849	8.6610	C[CH]([CH]1CC[CH]2[CH]3CCC4=CC(=O)CC[C]4(C)[CH]3CC[C]12C)C(O)=O
33333f1	33333	CCCCC	-,-,-,-,-	1.555108	1.550161	1.545632	1.547295	1.555651	92.591518	102.936439	103.286950	102.947997	103.689398	-36.087245	1.187578	0.000000	0.582055	1.1950	CC1(C)[CH]2CC[C]1(C)C(C2)=NO
33333f1	33333	CCCCC	-,-,-,-,-	1.555412	1.558494	1.547228	1.528846	1.532332	104.517877	100.533221	101.650716	106.050697	106.236094	-44.869612	33.367225	0.000000	0.456511	10.1920	CC(=O)O[CH]1CC[C]2(C)C3=CC[C]4(C)[CH](CC[CH]4[C]35C=C[C]2(C1)[CH]6[CH]5C(=O)OC6=O)C(C)=O
33333f1	33333	CCCCC	-,-,-,-,-	1.555821	1.543486	1.532107	1.533817	1.545791	102.593499	102.743294	101.415531	93.553387	100.465218	34.628235	-57.205014	0.000000	0.611463	2.1875	COP(=O)([C@@H]1C[C@H]2C[C@@H]1C=C2)OC
33333f1	33333	CCCCC	-,-,-,-,-	1.556616	1.542509	1.554637	1.551560	1.562135	94.092030	103.322467	103.565384	103.650431	102.831899	34.164935	-0.102046	0.000000	0.566237	0.0154	CC1(C)[CH]2CC[C]1(C)C(=O)C2=O
33333f1	33333	CCCCC	-,-,-,-,-	1.556995	1.573841	1.548424	1.544390	1.538043	103.129937	101.563678	91.806470	103.465171	103.093352	56.026727	-55.374320	0.000000	0.604280	2.2371	CC(=O)OCC[C]12CC[CH](C[CH]1Cl)C2(C)C
33333f1	33333	CCCCC	-,-,-,-,-	1.557710	1.544628	1.554556	1.551346	1.562890	94.073114	103.148327	103.640137	103.600331	102.826363	34.210405	-0.091092	0.000000	0.568130	0.0198	CC1(C)[CH]2CC[C]1(C)C(=O)C2=NO
33333f1	33333	CCCCC	-,-,-,-,-	1.558706	1.552183	1.528618	1.533095	1.565681	101.449479	103.267740	102.998788	93.422351	101.720556	-32.241092	54.962320	0.000000	0.595558	4.4443	[C@@]1([C@@H](C2CC1CC2)C(=O)O)(C(=O)O)C
33333f1	33333	CCCCC	-,-,-,-,-	1.558783	1.538910	1.539504	1.574147	1.559871	102.430305	107.703373	104.765010	100.917373	101.653370	-13.253901	37.164785	0.000000	0.474274	15.5757	CC(C)CCCC(C)C1CCC2(C)C3=CCC4C(C)(C)C(O)CCC4(C)C3=CCC12C.CC(CCC=C(C)C)C5CCC6(C)C7=C(CCC56C)C8(C)CCC(O)C(C)(C)C8CC7
33333f1	33333	CCCCC	-,-,-,-,-	1.559166	1.533178	1.519929	1.548947	1.562015	102.826591	107.389705	103.790934	104.023882	99.501441	-9.571757	35.701021	0.000000	0.468875	11.2801	CC(C)CCC[CH](C)[CH]1CC[CH]2[CH]3CC=C4C[CH](Cl)CC[C]4(C)[CH]3CC[C]12C
33333f1	33333	CCCCC	-,-,-,-,-	1.559315	1.552866	1.528588	1.533062	1.566753	101.465456	103.234116	103.003598	93.425707	101.841942	32.554525	-55.046097	0.000000	0.594669	4.0536	[C@]1([C@H](C2CC1CC2)C(=O)OC)(C(=O)OC)C
33333f1	33333	CCCCC	-,-,-,-,-	1.560257	1.553684	1.544308	1.545564	1.556270	92.444970	102.192010	103.362052	102.930269	103.835758	37.410136	-2.564728	0.000000	0.588974	2.5874	CC1(C)[CH]2CC[C]1(C)C(=O)[CH]2N.OS(O)(=O)=O
33333f1	33333	CCCCC	-,-,-,-,-	1.560482	1.546382	1.543177	1.544480	1.545232	103.229519	103.280437	100.006166	94.609842	100.087826	36.121292	-57.624878	0.000000	0.611986	0.0843	C1C[C@H]2C[C@@H]1C3=C2SC([C@@H]3F)(F)F
33333f1	33333	CCCCC	-,-,-,-,-	1.560947	1.552471	1.534137	1.531734	1.545333	102.790347	102.283418	100.264259	93.591436	101.528232	-38.946101	58.885237	0.000000	0.614055	2.9781	Cn1cc(nc1)c2nc(on2)[C@@H]3C[C@H]4C[C@@H]3C=C4
33333f1	33333	CCCCC	-,-,-,-,-	1.562192	1.558364	1.539387	1.541844	1.579163	100.321010	102.719808	104.699051	90.661415	106.850955	39.251258	-55.335377	0.000000	0.578023	3.9919	CC1(C[C@]2(C([C@@]1(C(=[N-])O2)C#N)(C#N)C#N)C)C
33333f1	33333	CCCCC	-,-,-,-,-	1.566792	1.535426	1.531882	1.554656	1.571847	101.418840	101.344652	93.652991	102.578498	103.094323	58.266361	-55.650996	0.000000	0.602223	4.2381	[C@@]1(C2C=CC([C@@H]1C(=O)O)C2)(C(=O)O)C
33333f1	33333	CCCCC	-,-,-,-,-	1.567548	1.553259	1.542175	1.545352	1.566598	91.540381	101.664927	103.425748	102.714565	104.079261	-39.538697	4.273702	0.000000	0.602821	4.1532	C[C]1(CS(O)(=O)=O)[CH]2CC[C]1(C)C(=O)[CH]2Br
33333f1	33333	CCCCC	-,-,-,-,-	1.573870	1.558664	1.542641	1.544299	1.557519	92.103722	101.277806	103.449401	102.970550	104.085425	-38.915124	4.200100	0.000000	0.599186	4.1846	C12(C(C(C)(CC1)C(C2Br)=O)(C)C)C(=O)O
33333f1	33333	CCCCC	-,-,-,-,-	1.576951	1.556371	1.561551	1.560427	1.561615	101.807956	102.936230	101.793630	92.116540	104.014104	-39.770711	57.219704	0.000000	0.606134	4.1696	OC(=O)[CH]1[CH](C(O)=O)[C]2(Cl)C(=C(Cl)[C]1(Cl)C2(Cl)Cl)Cl
33333f1	33333	CCCCN	-,-,-,-,-	1.562717	1.522438	1.522707	1.526754	1.560737	101.898979	103.974303	101.050022	103.281776	107.691815	-46.477499	43.045174	0.000000	0.458237	5.9174	CC1([C@@H]2[C@@H](C[NH+]1C)[C@@H](NC(=[NH2+])N2)[NH3+])C
33333f1	33333	CCCCO	-,-,-,-,-	1.523255	1.513132	1.515230	1.445214	1.439978	108.897665	103.193542	104.047128	107.403722	108.218085	-27.615275	27.229083	0.000000	0.279414	5.8929	COCc1cn(nn1)[C@H]2CO[C@H]3[C@@H]2OC[C@H]3O
33333f1	33333	CCCCS	-,-,-,-,-	1.508493	1.494367	1.508493	1.839308	1.839308	101.355434	105.117893	105.117894	101.355434	95.515674	-61.420900	44.810639	0.000000	0.522963	18.0000	C1[C@@H]2[C@@H](CS1)OC(=O)O2
33333f1	33333	CCCCS	-,-,-,-,O	1.517313	1.537848	1.509895	1.789395	1.794430	102.632124	104.625492	105.418566	102.501690	97.764821	-56.191644	41.909890	0.000000	0.495699	17.9609	C1[C@@H]2[C@@H](CS1(=O)=O)[NH+]=C(NN2)O
33333f1	33333	CCCCS	-,-,-,-,O	1.520375	1.518607	1.510899	1.804774	1.802504	102.013623	104.221009	105.983404	102.341848	97.119315	57.557583	-40.802537	0.000000	0.503906	13.7545	CC(C)(C)N1[C@H]2CS(=O)(=O)C[C@@H]2CO1
33333f1	33333	CCCOC	-,-,-,-,-	1.514891	1.529292	1.437797	1.428894	1.511886	103.185838	103.230485	108.176683	107.796385	105.465233	10.262298	12.051291	0.000000	0.332154	17.8123	CC1=C([C@@H]2CCO[C@@H]2O1)C(=O)OC
33333f1	33333	CCCOC	-,-,-,-,-	1.554640	1.544086	1.444809	1.452679	1.547226	101.110973	102.142625	102.071777	97.467931	101.857553	33.012018	-55.803043	0.000000	0.551656	1.5968	[C@]1([C@H]([C@@]2(C)O[C@@H]1CC2)C(=O)OC)(C(=O)OC)C
33333f1	33333	CCNCC	-,-,-,-,-	1.520486	1.489990	1.501977	1.536020	1.527985	106.128175	102.687635	106.865004	103.338444	106.733797	38.721238	-33.179048	0.000000	0.361285	13.2602	CC(=O)C1=CCC[C@@H]2CC[C@H]1[NH2+]2
33333f1	33333	CCNCN	-,-,-,-,-	1.529123	1.457636	1.446473	1.446578	1.457542	105.492882	105.370373	106.760645	106.553024	104.541556	-10.554715	28.206128	0.000000	0.310472	17.5559	C1CN2CN1CN3CCN(C2)C3
33333f1	33333	CCNCO	-,-,-,-,-	1.513688	1.484571	1.482268	1.446637	1.429833	103.378995	103.434919	104.053660	108.524034	106.225464	27.212215	-7.263680	0.000000	0.358924	11.5032	N12C(COC31CCCCC3)(COC2)CO
33333f1	33333	CCNCO	-,-,-,-,-	1.526880	1.484571	1.456572	1.426344	1.432721	105.942993	103.774544	102.150529	110.769900	106.917435	31.704122	-26.177351	0.000000	0.309608	14.3793	N12C(COC31CCCCC3)(COC2)CO
33333f1	33333	CCNNC	-,-,-,-,-	1.515903	1.461659	1.454185	1.461659	1.515903	102.285097	102.999512	108.069151	108.069144	102.999500	23.656319	0.000110	0.000000	0.381825	0.0001	C1CN2CCCN2C1
33333f1	33333	CCNOC	-,-,-,-,-	1.524409	1.465342	1.466577	1.435580	1.518466	103.847081	105.914500	102.545405	104.227613	102.126840	-26.253528	45.006971	0.000000	0.428030	0.8410	C1CN2C[NH+]3CC=CC[C@@H]3[C@@H]1O2
33333f1	33333	CCOCC	-,-,-,-,-	1.526884	1.450250	1.451418	1.541056	1.531214	102.039244	100.883673	97.442096	99.485655	102.386097	-57.808016	58.081740	0.000000	0.570711	1.6517	C12(C(OC(C1C3CCC2(O3)C)=O)=O)C
33333f1	33333	CCOCO	-,-,-,-,-	1.513765	1.438516	1.434339	1.444498	1.438311	104.505387	100.474278	101.625442	107.218301	105.176584	-45.002180	37.892444	0.000000	0.427543	16.5064	O=C(O[CH]1[CH]2CO[CH](O2)[CH](OC(=O)C3=CC=CC=C3)[CH]1OC(=O)C4=CC=CC=C4)C5=CC=CC=C5
33333f1	33333	CCOCO	-,-,-,-,-	1.517379	1.431751	1.437064	1.438733	1.438972	104.997012	100.881949	101.664164	107.247574	105.062958	43.952207	-39.181228	0.000000	0.417372	15.3415	CC1=CC=C(C=C1)S(=O)(=O)O[CH]2[CH]3CO[CH](O3)[CH]4OC(C)(C)O[CH]24
33333f1	33333	CCOCO	-,-,-,-,-	1.517469	1.432714	1.437550	1.437983	1.440835	105.066518	100.918208	101.533696	107.288336	104.958441	43.968528	-39.634781	0.000000	0.418233	14.5029	O[CH]1[CH]2CO[CH](O2)[CH]3O[CH](O[CH]13)C4=CC=CC=C4
33333f1	33333	CCOCO	-,-,-,-,-	1.518005	1.430826	1.436131	1.437730	1.440068	104.947752	101.134808	101.435848	107.525992	104.920302	-43.774020	39.317367	0.000000	0.415902	14.8243	CC(=O)OC[CH]1O[CH](O[CH]2[CH]3CO[CH](O3)[CH]4OC(C)(C)O[CH]24)[CH](OC(C)=O)[CH](OC(C)=O)[CH]1OC(C)=O
33333f1	33333	CCOCO	-,-,-,-,-	1.518536	1.436151	1.432969	1.441941	1.442866	104.788703	100.619976	101.526754	107.831657	104.673259	44.422137	-38.338986	0.000000	0.422607	17.7792	O[CH]1[CH](O)[CH]2CO[CH](O2)[CH]1O
33333f1	33333	CCOCO	-,-,-,-,-	1.520302	1.434484	1.438947	1.434650	1.441644	104.583879	100.560636	100.779039	107.574433	104.810176	-45.392865	40.196360	0.000000	0.434051	16.2645	C1[C@@H]2C=CC(=O)[C@H](O1)O2
33333f1	33333	CCSCC	-,-,-,-,-	1.531944	1.805877	1.805846	1.531844	1.542636	109.379221	101.160997	90.243671	101.125362	109.380698	47.348702	-47.411160	0.000000	0.602958	0.1033	c1cc(oc1)C(=O)OC2C[C@@H]3CC[C@H](C2)S3
33333f1	33333	CNCNC	-,-,-,-,-	1.457636	1.446473	1.446578	1.457542	1.529123	105.370374	106.760639	106.553022	104.541546	105.492882	28.206129	-34.674907	0.000000	0.310472	17.5558	C1CN2CN1CN3CCN(C2)C3
33333f1	33333	CNNCC	-,-,-,-,-	1.461659	1.454185	1.461659	1.515903	1.515903	102.999472	108.069132	108.069149	102.999491	102.285077	0.000117	23.656374	0.000000	0.381826	0.0002	C1CN2CCCN2C1
33333f1	33333	COCCO	-,-,-,-,-	1.430135	1.418909	1.508751	1.432689	1.435289	110.571575	105.782170	105.174675	104.469961	104.848714	22.601882	-30.867883	0.000000	0.284397	11.8902	CC1(C)O[CH]2O[CH]([CH](O)CO)[CH](O)[CH]2O1
33333f1	33333	COCCO	-,-,-,-,-	1.436501	1.427632	1.510937	1.411516	1.433804	109.826048	104.964379	103.917138	105.080195	106.063516	-28.339090	32.192092	0.000000	0.298806	8.7998	CC1(O[C@@H]2CCC(=O)[C@@H]2O1)C
33333f1	33333	COCCO	-,-,-,-,-	1.436891	1.436553	1.519360	1.432815	1.434044	109.872456	105.742897	105.081066	103.209713	105.067966	-19.578745	32.086685	0.000000	0.312850	0.5437	CC1(C)O[CH]2[CH](O)[CH]3OC[CH](O3)[CH]2O1
33333f1	33333	COCCO	-,-,-,-,-	1.437135	1.427254	1.516722	1.438607	1.438761	109.735890	104.676274	102.244432	102.476968	103.815500	32.741097	-41.725005	0.000000	0.389749	17.0055	CC1(C)O[CH]2O[CH](COC(=O)C3=CC=CC=C3)[CH](OC(=O)C4=CC=CC=C4)[CH](OC(=O)C5=CC=CC=C5)[CH]2O1
33333f1	33333	NCCCO	-,-,-,-,-	1.456431	1.518607	1.495345	1.443609	1.483391	103.573957	99.872491	100.555685	103.266210	108.265842	-49.068787	38.186872	0.000000	0.473724	15.7515	CC(C)(C)N1[C@H]2CS(=O)(=O)C[C@@H]2CO1
33333f1	33333	NCCNS	-,-,-,-,O	1.477745	1.554979	1.461965	1.678482	1.678056	107.951782	107.657873	107.804717	106.142454	94.297234	9.274810	-32.128963	0.000000	0.417816	11.3819	[C@@H]12[C@@H](NS(=O)(=O)N1)[N-]/C(=N\\[N+](=O)[O-])/N2
33333f1	33333	NCCSP	-,-,-,-,O	1.478875	1.553651	1.839173	2.083203	1.658004	112.820387	109.637998	106.796393	93.403333	99.505773	-44.837974	26.925143	0.000000	0.409732	11.7722	C1CC[C@H]2[C@@H](C1)N[P@@](=O)(S2)C3CCC(CC3)[N+](=O)[O-]
33333f1	33333	NCNCC	-,-,-,-,-	1.448856	1.457373	1.475549	1.517658	1.479697	101.775352	103.989386	105.968209	104.853589	103.111123	32.149459	-6.539888	0.000000	0.420872	7.7077	CN1CN[CH]2[CH]1C(=O)N(C)C(=O)N2C
33333f1	33333	NCSCC	-,-,-,-,-	1.503199	1.837815	1.786954	1.503323	1.490196	107.318164	105.275328	93.636041	100.468831	105.307989	7.417238	-34.420723	0.000000	0.512757	13.4685	c1ccc(cc1)[C@@H]2[NH2+][C@H]3[C@H](S2)COC3=O
33333f1	33333	OCCCC	-,-,-,-,-	1.432478	1.536569	1.535010	1.541610	1.442751	102.461162	103.316206	102.745045	103.473237	104.740976	-34.074179	7.489288	0.000000	0.445940	9.8943	CC(=O)OC1COC2OC1C(OC(C)=O)C2OC(C)=O
33333f1	33333	OCCCC	-,-,-,-,-	1.432737	1.537168	1.538143	1.535564	1.430013	107.443868	103.151335	102.040916	102.132745	108.551206	40.763774	-29.023856	0.000000	0.391891	13.1896	C[CH]1CC[C]2(OC1)O[CH]3C[CH]4[CH]5CC[CH]6C[CH](O)CC[C]6(C)[CH]5CC[C]4(C)[CH]3[CH]2C
33333f1	33333	OCCCC	-,-,-,-,-	1.435868	1.528245	1.531325	1.534545	1.467180	97.946628	100.715525	102.388508	102.408175	98.775135	-32.900975	-2.812512	0.000000	0.570873	2.9474	C12(C3(C(COC3=O)C(O1)CC2)C)C(C(=O)C)=O
33333f1	33333	OCCCC	-,-,-,-,-	1.435934	1.508751	1.508537	1.532360	1.454936	107.508908	108.271104	102.825260	101.625623	106.808174	-28.356764	35.094008	0.000000	0.351033	13.3634	CC1(C)O[CH]2O[CH]([CH](O)CO)[CH](O)[CH]2O1
33333f1	33333	OCCCC	-,-,-,-,-	1.442845	1.541438	1.530516	1.526546	1.455960	97.249079	100.461470	102.228212	101.994806	100.002811	-33.121616	-2.480963	0.000000	0.572363	2.4068	C12(C(C3(C)OC1CC3)COC2=O)C
33333f1	33333	OCCCC	-,-,-,-,-	1.444809	1.543074	1.528006	1.528934	1.452679	97.467931	100.484277	102.243300	102.047460	99.185417	-31.228887	-4.726731	0.000000	0.576092	4.6914	[C@]1([C@H]([C@@]2(C)O[C@@H]1CC2)C(=O)OC)(C(=O)OC)C
33333f1	33333	OCCCC	-,-,-,-,-	1.445100	1.543360	1.530937	1.527054	1.456280	97.146076	100.357480	102.154160	102.050029	100.043549	33.453306	2.160732	0.000000	0.574246	2.0484	[C@]12([C@@H](C3(CO)OC1CC3)COC2=O)C
33333f1	33333	OCCCC	-,-,-,-,-	1.447506	1.540436	1.531742	1.526918	1.454343	97.405862	100.592799	102.299334	102.025093	99.748497	31.927093	3.677293	0.000000	0.571839	3.6554	C12(C(C(=O)OC1=O)C3(C)OC2CC3)C
33333f1	33333	OCCCC	-,-,-,-,-	1.447791	1.530187	1.508091	1.504036	1.433017	108.315316	106.807287	102.170088	102.966815	107.702927	28.065435	-34.049427	0.000000	0.337608	17.1686	CC1(C)OC[CH](O1)[CH]2O[CH]3OC(C)(C)O[CH]3[CH]2O
33333f1	33333	OCCCC	-,-,-,-,-	1.449357	1.515230	1.513501	1.519071	1.439703	108.240895	107.102836	102.989293	101.783986	106.936819	26.852804	-35.027467	0.000000	0.350433	11.0727	COCc1cn(nn1)[C@H]2CO[C@H]3[C@@H]2OC[C@H]3O
33333f1	33333	OCCCC	-,-,-,-,-	1.454233	1.540420	1.529018	1.527993	1.443649	97.200562	99.671254	102.256432	101.990778	101.042317	-35.836794	1.261770	0.000000	0.570725	1.4191	C12(C3(OC(C1COC2=O)CC3)C)C
33333f1	33333	OCCOC	-,-,-,-,-	1.418356	1.504036	1.438636	1.437962	1.431144	105.788502	104.597511	104.628631	104.414061	110.433358	32.615193	-26.431648	0.000000	0.299087	15.4745	CC1(C)OC[CH](O1)[CH]2O[CH]3OC(C)(C)O[CH]3[CH]2O
33333f1	33333	OCCOC	-,-,-,-,-	1.425824	1.509798	1.421886	1.449587	1.448521	102.996786	101.167669	102.036674	102.564594	109.409291	47.424452	-37.089628	0.000000	0.437548	17.9455	COc1ccc2c(c1)CC[C@@H]3[C@@H]2O[C@@H](O3)c4cccnc4
33333f1	33333	OCCOC	-,-,-,-,-	1.427668	1.513077	1.432553	1.440654	1.434618	105.130147	104.114283	104.126512	105.278069	110.076538	34.185136	-25.613359	0.000000	0.316226	14.0490	O[CH]1[CH]2CO[CH](O2)[CH]3O[CH](O[CH]13)C4=CC=CC=C4
33333f1	33333	OCCOC	-,-,-,-,-	1.429543	1.517287	1.438847	1.437082	1.432089	104.726140	103.922421	104.216408	105.938266	109.957084	-32.781474	20.624125	0.000000	0.315647	2.6645	CC(=O)OC[CH]1O[CH](O[CH]2[CH]3CO[CH](O3)[CH]4OC(C)(C)O[CH]24)[CH](OC(C)=O)[CH](OC(C)=O)[CH]1OC(C)=O
33333f1	33333	OCCOC	-,-,-,-,-	1.429842	1.515911	1.436767	1.437425	1.434476	104.665739	103.575721	104.455153	105.899061	109.714636	33.167911	-20.377842	0.000000	0.321572	1.1841	CC1=CC=C(C=C1)S(=O)(=O)O[CH]2[CH]3CO[CH](O3)[CH]4OC(C)(C)O[CH]24
33333f1	33333	OCCOC	-,-,-,-,-	1.442695	1.517173	1.435502	1.430901	1.434205	101.512888	99.859439	104.981786	104.986445	107.779580	-37.077387	14.400606	0.000000	0.427383	16.7802	N1([C@@H]2C3O[C@@H](C(C2)=O)OC3)C(CCC1=O)=O
33333f1	33333	OCOCC	-,-,-,-,-	1.432969	1.441942	1.442865	1.518534	1.436157	101.526625	107.831980	104.672936	104.789102	100.619738	-14.764540	-13.416453	0.000000	0.422608	17.7786	C1(C2OC(C(C1O)O)CO2)O
33333f1	33333	OCOCC	-,-,-,-,-	1.437179	1.446902	1.435482	1.518899	1.442857	104.979382	107.252911	101.295818	100.705217	105.070205	-39.585472	44.408402	0.000000	0.424620	15.4851	OC[C]12OC[CH](O1)[CH](O)[CH](O)[CH]2O
33333f1	33333	OCOCC	-,-,-,-,-	1.444234	1.437573	1.437484	1.513150	1.436100	105.060855	107.319887	101.490705	99.943836	104.033100	36.594477	-45.930439	0.000000	0.440077	12.3020	CC1(C)O[CH]2[CH](O)[CH]3OC[CH](O3)[CH]2O1
33333f2	33333	CCCCC	-,-,-,-,-	1.499059	1.504021	1.555544	1.566653	1.537180	104.540942	109.517251	107.131647	102.989350	105.104257	0.702103	18.769309	0.000000	0.325158	0.3801	CC(C)CCC[CH](C)[CH]1CC[CH]2[CH]3C[CH](NCC4=CC=CC=C4)[C]56C[CH]5CC[C]6(C)[CH]3CC[C]12C
33333f2	33333	CCCCC	-,-,-,-,-	1.520952	1.522607	1.542879	1.541499	1.526501	103.910482	104.170472	100.206994	106.691441	105.437506	-43.973368	31.997815	0.000000	0.431179	11.1109	c1ccc(cc1)N2C(=O)N[C@@H]3c4ccccc4[C@H]5CC[C@@H]3[C@@H]5NC2=O
33333f2	33333	CCCCC	-,-,-,-,-	1.523271	1.535564	1.559344	1.548614	1.543445	106.034174	107.664730	105.162026	102.781019	103.829855	14.181463	-32.334759	0.000000	0.378842	14.4007	C[CH]1CC[C]2(OC1)O[CH]3C[CH]4[CH]5CC[CH]6C[CH](O)CC[C]6(C)[CH]5CC[C]4(C)[CH]3[CH]2C
33333f2	33333	CCCCC	-,-,-,-,-	1.528730	1.549026	1.551085	1.548597	1.535031	93.510306	103.305121	102.547931	102.831473	102.585272	-34.264672	-1.151359	0.000000	0.579679	1.1447	CC1=CC=C(C=C1)S(O)(=O)=O.NC(=N)SC2CC3CC2C4C=CCC34
33333f2	33333	CCCCC	-,-,-,-,-	1.530780	1.547784	1.549976	1.555063	1.533944	93.386357	101.106753	103.364617	101.959065	101.146950	-35.656691	-0.974166	0.000000	0.610522	1.1026	Cc1ccc2c(c1)[C@@H]3[C@@H]4CC[C@@H](C4)[C@@H]3[S@@](=O)N2
33333f2	33333	CCCCC	-,-,-,-,-	1.531289	1.542652	1.524987	1.551604	1.534964	93.240590	103.061531	103.462916	102.804978	102.269328	33.647866	1.873580	0.000000	0.580660	2.0073	C1(C2(C(C3CC2CC3)C(O1)=O)C)=O
33333f2	33333	CCCCC	-,-,-,-,-	1.535128	1.541573	1.532777	1.541573	1.535128	93.585071	102.263447	103.219668	103.219669	102.263447	35.187992	0.000001	0.000000	0.582973	0.0000	O=C1OC(=O)[CH]2[CH]3C[CH](C=C3)[CH]12
33333f2	33333	CCCCC	-,-,-,-,-	1.536022	1.541239	1.558317	1.551768	1.534323	93.696852	102.538155	103.273009	102.191991	102.646948	34.954795	0.281415	0.000000	0.583926	0.4641	C1(=CC(=O)C2C1C3C=CC2C3)O
33333f2	33333	CCCCC	-,-,-,-,-	1.536062	1.552045	1.531565	1.551234	1.527784	93.153670	102.026498	102.963816	102.795024	103.699876	-38.061598	3.557826	0.000000	0.581912	3.5724	[C@]12(C3CC([C@@H]1COC2=O)CC3)C
33333f2	33333	CCCCC	-,-,-,-,-	1.536745	1.543516	1.537277	1.531892	1.522909	103.336225	104.224509	106.962458	104.954172	103.470909	-14.387499	-11.138751	0.000000	0.403571	15.5162	N12C3(C(CCC3(C)OC1=O)C(N2C4C=CC(=CC=4)C)(C)C)C
33333f2	33333	CCCCC	-,-,-,-,-	1.536765	1.543519	1.537299	1.531886	1.522897	103.339069	104.220949	106.964953	104.953954	103.472210	-14.392663	-11.130636	0.000000	0.403537	15.5059	N12C3(C(CCC3(C)OC1=O)C(N2C4=CC=CC=C4)(C)C)C
33333f2	33333	CCCCC	-,-,-,-,-	1.539648	1.539648	1.509400	1.512166	1.509400	104.766634	105.659251	104.766631	108.173472	108.173461	-28.177043	17.474070	0.000000	0.286205	0.0001	C1C(C[C@@]23[C@@]1(O2)C=CC=C3)O
33333f2	33333	CCCCC	-,-,-,-,-	1.542664	1.574587	1.494610	1.483942	1.494120	106.357722	107.548448	105.726787	109.962370	110.388321	-1.294753	0.951057	0.000000	0.012731	9.7684	C12C(C3C4CC5C(C(C1C3)4)O5)O2
33333f2	33333	CCCCC	-,-,-,-,-	1.543207	1.523891	1.495683	1.525390	1.540776	93.183077	102.850555	104.098281	104.175204	102.818951	-34.355496	0.055974	0.000000	0.563947	0.0452	C12C(C3C4CC5C(C(C1C3)4)O5)O2
33333f2	33333	CCCCC	-,-,-,-,-	1.543207	1.551271	1.574587	1.554789	1.540776	93.183077	101.702451	102.540469	102.216808	101.768009	36.282345	0.054222	0.000000	0.609442	0.1105	C12C(C3C4CC5C(C(C1C3)4)O5)O2
33333f2	33333	CCCNC	-,-,-,-,-	1.534100	1.541538	1.486734	1.470161	1.518173	102.997778	101.213694	105.311511	108.762374	105.467811	32.299815	-12.354218	0.000000	0.396494	17.6848	COC1=CC2=C(C=C1OC)C34CCN5CC6=CCOC7CC(=O)N2C3C7C6CC45.CC(C)CC(NC=O)C(O)=O
33333f2	33333	CCCNC	-,-,-,-,-	1.534100	1.541538	1.486734	1.470162	1.518171	102.997624	101.213608	105.311545	108.762251	105.467760	32.299776	-12.353701	0.000000	0.396498	17.6839	COC1=CC2=C(C=C1OC)[C]34CCN5CC6=CCO[CH]7CC(=O)N2[CH]3[CH]7[CH]6C[CH]45.OS(O)(=O)=O
33333f2	33333	CCCNC	-,-,-,-,-	1.534100	1.541538	1.486735	1.470162	1.518170	102.997763	101.213557	105.311579	108.762257	105.467615	32.299466	-12.353231	0.000000	0.396498	17.6832	CCC(C(O)=O)C1=CC=C(C=C1)[N+]([O-])=O.COC2=CC3=C(C=C2OC)C45CCN6CC7=CCOC8CC(=O)N3C4C8C7CC56
33333f2	33333	CCCNN	-,-,-,-,-	1.523077	1.542375	1.463351	1.425386	1.456618	100.937620	106.584209	99.691746	103.570132	103.124068	-15.456228	40.972313	0.000000	0.466837	17.0746	O=C1OC(=O)[CH]2[CH]1[CH](N3[CH]4[CH]([CH](N23)C5=CC=CC=C5)C(=O)OC4=O)C6=CC=CC=C6
33333f2	33333	CNNCC	-,-,-,-,-	1.456618	1.425386	1.463349	1.542374	1.523077	100.937666	103.124222	103.570323	99.691858	106.584270	53.440074	-40.971865	0.000000	0.466832	17.0747	O=C1OC(=O)[CH]2[CH]1[CH](N3[CH]4[CH]([CH](N23)C5=CC=CC=C5)C(=O)OC4=O)C6=CC=CC=C6
33333f2	33333	OCCCC	-,-,-,-,-	1.435868	1.531271	1.529901	1.543805	1.467180	97.946628	101.506974	102.148677	102.645738	99.967317	34.350119	0.338554	0.000000	0.556217	0.4604	C12(C3(C(COC3=O)C(O1)CC2)C)C(C(=O)C)=O
33333f2	33333	OCCCC	-,-,-,-,-	1.442845	1.546997	1.528984	1.531872	1.455960	97.249079	102.429622	101.389069	102.807310	100.979915	32.071011	2.632483	0.000000	0.550932	2.5808	C12(C(C3(C)OC1CC3)COC2=O)C
33333f2	33333	OCCCC	-,-,-,-,-	1.445100	1.549179	1.527692	1.531623	1.456280	97.146076	102.919200	101.389065	102.789842	101.067717	-30.640336	-4.084793	0.000000	0.548010	4.1458	[C@]12([C@@H](C3(CO)OC1CC3)COC2=O)C
33333f2	33333	OCCCC	-,-,-,-,-	1.447506	1.534041	1.522321	1.531409	1.454343	97.405862	101.603734	102.199706	102.579143	101.007147	-33.397445	-0.932838	0.000000	0.551727	0.9387	C12(C(C(=O)OC1=O)C3(C)OC2CC3)C
33333f2	33333	OCCCC	-,-,-,-,-	1.451418	1.543703	1.522478	1.524202	1.450250	97.442096	100.770273	101.651209	103.083225	101.844903	36.295378	-2.755326	0.000000	0.552085	3.2272	C12(C(OC(C1C3CCC2(O3)C)=O)=O)C
33333f2	33333	OCCCC	-,-,-,-,-	1.454233	1.546093	1.530230	1.535376	1.443649	97.200562	100.870489	101.924766	102.136315	102.486082	36.310593	-2.784093	0.000000	0.552887	3.1178	C12(C3(OC(C1COC2=O)CC3)C)C
33333f2	33333	OCCCC	-,-,-,-,-	1.492300	1.518811	1.536607	1.531142	1.443931	97.182729	93.839911	101.259790	101.112937	102.888862	52.141771	-21.830270	0.000000	0.623779	15.3059	CC1=C([C@@]2([C@@H]3[C@@H]([C@]1(O2)C)C(=O)C=CC3=O)[NH3+])C#N
33333f3	33333	CCCCC	-,-,-,-,-	1.519337	1.548940	1.550321	1.551844	1.525120	97.150132	103.998574	104.908819	102.424968	105.189970	-30.549585	-0.032570	0.000000	0.499449	0.2380	C12C3C4CC(C5C4C(C15)C3O)2
33333f3	33333	CCCCC	-,-,-,-,-	1.519337	1.563717	1.551235	1.544953	1.525120	97.150132	104.059348	105.890870	99.823534	102.764714	17.159204	16.114523	0.000000	0.535595	17.9011	C12C3C4CC(C5C4C(C15)C3O)2
33333f3	33333	CCCCC	-,-,-,-,-	1.524090	1.544953	1.551844	1.559740	1.521044	96.893604	103.698807	99.822615	105.699596	105.169325	-44.055842	16.410100	0.000000	0.521373	16.9706	C12C3C4CC(C5C4C(C15)C3O)2
33333f3	33333	CCCCC	-,-,-,-,-	1.524090	1.551235	1.550503	1.548425	1.521044	96.893604	104.635820	102.146296	105.038607	102.977729	31.237359	0.472331	0.000000	0.517842	0.3043	C12C3C4CC(C5C4C(C15)C3O)2
33333f3	33333	CCCCC	-,-,-,-,-	1.528170	1.563727	1.529653	1.529002	1.530442	103.490087	105.914434	105.171180	104.062871	102.327500	0.593645	25.318666	0.000000	0.425661	0.7084	c1ccc2c(c1)[C@@H]3CC4(C[C@H]2CC4(C3)O)[NH3+]
33333f3	33333	CCCCC	-,-,-,-,-	1.530442	1.529002	1.529653	1.563727	1.528170	103.490091	102.327458	104.062876	105.171212	105.914368	41.801921	-25.318523	0.000000	0.425661	0.7087	c1ccc2c(c1)[C@@H]3CC4(C[C@H]2CC4(C3)O)[NH3+]
33333f3	33333	CCCCC	-,-,-,-,-	1.574226	1.534157	1.522604	1.543500	1.551802	106.084713	99.374688	103.065575	106.760491	103.681695	-45.207814	36.851403	0.000000	0.452230	14.4207	COC1=CC2=C(C=C1OC)[C]34CCN5C[CH]3[CH]6[CH]7[CH](CC(=O)N2[CH]47)OCC=C6C5.OC[CH](O)[CH](O)[CH](O)[CH](O)[CH](O)C(O)=O
33333i	33333	CCCCC	-,-,-,-,-	1.518410	1.527243	1.528650	1.527243	1.518410	103.753421	105.130552	106.360116	106.360116	105.130549	21.766866	0.000015	0.000000	0.354058	0.0000	BrC1CCCC1
33333i	33333	CCCCC	-,-,-,-,-	1.518571	1.523971	1.537972	1.536487	1.522220	103.064056	103.886316	105.574548	106.076862	104.889955	-29.959636	7.666588	0.000000	0.394875	10.7522	C1CCC(C1)n2nc(nn2)C[C@@H]3C[NH2+]CCO3
33333i	33333	CCCCC	-,-,-,-,-	1.526362	1.527256	1.527228	1.529970	1.527231	104.821640	102.238865	104.829836	106.107267	106.096184	-38.203664	23.732994	0.000000	0.389509	0.2039	OC1(CCCC1)C#CC2(O)CCCC2
33333i	33333	CCCCC	-,-,-,-,-	1.526362	1.527257	1.527227	1.529970	1.527231	104.821599	102.239027	104.829785	106.107219	106.096389	-38.203675	23.733436	0.000000	0.389506	0.2028	OC1(CCCC1)C#CC2(O)CCCC2
33333i	33333	CCCCC	-,-,-,-,-	1.527282	1.522597	1.528240	1.527461	1.528153	102.224169	103.549864	105.711927	106.357745	104.834928	-30.378026	7.398202	0.000000	0.406406	10.0604	CCCCC(CCC1CCCC1)(C(O)=O)C(O)=O
33333i	33333	CCCCC	-,-,-,-,-	1.527419	1.521939	1.527770	1.528060	1.528664	102.281600	103.412116	105.563661	106.390153	105.042391	-31.828377	9.507737	0.000000	0.406259	12.9787	CCCC(CCC1CCCC1)(C(O)=O)C(O)=O
33333i	33333	CCCCC	-,-,-,-,-	1.527818	1.528476	1.527796	1.528005	1.522344	103.496405	102.212715	104.935542	106.375764	105.644022	36.497420	-17.607897	0.000000	0.406646	11.3032	C[C]12CC[CH]3[CH](CCC4=C3C=CC(=C4)O)[CH]1CC[CH]2OC(=O)CCC5CCCC5
33333i	33333	CCCCC	-,-,-,-,-	1.528025	1.525929	1.528784	1.530706	1.529183	103.048746	104.102311	105.949331	106.617215	105.241848	-28.758664	7.433892	0.000000	0.379154	10.8396	NC1(CCCC1)C(O)=O
33333i	33333	CCCCC	-,-,-,-,-	1.528250	1.528426	1.522619	1.520465	1.524404	105.882698	106.447582	105.254250	103.204643	104.140746	-17.097492	34.600641	0.000000	0.377895	10.2569	C1CCC(C1)NC(=[NH2+])CS
33333i	33333	CCCCC	-,-,-,-,-	1.529455	1.528143	1.526820	1.529333	1.524952	103.791879	101.662411	104.171421	106.117022	105.857782	40.240113	-23.749794	0.000000	0.419240	2.8504	C1CCC(CC1)NC2CCCC2
33333i	33333	CCCCC	-,-,-,-,-	1.531926	1.529116	1.522882	1.519514	1.526539	105.055136	107.181141	104.060999	103.184901	104.176355	-19.382449	36.699514	0.000000	0.393352	7.6077	O=C1NC(=O)C2(CCCC2)N1
33333i	33333	CCCCC	-,-,-,-,-	1.533931	1.533136	1.529570	1.528204	1.528663	104.279367	101.817785	104.611546	106.194937	106.157040	38.887462	-23.417927	0.000000	0.403682	1.9809	Cc1cccc(c1)NC2=C(C(=O)NC3(S2)CCCC3)C#N
33333i	33333	CCCCC	-,-,-,-,-	1.534230	1.531339	1.540776	1.539352	1.530385	105.095979	106.448611	105.989644	101.131666	104.457746	-16.285574	35.147327	0.000000	0.404162	13.2354	C[CH]1CC[C]2(CCC3=C(C2)C=C(C)C=C3)C1
33333i	33333	CCCCC	-,-,-,-,-	1.534499	1.535834	1.528275	1.533458	1.532228	104.409238	106.432525	105.412364	104.770060	101.647230	1.801513	-26.339645	0.000000	0.407941	2.4646	Cl[CH]1CC[CH](Cl)[CH]1Cl
33333i	33333	CCCCC	-,-,-,-,-	1.534873	1.537212	1.525231	1.526478	1.528223	104.973804	100.933781	104.643059	105.815974	106.201475	-40.486846	26.959668	0.000000	0.409951	3.2145	CC(C)OC(=O)C1(CCCC1)S(=O)(=O)c2ccc(C)cc2
33333i	33333	CCCCC	-,-,-,-,-	1.537102	1.530820	1.548578	1.573709	1.555304	105.463105	106.637054	106.268704	102.092747	101.326476	10.551416	-32.982920	0.000000	0.427288	13.8072	COC(=O)[CH]1CC[C](C)(C(N)=O)C1(C)C
33333i	33333	CCCCC	-,-,-,-,-	1.538979	1.523454	1.526218	1.527535	1.537371	100.620297	105.165450	105.692333	106.235283	105.678104	27.567178	-3.752790	0.000000	0.400520	5.1756	CC(=O)OC1(CCCC1)/N=N/C
33333i	33333	CCCCC	-,-,-,-,-	1.541707	1.540765	1.522141	1.518201	1.531192	105.719550	105.337621	102.863880	102.682476	105.337419	-31.415654	42.456745	0.000000	0.413960	11.6089	C1(C2(CCCC2)CC1OCC)(C#N)C#N
33333i	33333	CCCCC	-,-,-,-,-	1.542315	1.542900	1.525674	1.526714	1.531085	105.976213	101.052139	104.751844	105.772317	106.417045	39.803169	-29.726549	0.000000	0.394515	10.2569	Cc1cc2n(n1)C3(CCCC3)N(NC2=O)C
33333i	33333	CCCCC	-,-,-,-,-	1.550031	1.547760	1.541234	1.531698	1.543539	102.860269	107.165495	105.331546	104.564215	103.361252	0.019555	-24.385921	0.000000	0.402225	0.0833	CC1(C)CC(C)(CC1C(=O)O)C(=O)O
33333i	33333	CCCCC	-,-,-,-,-	1.554112	1.537493	1.531759	1.544958	1.569672	101.634133	105.288195	106.850532	106.293827	102.762605	17.474579	8.720296	0.000000	0.414068	11.7337	CC1(C)[CH](CC[C]1(C)C(O)=O)C(O)=O
33333i	33333	CCCCC	-,-,-,-,-	1.554997	1.537007	1.530784	1.548430	1.573777	101.333525	105.432379	106.661153	106.249474	102.085588	16.598287	10.524807	0.000000	0.427565	13.7643	CC1(C)[CH](CC[C]1(C)C(N)=O)C(O)=O
33333i	33333	CCCCO	-,-,-,-,-	1.518891	1.508090	1.514032	1.435427	1.437593	106.171021	101.487322	101.926863	106.957767	108.430303	-37.743568	29.983990	0.000000	0.377171	13.4175	C[CH]1CCCO1
33333i	33333	CCCCO	-,-,-,-,-	1.519254	1.507944	1.513833	1.435290	1.444357	105.610586	101.572718	102.000272	107.048607	108.476219	37.990873	-29.086034	0.000000	0.380371	11.0019	CC(=O)OC[CH]1CCCO1
33333i	33333	CCCCO	-,-,-,-,-	1.520844	1.508130	1.514146	1.435959	1.439449	106.181414	101.428770	102.019656	107.068747	108.327823	37.641690	-29.744200	0.000000	0.376641	12.9068	N#CCCOC[CH]1CCCO1
33333i	33333	CCCCO	-,-,-,-,-	1.520877	1.508205	1.514256	1.435677	1.440285	105.972789	101.430784	102.060045	107.092654	108.390271	-37.669947	29.186966	0.000000	0.377613	11.5992	CCCCCCCCCCCCCCCC(=O)OC[CH]1CCCO1
33333i	33333	CCCCO	-,-,-,-,-	1.520885	1.508208	1.514260	1.435679	1.440284	105.972277	101.430514	102.060386	107.092310	108.390846	-37.670013	29.185744	0.000000	0.377617	11.5963	CCCCCCCCC=CCCCCCCCC(=O)OC[CH]1CCCO1
33333i	33333	CCCCO	-,-,-,-,-	1.521096	1.507502	1.513015	1.437391	1.440525	105.599281	101.619128	101.874763	106.980974	108.548865	38.141492	-29.506584	0.000000	0.381485	11.7415	OCCC[CH]1CCCO1
33333i	33333	CCCCO	-,-,-,-,-	1.521354	1.511171	1.517677	1.436036	1.437874	105.870501	103.042601	102.257025	107.948849	108.900485	33.478388	-24.492125	0.000000	0.337284	8.2423	CS(=O)(=O)O[C@@H]1C[C@@H](CO1)Cl
33333i	33333	CCCCO	-,-,-,-,-	1.521431	1.508196	1.513194	1.435801	1.443492	105.723223	101.607906	102.012670	107.001333	108.541917	-37.878924	29.628448	0.000000	0.378390	12.4079	ClC[CH]1CCCO1
33333i	33333	CCCCO	-,-,-,-,-	1.524280	1.508281	1.513357	1.434729	1.445799	105.943688	101.560919	101.941861	106.977109	108.446387	-38.003391	30.949032	0.000000	0.378884	15.0543	CC(=O)OC(OC(C)=O)[CH]1CCCO1
33333i	33333	CCCCO	-,-,-,-,-	1.525324	1.513709	1.541334	1.462906	1.441710	107.239015	102.488369	101.340637	107.078138	107.688183	36.688834	-29.958611	0.000000	0.368725	15.9585	C([C@@H]1[C@@H]([C@@H]([C@@H](O1)OP(=O)([O-])[O-])O)O)O
33333i	33333	CCCCS	-,-,-,-,-	1.526430	1.526663	1.522170	1.822994	1.823719	105.635475	107.829167	107.262445	105.052094	95.697107	46.708809	-37.653934	0.000000	0.410667	11.9776	OC(=O)C1CCC(S1)C(=O)O
33333i	33333	CCCCS	-,-,-,-,O	1.522697	1.545524	1.528826	1.787943	1.781451	104.089482	107.407697	104.913944	105.807087	97.350284	48.544769	-35.126416	0.000000	0.435002	15.1016	C1[C@@H]([C@@H](CS1(=O)=O)SC(=[NH2+])N)O
33333i	33333	CCCNC	-,-,-,-,-	1.520000	1.527092	1.490904	1.488958	1.512938	102.991595	104.742340	105.178742	108.793620	103.499664	19.682632	4.035148	0.000000	0.372920	5.0937	C1C[C@@H]([NH2+]C1)n2[nH]c(=S)nn2
33333i	33333	CCCNC	-,-,-,-,-	1.524199	1.519611	1.465625	1.464711	1.522684	105.304400	104.972132	102.840793	104.729093	103.504100	-27.926573	43.022792	0.000000	0.405557	5.0130	NC1=CC=C(C=C1)C(O)=O.C2CCN(C2)CCN3C4=C(SC5=C3C=CC=C5)C=CC=C4
33333i	33333	CCCNC	-,-,-,-,-	1.524200	1.522685	1.464711	1.465625	1.519609	104.971962	105.304452	103.504374	104.729214	102.840225	-22.025394	40.722139	0.000000	0.405561	5.0186	NC1=CC(=C(C=C1)C(O)=O)O.C2CCN(C2)CCN3C4=C(SC5=C3C=CC=C5)C=CC=C4
33333i	33333	CCCOC	-,-,-,-,-	1.508252	1.521468	1.442352	1.436806	1.513485	102.010553	101.571671	105.705844	108.547750	106.967635	-34.274010	16.438445	0.000000	0.379425	12.0135	C1C[C@@H](OC1)Cn2c(nnn2)S
33333i	33333	CCCOC	-,-,-,-,-	1.509236	1.521015	1.446394	1.436039	1.511197	101.719994	102.811887	106.691723	108.425728	106.610963	26.272421	-5.278861	0.000000	0.359825	8.5852	C1C[C@@H](OC1)c2[nH]c(nn2)S
33333i	33333	CCCOC	-,-,-,-,-	1.519174	1.550471	1.438009	1.441563	1.534801	102.086868	101.585255	106.573326	108.103477	108.459683	-33.694650	18.300580	0.000000	0.357859	7.3661	OC[CH]1O[CH](O[CH]2[CH](O)[CH](CO)O[C]2(CO)O[CH]3O[CH](CO)[CH](O)[CH](O)[CH]3O)[CH](O)[CH](O)[CH]1O
33333i	33333	CCCOC	-,-,-,-,-	1.526076	1.538872	1.448556	1.436820	1.526123	101.366959	103.220493	107.672109	107.980547	107.379526	-21.083396	-0.241157	0.000000	0.343683	0.6924	COC1=CC=C(C[CH](N)C(=O)N[CH]2[CH](O)[CH](O[CH]2CO)N3C=NC4=C(N=CN=C34)N(C)C)C=C1
33333i	33333	CCCOC	-,-,-,-,-	1.532774	1.539892	1.439760	1.434402	1.518306	103.020967	98.773341	107.114474	108.038130	107.085715	-35.966515	19.477595	0.000000	0.393551	8.7879	Cc1cc(n2c(n1)cc(n2)NC[C@@]3(CCOC3)c4ccc(cc4)F)C
33333i	33333	CCCSC	-,-,-,-,-	1.524690	1.529873	1.822197	1.814509	1.517726	106.416370	106.050860	105.206051	95.101252	105.351699	-37.525938	13.118743	0.000000	0.445476	16.8539	c1ccc2c(c1)c(nc(n2)[O-])C(=O)N[C@@H]3CCSC3
33333i	33333	CCCSC	-,-,-,-,-	1.541626	1.523267	1.811917	1.824685	1.542850	104.699992	108.001213	105.082851	95.213081	106.917233	-39.318445	16.031701	0.000000	0.431012	13.6690	CCOC(=O)NN[C@@]1(CCSC1)C#N
33333i	33333	CCCSC	-,-,-,O,-	1.532938	1.530402	1.782741	1.783936	1.520722	105.910019	105.830259	104.822622	96.902002	105.040530	-37.655747	13.741055	0.000000	0.444324	17.8664	c1nnnn1CC(=O)N[C@@H]2CCS(=O)(=O)C2
33333i	33333	CCCSC	-,-,-,O,-	1.536794	1.533133	1.790498	1.786969	1.526029	106.267827	105.518320	104.877340	96.604411	105.586441	-39.066479	16.161251	0.000000	0.442289	14.0710	Cc1nc(on1)COC(=O)C[C@@H]2CCS(=O)(=O)C2
33333i	33333	CCNCC	-,-,-,-,-	1.531604	1.493525	1.464050	1.514689	1.520411	105.164680	104.919054	105.998895	101.933371	103.317975	25.675499	-41.786868	0.000000	0.411110	1.2079	COC(C)C(NC(=O)C1CCCN1C)C2OC(SCCOC(=O)C3=C(O)C=CC=C3)C(O)C(O)C2O.OC(=O)C4=C(O)C=CC=C4
33333i	33333	CCOCC	-,-,-,-,-	1.513248	1.434919	1.443272	1.521646	1.507833	101.957789	107.050484	108.485904	105.772275	101.579358	8.734909	15.959992	0.000000	0.378902	12.6668	C1CO[CH](C1)CNC[CH]2CCCO2
33333i	33333	CCOCC	-,-,-,-,-	1.519100	1.444800	1.435225	1.513879	1.507925	101.557473	105.558592	108.457770	107.075229	102.014435	17.525503	7.183485	0.000000	0.380887	10.4885	O=C(OC[CH]1CCCO1)C2=CC=CC=C2
33333i	33333	CCOCC	-,-,-,-,-	1.519922	1.448411	1.433862	1.512992	1.506889	101.407704	105.514859	107.910715	107.676382	102.121195	-19.788375	-4.696336	0.000000	0.380982	6.9833	Cn1cc(c(c1[C@@H]2CCCO2)C(=O)[O-])c3ccccc3
33333i	33333	CCOCC	-,-,-,-,-	1.521555	1.439212	1.436185	1.513285	1.507864	101.649080	105.315568	108.789845	106.944315	101.946257	17.735649	6.924207	0.000000	0.381267	10.1845	c1cc(ccc1c2nnc(n2C[C@H]3CCCO3)S)O
33333i	33333	CCOCC	-,-,-,-,-	1.521616	1.446314	1.435518	1.513561	1.508242	101.484979	106.392317	108.124550	106.980338	101.905464	-13.207086	-11.620885	0.000000	0.378387	16.6987	C1CO[CH](C1)CNC[CH]2CCCO2
33333i	33333	CCOCC	-,-,-,-,-	1.522327	1.444008	1.435743	1.513217	1.508024	101.604498	105.666201	108.547495	106.996766	101.966760	-16.021205	-8.702836	0.000000	0.379766	12.5996	Cc1cc([nH]c1c2nc(no2)C[C@@H]3CCCO3)C
33333i	33333	CCOCC	-,-,-,-,-	1.522708	1.435744	1.439722	1.533549	1.522145	101.197834	107.329537	108.452360	106.502238	101.486123	12.330212	12.583550	0.000000	0.380721	17.6191	C/C=C/C=C/[C@H]1CO[C@H]([C@@H]1O)/C=C/C=C
33333i	33333	CCOCC	-,-,-,-,-	1.525479	1.445939	1.449626	1.525238	1.513018	103.452029	106.606286	109.040658	107.502810	103.380345	14.636498	5.414498	0.000000	0.309206	9.9230	c1nc2c(c(n1)N)[nH]nc2[C@@H]3C[C@@H]([C@H](O3)CO)O
33333i	33333	CCOCC	-,-,-,-,-	1.527881	1.442883	1.442010	1.525558	1.519972	102.844297	108.381315	108.920034	105.681936	103.657380	1.999652	-21.296025	0.000000	0.315810	2.3081	CCOC(=O)c1c([nH]c(n1)[C@@H]2[C@H]([C@@H]([C@@H](O2)CO)O)O)O
33333i	33333	CCOCC	-,-,-,-,-	1.533065	1.444716	1.446375	1.523174	1.517783	102.239374	107.226602	109.157066	106.170832	103.134111	-7.233591	-14.849969	0.000000	0.340351	11.9633	c1c(c(=O)[nH]c(=O)o1)[C@@H]2[C@H]([C@@H]([C@@H](O2)CO)O)O
33333i	33333	CCOCC	-,-,-,-,-	1.538188	1.445595	1.447735	1.526373	1.523660	102.562039	108.401206	107.458113	106.689834	101.795969	-0.933533	22.933846	0.000000	0.353332	0.5357	c1cn(nc1C(=O)N)[C@@H]2[C@H]([C@@H]([C@@H](O2)CO)O)O
33333i	33333	CCOCO	-,-,-,-,-	1.507127	1.431370	1.414053	1.414810	1.431190	103.295078	104.155481	104.984584	111.463563	103.968721	23.416577	-4.025307	0.000000	0.327689	6.7774	C1COC2(O1)[C@@]3(C[C@@]3(C(=[NH+]2)N)C#N)C#N
33333i	33333	CCOCO	-,-,-,-,-	1.510122	1.430920	1.431872	1.429685	1.428772	103.013872	103.131226	104.251915	110.318483	104.536820	-30.971023	12.658669	0.000000	0.361495	17.6477	C1OC[CH](O1)[CH]2COCO2
33333i	33333	CCOCO	-,-,-,-,-	1.513301	1.433266	1.433464	1.432513	1.428074	104.664332	104.927935	106.330911	110.072495	104.611768	16.229853	2.146314	0.000000	0.287355	3.3947	CCOC(=O)c1c(ocn1)[C@@H]2COC(O2)(C)C
33333i	33333	CCOCS	-,-,-,-,-	1.531522	1.437227	1.433540	1.817328	1.803681	103.646118	107.780387	108.353922	109.000437	92.202676	-46.686475	30.227396	0.000000	0.403808	2.8829	c1cn(c(=O)nc1N)[C@@H]2CS[C@@H](O2)CO
33333i	33333	CCOPO	-,-,-,O,-	1.516829	1.426595	1.636005	1.636114	1.426015	104.527599	104.489103	108.933862	96.495354	109.122374	33.873216	-13.797216	0.000000	0.375948	16.9461	C1COP(=O)O1
33333i	33333	CCSCC	-,-,-,-,-	1.520598	1.816961	1.822561	1.522638	1.522342	106.769404	105.682608	95.518038	104.583555	107.189179	-11.564267	-15.170588	0.000000	0.428043	14.7833	C1CSC[C@@]12C(=O)NC(=O)N2
33333i	33333	CCSCS	-,-,-,-,-	1.514929	1.811003	1.810493	1.810493	1.811003	107.532307	107.532306	96.731790	110.690069	96.731790	-37.127602	11.768214	0.000000	0.474917	18.0000	C1CSCS1
33333i	33333	CCSSC	-,-,-,-,-	1.531265	1.811052	2.049727	1.811052	1.531265	109.095483	107.074164	97.057129	97.057135	107.074172	26.274143	-0.000023	0.000000	0.460725	0.0000	CC1CSSC1
33333i	33333	CCSSO	-,-,-,O,-	1.519093	1.804721	2.056401	1.616830	1.429116	109.097406	104.364252	94.267105	97.198359	112.591158	-26.753452	2.268532	0.000000	0.440526	6.1717	C1CS[S@@](=O)O1
33333i	33333	CNCCC	-,-,-,-,-	1.463341	1.464968	1.522492	1.524334	1.520001	102.935352	104.786727	103.267537	105.263754	105.021572	41.317164	-23.160729	0.000000	0.406021	3.1755	C1(C2=C(C=CC(=C2)Cl)SC=1)CN3CCCC3
33333i	33333	CNCCC	-,-,-,-,-	1.464782	1.464919	1.519760	1.524201	1.522630	103.432699	104.729425	102.883068	104.985120	105.288335	-42.955712	27.597332	0.000000	0.405790	4.3718	C[CH](CCCN1CCCC1)NC2=C3C=CC(=CC3=NC=C2)Cl
33333i	33333	CNCCC	-,-,-,-,-	1.464830	1.465784	1.522634	1.524325	1.519763	102.838389	104.679987	103.411279	105.285505	104.974428	-40.997890	22.348685	0.000000	0.407298	4.6106	CCCOC1=CC(=C(C(=O)O[CH](C)CN2CCCC2)C(=C1)C)C
33333i	33333	CNCCC	-,-,-,-,-	1.464873	1.465281	1.519463	1.524040	1.522940	103.564411	104.729841	102.843124	104.943920	105.314772	-43.069547	28.226251	0.000000	0.405069	5.5971	CC(=O)C1=CC=C(CCN2CCCC2)C=C1
33333i	33333	CNCCC	-,-,-,-,-	1.465250	1.465773	1.521424	1.524350	1.521038	103.205573	104.450143	102.902607	105.083808	105.103242	-42.938822	26.291503	0.000000	0.412072	1.4297	N1(C(=C(C(=O)OCC)N=N1)CN2CCCC2)C3C(=NON=3)N
33333i	33333	CNCCC	-,-,-,-,-	1.465924	1.465200	1.519722	1.524220	1.522762	103.461402	104.638822	102.858264	104.961444	105.286534	-43.141662	27.948223	0.000000	0.407204	4.8216	CCCOC1=CC=C(C=C1)C(=O)OCCN2CCCC2
33333i	33333	CNCCC	-,-,-,-,-	1.465958	1.465171	1.519698	1.524209	1.522758	103.464939	104.636255	102.860836	104.959917	105.286732	43.142831	-27.960611	0.000000	0.407182	4.8440	CCCOC1=CC(=C(C(=O)OCCN2CCCC2)C(=C1)C)C
33333i	33333	CNCCC	-,-,-,-,-	1.537940	1.544064	1.521229	1.510744	1.515025	103.866659	105.295328	105.655605	104.507454	102.536327	-0.180231	-25.119897	0.000000	0.412034	0.4435	C12(C(CC1CCC2)C#N)[N+]3(C)CCCC3
33333i	33333	CNCCC	-,-,-,-,-	1.540475	1.545760	1.520893	1.510577	1.514884	104.023821	105.281953	105.621924	104.233246	102.648016	1.923767	-26.819175	0.000000	0.412426	2.3873	C12(C(C3=CCCCC(CC1)3)CC2C#N)[N+]4(C)CCCC4
33333i	33333	CNCCC	-,-,-,-,-	1.552776	1.614420	1.530174	1.511807	1.512980	105.774421	103.626683	103.517142	102.930008	102.810644	13.428559	-36.859258	0.000000	0.445631	17.7149	C[N+]1(CCC[CH]1C2=CN=CC=C2)CC[N+]3(C)CCC[CH]3C4=CN=CC=C4
33333i	33333	CNCCC	-,-,-,-,-	1.560068	1.572238	1.541721	1.512652	1.510768	104.030494	104.242491	105.053967	106.043987	102.800865	-6.577221	-19.249815	0.000000	0.409231	9.5668	C[N+]1(CCC[CH]1C2=C[N+](=CC=C2)CC3=CC(=C(Cl)C=C3)Cl)CC4=CC(=C(Cl)C=C4)Cl
33333i	33333	CNCCC	-,-,-,-,-	1.560296	1.596655	1.532232	1.513157	1.514456	105.236458	104.847691	102.627225	103.091016	103.305901	17.224735	-38.868339	0.000000	0.442325	12.8359	C[N+]1(CCC[CH]1C2=CN=CC=C2)CC[N+]3(C)CCC[CH]3C4=CN=CC=C4
33333i	33333	CNOCC	-,-,-,-,-	1.465837	1.467893	1.442575	1.515771	1.508464	101.751296	103.773097	107.833686	105.798882	102.812101	-28.778784	3.791076	0.000000	0.404430	4.2683	c1ccc2c(c1)nnn2CN3CC[C@@H](O3)C#N
33333i	33333	COCCC	-,-,-,-,-	1.447815	1.448461	1.533330	1.515827	1.523833	105.456399	107.849822	108.199398	101.195796	102.674764	2.843378	-24.996234	0.000000	0.373174	4.7385	OC[CH]1O[CH]([CH](O)[CH]1O)N2C=NC3=C(Cl)N=CN=C23
33333i	33333	COCCC	-,-,-,-,-	1.449568	1.442591	1.532159	1.516113	1.525518	106.772960	108.353620	108.086276	101.706671	103.504941	-9.959657	27.457713	0.000000	0.333416	16.2889	OC[CH]1O[CH]([CH](O)[CH]1O)N2C=NC3=C(S)N=CN=C23
33333i	33333	COCCC	-,-,-,-,-	1.452531	1.440534	1.533676	1.517600	1.523864	107.342128	107.692381	105.593235	100.820485	101.063709	-19.756081	37.965754	0.000000	0.409261	9.0468	OCC1OC2(COC3(CO2)OC(CO)C(O)C3O)C(O)C1O
33333i	33333	COCCC	-,-,-,-,-	1.453123	1.446289	1.535863	1.516691	1.522235	106.634349	107.700889	106.951837	101.357651	101.327732	-9.921595	31.166798	0.000000	0.391969	14.1481	OCC1OC(C(O)C1O)n2cnc3c(O)ncnc23
33333i	33333	COCCO	-,-,-,-,-	1.429684	1.428772	1.510123	1.430920	1.431873	110.318441	104.536844	103.013850	103.131306	104.252001	30.732789	-38.974502	0.000000	0.361494	17.6487	C1OC[CH](O1)[CH]2COCO2
33333i	33333	COCCO	-,-,-,-,-	1.432140	1.428492	1.514172	1.433987	1.433617	109.904694	104.637465	104.192397	104.680648	106.236142	-31.017377	30.776334	0.000000	0.301962	1.5154	CC1(OC[C@@H](O1)[C@@H]2CC23SCCCS3)C
33333i	33333	COCCO	-,-,-,-,-	1.433454	1.430080	1.505040	1.434758	1.440229	109.180742	105.845010	104.187267	102.804319	102.969282	20.558881	-36.508930	0.000000	0.363283	3.4414	C[NH+](C)/C=C(\\C1OCCO1)/N=C(C#N)C#N
33333i	33333	COCCO	-,-,-,-,-	1.436317	1.429866	1.510121	1.436226	1.435913	109.784679	104.300578	102.831089	103.269156	104.850378	33.497817	-38.962974	0.000000	0.364188	11.7426	CC1(C)OC[CH](COC(C2=CC=CC=C2)(C3=CC=CC=C3)C4=CC=CC=C4)O1
33333i	33333	COCCO	-,-,-,-,-	1.436596	1.426475	1.504202	1.428282	1.436859	109.586931	104.488486	103.305767	104.212063	105.301516	-32.471663	36.303081	0.000000	0.339274	8.1195	CCC1(C)OCCO1
33333i	33333	COCCO	-,-,-,-,-	1.436667	1.430302	1.509596	1.438480	1.437776	109.609416	104.659925	102.843812	102.677117	104.430175	32.110208	-40.191575	0.000000	0.374297	17.8452	CC1(C)OC[CH](O1)[CH]2O[CH]3OC(C)(C)O[CH]3[CH]2O
33333i	33333	COCOC	-,-,-,-,-	1.428746	1.437816	1.436879	1.435343	1.509083	102.471494	104.225156	109.281913	105.177808	103.417227	-19.661251	-5.385253	0.000000	0.369122	7.7124	C1O[CH](O[CH]1[CH]2O[CH](O[CH]3CO[CH](O[CH]23)C4=CC=CC=C4)C5=CC=CC=C5)C6=CC=CC=C6
33333i	33333	CSCCS	-,-,-,-,-	1.825100	1.827646	1.526283	1.814162	1.816683	110.601087	97.308337	106.207522	109.721588	96.864273	37.227165	-47.534946	0.000000	0.461488	12.6886	C1(SC(/C=N/O)(C)CS1)N(C)C
33333i	33333	NCCCC	-,-,-,-,-	1.462429	1.515748	1.523565	1.537923	1.476314	105.776722	101.966053	104.171718	105.345598	104.193277	-37.002482	17.175504	0.000000	0.406496	11.7512	CN1CCC[CH]1C2=CC=CN=C2
33333i	33333	NCCCC	-,-,-,-,-	1.463977	1.516304	1.524641	1.536624	1.474753	105.322650	102.526898	104.869276	105.600071	103.114534	31.260836	-8.181066	0.000000	0.405571	11.1913	CN1CCC[CH]1[CH]2CCCNC2
33333i	33333	NCCCC	-,-,-,-,-	1.547640	1.515815	1.513877	1.530974	1.569287	105.293218	105.354408	103.221749	102.537868	103.162560	33.695102	-45.692557	0.000000	0.438314	11.2227	C[N+]1(C)CCC[CH]1C2=CN=CC=C2
33333i	33333	NCCCC	-,-,-,-,-	1.552858	1.517115	1.511255	1.529638	1.581615	104.367458	106.053933	103.934672	102.324078	103.021680	30.158275	-44.791383	0.000000	0.437377	4.7630	CCCCCCCCCCCCCCCC[N+]1(C)CCCC1C2=CC=CN=C2.SC#N
33333i	33333	NCCCC	-,-,-,-,-	1.552901	1.516915	1.514898	1.531853	1.571099	105.196659	105.488792	103.606451	102.443010	102.764727	31.338379	-45.339744	0.000000	0.439831	6.8456	CCCCCCCCCCCCCCCC[N+]1(C)CCC[CH]1C2=CN=CC=C2
33333i	33333	NCOCC	-,-,-,-,-	1.468018	1.435156	1.439340	1.536564	1.468862	102.472703	108.930099	106.283384	104.985899	101.012742	-6.099031	-18.846119	0.000000	0.386954	8.0651	N1(C(OC(C1C)C2=CC=CC=C2)C3=CC=C(Cl)C=C3)C
33333i	33333	NCOCC	-,-,-,-,-	1.468368	1.434090	1.430240	1.511124	1.461061	101.917848	108.600837	106.660215	105.169401	102.604111	7.614140	16.569559	0.000000	0.368203	10.7240	C1(NCCO1)C2C=CC(=CC=2)O
33333i	33333	OCCCC	-,-,-,-,-	1.442154	1.520221	1.507907	1.513052	1.434960	108.563383	105.868275	101.664452	101.916448	106.924632	-33.453031	37.892611	0.000000	0.377672	13.9015	O1C(CC(CCC(O)C)CC)CCC1
33333i	33333	OCCCC	-,-,-,-,-	1.443040	1.559931	1.525378	1.535466	1.444290	109.330617	105.743621	102.299840	102.651618	108.107196	-32.016623	32.933507	0.000000	0.341001	6.5404	COC[CH]1O[CH](O[C]2(COC)O[CH](COC)[CH](OC)[CH]2OC)[CH](OC)[CH](OC)[CH]1OC
33333i	33333	OCCCC	-,-,-,-,-	1.445048	1.519687	1.508045	1.514137	1.435316	108.378325	105.668084	101.477492	102.045441	107.100891	34.889315	-37.988084	0.000000	0.380887	10.6599	N1C=C(CNCC2OCCC2)C=CC=1
33333i	33333	OCCCC	-,-,-,-,-	1.445069	1.522069	1.508347	1.513401	1.435025	108.188071	106.523753	101.551147	101.861690	106.854979	-31.539826	37.858456	0.000000	0.377225	17.4207	N1=C(CNCC2OCCC2)C=CC=C1
33333i	33333	OCCCC	-,-,-,-,-	1.445132	1.540808	1.516145	1.524154	1.448936	108.030297	106.544698	101.788233	100.764934	106.473518	29.924801	-39.030531	0.000000	0.396574	10.9754	OCC1OC2(COC3(CO2)OC(CO)C(O)C3O)C(O)C1O
33333i	33333	OCCCC	-,-,-,-,-	1.445175	1.519635	1.508046	1.514189	1.435358	108.364502	105.632172	101.463776	102.058809	107.122458	-35.065266	37.982448	0.000000	0.381212	10.2282	N1=CC=C(CNCC2OCCC2)C=C1
33333i	33333	OCCCC	-,-,-,-,-	1.448587	1.535168	1.524660	1.529165	1.448408	107.590927	107.421483	101.246686	100.616870	105.770858	-28.226399	39.428878	0.000000	0.408434	6.3623	CN(C)C1=C2N=CN([CH]3O[CH](CO)[CH](N)[CH]3O)C2=NC=N1
33333i	33333	OCCCC	-,-,-,-,-	1.449209	1.540910	1.528597	1.536387	1.451965	108.223607	102.288647	101.552515	101.553981	107.475687	-43.322424	37.180266	0.000000	0.423972	9.5703	CC(=O)OC[CH]1O[CH](O[C]2(COC(C)=O)O[CH](COC(C)=O)[CH](OC(C)=O)[CH]2OC(C)=O)[CH](OC(C)=O)[CH](OC(C)=O)[CH]1OC(C)=O
33333i	33333	OCCCC	-,-,-,-,-	1.450722	1.546476	1.519200	1.530655	1.441171	109.249873	105.469604	102.751736	100.965330	106.864534	-29.735599	37.365587	0.000000	0.377114	13.9729	OC[CH]1O[CH](OC[CH]2O[CH](O[C]3(CO)O[CH](CO)[CH](O)[CH]3O)[CH](O)[CH](O)[CH]2O)[CH](O)[CH](O)[CH]1O
33333i	33333	OCCOC	-,-,-,-,-	1.435500	1.518213	1.437219	1.434869	1.436778	104.105847	101.277942	103.733055	105.325115	109.053837	39.296496	-25.027682	0.000000	0.383132	2.5872	O=C(OC[CH]1O[CH](O[CH]1[CH]2O[CH](O[CH]2COC(=O)C3=CC=CC=C3)C4=CC=CC=C4)C5=CC=CC=C5)C6=CC=CC=C6
33333i	33333	OCCOC	-,-,-,-,-	1.440704	1.517687	1.435123	1.436092	1.435840	105.594456	102.066976	103.734813	104.899502	109.476352	38.050583	-30.216159	0.000000	0.356979	16.9575	O=C(OC[CH]1O[CH](O[CH]1[CH]2O[CH](O[CH]2COC(=O)C3=CC=CC=C3)C4=CC=CC=C4)C5=CC=CC=C5)C6=CC=CC=C6
33333i	33333	OCOCC	-,-,-,-,-	1.441939	1.437569	1.426050	1.503592	1.426888	104.811575	109.401108	104.288723	103.017581	103.493128	16.314766	-33.284001	0.000000	0.362662	12.3515	c1ccc(cc1)/C(=N\\OCC2OCCO2)/C#N
33333i	33333	POCCO	-,-,-,-,-	1.630131	1.427364	1.508953	1.427916	1.629904	96.125043	109.871219	104.604135	104.454997	109.245340	31.156614	-40.818345	0.000000	0.367049	13.9792	CCO[P@@](=S)(C)OP1OCCO1
33333i	33333	SCCCC	O,-,-,-,-	1.782037	1.529950	1.537017	1.522942	1.785167	96.856833	104.412931	105.252527	105.707723	105.144378	40.274990	-50.772408	0.000000	0.456955	14.2058	S1(CC(NN)CC1)(=O)=O
33333i	33333	SNCCO	O,-,-,-,-	1.669702	1.468275	1.535013	1.431908	1.615547	95.796375	111.086668	102.583536	106.543289	110.091916	25.924213	-37.660732	0.000000	0.350058	8.1624	S1(NC(C)(C)CO1)=O
33333i	33333	SOCCO	O,-,-,-,-	1.618214	1.422897	1.507446	1.422927	1.618575	96.517005	109.101860	104.020817	104.444724	109.515027	34.962346	-41.646644	0.000000	0.374463	14.2207	O=S1OCCO1
