#mols	2000
0	8	12,14,15|8,10,11
0	765	0,1,12,16|0,1,2,8|0,1,5,12|0,1,5,16|0,4,5,6|0,5,12,16|1,2,3,4|1,2,3,7|1,2,4,7|2,3,4,7
0	766	0,1,12,16|0,1,2,8|0,1,5,12|0,1,5,16|0,4,5,6|0,5,12,16|1,2,3,4|1,2,3,7|1,2,4,7|2,3,4,7
0	774	0,4,5,6|1,2,3,4|1,2,4,7|2,3,4,7
1	8	11,13,14|7,9,10
1	765	0,1,11,15|0,1,2,7|0,1,4,11|0,1,4,15|0,4,11,15
1	766	0,1,11,15|0,1,2,7|0,1,4,11|0,1,4,15|0,4,11,15
2	7	3,4
2	513	4
2	514	4
2	765	0,1,11,13|0,1,2,9|0,1,6,11|0,1,6,13|0,6,11,13
2	766	0,1,11,13|0,1,2,9|0,1,6,11|0,1,6,13|0,6,11,13
3	7	9,10
3	513	10
3	514	10
3	765	0,1,4,12|0,1,4,9|0,1,9,12|0,4,9,12|0,8,9,10
3	766	0,1,4,12|0,1,4,9|0,1,9,12|0,4,9,12|0,8,9,10
3	769	9,10
3	770	9,10
3	774	0,8,9,10
4	765	0,1,4,11|0,1,4,7|0,1,7,11|0,3,4,5|0,4,7,11
4	766	0,1,4,11|0,1,4,7|0,1,7,11|0,3,4,5|0,4,7,11
5	7	10,12|7,9
5	71	10,11,12|7,8,9
5	443	10,11,12|7,8,9
5	765	0,1,10,13|0,1,2,7|0,1,4,10|0,1,4,13|0,4,10,13
5	766	0,1,10,13|0,1,2,7|0,1,4,10|0,1,4,13|0,4,10,13
6	7	10,12|6,8
6	71	10,11,12|6,7,8
6	443	10,11,12|6,7,8
6	756	1,2,3,4
6	757	1,2,3,4
6	765	0,1,10,13|0,1,5,10|0,1,5,13|0,4,5,6|0,5,10,13
6	766	0,1,10,13|0,1,5,10|0,1,5,13|0,4,5,6|0,5,10,13
7	4	11,13
7	765	0,1,8,11|0,7,8,9|1,2,3,6
7	766	0,1,8,11|0,7,8,9|1,2,3,6
8	7	3,5|7,9
8	141	2,3,4,5|6,7,8,9
8	489	4|6
8	492	4|6
8	511	4|6
8	513	5|9
8	514	5|9
8	765	0,1,2,6|0,1,4,8
8	766	0,1,2,6|0,1,4,8
8	771	0,4|0,8|1,2|1,6
8	772	0,4|0,8|1,2|1,6
9	6	9,10,11,12
9	7	10,12
9	108	8,9,10
9	123	10,11,12
9	137	9,10,11
9	487	0,6,13
9	510	0,6,13
9	765	0,1,2,7|0,1,6,13
9	766	0,1,2,7|0,1,6,13
9	771	0,13|0,6|1,2|1,7
9	772	0,13|0,6|1,2|1,7
10	765	0,1,2,21|0,1,5,21|0,4,5,19|0,4,5,6|0,5,6,19|11,12,13,15|4,5,6,19|8,11,12,13|8,11,12,15|8,12,13,15
10	766	0,1,2,21|0,1,5,21|0,4,5,19|0,4,5,6|0,5,6,19|11,12,13,15|4,5,6,19|8,11,12,13|8,11,12,15|8,12,13,15
10	768	0,1,2,20,21
10	774	0,1,2,21|0,1,5,21
11	4	3,8|4,7
11	492	7|8
11	493	7|8
11	507	8
11	508	8
12	7	3,14
12	492	7
12	493	7
12	504	7
12	505	7
13	7	13,15
13	71	13,14,15
13	86	1,2,3,4,7,8
13	91	7,8,9
13	98	7,8,12
13	136	7,8,9
13	443	13,14,15
13	446	13,14,15
13	489	9
13	492	9
13	511	9
13	750	6,7,8,9
13	756	2,3,4,5|4,5,6,7
13	757	2,3,4,5|4,5,6,7
13	763	9,10,11,13
13	764	9,10,11,13
13	765	9,10,11,13
13	766	9,10,11,13
13	771	9,10
13	772	9,10
13	773	9,10,11,13
14	4	3,5
14	53	1,2,3,4
14	96	6,7,8
14	144	1,2,3,4
14	153	6,7,8
14	470	1,2,3,6,7
15	11	5,10,11
15	489	7
15	492	7
15	763	2,5,6,7
15	764	2,5,6,7
15	765	2,5,6,10|2,5,6,7|2,5,7,10|5,6,7,10
15	766	2,5,6,10|2,5,6,7|2,5,7,10|5,6,7,10
16	4	15,19
16	11	13,22,23
16	492	19
16	493	19
16	507	19
16	508	19
17	4	6,8
17	49	1,2,7
17	84	5,6,9,10
17	91	5,6,8
17	98	5,6,7
17	136	5,6,8
17	145	1,2,7
17	489	8
17	492	8
17	506	8
17	507	8
17	765	2,3,4,12|3,4,5,11
17	766	2,3,4,12|3,4,5,11
18	85	1,2,6,7|4,5,9,10
18	90	1,2,6,7|4,5,9,10
18	756	2,6,7,14|2,6,7,8|3,4,5,6|3,4,5,9|4,5,6,15|4,5,9,15|5,6,7,14|5,6,7,8
18	757	2,6,7,14|2,6,7,8|3,4,5,6|3,4,5,9|4,5,6,15|4,5,9,15|5,6,7,14|5,6,7,8
18	765	2,3,4,16
18	766	2,3,4,16
19	259	1,2,3,4,5,6,10
19	695	1,2
20	695	1,2
21	4	4,7
21	84	3,4,5,6
21	85	1,2,3,4
21	90	1,2,3,4
21	91	3,4,7|3,4,8
21	108	10,11,12
21	136	3,4,7|3,4,8
21	489	7|8
21	492	7|8
21	506	7
21	507	7
21	511	8
21	746	2,3,4,5
21	748	2,3,4,5
21	756	2,3,4,5
21	757	2,3,4,5
21	759	2,3,4,5
22	49	1,2,10
22	85	1,2,3,4
22	90	1,2,3,4
22	145	1,2,10
22	756	2,3,4,5|2,3,4,9
22	757	2,3,4,5|2,3,4,9
22	765	4,8,9,10
22	766	4,8,9,10
23	8	16,17,18
23	489	7
23	492	7
23	511	7
24	4	7,9
24	49	1,2,11|6,7,8
24	130	1,2,3,11|6,7,8,9
24	145	1,2,11|6,7,8
24	169	1,2,3,11|6,7,8,9
24	489	8
24	492	8
24	511	8
24	763	3,4,5,10|4,5,8,10
24	764	3,4,5,10|4,5,8,10
24	765	3,4,5,10|3,4,5,8|3,4,8,10|4,5,8,10
24	766	3,4,5,10|3,4,5,8|3,4,8,10|4,5,8,10
25	7	4,11|8,10
25	49	1,2,6
25	71	8,9,10
25	130	1,2,3,6
25	145	1,2,6
25	169	1,2,3,6
25	443	8,9,10
25	513	11
25	514	11
25	765	4,5,6,7
25	766	4,5,6,7
26	405	1,2,3,4,5,6
26	695	1,2
27	695	1,2
28	9	9,11,12,13
28	49	1,2,7
28	108	3,4,5
28	130	1,2,3,7
28	145	1,2,7
28	169	1,2,3,7
29	49	1,2,7
29	86	5,6,8,9,10,11
29	98	5,6,7
29	145	1,2,7
29	756	4,5,6,8|5,6,8,10|6,8,9,10|6,8,9,12
29	757	4,5,6,8|5,6,8,10|6,8,9,10|6,8,9,12
29	765	2,3,4,16|3,4,5,13
29	766	2,3,4,16|3,4,5,13
30	695	1,2
31	7	10,11|9,12
31	513	11|12
31	514	11|12
31	695	1,2
31	765	8,9,10,12
31	766	8,9,10,12
31	769	9,12
31	770	9,12
32	0	21,24
32	108	3,4,5
32	455	24
32	456	24
32	458	24
32	486	24
33	7	13,14
33	53	1,2,3,4|1,2,8,9
33	91	5,6,7
33	96	5,6,10
33	136	5,6,7
33	144	1,2,3,4|1,2,8,9
33	153	5,6,10
33	306	1,2,3,4,5,8
33	513	14
33	514	14
34	49	1,2,6
34	85	1,2,3,4
34	90	1,2,3,4
34	145	1,2,6
34	756	2,3,4,5
34	757	2,3,4,5
34	765	4,5,6,7
34	766	4,5,6,7
35	695	1,2
36	11	2,8,9
36	49	1,2,8
36	85	1,2,3,4
36	90	1,2,3,4
36	91	3,4,5
36	95	3,4,5,6,7
36	136	3,4,5
36	145	1,2,8
36	471	1,2,3,8,9
36	489	5
36	492	5
36	750	2,3,4,5
37	0	0,1|0,8
38	173	0,1,9,10
39	0	5,6
39	173	0,1,9,10
39	455	6
39	456	6
39	458	6
39	486	6
40	0	4,5
40	173	0,1,9,10
40	458	5
40	486	5
41	6	0,1,2,3|8,9,10,11
41	7	0,1|9,10
41	76	0,2,3|8,9,11
41	123	0,1,2|9,10,11
41	495	0,1,2|9,10,11
41	497	0,1,2|9,10,11
42	6	0,1,10,11
42	7	0,10
42	76	0,1,11
42	91	0,1,2
42	92	0,1,2,10,11
42	94	0,1,2,10,11
42	123	0,10,11
42	136	0,1,2
42	495	0,10,11
42	497	0,10,11
42	749	1,2,3,9
42	750	0,1,2,3
43	6	0,1,9,10
43	7	0,9
43	76	0,1,10
43	91	0,1,2
43	92	0,1,2,9,10
43	94	0,1,2,9,10
43	123	0,9,10
43	136	0,1,2
43	495	0,9,10
43	497	0,9,10
43	749	1,2,3,8
43	750	0,1,2,3
44	6	0,1,8,9
44	7	0,8
44	76	0,1,9
44	91	0,1,2
44	92	0,1,2,8,9
44	94	0,1,2,8,9
44	123	0,8,9
44	136	0,1,2
44	495	0,8,9
44	497	0,8,9
44	750	0,1,2,3
45	6	0,1,9,10
45	7	0,9
45	76	0,1,10
45	91	0,1,2|1,2,3
45	92	0,1,2,9,10
45	94	0,1,2,9,10
45	95	1,2,3,4,8
45	123	0,9,10
45	136	0,1,2|1,2,3
45	489	3
45	492	3
45	495	0,9,10
45	497	0,9,10
45	500	3
45	501	3
45	511	3
46	6	0,1,9,10
46	7	0,9
46	76	0,1,10
46	91	0,1,2
46	92	0,1,2,9,10
46	94	0,1,2,9,10
46	123	0,9,10
46	136	0,1,2
46	495	0,9,10
46	497	0,9,10
46	748	1,2,3,8
46	759	1,2,3,8
47	7	0,8
47	111	0,1,8
48	7	0,11
48	111	0,1,11
49	7	0,7
49	111	0,1,7
50	7	0,14
50	340	0,1
50	490	0,1
50	492	1
50	493	1
51	149	0,1,9
51	340	0,1|0,9
51	490	0,1|0,9
51	492	1
51	493	1
51	496	0,1,9
51	498	0,1,9
52	0	6,7
52	6	0,1,17,18
52	7	0,17
52	123	0,17,18
52	455	7
52	456	7
52	458	7
52	460	7
52	462	7
52	486	7
52	497	0,17,18
52	499	0,17,18
52	748	2,3,4,5
53	6	0,1,16,17
53	7	0,16|8,9
53	123	0,16,17
53	340	3,4
53	490	3,4
53	492	3|4
53	493	3|4
53	497	0,16,17
53	499	0,16,17
53	513	9
53	515	9
54	4	8,10
54	6	0,1,11,12
54	7	0,11|3,5
54	71	3,4,5
54	123	0,11,12
54	445	3,4,5
54	492	10
54	493	10
54	497	0,11,12
54	499	0,11,12
54	507	10
54	508	10
55	0	3,4
55	4	2,8
55	6	0,1,9,10
55	7	0,9
55	123	0,9,10
55	455	4
55	456	4
55	458	4
55	460	4
55	462	4
55	486	4
55	492	8
55	493	8
55	497	0,9,10
55	499	0,9,10
55	507	8
55	508	8
56	6	0,1,16,17
56	7	0,16
56	123	0,16,17
56	476	9,10
56	482	9,10
56	484	9,10
56	497	0,16,17
56	499	0,16,17
57	4	3,4
57	6	0,1,9,10
57	7	0,9
57	123	0,9,10
57	492	4
57	493	4
57	497	0,9,10
57	499	0,9,10
57	507	4
57	508	4
58	6	0,1,10,11
58	7	0,10|4,8
58	123	0,10,11
58	497	0,10,11
58	499	0,10,11
59	0	15,16|9,10|9,11|9,12
59	2	8,9,10,11,12
59	6	0,1,20,21
59	7	0,20|2,19
59	123	0,20,21
59	455	16
59	456	16
59	458	16
59	486	16
59	497	0,20,21
59	499	0,20,21
59	513	19
59	515	19
60	4	2,8
60	6	0,1,9,10
60	7	0,9
60	123	0,9,10
60	492	8
60	493	8
60	497	0,9,10
60	499	0,9,10
60	507	8
60	508	8
61	0	2,3
61	6	0,1,8,9
61	7	0,8
61	123	0,8,9
61	455	3
61	456	3
61	458	3
61	486	3
61	497	0,8,9
61	499	0,8,9
62	0	5,9
62	6	0,1,14,15
62	7	0,14
62	53	4,5,6,7
62	74	4,5,9
62	108	3,4,5
62	123	0,14,15
62	143	4,5,9
62	144	4,5,6,7
62	457	9
62	497	0,14,15
62	499	0,14,15
63	6	0,1,9,10
63	7	0,9
63	123	0,9,10
63	497	0,9,10
63	499	0,9,10
64	0	4,7
64	6	0,1,9,10
64	7	0,9
64	123	0,9,10
64	455	7
64	456	7
64	458	7
64	486	7
64	497	0,9,10
64	499	0,9,10
64	705	1,2,3,4,5,6,7
65	0	2,8|4,7
65	6	0,1,9,10
65	7	0,9
65	123	0,9,10
65	455	7|8
65	456	7|8
65	458	7|8
65	486	7|8
65	497	0,9,10
65	499	0,9,10
65	705	1,2,3,4,5,6,7|1,2,3,4,5,6,8
66	0	2,10
66	6	0,1,11,12
66	7	0,11
66	9	4,7,8,9
66	123	0,11,12
66	455	10
66	456	10
66	458	10
66	460	10
66	462	10
66	486	10
66	497	0,11,12
66	499	0,11,12
66	705	1,2,3,4,5,6,10
67	6	0,1,9,10
67	7	0,9|2,8|6,7
67	123	0,9,10
67	497	0,9,10
67	499	0,9,10
67	513	7|8
67	515	7|8
68	6	0,1,10,11
68	7	0,10|2,9
68	8	6,7,8
68	123	0,10,11
68	497	0,10,11
68	499	0,10,11
68	513	9
68	515	9
69	4	7,8
69	6	0,1,9,10
69	7	0,9
69	123	0,9,10
69	497	0,9,10
69	499	0,9,10
70	4	2,8|6,7
70	6	0,1,9,10
70	7	0,9
70	123	0,9,10
70	492	7|8
70	493	7|8
70	497	0,9,10
70	499	0,9,10
70	507	7|8
70	508	7|8
71	4	7,8|9,10
71	6	0,1,11,12
71	7	0,11
71	123	0,11,12
71	497	0,11,12
71	499	0,11,12
72	6	0,1,9,10
72	7	0,9|2,8|6,7
72	123	0,9,10
72	497	0,9,10
72	499	0,9,10
72	513	7|8
72	515	7|8
73	6	0,1,31,32
73	7	0,31
73	123	0,31,32
73	497	0,31,32
73	499	0,31,32
74	0	5,14|8,10|8,11|8,9
74	2	7,8,9,10,11
74	6	0,1,20,21
74	7	0,20|16,19
74	123	0,20,21
74	455	14
74	456	14
74	458	14
74	486	14
74	497	0,20,21
74	499	0,20,21
74	513	19
74	515	19
75	6	0,1,9,10
75	7	0,9|3,4|7,8
75	123	0,9,10
75	497	0,9,10
75	499	0,9,10
75	513	8
75	515	8
76	0	8,11
76	6	0,1,12,13
76	7	0,12
76	123	0,12,13
76	455	11
76	456	11
76	458	11
76	460	11
76	462	11
76	486	11
76	497	0,12,13
76	499	0,12,13
77	6	0,1,12,13
77	7	0,12|4,5
77	8	3,10,11
77	123	0,12,13
77	476	8,9
77	482	8,9
77	484	8,9
77	497	0,12,13
77	499	0,12,13
77	513	5
77	515	5
78	6	0,1,12,13
78	7	0,12|4,5
78	123	0,12,13
78	497	0,12,13
78	499	0,12,13
78	513	5
78	515	5
79	0	3,8
79	4	6,7
79	6	0,1,9,10
79	7	0,9
79	123	0,9,10
79	455	8
79	456	8
79	458	8
79	460	8
79	462	8
79	486	8
79	492	7
79	493	7
79	497	0,9,10
79	499	0,9,10
79	507	7
79	508	7
80	0	3,4|5,8
80	6	0,1,9,10
80	7	0,9
80	123	0,9,10
80	455	4|8
80	456	4|8
80	458	4|8
80	460	4|8
80	462	4|8
80	486	4|8
80	497	0,9,10
80	499	0,9,10
80	705	1,2,3,5,6,7,8
81	6	0,1,13,14
81	7	0,13
81	123	0,13,14
81	492	11
81	493	11
81	497	0,13,14
81	499	0,13,14
81	504	11
81	505	11
82	6	0,1,14,15
82	7	0,14|4,6
82	71	4,5,6
82	123	0,14,15
82	445	4,5,6
82	497	0,14,15
82	499	0,14,15
83	6	0,1,19,20|9,10,11,12
83	7	0,19|10,11
83	116	4,5
83	123	0,19,20|10,11,12
83	308	3,4,5,7
83	497	0,19,20|10,11,12
83	499	0,19,20|10,11,12
84	0	5,6|5,7|9,12
84	6	0,1,13,14
84	7	0,13
84	68	4,5,6,7,8
84	123	0,13,14
84	455	12
84	456	12
84	458	12
84	486	12
84	497	0,13,14
84	499	0,13,14
85	0	5,8
85	6	0,1,9,10
85	7	0,9
85	123	0,9,10
85	455	8
85	456	8
85	458	8
85	486	8
85	497	0,9,10
85	499	0,9,10
85	705	1,2,3,5,6,7,8
86	6	0,1,9,10
86	7	0,9
86	123	0,9,10
86	497	0,9,10
86	499	0,9,10
87	0	6,10
87	6	0,1,14,15
87	7	0,14
87	53	5,6,7,8
87	74	5,6,10
87	108	4,5,6
87	123	0,14,15
87	143	5,6,10
87	144	5,6,7,8
87	457	10
87	497	0,14,15
87	499	0,14,15
88	4	9,10
88	6	0,1,16,17
88	7	0,16
88	53	5,6,7,8
88	108	4,5,6
88	123	0,16,17
88	144	5,6,7,8
88	497	0,16,17
88	499	0,16,17
89	0	8,9
89	4	13,15
89	6	0,1,16,17
89	7	0,16
89	123	0,16,17
89	458	9
89	486	9
89	492	15
89	493	15
89	497	0,16,17
89	499	0,16,17
89	507	15
89	508	15
90	6	0,1,8,9
90	7	0,8|4,7
90	123	0,8,9
90	497	0,8,9
90	499	0,8,9
91	6	0,1,12,13
91	7	0,12|7,8
91	53	5,6,7,9
91	111	6,7,8
91	123	0,12,13
91	144	5,6,7,9
91	497	0,12,13
91	499	0,12,13
92	0	7,11
92	6	0,1,14,15
92	7	0,14
92	53	6,7,8,9
92	74	6,7,11
92	108	5,6,7
92	123	0,14,15
92	143	6,7,11
92	144	6,7,8,9
92	457	11
92	497	0,14,15
92	499	0,14,15
93	6	0,1,23,24
93	7	0,23
93	123	0,23,24
93	497	0,23,24
93	499	0,23,24
94	6	0,1,17,18
94	7	0,17
94	123	0,17,18
94	497	0,17,18
94	499	0,17,18
95	6	0,1,12,13
95	7	0,12|7,11
95	123	0,12,13
95	497	0,12,13
95	499	0,12,13
95	513	11
95	515	11
96	6	0,1,11,12
96	7	0,11
96	123	0,11,12
96	497	0,11,12
96	499	0,11,12
97	6	0,1,11,12
97	7	0,11
97	123	0,11,12
97	497	0,11,12
97	499	0,11,12
98	6	0,1,10,11
98	7	0,10
98	123	0,10,11
98	497	0,10,11
98	499	0,10,11
99	0	3,4
99	6	0,1,8,9
99	7	0,8
99	123	0,8,9
99	455	4
99	456	4
99	458	4
99	460	4
99	462	4
99	486	4
99	497	0,8,9
99	499	0,8,9
99	705	1,2,3,4,5,6,7
100	0	2,10
100	6	0,1,11,12
100	7	0,11|4,6
100	71	4,5,6
100	123	0,11,12
100	445	4,5,6
100	455	10
100	456	10
100	458	10
100	460	10
100	462	10
100	486	10
100	497	0,11,12
100	499	0,11,12
101	4	2,8|3,4
101	6	0,1,9,10
101	7	0,9
101	123	0,9,10
101	492	4|8
101	493	4|8
101	497	0,9,10
101	499	0,9,10
101	507	4|8
101	508	4|8
102	0	2,8
102	6	0,1,9,10
102	7	0,9|4,7
102	123	0,9,10
102	455	8
102	456	8
102	458	8
102	460	8
102	462	8
102	486	8
102	497	0,9,10
102	499	0,9,10
103	6	0,1,9,10
103	7	0,9|4,7
103	123	0,9,10
103	497	0,9,10
103	499	0,9,10
104	6	0,1,10,11
104	7	0,10|4,7
104	123	0,10,11
104	497	0,10,11
104	499	0,10,11
105	6	0,1,15,16
105	7	0,15
105	123	0,15,16
105	476	8,9
105	482	8,9
105	484	8,9
105	497	0,15,16
105	499	0,15,16
106	6	0,1,12,13
106	7	0,12
106	123	0,12,13
106	476	6,7
106	497	0,12,13
106	499	0,12,13
107	6	0,1,10,11
107	7	0,10
107	123	0,10,11
107	497	0,10,11
107	499	0,10,11
108	6	0,1,19,20
108	7	0,19
108	8	6,13,14
108	123	0,19,20
108	476	11,12
108	482	11,12
108	484	11,12
108	497	0,19,20
108	499	0,19,20
109	6	0,1,10,11
109	7	0,10
109	123	0,10,11
109	492	3
109	493	3
109	497	0,10,11
109	499	0,10,11
109	501	3
109	502	3
110	0	5,11
110	6	0,1,16,17
110	7	0,16
110	9	6,8,9,10
110	53	4,5,6,7
110	74	4,5,11
110	108	3,4,5
110	123	0,16,17
110	143	4,5,11
110	144	4,5,6,7
110	457	11
110	497	0,16,17
110	499	0,16,17
111	6	0,1,13,14
111	7	0,13
111	123	0,13,14
111	492	3
111	493	3
111	497	0,13,14
111	499	0,13,14
111	501	3
111	502	3
111	511	3
112	6	0,1,15,16
112	7	0,15|5,6
112	123	0,15,16
112	492	3
112	493	3
112	497	0,15,16
112	499	0,15,16
112	504	3
112	505	3
113	6	0,1,12,13|3,4,5,6
113	7	0,12|4,5
113	123	0,12,13|4,5,6
113	497	0,12,13|4,5,6
113	499	0,12,13|4,5,6
114	4	8,11
114	6	0,1,12,13|3,4,5,6
114	7	0,12|4,5
114	123	0,12,13|4,5,6
114	492	11
114	493	11
114	497	0,12,13|4,5,6
114	499	0,12,13|4,5,6
114	507	11
114	508	11
115	6	0,1,17,18|3,4,5,6
115	7	0,17|4,5
115	123	0,17,18|4,5,6
115	497	0,17,18|4,5,6
115	499	0,17,18|4,5,6
116	6	0,1,10,11|3,4,5,6
116	7	0,10|4,5
116	123	0,10,11|4,5,6
116	497	0,10,11|4,5,6
116	499	0,10,11|4,5,6
117	6	0,1,18,19
117	7	0,18|6,8
117	71	6,7,8
117	123	0,18,19
117	443	6,7,8
117	467	4,5,6,8
117	468	4,5,6,7
117	497	0,18,19
117	499	0,18,19
117	748	3,4,5,6
117	749	3,4,5,9
117	759	3,4,5,6
118	0	3,4
118	6	0,1,8,9
118	7	0,8
118	123	0,8,9
118	455	4
118	456	4
118	458	4
118	460	4
118	462	4
118	486	4
118	497	0,8,9
118	499	0,8,9
118	705	1,2,3,4,5,6,7
119	0	7,10
119	6	0,1,11,12
119	7	0,11|4,6
119	71	4,5,6
119	123	0,11,12
119	445	4,5,6
119	455	10
119	456	10
119	458	10
119	486	10
119	497	0,11,12
119	499	0,11,12
120	4	9,10
120	6	0,1,11,12
120	7	0,11|4,6
120	71	4,5,6
120	123	0,11,12
120	445	4,5,6
120	492	10
120	493	10
120	497	0,11,12
120	499	0,11,12
120	507	10
120	508	10
121	6	0,1,13,14
121	7	0,13
121	8	3,11,12|4,5,6
121	123	0,13,14
121	476	9,10
121	482	9,10
121	484	9,10
121	497	0,13,14
121	499	0,13,14
122	6	0,1,9,10
122	7	0,9|5,8
122	123	0,9,10
122	497	0,9,10
122	499	0,9,10
123	6	0,1,9,10
123	7	0,9
123	123	0,9,10
123	497	0,9,10
123	499	0,9,10
124	6	0,1,11,12
124	7	0,11|6,10
124	123	0,11,12
124	476	4,5
124	482	4,5
124	484	4,5
124	497	0,11,12
124	499	0,11,12
124	513	10
124	515	10
125	6	0,1,10,11
125	7	0,10|6,9
125	123	0,10,11
125	497	0,10,11
125	499	0,10,11
126	0	4,5
126	6	0,1,9,10
126	7	0,9
126	123	0,9,10
126	454	5
126	455	5
126	457	5
126	458	5
126	497	0,9,10
126	499	0,9,10
127	4	3,4
127	6	0,1,15,16
127	7	0,15
127	123	0,15,16
127	492	4|8
127	493	4|8
127	497	0,15,16
127	499	0,15,16
127	504	8
127	505	8
127	507	4
127	508	4
128	6	0,1,11,12
128	7	0,11|7,10
128	123	0,11,12
128	476	5,6
128	497	0,11,12
128	499	0,11,12
128	513	10
128	515	10
129	0	5,8
129	6	0,1,9,10
129	7	0,9|3,4
129	123	0,9,10
129	455	8
129	456	8
129	458	8
129	486	8
129	497	0,9,10
129	499	0,9,10
129	513	4
129	515	4
130	4	12,14
130	6	0,1,15,16
130	7	0,15
130	123	0,15,16
130	492	14
130	493	14
130	497	0,15,16
130	499	0,15,16
130	507	14
130	508	14
131	6	0,1,10,11
131	7	0,10
131	123	0,10,11
131	497	0,10,11
131	499	0,10,11
132	6	0,1,9,10
132	7	0,9
132	123	0,9,10
132	492	5
132	493	5
132	497	0,9,10
132	499	0,9,10
132	504	5
132	505	5
133	6	0,1,15,16
133	7	0,15|8,9
133	123	0,15,16
133	492	5
133	493	5
133	497	0,15,16
133	499	0,15,16
133	504	5
133	505	5
133	513	9
133	515	9
134	0	6,7|6,8|6,9
134	2	5,6,7,8,9
134	6	0,1,12,13
134	7	0,12
134	123	0,12,13
134	497	0,12,13
134	499	0,12,13
135	0	4,5
135	6	0,1,8,9
135	7	0,8
135	123	0,8,9
135	455	5
135	456	5
135	458	5
135	460	5
135	462	5
135	486	5
135	497	0,8,9
135	499	0,8,9
135	705	1,2,3,4,5,6,7
136	0	4,5
136	6	0,1,8,9
136	7	0,8
136	123	0,8,9
136	455	5
136	456	5
136	458	5
136	486	5
136	497	0,8,9
136	499	0,8,9
136	705	1,2,3,4,5,6,7
137	4	4,5
137	6	0,1,8,9
137	7	0,8
137	123	0,8,9
137	492	5
137	493	5
137	497	0,8,9
137	499	0,8,9
137	507	5
137	508	5
138	6	0,1,8,9
138	7	0,8|4,5
138	123	0,8,9
138	497	0,8,9
138	499	0,8,9
138	513	5
138	515	5
139	6	0,1,12,13
139	7	0,12|8,11
139	123	0,12,13
139	497	0,12,13
139	499	0,12,13
140	6	0,1,11,12
140	7	0,11
140	123	0,11,12
140	497	0,11,12
140	499	0,11,12
141	0	5,6
141	6	0,1,12,13
141	7	0,12
141	123	0,12,13
141	455	6
141	456	6
141	458	6
141	460	6
141	462	6
141	486	6
141	497	0,12,13
141	499	0,12,13
142	6	0,1,12,13
142	7	0,12|4,5
142	123	0,12,13
142	497	0,12,13
142	499	0,12,13
143	6	0,1,13,14
143	7	0,13
143	123	0,13,14
143	497	0,13,14
143	499	0,13,14
144	6	0,1,12,13
144	7	0,12
144	123	0,12,13
144	497	0,12,13
144	499	0,12,13
145	6	0,1,11,12
145	7	0,11
145	123	0,11,12
145	497	0,11,12
145	499	0,11,12
146	0	10,11
146	6	0,1,12,13
146	7	0,12
146	123	0,12,13
146	455	11
146	456	11
146	458	11
146	486	11
146	497	0,12,13
146	499	0,12,13
147	0	4,5
147	6	0,1,8,9
147	7	0,8
147	123	0,8,9
147	455	5
147	456	5
147	458	5
147	460	5
147	462	5
147	486	5
147	497	0,8,9
147	499	0,8,9
148	6	0,1,8,9
148	7	0,8
148	123	0,8,9
148	497	0,8,9
148	499	0,8,9
149	6	0,1,8,9
149	7	0,8|6,7
149	123	0,8,9
149	497	0,8,9
149	499	0,8,9
149	513	7
149	515	7
150	6	0,1,6,7
150	7	0,6
150	8	2,4,5
150	76	0,1,7
150	123	0,6,7
150	495	0,6,7
150	497	0,6,7
151	6	0,1,9,10
151	7	0,9|3,4
151	123	0,9,10
151	137	0,1,10
152	6	0,1,8,9
152	7	0,8
152	123	0,8,9
152	137	0,1,9
153	6	0,1,8,9
153	7	0,8
153	123	0,8,9
153	137	0,1,9
154	44	1,2,3,4,5
155	0	7,8
155	44	1,2,3,4,5
155	455	8
155	456	8
155	458	8
155	460	8
155	462	8
155	486	8
156	44	1,2,3,4,5
157	7	0,1
158	7	0,1|4,5
159	7	0,1|10,13
160	7	0,1
161	7	0,1
162	7	0,1
163	7	0,1
164	7	0,1
164	478	3,4,5,6,7,8,9
165	0	4,7
165	7	0,1
165	455	7
165	456	7
165	458	7
165	460	7
165	462	7
165	486	7
166	7	0,1|4,7
166	513	7
166	515	7
167	3	4,5,6,7,8
167	7	0,1
168	0	1,2|6,7
168	7	0,8
168	455	2|7
168	456	2|7
168	458	2|7
168	460	2|7
168	462	2|7
168	486	2|7
168	705	0,1,2,3,4,5,6|0,1,3,4,5,6,7
169	7	0,15|11,13|3,4
169	71	11,12,13
169	445	11,12,13
169	513	4
169	515	4
170	4	1,18
170	7	0,19
170	492	18
170	493	18
170	507	18
170	508	18
171	7	0,10
171	492	6
171	493	6
171	501	6
171	502	6
172	0	3,7
172	7	0,9
172	455	7
172	456	7
172	458	7
172	486	7
173	3	1,10,11,12,13|3,6,7,8,9
173	7	0,14
175	7	0,18
176	9	1,9,10,11|3,6,7,8
178	4	4,6
178	492	6
178	493	6
178	507	6
178	508	6
180	0	1,2
180	7	0,7
180	455	2
180	456	2
180	458	2
180	486	2
181	4	1,2
181	7	0,8
181	492	2
181	493	2
181	507	2
181	508	2
182	4	1,2
182	7	0,7
182	492	2
182	493	2
182	507	2
182	508	2
183	492	5
183	493	5
183	501	5
183	502	5
188	4	7,10
188	492	10
188	493	10
188	507	10
188	508	10
189	7	0,11|7,10
189	513	10
189	515	10
190	7	0,10
193	4	8,10
193	492	10
193	493	10
193	507	10
193	508	10
197	0	2,10
197	7	0,11
197	455	10
197	456	10
197	458	10
197	460	10
197	462	10
197	486	10
198	0	2,7
198	7	0,8
198	455	7
198	456	7
198	458	7
198	460	7
198	462	7
198	486	7
199	0	2,7
199	7	0,8
199	455	7
199	456	7
199	458	7
199	486	7
200	0	2,10
200	7	0,11
200	455	10
200	456	10
200	458	10
200	460	10
200	462	10
200	486	10
201	4	3,5
202	4	3,5
203	4	3,5
204	4	3,5
207	0	2,3|5,7
207	7	0,8
207	455	3|7
207	456	3|7
207	458	3|7
207	486	3|7
208	4	2,3
208	7	0,8
208	492	3
208	493	3
208	507	3
208	508	3
209	8	4,6,7
213	7	0,10
215	7	1,2
215	340	0,1
215	492	0
215	493	0
215	511	0
216	6	2,3,4,5|7,9,10,11
216	7	0,13|1,12|3,4|9,10
216	123	3,4,5|9,10,11
216	497	3,4,5|9,10,11
216	499	3,4,5|9,10,11
216	513	12
216	515	12
217	0	2,3
217	7	0,9
217	455	3
217	456	3
217	458	3
217	460	3
217	462	3
217	486	3
218	4	1,17
218	7	0,18
218	492	17
218	493	17
218	507	17
218	508	17
220	0	10,12
220	7	0,19
220	455	12
220	456	12
220	458	12
220	486	12
221	4	1,16|13,15
221	7	0,17
221	492	16
221	493	16
221	507	16
221	508	16
222	0	9,12
222	4	1,23
222	7	0,24
222	455	12
222	456	12
222	458	12
222	486	12
222	492	23
222	493	23
222	507	23
222	508	23
223	0	9,10
223	4	1,18
223	7	0,19
223	9	13,15,16,17
223	455	10
223	456	10
223	458	10
223	486	10
223	492	18
223	493	18
223	507	18
223	508	18
224	0	9,10
224	4	1,18
224	7	0,19
224	9	13,15,16,17
224	458	10
224	486	10
224	492	18
224	493	18
224	507	18
224	508	18
225	4	1,18
225	7	0,19|9,10
225	9	13,15,16,17
225	492	18
225	493	18
225	507	18
225	508	18
225	513	10
225	515	10
226	4	1,17|14,16
226	7	0,18
226	8	9,10,11
226	492	17
226	493	17
226	507	17
226	508	17
227	4	1,19
227	7	0,20
227	8	9,10,11
227	9	14,16,17,18
227	492	19
227	493	19
227	507	19
227	508	19
228	4	1,15|12,14
228	7	0,16
228	492	15
228	493	15
228	507	15
228	508	15
229	0	9,12
229	4	1,23
229	7	0,24
229	455	12
229	456	12
229	458	12
229	460	12
229	462	12
229	486	12
229	492	23
229	493	23
229	507	23
229	508	23
230	4	1,23
230	7	0,24
230	492	23
230	493	23
230	507	23
230	508	23
231	0	9,12
231	4	1,23
231	7	0,24
231	458	12
231	486	12
231	492	23
231	493	23
231	507	23
231	508	23
232	4	1,23
232	7	0,24|9,12
232	492	23
232	493	23
232	507	23
232	508	23
232	513	12
232	515	12
233	4	1,24
233	7	0,25
233	8	9,12,13
233	492	24
233	493	24
233	507	24
233	508	24
234	4	1,18
234	7	0,19
234	9	13,15,16,17
234	492	18
234	493	18
234	507	18
234	508	18
235	4	1,24
235	7	0,25
235	492	24
235	493	24
235	507	24
235	508	24
236	4	1,17
236	7	0,18
236	9	12,14,15,16
236	492	17
236	493	17
236	507	17
236	508	17
237	4	1,22
237	7	0,23
237	492	22
237	493	22
237	507	22
237	508	22
238	7	0,8|3,6
239	0	1,10
239	6	3,4,5,6
239	7	0,11|4,5
239	123	4,5,6
239	455	10
239	456	10
239	458	10
239	460	10
239	462	10
239	486	10
239	497	4,5,6
239	499	4,5,6
239	705	0,1,2,3,7,8,10
240	0	1,9
240	6	3,4,5,6
240	7	0,10|4,5
240	123	4,5,6
240	455	9
240	456	9
240	458	9
240	460	9
240	462	9
240	486	9
240	497	4,5,6
240	499	4,5,6
240	705	0,1,2,3,7,8,9
241	0	1,9
241	6	3,4,5,6
241	7	0,10|4,5
241	123	4,5,6
241	455	9
241	456	9
241	458	9
241	486	9
241	497	4,5,6
241	499	4,5,6
241	705	0,1,2,3,7,8,9
242	0	3,6
242	7	0,10
242	9	1,7,8,9
242	455	6
242	456	6
242	458	6
242	460	6
242	462	6
242	486	6
243	8	3,6,7
245	4	1,10
245	492	10
245	493	10
245	507	10
245	508	10
246	7	0,9
247	8	1,10,11|3,4,5|7,8,9
248	9	1,6,7,8
249	7	19,20
249	513	20
249	514	20
250	4	2,4
251	7	0,9|2,4
251	71	2,3,4
251	445	2,3,4
253	7	0,13
256	7	0,12
257	0	1,2|6,7
257	7	0,8
257	455	2|7
257	456	2|7
257	458	2|7
257	486	2|7
257	705	0,1,2,3,4,5,6|0,1,3,4,5,6,7
258	7	0,11
258	492	2
258	493	2
258	501	2
258	502	2
259	4	1,2
259	7	0,7
259	492	2
259	493	2
259	507	2
259	508	2
260	7	0,12
260	492	2
260	493	2
260	501	2
260	502	2
260	511	2
261	7	0,10
262	7	0,7|1,2
262	513	2
262	515	2
263	7	1,2|9,10
263	71	9,10,11
263	443	9,10,11
263	513	2
263	515	2
264	7	0,8
264	8	1,2,3
265	0	2,3
265	7	0,8
265	455	3
265	456	3
265	458	3
265	460	3
265	462	3
265	486	3
266	0	2,3|4,7
266	7	0,8
266	455	3|7
266	456	3|7
266	458	3|7
266	460	3
266	462	3
266	486	3|7
267	0	2,3
267	7	0,7
267	455	3
267	456	3
267	458	3
267	460	3
267	462	3
267	486	3
269	4	3,5
269	7	0,9
270	4	3,5
271	7	3,5
271	71	3,4,5
271	445	3,4,5
272	7	0,9
272	8	4,7,8
275	0	2,8
275	7	0,9
275	8	4,6,7
275	455	8
275	456	8
275	458	8
275	460	8
275	462	8
275	486	8
276	0	2,9
276	7	0,10
276	9	4,6,7,8
276	458	9
276	486	9
278	0	2,3|5,7
278	455	3|7
278	456	3|7
278	458	3|7
278	486	3|7
279	0	2,3
279	7	0,7
279	455	3
279	456	3
279	458	3
279	486	3
280	0	2,3
280	455	3
280	456	3
280	458	3
280	486	3
281	0	2,3
281	455	3
281	456	3
281	458	3
281	486	3
282	4	2,3
282	7	0,7
282	492	3
282	493	3
282	507	3
282	508	3
283	4	2,3
283	492	3
283	493	3
283	507	3
283	508	3
284	4	2,3
284	492	3
284	493	3
284	507	3
284	508	3
285	4	2,3
285	492	3
285	493	3
285	507	3
285	508	3
286	7	0,12
286	492	3
286	493	3
286	501	3
286	502	3
286	511	3
287	7	0,7|2,3
287	513	3
287	515	3
288	7	0,8
288	8	2,3,4
289	7	0,12
289	9	2,3,4,5|7,9,10,11
291	4	5,6
291	7	0,14
291	492	6
291	493	6
291	507	6
291	508	6
293	4	4,6
295	3	3,4,5,6,7
296	7	0,8
300	8	3,4,5
301	7	0,14
302	0	8,10
302	455	10
302	456	10
302	458	10
302	460	10
302	462	10
302	486	10
305	7	0,10
306	3	10,12,13,14,15
306	4	4,8
306	7	0,16
306	492	8
306	493	8
306	507	8
306	508	8
307	4	14,16
308	4	12,14
309	0	4,7
309	4	9,10
309	458	7
309	486	7
309	492	10
309	493	10
309	507	10
309	508	10
310	11	2,4,5
310	72	2,3,4
310	116	2,3
310	174	2,3,4
312	0	3,4|8,9
312	455	4|9
312	456	4|9
312	458	4|9
312	486	4|9
313	0	5,6
313	458	6
313	486	6
314	0	2,7
314	4	5,6
314	7	0,8
314	455	7
314	456	7
314	458	7
314	486	7
314	492	6
314	493	6
314	507	6
314	508	6
315	0	2,10
315	7	0,11
315	455	10
315	456	10
315	458	10
315	486	10
316	7	0,7|2,3
316	513	3
316	515	3
317	6	5,9,10,11
317	7	0,12|9,10
317	8	2,3,4
317	123	9,10,11
317	497	9,10,11
317	499	9,10,11
318	7	0,8
318	8	2,3,4
319	7	0,9
319	8	2,3,4
320	0	7,8
320	7	0,9
320	8	2,3,4
320	455	8
320	456	8
320	458	8
320	486	8
321	7	0,10
321	8	2,3,4|7,8,9
322	11	2,3,4
326	149	1,2,3
326	340	1,2|2,3
326	490	1,2|2,3
327	6	0,1,2,3|4,5,6,7|7,16,17,18
327	7	0,1|1,2|16,17|4,5
327	123	0,1,3|1,2,3|16,17,18|4,5,6
327	156	0,1,2,3
328	0	4,5|5,6
328	6	0,1,2,3
328	7	0,1|1,2
328	123	0,1,3|1,2,3
328	156	0,1,2,3
329	7	0,1
329	340	1,2
329	490	1,2
329	492	2
329	493	2
330	7	0,1
330	340	1,2
330	490	1,2
330	492	2
330	493	2
331	0	11,12
331	6	0,1,2,3
331	7	0,1
331	76	1,2,3
331	123	0,1,2
331	455	12
331	456	12
331	458	12
331	486	12
331	495	0,1,2
331	497	0,1,2
332	0	5,6|7,8
332	6	0,1,2,3
332	7	0,1
332	76	1,2,3
332	123	0,1,2
332	454	6|8
332	455	6|8
332	457	6|8
332	458	6|8
332	459	6|8
332	462	6|8
332	495	0,1,2
332	497	0,1,2
333	6	0,1,2,3
333	7	0,1
333	76	1,2,3
333	91	1,3,4
333	92	0,1,2,3,4
333	94	0,1,2,3,4
333	123	0,1,2
333	136	1,3,4
333	495	0,1,2
333	497	0,1,2
334	0	3,4|3,5|8,10|8,9
334	6	0,1,2,3|8,11,12,13
334	7	0,1|11,12
334	76	1,2,3|8,11,13
334	123	0,1,2|11,12,13
334	125	1,2,3,4|1,2,3,5|8,10,11,13|8,9,11,13
334	495	0,1,2|11,12,13
334	497	0,1,2|11,12,13
335	6	0,1,2,3
335	7	0,1
335	76	1,2,3|4,5,6
335	123	0,1,2
335	489	5
335	492	5
335	495	0,1,2
335	497	0,1,2
336	6	0,1,2,3
336	7	0,1
336	76	1,2,3
336	123	0,1,2
336	492	5
336	493	5
336	495	0,1,2
336	497	0,1,2
336	504	5
336	505	5
337	0	10,15|11,12|16,17|16,18|16,19
337	6	0,1,2,3
337	7	0,1
337	76	1,2,3
337	123	0,1,2
337	455	12|15
337	456	12|15
337	458	12|15
337	486	12|15
337	495	0,1,2
337	497	0,1,2
338	0	5,6|5,7|5,8
338	2	4,5,6,7,8
338	6	0,1,2,3
338	7	0,1
338	76	1,2,3
338	91	1,3,4
338	92	0,1,2,3,4
338	94	0,1,2,3,4
338	123	0,1,2
338	136	1,3,4
338	495	0,1,2
338	497	0,1,2
339	0	8,9
339	6	0,1,2,3
339	7	0,1
339	76	1,2,3
339	91	1,3,4
339	92	0,1,2,3,4
339	94	0,1,2,3,4
339	123	0,1,2
339	136	1,3,4
339	455	9
339	456	9
339	458	9
339	486	9
339	495	0,1,2
339	497	0,1,2
340	6	0,1,2,3
340	7	0,1
340	123	0,1,2
340	497	0,1,2
340	499	0,1,2
341	6	0,1,2,3
341	7	0,1
341	123	0,1,2
341	489	7
341	492	7
341	497	0,1,2
341	499	0,1,2
341	500	7
341	501	7
341	511	7
342	6	0,1,2,3
342	7	0,1
342	123	0,1,2
342	489	7
342	492	7
342	497	0,1,2
342	499	0,1,2
342	503	7
342	504	7
343	0	4,5
343	6	0,1,2,3
343	7	0,1
343	123	0,1,2
343	455	5
343	456	5
343	458	5
343	486	5
343	497	0,1,2
343	499	0,1,2
344	0	8,9
344	6	0,1,2,3
344	7	0,1
344	69	6,7,8,9
344	123	0,1,2
344	454	9
344	455	9
344	457	9
344	458	9
344	459	9
344	462	9
344	497	0,1,2
344	499	0,1,2
345	6	0,1,2,3
345	7	0,1
345	123	0,1,2
345	492	5
345	493	5
345	497	0,1,2
345	499	0,1,2
345	504	5
345	505	5
346	6	0,1,2,3
346	7	0,1
346	108	5,6,7
346	123	0,1,2
346	497	0,1,2
346	499	0,1,2
347	6	0,1,2,3
347	7	0,1
347	123	0,1,2
347	497	0,1,2
347	499	0,1,2
348	6	0,1,2,3|8,13,14,15
348	7	0,1|13,14
348	123	0,1,2|13,14,15
348	497	0,1,2|13,14,15
348	499	0,1,2|13,14,15
348	517	5,6
349	6	0,1,2,3
349	7	0,1
349	123	0,1,2
349	497	0,1,2
349	499	0,1,2
350	6	0,1,2,3
350	7	0,1
350	62	4,5,6,7,8,9|5,6,7,8,9,10
350	123	0,1,2
350	497	0,1,2
350	499	0,1,2
351	0	8,9
351	6	0,1,2,3
351	7	0,1
351	123	0,1,2
351	455	9
351	456	9
351	458	9
351	460	9
351	462	9
351	486	9
351	497	0,1,2
351	499	0,1,2
352	0	9,10
352	6	0,1,2,3
352	7	0,1
352	50	9,10,11
352	70	9,10,11
352	123	0,1,2
352	444	9,10,11
352	457	10
352	497	0,1,2
352	499	0,1,2
353	6	0,1,2,3
353	7	0,1
353	123	0,1,2
353	497	0,1,2
353	499	0,1,2
354	6	0,1,2,3
354	7	0,1
354	123	0,1,2
354	497	0,1,2
354	499	0,1,2
355	6	0,1,2,3
355	7	0,1
355	123	0,1,2
355	497	0,1,2
355	499	0,1,2
356	0	7,13
356	6	0,1,2,3
356	7	0,1
356	123	0,1,2
356	455	13
356	456	13
356	458	13
356	460	13
356	462	13
356	486	13
356	497	0,1,2
356	499	0,1,2
357	0	13,14|8,9
357	6	0,1,2,3
357	7	0,1
357	123	0,1,2
357	455	14|9
357	456	14|9
357	458	14|9
357	486	14|9
357	497	0,1,2
357	499	0,1,2
358	6	0,1,2,3
358	7	0,1
358	123	0,1,2
358	497	0,1,2
358	499	0,1,2
359	6	0,1,2,3|14,22,23,24|16,19,20,21|5,25,26,27
359	7	0,1|19,20|22,23|25,26
359	123	0,1,2|19,20,21|22,23,24|25,26,27
359	306	6,9,10,11,12,13
359	464	9,10,11,12
359	497	0,1,2|19,20,21|22,23,24|25,26,27
359	499	0,1,2|19,20,21|22,23,24|25,26,27
360	6	0,1,2,3|5,12,13,14
360	7	0,1|12,13
360	123	0,1,2|12,13,14
360	492	9
360	493	9
360	497	0,1,2|12,13,14
360	499	0,1,2|12,13,14
360	501	9
360	502	9
360	511	9
361	6	0,1,2,3|5,17,18,19
361	7	0,1|17,18
361	123	0,1,2|17,18,19
361	497	0,1,2|17,18,19
361	499	0,1,2|17,18,19
362	0	6,7
362	6	0,1,2,3|5,13,14,15|8,10,11,12
362	7	0,1|10,11|13,14
362	123	0,1,2|10,11,12|13,14,15
362	455	7
362	456	7
362	458	7
362	486	7
362	497	0,1,2|10,11,12|13,14,15
362	499	0,1,2|10,11,12|13,14,15
363	6	0,1,2,3|11,17,18,19|13,14,15,16|23,25,26,27|5,28,29,30|9,20,21,22
363	7	0,1|14,15|17,18|20,21|25,26|28,29
363	123	0,1,2|14,15,16|17,18,19|20,21,22|25,26,27|28,29,30
363	492	7
363	493	7
363	497	0,1,2|14,15,16|17,18,19|20,21,22|25,26,27|28,29,30
363	499	0,1,2|14,15,16|17,18,19|20,21,22|25,26,27|28,29,30
363	504	7
363	505	7
364	6	0,1,2,3|5,21,22,23
364	7	0,1|21,22
364	53	8,9,10,11
364	108	7,8,9
364	123	0,1,2|21,22,23
364	144	8,9,10,11
364	430	7,8,9,10,11,12,13,14,15,16,17,18
364	497	0,1,2|21,22,23
364	499	0,1,2|21,22,23
365	6	0,1,2,3|5,18,19,20
365	7	0,1|18,19
365	108	7,8,9
365	123	0,1,2|18,19,20
365	497	0,1,2|18,19,20
365	499	0,1,2|18,19,20
366	0	13,14
366	6	0,1,2,3|5,17,18,19
366	7	0,1|17,18
366	123	0,1,2|17,18,19
366	454	14
366	455	14
366	457	14
366	458	14
366	497	0,1,2|17,18,19
366	499	0,1,2|17,18,19
367	6	0,1,2,3|5,12,13,14
367	7	0,1|12,13
367	122	7,8,9
367	123	0,1,2|12,13,14
367	166	7,8,9
367	497	0,1,2|12,13,14
367	499	0,1,2|12,13,14
368	6	0,1,2,3|10,18,19,20|12,15,16,17|5,23,24,25
368	7	0,1|15,16|18,19|23,24
368	123	0,1,2|15,16,17|18,19,20|23,24,25
368	497	0,1,2|15,16,17|18,19,20|23,24,25
368	499	0,1,2|15,16,17|18,19,20|23,24,25
368	517	7,8
369	6	0,1,2,3|5,18,19,20
369	7	0,1|18,19
369	123	0,1,2|18,19,20
369	497	0,1,2|18,19,20
369	499	0,1,2|18,19,20
370	0	15,16
370	6	0,1,2,3|5,19,20,21
370	7	0,1|19,20
370	123	0,1,2|19,20,21
370	455	16
370	456	16
370	458	16
370	460	16
370	462	16
370	486	16
370	497	0,1,2|19,20,21
370	499	0,1,2|19,20,21
371	0	9,10
371	6	0,1,2,3|5,12,13,14
371	7	0,1|12,13
371	50	9,10,11
371	70	9,10,11
371	123	0,1,2|12,13,14
371	444	9,10,11
371	457	10
371	497	0,1,2|12,13,14
371	499	0,1,2|12,13,14
372	6	0,1,2,3|19,21,22,23
372	7	0,1|21,22
372	86	9,10,11,12,13,14
372	123	0,1,2|21,22,23
372	468	11,12,13,14|9,10,11,12
372	497	0,1,2|21,22,23
372	499	0,1,2|21,22,23
373	0	5,9
373	6	0,1,2,3
373	7	0,1
373	123	0,1,2
373	455	9
373	456	9
373	458	9
373	486	9
373	497	0,1,2
373	499	0,1,2
374	0	16,17|8,9
374	6	0,1,2,3|18,20,21,22
374	7	0,1|20,21
374	123	0,1,2|20,21,22
374	455	17|9
374	456	17|9
374	458	17|9
374	486	17|9
374	497	0,1,2|20,21,22
374	499	0,1,2|20,21,22
375	6	0,1,2,3|5,8,9,10
375	7	0,1|8,9
375	123	0,1,2|8,9,10
375	497	0,1,2|8,9,10
375	499	0,1,2|8,9,10
376	6	0,1,2,3
376	7	0,1
376	123	0,1,2
376	497	0,1,2
376	499	0,1,2
377	0	6,7
377	6	0,1,2,3|8,10,11,12
377	7	0,1|10,11
377	123	0,1,2|10,11,12
377	455	7
377	456	7
377	458	7
377	460	7
377	462	7
377	486	7
377	497	0,1,2|10,11,12
377	499	0,1,2|10,11,12
378	0	6,7
378	6	0,1,2,3
378	7	0,1
378	123	0,1,2
378	455	7
378	456	7
378	458	7
378	460	7
378	462	7
378	486	7
378	497	0,1,2
378	499	0,1,2
379	0	8,9
379	6	0,1,2,3
379	7	0,1
379	123	0,1,2
379	454	9
379	455	9
379	457	9
379	458	9
379	497	0,1,2
379	499	0,1,2
380	0	8,9
380	6	0,1,2,3
380	7	0,1
380	123	0,1,2
380	454	9
380	455	9
380	457	9
380	458	9
380	497	0,1,2
380	499	0,1,2
381	6	0,1,2,3
381	7	0,1
381	123	0,1,2
381	497	0,1,2
381	499	0,1,2
382	6	0,1,2,3
382	7	0,1
382	123	0,1,2
382	497	0,1,2
382	499	0,1,2
383	0	15,16|9,10
383	6	0,1,2,3
383	7	0,1
383	123	0,1,2
383	454	10
383	455	10|16
383	456	16
383	457	10
383	458	10|16
383	486	16
383	497	0,1,2
383	499	0,1,2
384	6	0,1,2,3|6,9,10,11
384	7	0,1|9,10
384	123	0,1,2|9,10,11
384	497	0,1,2|9,10,11
384	499	0,1,2|9,10,11
385	6	0,1,2,3
385	7	0,1
385	123	0,1,2
385	497	0,1,2
385	499	0,1,2
386	6	0,1,2,3
386	7	0,1
386	123	0,1,2
386	468	9,10,11,12
386	497	0,1,2
386	499	0,1,2
387	6	0,1,2,3
387	7	0,1
387	123	0,1,2
387	497	0,1,2
387	499	0,1,2
388	0	15,16
388	6	0,1,2,3
388	7	0,1
388	108	11,12,13
388	123	0,1,2
388	455	16
388	456	16
388	458	16
388	486	16
388	497	0,1,2
388	499	0,1,2
389	6	0,1,2,3
389	7	0,1
389	123	0,1,2
389	489	15
389	492	15
389	497	0,1,2
389	499	0,1,2
389	500	15
389	501	15
389	511	15
390	0	9,10|9,11
390	6	0,1,2,3|15,18,19,20
390	7	0,1|18,19
390	123	0,1,2|18,19,20
390	497	0,1,2|18,19,20
390	499	0,1,2|18,19,20
391	0	9,10
391	6	0,1,2,3|14,17,18,19
391	7	0,1|17,18
391	123	0,1,2|17,18,19
391	454	10
391	455	10
391	457	10
391	458	10
391	459	10
391	462	10
391	497	0,1,2|17,18,19
391	499	0,1,2|17,18,19
392	6	0,1,2,3|13,16,17,18
392	7	0,1|16,17
392	123	0,1,2|16,17,18
392	497	0,1,2|16,17,18
392	499	0,1,2|16,17,18
393	6	0,1,2,3|16,19,20,21
393	7	0,1|19,20
393	108	10,11,12|9,10,11
393	110	9,10,11,12
393	123	0,1,2|19,20,21
393	466	9,10,11,12
393	497	0,1,2|19,20,21
393	499	0,1,2|19,20,21
394	6	0,1,2,3
394	7	0,1
394	123	0,1,2
394	497	0,1,2
394	499	0,1,2
395	6	0,1,2,3|15,18,19,20
395	7	0,1|10,11|18,19
395	123	0,1,2|18,19,20
395	340	9,10
395	490	9,10
395	492	9
395	493	9
395	497	0,1,2|18,19,20
395	499	0,1,2|18,19,20
396	0	14,15
396	6	0,1,2,3
396	7	0,1
396	123	0,1,2
396	455	15
396	456	15
396	458	15
396	486	15
396	492	9
396	493	9
396	497	0,1,2
396	499	0,1,2
397	6	0,1,2,3
397	7	0,1
397	123	0,1,2
397	468	7,8,9,10
397	497	0,1,2
397	499	0,1,2
398	6	0,1,2,3
398	7	0,1
398	102	7,8,9,10
398	123	0,1,2
398	468	7,8,9,10
398	476	9,10
398	482	9,10
398	483	9,10
398	497	0,1,2
398	499	0,1,2
399	0	7,8
399	6	0,1,2,3
399	7	0,1
399	123	0,1,2
399	454	8
399	455	8
399	457	8
399	458	8
399	459	8
399	462	8
399	497	0,1,2
399	499	0,1,2
400	0	8,9
400	6	0,1,2,3
400	7	0,1
400	123	0,1,2
400	454	9
400	455	9
400	457	9
400	458	9
400	459	9
400	462	9
400	497	0,1,2
400	499	0,1,2
401	6	0,1,2,3|15,18,19,20
401	7	0,1|18,19
401	44	9,21,22,23,24
401	123	0,1,2|18,19,20
401	497	0,1,2|18,19,20
401	499	0,1,2|18,19,20
402	6	0,1,2,3|12,15,16,17
402	7	0,1|15,16
402	123	0,1,2|15,16,17
402	497	0,1,2|15,16,17
402	499	0,1,2|15,16,17
403	6	0,1,2,3
403	7	0,1
403	123	0,1,2
403	497	0,1,2
403	499	0,1,2
404	6	0,1,2,3
404	7	0,1
404	123	0,1,2
404	489	9
404	492	9
404	497	0,1,2
404	499	0,1,2
404	500	9
404	501	9
404	511	9
405	6	0,1,2,3
405	7	0,1
405	123	0,1,2
405	489	9
405	492	9
405	497	0,1,2
405	499	0,1,2
405	503	9
405	504	9
406	0	19,20|6,7
406	6	0,1,2,3|16,21,22,23
406	7	0,1|21,22
406	123	0,1,2|21,22,23
406	455	20|7
406	456	20|7
406	458	20|7
406	486	20|7
406	497	0,1,2|21,22,23
406	499	0,1,2|21,22,23
407	0	6,7
407	6	0,1,2,3
407	7	0,1
407	123	0,1,2
407	455	7
407	456	7
407	458	7
407	486	7
407	497	0,1,2
407	499	0,1,2
407	705	3,4,5,6,7,8,9
408	0	12,13
408	6	0,1,2,3
408	7	0,1
408	123	0,1,2
408	454	13
408	455	13
408	457	13
408	458	13
408	497	0,1,2
408	499	0,1,2
409	6	0,1,2,3
409	7	0,1
409	123	0,1,2
409	497	0,1,2
409	499	0,1,2
410	0	9,10|9,11
410	6	0,1,2,3|15,17,18,19
410	7	0,1|17,18
410	117	8,9,10,11
410	123	0,1,2|17,18,19
410	497	0,1,2|17,18,19
410	499	0,1,2|17,18,19
411	6	0,1,2,3
411	7	0,1
411	108	8,9,10
411	123	0,1,2
411	497	0,1,2
411	499	0,1,2
412	6	0,1,2,3|14,17,18,19
412	7	0,1|17,18
412	123	0,1,2|17,18,19
412	497	0,1,2|17,18,19
412	499	0,1,2|17,18,19
413	6	0,1,2,3
413	7	0,1
413	123	0,1,2
413	497	0,1,2
413	499	0,1,2
414	6	0,1,2,3
414	7	0,1
414	123	0,1,2
414	467	7,8,9,10
414	497	0,1,2
414	499	0,1,2
415	6	0,1,2,3|25,28,29,30
415	7	0,1|28,29
415	123	0,1,2|28,29,30
415	497	0,1,2|28,29,30
415	499	0,1,2|28,29,30
416	6	0,1,2,3|12,15,16,17
416	7	0,1|15,16
416	123	0,1,2|15,16,17
416	497	0,1,2|15,16,17
416	499	0,1,2|15,16,17
416	517	7,8
417	6	0,1,2,3
417	7	0,1
417	123	0,1,2
417	497	0,1,2
417	499	0,1,2
418	6	0,1,2,3
418	7	0,1
418	123	0,1,2
418	497	0,1,2
418	499	0,1,2
419	6	0,1,2,3
419	7	0,1
419	123	0,1,2
419	497	0,1,2
419	499	0,1,2
420	6	0,1,2,3
420	7	0,1
420	44	10,11,12,13,14
420	84	9,10,11,12|9,10,13,14
420	123	0,1,2
420	246	3,4,5,6,7,8,9,10,11,12,13,14
420	497	0,1,2
420	499	0,1,2
421	6	0,1,2,3
421	7	0,1
421	123	0,1,2
421	492	9
421	493	9
421	497	0,1,2
421	499	0,1,2
422	6	0,1,2,3
422	7	0,1
422	123	0,1,2
422	497	0,1,2
422	499	0,1,2
423	0	13,17
423	6	0,1,2,3
423	7	0,1
423	123	0,1,2
423	182	7,8,9,10,11,12,18,19
423	455	17
423	456	17
423	458	17
423	486	17
423	497	0,1,2
423	499	0,1,2
424	6	0,1,2,3
424	7	0,1
424	123	0,1,2
424	182	7,8,9,10,11,12,24,25
424	497	0,1,2
424	499	0,1,2
425	6	0,1,2,3
425	7	0,1
425	123	0,1,2
425	497	0,1,2
425	499	0,1,2
426	6	0,1,2,3
426	7	0,1
426	123	0,1,2
426	497	0,1,2
426	499	0,1,2
427	6	0,1,2,3
427	7	0,1
427	123	0,1,2
427	497	0,1,2
427	499	0,1,2
428	6	0,1,2,3
428	7	0,1
428	123	0,1,2
428	497	0,1,2
428	499	0,1,2
429	6	0,1,2,3
429	7	0,1
429	123	0,1,2
429	497	0,1,2
429	499	0,1,2
430	6	0,1,2,3
430	7	0,1
430	123	0,1,2
430	497	0,1,2
430	499	0,1,2
430	696	8,9
431	6	0,1,2,3
431	7	0,1
431	123	0,1,2
431	497	0,1,2
431	499	0,1,2
432	6	0,1,2,3
432	7	0,1
432	123	0,1,2
432	497	0,1,2
432	499	0,1,2
433	6	0,1,2,3
433	7	0,1
433	123	0,1,2
433	497	0,1,2
433	499	0,1,2
434	6	0,1,2,3
434	7	0,1
434	123	0,1,2
434	497	0,1,2
434	499	0,1,2
434	695	6,7
435	6	0,1,2,3
435	7	0,1
435	123	0,1,2
435	497	0,1,2
435	499	0,1,2
436	0	11,12|4,5|6,7|9,10
436	6	0,1,2,3
436	7	0,1
436	123	0,1,2
436	455	10|12|5|7
436	456	10|12|5|7
436	458	10|12|5|7
436	486	10|12|5|7
436	497	0,1,2
436	499	0,1,2
437	0	10,11|4,5|7,8
437	6	0,1,2,3
437	7	0,1
437	123	0,1,2
437	455	11|5|8
437	456	11|5|8
437	458	11|5|8
437	486	11|5|8
437	497	0,1,2
437	499	0,1,2
438	0	10,11|5,6|7,8
438	6	0,1,2,3
438	7	0,1
438	123	0,1,2
438	455	11|6|8
438	456	11|6|8
438	458	11|6|8
438	486	11|6|8
438	497	0,1,2
438	499	0,1,2
439	6	0,1,2,3
439	7	0,1
439	123	0,1,2
439	476	7,8
439	482	7,8
439	484	7,8
439	497	0,1,2
439	499	0,1,2
440	0	7,8
440	6	0,1,2,3
440	7	0,1
440	123	0,1,2
440	455	8
440	456	8
440	458	8
440	486	8
440	497	0,1,2
440	499	0,1,2
441	6	0,1,2,3
441	7	0,1
441	76	1,2,3
441	123	0,1,2
441	495	0,1,2
441	497	0,1,2
442	6	0,1,2,3
442	7	0,1
442	76	1,2,3
442	123	0,1,2
442	495	0,1,2
442	497	0,1,2
443	6	0,1,2,3
443	7	0,1
443	76	1,2,3
443	123	0,1,2
443	495	0,1,2
443	497	0,1,2
443	756	3,4,5,6|4,5,6,9
443	757	3,4,5,6|4,5,6,9
444	6	0,1,2,3
444	7	0,1
444	76	1,2,3
444	123	0,1,2
444	495	0,1,2
444	497	0,1,2
445	6	0,1,2,3|8,9,10,11
445	7	0,1|9,10
445	76	1,2,3|8,9,11
445	123	0,1,2|9,10,11
445	495	0,1,2|9,10,11
445	497	0,1,2|9,10,11
446	6	0,1,2,3
446	7	0,1
446	59	1,2,3,12,13|1,2,3,4,5
446	123	0,1,2
446	137	1,2,3
447	6	0,1,2,3
447	7	0,1
447	59	1,2,3,4,5|1,2,3,8,9
447	123	0,1,2
447	137	1,2,3
448	6	0,1,2,3|13,14,15,16|17,18,19,20|21,22,23,24|5,6,7,8|9,10,11,12
448	7	0,1|10,11|14,15|18,19|22,23|6,7
448	123	0,1,2|1,2,3|10,11,12|13,14,16|14,15,16|17,18,20|18,19,20|21,22,24|22,23,24|5,6,8|6,7,8|9,10,12
448	156	0,1,2,3|13,14,15,16|17,18,19,20|21,22,23,24|5,6,7,8|9,10,11,12
449	6	0,1,2,3|13,14,15,16|17,18,19,20|21,22,23,24|5,6,7,8|9,10,11,12
449	7	0,1|10,11|14,15|18,19|22,23|6,7
449	123	0,1,2|1,2,3|10,11,12|13,14,16|14,15,16|17,18,20|18,19,20|21,22,24|22,23,24|5,6,8|6,7,8|9,10,12
449	156	0,1,2,3|13,14,15,16|17,18,19,20|21,22,23,24|5,6,7,8|9,10,11,12
450	6	0,1,2,3|5,6,7,8
450	7	0,1|6,7
450	123	0,1,2|1,2,3|5,6,8|6,7,8
450	156	0,1,2,3|5,6,7,8
451	6	0,1,2,3
451	7	0,1
451	123	0,1,2|1,2,3
451	156	0,1,2,3
452	7	0,1|15,16
452	111	0,1,2|14,15,16
453	7	0,1|12,27|20,21|9,10
453	48	0,1,2,8,9|1,2,8,9,10|12,13,19,20,21|12,13,19,20,27
453	111	0,1,2|12,13,27|19,20,21|8,9,10
453	154	0,1,2,8,9,10|12,13,19,20,21,27
454	7	0,1
454	10	6,7
454	518	7
455	7	0,1|15,16
455	111	0,1,2|14,15,16
456	7	0,1|1,2
456	15	0,1,2,3,4
456	165	0,1,3,4|1,2,3,4
457	6	4,5,6,7
457	7	5,6
457	123	5,6,7
457	497	5,6,7
457	499	5,6,7
459	7	0,10|0,9
459	440	0,9,10
459	441	0,9,10
459	476	4,5
459	482	4,5
459	484	4,5
460	7	0,10|0,11|5,7
460	71	5,6,7
460	440	0,10,11
460	441	0,10,11
460	445	5,6,7
461	7	0,10|0,9
461	440	0,9,10
461	441	0,9,10
461	476	5,6
461	482	5,6
461	484	5,6
462	7	0,10|0,9
462	8	4,5,6
462	440	0,9,10
462	441	0,9,10
463	7	0,10|0,11
463	440	0,10,11
463	441	0,10,11
464	7	0,12|0,13
464	440	0,12,13
464	441	0,12,13
465	489	4
465	492	4
465	500	4
465	501	4
465	511	4
466	0	0,1|2,3
466	68	1,2,3,4,5
466	454	0|3
466	455	0|3
466	457	0|3
466	458	0|3
466	459	0|3
466	462	0|3
467	0	0,1|5,6
467	68	0,1,2,15,16|4,5,6,7,8
467	454	0|6
467	455	0|6
467	457	0|6
467	458	0|6
467	459	0|6
467	462	0|6
468	0	0,1
468	454	0
468	455	0
468	457	0
468	458	0
468	459	0
468	462	0
469	0	0,1|2,3
469	73	2,3,4
469	158	2,3,4,5,6
469	163	1,2,3,4,5,6
469	454	0|3
469	455	0|3
469	457	0|3
469	458	0|3
469	459	0|3
469	462	0|3
470	0	0,1|6,7
470	454	0|7
470	455	0|7
470	457	0|7
470	458	0|7
470	459	0|7
470	462	0|7
471	0	0,1
471	454	0
471	455	0
471	457	0
471	458	0
471	459	0
471	462	0
472	0	0,1|1,2|1,3
473	0	0,1|1,2
474	0	0,1
474	454	0
474	455	0
474	457	0
474	458	0
474	459	0
474	462	0
475	0	0,1|2,3|4,5|6,7
475	454	0|3|5|7
475	455	0|3|5|7
475	457	0|3|5|7
475	458	0|3|5|7
475	459	0|3|5|7
475	462	0|3|5|7
476	0	0,1|10,11|12,13|16,17|18,19|2,3
476	454	0|11|13|17|19|3
476	455	0|11|13|17|19|3
476	457	0|11|13|17|19|3
476	458	0|11|13|17|19|3
476	459	0|11|13|17|19|3
476	462	0|11|13|17|19|3
477	0	0,1
477	454	0
477	455	0
477	457	0
477	458	0
477	459	0
477	462	0
478	0	0,1|1,2
479	0	0,1|1,2
480	0	0,1|12,13|2,3|4,14
480	62	5,6,7,8,9,10|6,7,8,9,10,11
480	455	0|13|14|3
480	456	0|13|14|3
480	458	0|13|14|3
480	460	0|13|14|3
480	462	0|13|14|3
480	486	0|13|14|3
481	0	0,1
481	455	0
481	456	0
481	458	0
481	460	0
481	462	0
481	486	0
482	0	0,1
482	455	0
482	456	0
482	458	0
482	460	0
482	462	0
482	486	0
483	0	0,1
483	455	0
483	456	0
483	458	0
483	460	0
483	462	0
483	486	0
484	0	0,1|10,12|3,13
484	455	0|12|13
484	456	0|12|13
484	458	0|12|13
484	460	0|12|13
484	462	0|12|13
484	486	0|12|13
485	0	0,1|3,16
485	455	0|16
485	456	0|16
485	458	0|16
485	460	0|16
485	462	0|16
485	486	0|16
486	0	0,1|11,16|13,15|3,17
486	455	0|15|16|17
486	456	0|15|16|17
486	458	0|15|16|17
486	460	0|15|16|17
486	462	0|15|16|17
486	486	0|15|16|17
487	0	0,1|4,5
487	455	0|5
487	456	0|5
487	458	0|5
487	460	0|5
487	462	0|5
487	486	0|5
488	0	0,1|16,17
488	455	0|17
488	456	0|17
488	458	0|17
488	460	0|17
488	462	0|17
488	486	0|17
489	0	0,1
489	455	0
489	456	0
489	458	0
489	460	0
489	462	0
489	486	0
490	0	0,1
490	44	8,9,10,11,12
490	84	7,8,11,12|7,8,9,10
490	246	1,2,3,4,5,6,7,8,9,10,11,12
490	455	0
490	456	0
490	458	0
490	460	0
490	462	0
490	486	0
491	0	0,1
491	455	0
491	456	0
491	458	0
491	460	0
491	462	0
491	486	0
492	0	0,1|10,11
492	455	0|11
492	456	0|11
492	458	0|11
492	460	0|11
492	462	0|11
492	486	0|11
493	0	0,1|17,18
493	455	0|18
493	456	0|18
493	458	0|18
493	460	0|18
493	462	0|18
493	486	0|18
493	492	7
493	493	7
493	695	7,8
494	0	0,1
494	455	0
494	456	0
494	458	0
494	460	0
494	462	0
494	486	0
495	0	0,1
495	455	0
495	456	0
495	458	0
495	460	0
495	462	0
495	486	0
496	0	0,1
496	84	8,9,15,16
496	455	0
496	456	0
496	458	0
496	460	0
496	462	0
496	468	6,7,8,9
496	486	0
497	0	0,1
497	455	0
497	456	0
497	458	0
497	460	0
497	462	0
497	476	6,7
497	486	0
498	0	0,1|9,10
498	455	0|10
498	456	0|10
498	458	0|10
498	460	0|10
498	462	0|10
498	486	0|10
499	0	0,1|10,11
499	455	0|11
499	456	0|11
499	458	0|11
499	460	0|11
499	462	0|11
499	486	0|11
499	517	5,6
500	0	0,1
500	455	0
500	456	0
500	458	0
500	460	0
500	462	0
500	486	0
500	492	7
500	493	7
500	504	7
500	505	7
501	0	0,1
501	455	0
501	456	0
501	458	0
501	460	0
501	462	0
501	486	0
502	0	0,1
502	182	3,4,7,8,9,10,15,16
502	455	0
502	456	0
502	458	0
502	460	0
502	462	0
502	486	0
503	0	0,1
503	455	0
503	456	0
503	458	0
503	460	0
503	462	0
503	486	0
504	0	0,1
504	455	0
504	456	0
504	458	0
504	460	0
504	462	0
504	486	0
505	0	0,1
505	455	0
505	456	0
505	458	0
505	460	0
505	462	0
505	486	0
506	0	0,1
506	455	0
506	456	0
506	458	0
506	460	0
506	462	0
506	486	0
507	0	0,1
507	455	0
507	456	0
507	458	0
507	460	0
507	462	0
507	486	0
508	0	0,1
508	455	0
508	456	0
508	458	0
508	460	0
508	462	0
508	486	0
509	0	0,1
509	455	0
509	456	0
509	458	0
509	460	0
509	462	0
509	486	0
510	0	0,1
510	73	0,1,9
510	98	1,2,9
510	99	1,2,9,10,11
510	158	0,1,9,10,11
510	454	0
510	455	0
510	457	0
510	458	0
510	459	0
510	462	0
510	523	1,2,8,9,10,11
511	0	0,1
511	455	0
511	456	0
511	458	0
511	460	0
511	462	0
511	486	0
512	0	0,1|3,7
512	455	0|7
512	456	0|7
512	458	0|7
512	460	0|7
512	462	0|7
512	486	0|7
512	705	0,1,2,3,4,5,6|1,2,3,4,5,6,7
513	0	0,1
513	454	0
513	455	0
513	457	0
513	458	0
513	459	0
513	462	0
514	0	0,1
514	455	0
514	456	0
514	458	0
514	460	0
514	462	0
514	486	0
514	705	0,1,2,3,4,5,6
515	0	0,1|4,5|6,7
515	68	2,3,4,5,6
515	69	0,1,2,3
515	454	0|5|7
515	455	0|5|7
515	457	0|5|7
515	458	0|5|7
515	459	0|5|7
515	461	0
515	462	0|5|7
516	0	0,1
516	69	0,1,2,3
516	454	0
516	455	0
516	457	0
516	458	0
516	459	0
516	461	0
516	462	0
517	0	0,1
517	69	0,1,2,3
517	454	0
517	455	0
517	457	0
517	458	0
517	459	0
517	461	0
517	462	0
518	0	0,1
518	69	0,1,2,3
518	454	0
518	455	0
518	457	0
518	458	0
518	459	0
518	462	0
519	0	0,1|4,5
519	454	0|5
519	455	0|5
519	457	0|5
519	458	0|5
519	459	0|5
519	462	0|5
520	0	0,1
520	454	0
520	455	0
520	457	0
520	458	0
520	459	0
520	462	0
521	0	0,1
521	454	0
521	455	0
521	457	0
521	458	0
521	459	0
521	462	0
522	0	0,1
522	454	0
522	455	0
522	457	0
522	458	0
522	459	0
522	462	0
523	0	0,1
523	126	0,1,2,3,4,12
523	454	0
523	455	0
523	457	0
523	458	0
523	459	0
523	462	0
524	0	0,1
524	454	0
524	455	0
524	457	0
524	458	0
524	459	0
524	462	0
525	0	0,1
525	150	0,1
526	0	0,1
526	150	0,1
527	7	0,13|2,12|3,11|7,10|7,9
527	513	11|12|13
527	514	11|12|13
527	765	0,1,2,5|1,2,3,12|2,3,4,11|3,4,5,6
527	766	0,1,2,5|1,2,3,12|2,3,4,11|3,4,5,6
527	769	2,12|3,11
527	770	2,12|3,11
527	774	0,1,2,5|1,2,3,12|2,3,4,11
528	7	0,14|2,13|3,12|4,11|7,10
528	15	5,7,8,9,10
528	78	5,7,8,9,10
528	165	7,8,9,10
528	472	5,7,8,9,10
528	489	6
528	492	6
528	511	6
528	513	11|12|13|14
528	514	11|12|13|14
528	763	0,1,2,6
528	764	0,1,2,6
528	765	0,1,2,6|1,2,3,13|2,3,4,12|3,4,5,11|4,5,6,7
528	766	0,1,2,6|1,2,3,13|2,3,4,12|3,4,5,11|4,5,6,7
528	769	2,13|3,12|4,11
528	770	2,13|3,12|4,11
528	771	1,6|5,6
528	772	1,6|5,6
528	773	0,1,2,6
528	774	1,2,3,13|2,3,4,12|3,4,5,11
529	7	0,1
529	71	0,1,2
529	443	0,1,2
530	6	0,1,2,3
530	7	1,2
530	76	0,1,3
530	91	0,1,4|0,4,5
530	92	0,1,2,3,4
530	94	0,1,2,3,4
530	95	0,4,5,6,9
530	123	1,2,3
530	136	0,1,4|0,4,5
530	489	5
530	492	5
530	495	1,2,3
530	497	1,2,3
530	500	5
530	501	5
530	511	5
530	750	0,1,4,8
531	0	10,13
531	4	3,4
531	53	0,1,2,5
531	108	0,5,6
531	144	0,1,2,5
531	455	13
531	456	13
531	458	13
531	460	13
531	462	13
531	486	13
532	0	9,10
532	4	3,4
532	53	0,1,2,5
532	108	0,5,6
532	144	0,1,2,5
532	455	10
532	456	10
532	458	10
532	486	10
533	0	10,13|8,14
533	4	3,4
533	53	0,1,2,5
533	108	0,5,6
533	144	0,1,2,5
533	455	13|14
533	456	13|14
533	458	13|14
533	486	13|14
534	0	8,9
534	4	3,4
534	53	0,1,2,5
534	108	0,5,6
534	144	0,1,2,5
534	455	9
534	456	9
534	458	9
534	486	9
535	4	3,4
535	8	10,11,12
535	53	0,1,2,5
535	108	0,5,6
535	144	0,1,2,5
536	7	3,5
536	56	0,1,2,3,4,14
536	71	3,4,5
536	443	3,4,5
536	467	1,2,3,5
536	468	0,1,2,14|1,2,3,4
536	746	0,1,2,3
536	748	0,1,2,3
536	756	0,1,2,3
536	757	0,1,2,3
536	759	0,1,2,3
536	760	0,1,2,3,4,5
537	7	0,12
537	11	6,7,8
537	71	0,11,12
537	443	0,11,12
537	467	0,1,2,12
537	468	0,1,2,11
537	748	0,1,2,3
537	759	0,1,2,3
538	468	0,1,2,14
538	748	0,1,2,3
538	759	0,1,2,3
539	0	7,8
539	7	2,3
539	53	0,1,2,11
539	111	1,2,3
539	144	0,1,2,11
539	455	8
539	456	8
539	458	8
539	486	8
540	0	7,8
540	7	2,3
540	53	0,1,2,11
540	111	1,2,3
540	144	0,1,2,11
540	458	8
540	486	8
541	7	2,3|7,8
541	53	0,1,2,11
541	111	1,2,3
541	144	0,1,2,11
541	513	8
541	515	8
542	7	2,3
542	53	0,1,2,11
542	111	1,2,3
542	144	0,1,2,11
543	7	3,4
543	8	5,8,9
543	102	0,10,11,12
543	468	0,10,11,12
543	476	11,12
543	482	11,12
543	483	11,12
543	513	4
543	515	4
543	748	0,1,10,13
543	749	0,1,10,11
543	759	0,1,10,13
544	7	0,11
544	108	0,7,8|7,8,9
544	110	0,7,8,9
544	466	0,7,8,9
545	7	2,3
545	53	0,1,2,5
545	111	1,2,3
545	144	0,1,2,5
545	306	0,1,2,4,5,6
546	4	3,4
546	7	9,11
546	53	0,1,2,5
546	71	9,10,11
546	108	0,5,6
546	144	0,1,2,5
546	445	9,10,11
547	7	8,9
547	111	0,8,9
548	7	8,9
548	111	0,8,9
549	7	2,14
549	473	0
549	513	14
549	514	14
549	765	0,2,13,14|0,2,3,13|0,2,3,14|2,3,13,14|4,5,6,12
549	766	0,2,13,14|0,2,3,13|0,2,3,14|2,3,13,14|4,5,6,12
549	774	0,2,13,14|0,2,3,14|2,3,13,14
550	7	2,3
550	8	7,8,9
550	473	0
550	513	3
550	514	3
551	7	8,10
551	39	0,1,8,9
551	41	0,1,8,9,10
551	71	8,9,10
551	443	8,9,10
552	0	6,13
552	44	0,1,2,3,4|8,9,10,11,12
552	84	5,6,14,15
552	91	5,6,7
552	136	5,6,7
552	457	13
552	458	13
552	489	7
552	492	7
552	750	2,5,6,7
553	4	12,14
553	53	8,9,12,13
553	108	7,8,9
553	144	8,9,12,13
554	128	0,1,2
555	128	0,1,2|2,3,4
555	489	2
555	492	2
555	503	2
555	504	2
556	6	6,10,11,12
556	7	10,12|5,13
556	76	6,10,11
556	106	3,4,5,13
556	123	10,11,12
556	128	0,1,2
556	489	4
556	492	4
556	495	10,11,12
556	497	10,11,12
556	511	4
556	513	13
556	514	13
556	763	5,6,7,10
556	764	5,6,7,10
556	765	4,5,6,13|5,6,7,10
556	766	4,5,6,13|5,6,7,10
556	769	5,13
556	770	5,13
556	771	4,5|6,10
556	772	4,5|6,10
556	773	5,6,7,10
557	0	10,11|10,12|4,8|9,13
557	6	4,5,6,7
557	7	5,7
557	76	4,5,6
557	89	3,4,9,10,11,13|3,4,9,10,12,13
557	91	3,4,5
557	92	3,4,5,6,7
557	94	3,4,5,6,7
557	98	2,3,4
557	117	9,10,11,12
557	122	0,1,2
557	123	5,6,7
557	125	4,5,6,8
557	136	3,4,5
557	166	0,1,2
557	454	13|8
557	455	13|8
557	457	13|8
557	458	13|8
557	469	2,3,4
557	495	5,6,7
557	497	5,6,7
558	122	0,1,2
558	166	0,1,2
559	4	0,2|0,3
560	0	0,13|2,3|2,4|2,5|9,10|9,11|9,12
560	2	1,2,3,4,5|7,9,10,11,12
560	4	1,6
560	85	0,1,7,8
560	90	0,1,7,8
560	91	0,1,6
560	136	0,1,6
560	457	13
560	458	13
560	489	6
560	492	6
560	506	6
560	507	6
560	746	0,1,2,7
560	748	0,1,2,7
560	756	0,1,2,7
560	757	0,1,2,7
560	759	0,1,2,7
561	91	0,1,7
561	102	0,1,2,3
561	136	0,1,7
561	468	0,1,2,3
561	476	2,3
561	482	2,3
561	483	2,3
561	489	7
561	492	7
561	503	7
561	504	7
561	748	0,1,4,14
561	749	0,1,2,14
561	750	0,1,2,7
561	759	0,1,4,14
562	4	1,7
562	8	3,5,6|8,10,11
562	84	0,1,12,13
562	91	0,1,7
562	136	0,1,7
562	467	0,1,8,10
562	468	0,1,8,9
562	489	7
562	492	7
562	506	7
562	507	7
562	746	0,1,2,12
562	747	0,1,2,8
562	748	0,1,2,12
562	749	0,1,2,8
562	750	0,1,7,8
562	752	0,1,2,8,12
562	756	0,1,2,12|0,1,2,8
562	757	0,1,2,12|0,1,2,8
562	759	0,1,2,12
563	52	0,1,2,3,4,5
563	91	0,1,6
563	102	0,1,2,3|0,1,4,5
563	136	0,1,6
563	468	0,1,2,3|0,1,4,5
563	476	2,3|4,5
563	482	2,3|4,5
563	483	2,3|4,5
563	489	6
563	492	6
563	503	6
563	504	6
564	0	0,17
564	7	14,16
564	71	14,15,16
564	443	14,15,16
564	457	17
564	458	17
564	467	0,1,14,16
564	468	0,1,14,15
565	7	11,12
565	44	0,15,16,17,18
565	84	0,1,15,16|0,1,17,18
565	91	0,1,2
565	95	0,1,2,3,7
565	136	0,1,2
565	246	0,1,8,9,10,11,13,14,15,16,17,18
565	489	2
565	492	2
565	500	2
565	501	2
565	511	2
565	513	12
565	515	12
566	44	0,14,15,16,17
566	84	0,1,14,15|0,1,16,17
566	91	0,1,2
566	95	0,1,2,3,7
566	136	0,1,2
566	246	0,1,8,9,10,11,12,13,14,15,16,17
566	489	2
566	492	2
566	500	2
566	501	2
566	511	2
567	7	30,31
567	71	30,31,32
567	91	0,1,21
567	136	0,1,21
567	443	30,31,32
567	467	0,1,30,31
567	468	0,1,30,32
568	7	2,4
568	71	2,3,4
568	443	2,3,4
568	467	0,1,2,4
568	468	0,1,2,3
568	749	0,1,2,5
569	746	0,1,2,13
569	747	0,1,2,7
569	748	0,1,2,13
569	749	0,1,2,7
569	752	0,1,2,7,13
569	756	0,1,2,13|0,1,2,7|8,9,10,11|8,9,10,12
569	757	0,1,2,13|0,1,2,7|8,9,10,11|8,9,10,12
569	759	0,1,2,13
570	7	8,9
570	91	0,1,2
570	95	0,1,2,3,4
570	102	0,1,12,13
570	136	0,1,2
570	468	0,1,12,13
570	476	12,13
570	482	12,13
570	483	12,13
570	489	2
570	492	2
570	500	2
570	501	2
570	513	9
570	515	9
570	750	0,1,2,12
571	8	6,8,9
571	84	0,1,10,11
571	91	0,1,2|0,1,5
571	136	0,1,2|0,1,5
571	489	2|5
571	492	2|5
571	503	2|5
571	504	2|5
571	511	2|5
572	4	0,9
573	4	0,14
573	8	6,8,9
573	49	0,1,2
573	130	0,1,2,14
573	145	0,1,2
573	169	0,1,2,14
574	4	0,10
574	49	0,1,2
574	130	0,1,2,10
574	145	0,1,2
574	169	0,1,2,10
575	4	0,9
575	49	0,1,2
575	130	0,1,2,9
575	145	0,1,2
575	169	0,1,2,9
575	489	6
575	492	6
575	500	6
575	501	6
576	0	0,13
576	53	0,1,10,11
576	74	0,1,13
576	108	0,1,2
576	143	0,1,13
576	144	0,1,10,11
576	457	13
577	0	0,13|4,5
577	53	0,1,10,11
577	74	0,1,13
577	108	0,1,2
577	143	0,1,13
577	144	0,1,10,11
577	455	5
577	456	5
577	457	13
577	458	5
577	486	5
578	0	0,16|4,10|6,9
578	9	11,13,14,15
578	53	0,1,11,12
578	74	0,1,16
578	108	0,1,2
578	143	0,1,16
578	144	0,1,11,12
578	455	10|9
578	456	10|9
578	457	16
578	458	10|9
578	486	10|9
579	0	0,13
579	53	0,1,10,11
579	74	0,1,13
579	108	0,1,2
579	143	0,1,13
579	144	0,1,10,11
579	457	13
580	0	0,15
580	9	10,12,13,14
580	53	0,1,10,11
580	74	0,1,15
580	108	0,1,2
580	143	0,1,15
580	144	0,1,10,11
580	457	15
581	7	1,2|4,5|9,10
581	48	0,1,2,3,4|0,1,3,4,5
581	111	0,1,2|3,4,5
581	154	0,1,2,3,4,5
581	513	10
581	515	10
582	0	2,6|2,7
582	4	0,8
582	6	2,3,4,5
582	7	3,5
582	76	2,3,4
582	123	3,4,5
582	125	2,3,4,6|2,3,4,7
582	495	3,4,5
582	497	3,4,5
582	765	0,2,3,6|0,2,3,7|0,2,6,7|2,3,6,7
582	766	0,2,3,6|0,2,3,7|0,2,6,7|2,3,6,7
583	0	2,13|5,12
583	7	0,14
583	68	0,1,2,3,13
583	71	0,1,14
583	443	0,1,14
583	454	12|13
583	455	12|13
583	457	12|13
583	458	12|13
583	459	12|13
583	462	12|13
584	476	10,11
586	7	0,8
586	71	0,1,8
586	445	0,1,8
587	7	0,16
587	71	0,1,16
587	443	0,1,16
588	0	0,9
588	50	0,1,9
588	457	9
589	7	0,14
589	71	0,1,14
589	443	0,1,14
590	0	5,6
590	7	0,11
590	71	0,1,11
590	443	0,1,11
590	455	6
590	456	6
590	458	6
590	460	6
590	462	6
590	486	6
591	4	0,14
592	4	0,12
592	8	7,10,11
593	7	0,14
593	71	0,1,14
593	443	0,1,14
594	7	0,12
594	11	7,8,9
594	71	0,1,12
594	443	0,1,12
595	7	0,10
595	71	0,1,10
595	443	0,1,10
596	4	2,3
597	4	2,3
598	0	4,5
598	455	5
598	456	5
598	458	5
598	460	5
598	462	5
598	476	0,1
598	486	5
599	11	0,13,14
599	72	0,1,13
599	116	0,1
599	174	0,1,13
600	4	1,2
600	8	0,10,11
600	489	2
600	492	2
601	4	1,3|11,12
601	108	10,11,12
602	7	1,3
602	71	1,2,3
602	443	1,2,3
603	4	9,11
604	0	0,20
604	7	11,13
604	68	0,1,2,9,20
604	71	11,12,13
604	443	11,12,13
604	454	20
604	455	20
604	457	20
604	458	20
604	459	20
604	462	20
605	4	3,4
605	131	0,1,2,3,5,10
605	464	0,1,2,10
606	4	3,4
606	9	11,13,14,15
606	131	0,1,2,3,5,16
606	464	0,1,2,16
607	7	1,3|4,6
607	71	1,2,3|4,5,6
607	443	1,2,3|4,5,6
608	7	0,16|1,3
608	71	1,2,3
608	443	1,2,3
608	513	16
608	514	16
608	522	0,1,10,16|0,1,4,16|0,4,10,16
609	7	1,3
609	10	0,16
609	71	1,2,3
609	443	1,2,3
609	518	16
610	7	1,3
610	71	1,2,3
610	443	1,2,3
610	467	0,1,3,4
610	468	0,1,2,4
610	756	0,1,4,5|0,1,4,6
610	757	0,1,4,5|0,1,4,6
611	4	4,15
611	7	1,3
611	8	10,13,14|7,8,9
611	71	1,2,3
611	443	1,2,3
611	489	15
611	492	15
611	506	15
611	507	15
612	4	6,15
612	8	10,11,12
612	9	1,3,4,5
612	489	15
612	492	15
612	506	15
612	507	15
613	0	0,9
613	7	5,8
613	15	4,5,6,7,8
613	69	0,1,2,9
613	78	4,5,6,7,8
613	165	5,6,7,8
613	454	9
613	455	9
613	457	9
613	458	9
613	459	9
613	462	9
613	472	4,5,6,7,8
613	516	3,4,5
614	0	35,38
614	306	0,1,2,3,4,10
614	340	30,31
614	455	38
614	456	38
614	458	38
614	464	1,2,3,10
614	486	38
614	489	30
614	490	30,31
614	492	30|31
614	493	31
615	8	0,16,17
615	44	3,4,5,6,7
616	0	2,3|2,4|2,5
616	8	26,28,29
616	306	0,1,2,6,7,26
617	0	0,12|1,8
617	68	0,1,9,10,12
617	454	12|8
617	455	12|8
617	457	12|8
617	458	12|8
617	459	12|8
617	462	12|8
618	4	0,10|1,8
618	489	8
618	492	8
618	506	8
618	507	8
619	9	1,8,9,10
619	476	12,13
620	0	0,34
620	68	0,1,14,15,34
620	454	34
620	455	34
620	457	34
620	458	34
620	459	34
620	462	34
621	0	1,2|1,3
621	7	7,8
621	68	0,1,2,3,4
621	513	8
621	514	8
622	7	2,3|4,5|7,8|9,10
622	513	10|3|5|8
622	514	10|3|5|8
623	4	13,14
623	8	6,9,10
623	131	0,1,2,11,12,13
623	464	0,1,11,12
624	7	0,11
624	71	0,10,11
624	443	0,10,11
624	446	0,10,11
624	492	2
624	493	2
624	504	2
624	505	2
625	4	15,16
625	8	4,11,12|6,9,10
625	131	0,1,2,13,14,15
625	464	0,1,13,14
626	4	13,14
626	8	4,5,6
626	131	0,1,2,11,12,13
626	464	0,1,11,12
627	4	11,12
627	131	0,1,2,9,10,11
627	464	0,1,9,10
628	0	7,10
628	3	0,11,12,13,14
628	455	10
628	456	10
628	458	10
628	486	10
628	492	3
628	493	3
628	504	3
628	505	3
629	0	7,10
629	455	10
629	456	10
629	458	10
629	486	10
629	492	3
629	493	3
629	504	3
629	505	3
630	7	3,5
630	71	3,4,5
630	445	3,4,5
631	8	7,11,12
631	72	0,14,24
631	116	0,24
631	174	0,14,24
632	8	7,11,12
632	72	0,14,24
632	116	0,24
632	174	0,14,24
633	0	5,7
633	4	11,13
633	8	2,8,9
633	455	7
633	456	7
633	458	7
633	486	7
634	0	5,7
634	8	2,8,9
634	455	7
634	456	7
634	458	7
634	486	7
635	7	0,12|4,6
635	71	0,11,12|4,5,6
635	443	4,5,6
635	445	0,11,12
636	0	0,15|2,3|9,10
636	454	15
636	455	10|15|3
636	456	10|3
636	457	15
636	458	10|15|3
636	486	10|3
638	0	4,5
638	7	0,10
638	71	0,9,10
638	445	0,9,10
638	454	5
638	455	5
638	457	5
638	458	5
639	0	3,4
639	7	0,13
639	71	0,12,13
639	445	0,12,13
639	455	4
639	456	4
639	458	4
639	486	4
640	0	0,13|0,14|0,15
640	2	0,1,13,14,15
640	4	3,4
640	7	10,12
640	71	10,11,12
640	443	10,11,12
640	492	4
640	493	4
640	507	4
640	508	4
641	0	0,20|0,21|0,22|15,17
641	2	0,1,20,21,22
641	4	3,4
641	7	10,12
641	71	10,11,12
641	443	10,11,12
641	458	17
641	486	17
641	492	4
641	493	4
641	507	4
641	508	4
642	4	4,7
642	8	0,9,10
642	492	7
642	493	7
642	507	7
642	508	7
645	11	0,12,13
645	72	0,11,12
645	116	0,11
645	174	0,11,12
646	7	0,7
646	71	0,7,8
646	445	0,7,8
648	4	0,8
649	7	0,8
649	71	0,7,8
649	445	0,7,8
650	8	0,8,9
651	0	0,10|0,8|0,9|3,4
651	455	4
651	456	4
651	458	4
651	486	4
651	705	1,2,3,4,5,6,7
656	8	7,11,12
656	72	0,14,21
656	116	0,21
656	174	0,14,21
657	0	16,17
657	116	0,10
657	134	0,10,12
657	455	17
657	456	17
657	458	17
657	486	17
658	756	8,9,10,11
658	757	8,9,10,11
659	0	8,11
659	7	0,17
659	71	0,16,17
659	445	0,16,17
659	455	11
659	456	11
659	458	11
659	486	11
660	7	0,16
660	71	0,15,16
660	445	0,15,16
661	0	3,4
661	4	0,9
661	455	4
661	456	4
661	458	4
661	460	4
661	462	4
661	486	4
661	705	1,2,3,4,5,6,7
662	8	4,5,6
662	72	0,11,18
662	116	0,18
662	174	0,11,18
663	0	4,5
663	4	0,10
663	454	5
663	455	5
663	457	5
663	458	5
664	0	0,20|0,21|0,22|14,17
664	2	0,1,20,21,22
664	4	3,4
664	458	17
664	486	17
664	489	10
664	492	10|4
664	493	4
664	500	10
664	501	10
664	507	4
664	508	4
665	464	0,8,9,10
665	476	9,10
665	482	9,10
665	483	9,10
666	0	7,8
666	4	0,10
666	454	8
666	455	8
666	457	8
666	458	8
667	0	0,17|0,18|0,19
667	2	0,1,17,18,19
667	4	8,9
667	492	9
667	493	9
667	507	9
667	508	9
668	0	0,9
668	4	4,5
668	50	0,8,9
668	70	0,8,9
668	444	0,8,9
668	457	9
668	492	5
668	493	5
668	507	5
668	508	5
669	7	4,5
669	513	5
669	515	5
670	7	0,9|4,5
670	71	0,8,9
670	445	0,8,9
670	513	5
670	515	5
671	1	0,1,2,3|10,11,12,13
671	7	4,6|7,9
671	71	4,5,6|7,8,9
671	443	4,5,6|7,8,9
673	473	10
674	476	10,11
674	482	10,11
674	484	10,11
675	0	12,15
675	455	15
675	456	15
675	458	15
675	486	15
675	492	8
675	493	8
675	504	8
675	505	8
676	0	8,9
676	8	10,13,14
676	455	9
676	456	9
676	458	9
676	486	9
677	9	2,4,5,6
678	4	2,6
678	7	3,5
678	71	3,4,5
678	443	3,4,5
678	446	3,4,5
678	489	6
678	492	6
678	506	6
678	507	6
680	8	0,11,12
680	492	3
680	493	3
680	504	3
680	505	3
681	7	0,14
681	71	0,13,14
681	443	0,13,14
681	478	5,6,7,8,9,10,11
683	9	0,9,10,11
684	7	0,15
684	71	0,14,15
684	443	0,14,15
684	478	4,5,6,7,8,9,10|5,6,7,8,9,10,11|6,7,8,9,10,11,12
686	492	9
686	493	9
686	504	9
686	505	9
687	7	0,14
687	71	0,13,14
687	443	0,13,14
688	116	0,21
688	134	0,1,21
689	4	0,16
689	108	1,2,3
689	116	0,15
689	134	0,1,15|0,15,16
689	135	0,1,15,16
690	128	0,1,9
690	489	1
690	492	1
690	500	1
690	501	1
690	511	1
693	4	0,8
693	116	0,7
693	134	0,1,7|0,7,8
693	135	0,1,7,8
694	9	10,12,13,14|15,17,18,19
694	116	2,3
694	134	1,2,3
695	7	3,5
695	71	3,4,5
695	116	0,7
695	134	0,1,7
695	443	3,4,5
696	102	4,5,6,7
696	468	4,5,6,7
696	476	6,7
696	482	6,7
696	483	6,7
696	748	3,4,5,6
696	759	3,4,5,6
697	492	1
697	493	1
697	504	1
697	505	1
698	492	1
698	493	1
698	504	1
698	505	1
699	492	1
699	493	1
699	504	1
699	505	1
700	7	6,8
700	71	6,7,8
700	116	0,11
700	134	0,1,11|0,11,12
700	135	0,1,11,12
700	445	6,7,8
701	7	14,16
701	71	14,15,16
701	443	14,15,16
701	492	1
701	493	1
701	504	1
701	505	1
702	0	5,8
702	4	0,10
702	116	0,9
702	134	0,1,9|0,9,10
702	135	0,1,9,10
702	458	8
702	486	8
703	7	8,15
703	513	15
703	514	15
705	4	0,11
705	8	5,6,7
705	116	0,10
705	134	0,1,10|0,10,11
705	135	0,1,10,11
706	0	9,10
706	454	10
706	455	10
706	457	10
706	458	10
707	0	5,6|5,7
707	1	1,2,3,4
707	68	0,5,6,7,8
708	0	10,16|12,15
708	116	0,17
708	134	0,1,17|0,8,17
708	135	0,1,8,17
708	455	15|16
708	456	15|16
708	458	15|16
708	486	15|16
709	489	1
709	492	1
709	503	1
709	504	1
711	476	17,18
711	482	17,18
711	484	17,18
714	0	0,10|0,11|0,9
714	4	5,8
714	492	8
714	493	8
714	507	8
714	508	8
715	116	0,10
715	134	0,10,11
715	476	6,7
715	482	6,7
715	484	6,7
718	0	0,13|0,14|0,15
718	2	0,1,13,14,15
718	7	8,10
718	71	8,9,10
718	73	0,1,13|0,1,14|0,1,15
718	443	8,9,10
718	446	8,9,10
718	492	6
718	493	6
718	504	6
718	505	6
719	0	6,8
719	72	0,1,15
719	116	0,15
719	134	0,15,16
719	172	0,1,15,16
719	174	0,1,15
719	455	8
719	456	8
719	458	8
719	486	8
720	0	6,8
720	72	0,1,21
720	116	0,21
720	134	0,15,21
720	172	0,1,15,21
720	174	0,1,21
720	455	8
720	456	8
720	458	8
720	486	8
721	0	0,13|0,14|0,15
721	2	0,1,13,14,15
721	7	6,8
721	71	6,7,8
721	73	0,1,13|0,1,14|0,1,15
721	443	6,7,8
721	446	6,7,8
721	492	4
721	493	4
721	504	4
721	505	4
722	7	10,12
722	64	0,1,13|0,8,13
722	71	10,11,12
722	171	0,1,8,13
722	443	10,11,12
723	4	0,13
723	49	0,1,12
723	130	0,1,12,13
723	145	0,1,12
723	169	0,1,12,13
723	492	5
723	493	5
723	501	5
723	502	5
724	7	1,3
725	0	1,2|12,14|15,16|3,4
725	454	14|16|2|4
725	455	14|16|2|4
725	457	14|16|2|4
725	458	14|16|2|4
725	487	7,8,9
726	0	1,2
726	454	2
726	455	2
726	457	2
726	458	2
727	7	1,2|4,5
727	71	4,5,6
727	443	4,5,6
727	513	2
727	514	2
727	522	0,1,2,13|1,2,3,13
728	7	1,2
728	473	3
728	513	2
728	514	2
728	522	0,1,2,5|1,2,3,5
729	6	10,13,14,15
729	7	1,2|13,14|4,5
729	71	4,5,6
729	123	13,14,15
729	443	4,5,6
729	497	13,14,15
729	499	13,14,15
729	513	2
729	514	2
729	522	0,1,2,7|1,2,3,7
730	7	1,2
730	513	2
730	514	2
730	522	0,1,2,10|1,2,3,10
731	0	5,6
731	7	1,2|3,4
731	454	6
731	455	6
731	457	6
731	458	6
731	513	2|4
731	514	2|4
732	7	17,18
732	71	17,18,19
732	443	17,18,19
732	756	1,4,5,6|1,5,6,7
732	757	1,4,5,6|1,5,6,7
733	7	13,14|17,18
733	71	17,18,19
733	443	17,18,19
733	513	14
733	515	14
734	0	14,15
734	7	3,4
734	15	2,3,4,5,6
734	68	7,12,13,14,15
734	78	2,3,4,5,6
734	165	3,4,5,6
734	454	15
734	455	15
734	457	15
734	458	15
734	459	15
734	462	15
735	0	11,12
735	455	12
735	456	12
735	458	12
735	486	12
736	7	1,2
736	513	2
736	514	2
736	756	8,9,10,11|9,10,11,15
736	757	8,9,10,11|9,10,11,15
737	7	1,2|18,19
737	513	19|2
737	514	19|2
737	756	8,9,10,11|9,10,11,15
737	757	8,9,10,11|9,10,11,15
738	7	1,2
738	513	2
738	514	2
738	756	15,17,18,19|6,17,18,19|8,9,10,11|9,10,11,15
738	757	15,17,18,19|6,17,18,19|8,9,10,11|9,10,11,15
739	7	12,14
739	513	14
739	515	14
740	7	18,19
740	513	19
740	514	19
740	756	7,8,9,10|8,9,10,14
740	757	7,8,9,10|8,9,10,14
741	756	6,7,8,13|6,7,8,9|7,8,12,13|7,8,9,12
741	757	6,7,8,13|6,7,8,9|7,8,12,13|7,8,9,12
742	91	2,3,8
742	95	2,3,6,8,9
742	136	2,3,8
742	756	1,2,3,4
742	757	1,2,3,4
742	763	0,1,11,15|0,1,2,11|1,2,11,15
742	764	0,1,11,15|0,1,2,11|1,2,11,15
742	765	0,1,11,15|0,1,2,11|0,1,2,15|1,2,11,15
742	766	0,1,11,15|0,1,2,11|0,1,2,15|1,2,11,15
743	0	1,19
743	7	14,15
743	149	16,17,18
743	340	16,17|17,18
743	454	19
743	455	19
743	457	19
743	458	19
743	459	19
743	462	19
743	489	16
743	490	16,17|17,18
743	492	16
743	494	16,17,18
743	496	16,17,18
743	513	15
743	514	15
743	756	9,10,11,12
743	757	9,10,11,12
743	765	0,1,2,19|0,1,2,7|0,1,7,19|1,2,3,16|1,2,7,19|11,12,13,14|3,9,10,13
743	766	0,1,2,19|0,1,2,7|0,1,7,19|1,2,3,16|1,2,7,19|11,12,13,14|3,9,10,13
743	771	2,16|2,3|3,9
743	772	2,16|2,3|3,9
743	774	11,12,13,14
744	6	1,8,9,10
744	7	8,10
744	76	1,8,9
744	123	8,9,10
744	489	3
744	492	3
744	495	8,9,10
744	497	8,9,10
744	511	3
744	763	0,1,2,8|0,1,6,8|1,2,6,8
744	764	0,1,2,8|0,1,6,8|1,2,6,8
744	765	0,1,2,6|0,1,2,8|0,1,6,8|1,2,6,8
744	766	0,1,2,6|0,1,2,8|0,1,6,8|1,2,6,8
745	7	1,21
745	49	3,4,5
745	106	1,4,5,21
745	130	3,4,5,6
745	145	3,4,5
745	169	3,4,5,6
745	489	5
745	492	5
745	511	5
745	513	21
745	514	21
745	762	0,1,2,21
745	763	0,1,2,5
745	764	0,1,2,5
745	765	0,1,2,21|0,1,2,5|0,1,5,21|1,2,5,21
745	766	0,1,2,21|0,1,2,5|0,1,5,21|1,2,5,21
745	774	0,1,2,21
746	8	11,13,14
746	756	1,2,3,4|2,3,4,11
746	757	1,2,3,4|2,3,4,11
746	765	0,1,2,5|0,1,2,8|0,1,5,8|1,2,5,8|3,4,5,6
746	766	0,1,2,5|0,1,2,8|0,1,5,8|1,2,5,8|3,4,5,6
746	767	3,4,5,6,7
746	774	0,1,2,5|0,1,5,8|1,2,5,8|3,4,5,6
747	7	8,9
747	116	14,15|6,7
747	134	13,14,15|14,15,16|5,6,7|6,7,8
747	135	13,14,15,16|5,6,7,8
747	763	0,1,13,17|0,1,2,13|1,2,13,17|2,3,4,8
747	764	0,1,13,17|0,1,2,13|1,2,13,17|2,3,4,8
747	765	0,1,13,17|0,1,2,13|0,1,2,17|1,2,13,17|2,3,4,12|2,3,4,8|2,3,8,12|3,4,8,12
747	766	0,1,13,17|0,1,2,13|0,1,2,17|1,2,13,17|2,3,4,12|2,3,4,8|2,3,8,12|3,4,8,12
747	774	2,3,4,12
748	489	9
748	492	9
748	511	9
748	763	0,1,2,6|0,1,2,9
748	764	0,1,2,6|0,1,2,9
748	765	0,1,2,6|0,1,2,9|0,1,6,9|1,2,6,9
748	766	0,1,2,6|0,1,2,9|0,1,6,9|1,2,6,9
749	489	6
749	492	6
749	511	6
749	756	1,8,9,10|1,9,10,13|8,9,10,11|9,10,11,13
749	757	1,8,9,10|1,9,10,13|8,9,10,11|9,10,11,13
749	763	0,1,2,6|0,1,6,10|1,2,6,10
749	764	0,1,2,6|0,1,6,10|1,2,6,10
749	765	0,1,2,10|0,1,2,6|0,1,6,10|1,2,6,10
749	766	0,1,2,10|0,1,2,6|0,1,6,10|1,2,6,10
750	7	7,11|9,10
750	111	6,7,11
750	763	0,1,2,9|0,1,6,9|1,2,6,9
750	764	0,1,2,9|0,1,6,9|1,2,6,9
750	765	0,1,2,6|0,1,2,9|0,1,6,9|1,2,6,9
750	766	0,1,2,6|0,1,2,9|0,1,6,9|1,2,6,9
751	340	10,11|2,3
751	489	10|2
751	490	10,11|2,3
751	492	10|11|2|3
751	493	11|3
751	765	0,1,2,10
751	766	0,1,2,10
751	771	1,10|1,2
751	772	1,10|1,2
752	7	2,4
752	71	2,3,4
752	443	2,3,4
752	763	0,1,2,5
752	764	0,1,2,5
752	765	0,1,2,5
752	766	0,1,2,5
752	771	1,5
752	772	1,5
752	773	0,1,2,5
753	0	16,18
753	455	18
753	456	18
753	458	18
753	486	18
753	763	0,1,2,8
753	764	0,1,2,8
753	765	0,1,2,8
753	766	0,1,2,8
753	771	1,8
753	772	1,8
753	773	0,1,2,8
754	492	2
754	493	2
754	504	2
754	505	2
754	765	0,1,2,8
754	766	0,1,2,8
754	771	1,2|1,8
754	772	1,2|1,8
755	8	12,14,15
755	96	9,10,11
755	153	9,10,11
755	765	0,1,2,6|1,2,3,8|2,3,4,11|2,7,8,9|4,5,6,7
755	766	0,1,2,6|1,2,3,8|2,3,4,11|2,7,8,9|4,5,6,7
755	774	0,1,2,6
756	111	2,3,4
756	112	2,3,4,5,6
756	138	3,4,5,6
756	765	0,1,2,15
756	766	0,1,2,15
756	774	0,1,2,15
757	3	4,7,8,9,10
757	91	2,3,4
757	95	2,3,4,5,7
757	136	2,3,4
757	489	4
757	492	4
757	500	4
757	501	4
757	511	4
757	765	0,1,2,6
757	766	0,1,2,6
757	774	0,1,2,6
758	4	7,9
758	87	5,6,7,8
758	91	4,5,6
758	98	5,6,10
758	116	7,8
758	134	7,8,9
758	136	4,5,6
758	750	4,5,6,7
758	765	0,1,2,10
758	766	0,1,2,10
759	111	4,5,6|9,10,11
759	116	7,8
759	308	4,7,8,9
759	765	0,1,2,9|2,3,4,12
759	766	0,1,2,9|2,3,4,12
760	0	3,17
760	13	12,13,14,15,16
760	311	1,2,3,4,5,6,17
760	454	17
760	455	17
760	457	17
760	458	17
760	459	17
760	462	17
760	756	1,2,3,4
760	757	1,2,3,4
760	763	0,1,2,12
760	764	0,1,2,12
760	765	0,1,2,12
760	766	0,1,2,12
760	771	1,12
760	772	1,12
760	773	0,1,2,12
761	6	18,20,21,22
761	7	20,22
761	123	20,21,22
761	489	6
761	492	6
761	497	20,21,22
761	499	20,21,22
761	511	6
761	763	0,1,2,6
761	764	0,1,2,6
761	765	0,1,2,6
761	766	0,1,2,6
761	771	1,6
761	772	1,6
761	773	0,1,2,6
762	85	7,8,18,19
762	86	9,10,13,14,15,16
762	90	7,8,18,19
762	91	17,18,19|8,9,10|9,10,17
762	136	17,18,19|8,9,10|9,10,17
762	489	17|8
762	492	17|8
762	503	17
762	504	17
762	511	17|8
762	750	8,9,10,15|9,10,11,17
762	756	10,11,12,13|12,13,14,15|7,18,19,20
762	757	10,11,12,13|12,13,14,15|7,18,19,20
762	763	0,1,2,6
762	764	0,1,2,6
762	765	0,1,2,6
762	766	0,1,2,6
762	771	1,6
762	772	1,6
762	773	0,1,2,6
763	11	4,6,7
763	64	4,5,6
763	133	3,4,5,6
763	763	0,1,2,3
763	764	0,1,2,3
763	765	0,1,2,3
763	766	0,1,2,3
763	771	1,3
763	772	1,3
763	773	0,1,2,3
764	765	0,1,2,17
764	766	0,1,2,17
764	774	0,1,2,17
765	763	0,1,2,6
765	764	0,1,2,6
765	765	0,1,2,6
765	766	0,1,2,6
765	771	1,6
765	772	1,6
765	773	0,1,2,6
766	765	0,1,2,3
766	766	0,1,2,3
766	774	0,1,2,3
767	765	0,1,2,8|4,5,6,9
767	766	0,1,2,8|4,5,6,9
767	774	0,1,2,8|4,5,6,9
768	696	4,5
768	765	0,1,2,9
768	766	0,1,2,9
769	4	9,13
769	7	1,16
769	53	2,3,4,5
769	107	9,10,11,12
769	144	2,3,4,5
769	489	5
769	492	5
769	511	5
769	513	16
769	514	16
769	763	5,6,7,11
769	764	5,6,7,11
769	765	0,1,2,16|5,6,7,11
769	766	0,1,2,16|5,6,7,11
769	767	0,1,2,3,16
769	769	1,16
769	770	1,16
769	771	5,6
769	772	5,6
769	773	5,6,7,11
770	10	4,9|6,8
770	518	8|9
770	765	0,1,2,10
770	766	0,1,2,10
771	7	3,4
771	71	3,4,5
771	443	3,4,5
772	0	4,5|4,6|4,7
772	2	2,4,5,6,7
772	6	1,8,9,10
772	7	2,3|8,9
772	76	1,8,10
772	123	8,9,10
772	495	8,9,10
772	497	8,9,10
772	513	3
772	514	3
773	0	4,5|4,6|4,7
773	2	2,4,5,6,7
773	7	2,3
773	489	8
773	492	8
773	513	3
773	514	3
774	7	2,3
774	513	3
774	514	3
774	522	1,2,3,4
775	7	22,23
775	71	22,23,24
775	443	22,23,24
775	756	8,9,10,11|9,10,11,15
775	757	8,9,10,11|9,10,11,15
776	0	1,2|5,6|5,7|5,8
776	454	2
776	455	2
776	457	2
776	458	2
776	459	2
776	462	2
777	0	1,2
777	454	2
777	455	2
777	457	2
777	458	2
777	459	2
777	462	2
778	0	1,2
778	7	3,4
778	68	0,1,2,3,5
778	71	3,4,5
778	443	3,4,5
778	454	2
778	455	2
778	457	2
778	458	2
778	459	2
778	462	2
779	3	1,5,6,7,8
780	489	4
780	492	4
780	500	4
780	501	4
782	7	9,10
782	513	10
782	515	10
783	7	9,10
783	513	10
783	515	10
784	7	11,12
784	513	12
784	515	12
785	7	4,5
785	71	4,5,6
785	443	4,5,6
785	489	19
785	492	19
785	500	19
785	501	19
786	3	10,11,12,13,14|2,3,4,5,6
787	0	7,8
787	3	2,3,4,5,6
787	50	7,8,9
787	70	7,8,9
787	442	7,8,9
787	457	8
788	3	2,3,4,5,6
788	7	7,8
788	71	7,8,9
788	443	7,8,9
789	489	18
789	492	18
789	500	18
789	501	18
790	489	16
790	492	16
791	7	6,7
791	71	6,7,8
791	443	6,7,8
791	489	21
791	492	21
791	500	21
791	501	21
792	7	16,21|17,18|5,10|6,7
792	513	10|18|21|7
792	515	10|18|21|7
793	7	15,20|16,17
793	489	9
793	492	9
793	503	9
793	504	9
793	513	17|20
793	515	17|20
794	0	4,5
794	7	24,25
794	454	5
794	455	5
794	457	5
794	458	5
794	459	5
794	462	5
794	513	25
794	514	25
794	756	12,14,15,16|12,14,15,20|14,15,16,31|14,15,20,31|3,4,6,7|3,4,6,8
794	757	12,14,15,16|12,14,15,20|14,15,16,31|14,15,20,31|3,4,6,7|3,4,6,8
795	7	23,24|4,5
795	71	4,5,6
795	443	4,5,6
795	513	24
795	514	24
796	7	19,20|4,5
796	71	4,5,6
796	443	4,5,6
796	513	20
796	514	20
797	7	8,9
797	476	10,11
797	482	10,11
797	483	10,11
797	513	9
797	514	9
798	6	1,7,8,9
798	7	7,8
798	76	1,7,9
798	123	7,8,9
798	495	7,8,9
798	497	7,8,9
799	0	15,21|25,26
799	455	21|26
799	456	21|26
799	458	21|26
799	486	21|26
799	489	5
799	492	10|5
799	493	10
799	500	5
799	501	5
800	0	15,21
800	455	21
800	456	21
800	458	21
800	486	21
800	489	5
800	492	10|5
800	493	10
800	500	5
800	501	5
800	504	10
800	505	10
800	511	5
801	0	2,3|7,8
801	454	3|8
801	455	3|8
801	457	3|8
801	458	3|8
802	7	10,11|15,16|19,20|6,7
802	71	10,11,12|15,16,17|19,20,21|6,7,8
802	443	10,11,12|15,16,17|19,20,21|6,7,8
802	489	13|4
802	492	13|4
802	500	13|4
802	501	13|4
803	7	16,17|7,8
803	489	13|4
803	492	13|4
803	513	17|8
803	515	17|8
804	3	12,13,14,15,16|17,18,19,20,21
804	7	5,6
805	756	9,10,11,12|9,10,11,13
805	757	9,10,11,12|9,10,11,13
806	7	10,11|6,7
806	513	11|7
806	514	11|7
807	0	1,2
807	7	3,4
807	47	3,4,5,6
807	454	2
807	455	2
807	457	2
807	458	2
807	513	4
807	514	4
808	0	1,2|11,12|3,4|3,5
808	7	6,7
808	69	9,10,11,12
808	454	12|2
808	455	12|2
808	457	12|2
808	458	12|2
808	513	7
808	514	7
809	0	1,2|3,4|3,5
809	7	6,7
809	71	6,7,8
809	443	6,7,8
809	454	2
809	455	2
809	457	2
809	458	2
810	0	1,2|3,4|3,5
810	454	2
810	455	2
810	457	2
810	458	2
810	476	6,7
810	482	6,7
810	483	6,7
811	0	1,2
811	7	3,4
811	68	0,1,2,3,5
811	71	3,4,5
811	443	3,4,5
811	454	2
811	455	2
811	457	2
811	458	2
812	0	1,2|3,4
812	454	2|4
812	455	2|4
812	457	2|4
812	458	2|4
813	0	1,2|18,20|22,24|6,8
813	7	11,12|25,27
813	454	2|20|24|8
813	455	2|20|24|8
813	457	2|20|24|8
813	458	2|20|24|8
813	489	16|4
813	492	16|4
813	500	16|4
813	501	16|4
813	513	12|27
813	515	12|27
814	489	3
814	492	3
814	500	3
814	501	3
815	489	14|3
815	492	14|3
815	500	14|3
815	501	14|3
815	511	14|3
815	517	9,10
816	696	7,8
817	4	1,2
817	7	5,6
817	489	2
817	492	2
817	506	2
817	507	2
818	4	1,2
818	7	3,6
818	489	2
818	492	2
818	506	2
818	507	2
818	513	6
818	514	6
819	4	1,2
819	7	5,6
819	489	2
819	492	2
819	506	2
819	507	2
819	513	6
819	514	6
820	4	1,2
820	7	3,4
820	489	2
820	492	2
820	506	2
820	507	2
820	513	4
820	514	4
821	6	8,11,12,13
821	7	11,12|14,15
821	71	14,15,16
821	123	11,12,13
821	443	14,15,16
821	497	11,12,13
821	499	11,12,13
822	4	8,9
823	7	1,2|3,5
823	513	2|5
823	514	2|5
824	7	1,2|3,4|5,6|7,8|9,10
824	513	10|2|4|6|8
824	514	10|2|4|6|8
825	7	1,2|11,12|3,4|5,6|7,8|9,10
825	71	11,12,13
825	443	11,12,13
825	513	10|2|4|6|8
825	514	10|2|4|6|8
826	7	1,2|11,12|3,4|5,6|7,8|9,10
826	513	10|12|2|4|6|8
826	514	10|12|2|4|6|8
827	7	1,2|3,4|5,6|7,8
827	108	10,11,12|9,19,20
827	513	2|4|6|8
827	514	2|4|6|8
828	7	1,2|3,4|5,6|7,8
828	476	9,10
828	482	9,10
828	483	9,10
828	513	2|4|6|8
828	514	2|4|6|8
829	7	1,2|3,4|5,6|7,8|9,10
829	513	10|2|4|6|8
829	514	10|2|4|6|8
830	7	1,2|3,4|5,6|7,8|9,10
830	513	10|2|4|6|8
830	514	10|2|4|6|8
831	7	1,2|12,13
831	513	13|2
831	514	13|2
832	7	1,2|7,8
832	513	2|8
832	514	2|8
833	7	1,2
833	513	2
833	514	2
834	7	1,2
834	513	2
834	514	2
835	0	7,8
835	7	1,2
835	454	8
835	455	8
835	457	8
835	458	8
835	467	5,6,7,9
835	513	2
835	514	2
836	7	1,2
836	467	5,6,7,8
836	513	2
836	514	2
837	7	1,2|10,11
837	513	11|2
837	514	11|2
838	7	1,2|10,11
838	513	11|2
838	514	11|2
839	7	1,2|14,16
839	513	16|2
839	514	16|2
840	3	1,3,4,5,6
840	7	1,2
840	513	2
840	514	2
841	7	1,2|3,6
841	513	2|6
841	514	2|6
842	0	3,4|3,5|6,7|6,8|9,10|9,11|9,12
842	2	6,9,10,11,12
842	7	1,2
842	513	2
842	514	2
843	0	3,4|3,5|3,6
843	2	1,3,4,5,6
843	7	1,2
843	513	2
843	514	2
844	0	4,5
844	7	1,2
844	513	2
844	514	2
845	0	5,9
845	7	1,2
845	458	9
845	486	9
845	513	2
845	514	2
845	522	0,1,2,3
846	0	6,7
846	7	1,2
846	455	7
846	456	7
846	458	7
846	460	7
846	462	7
846	486	7
846	513	2
846	514	2
846	522	0,1,2,3
847	7	1,2
847	492	9
847	493	9
847	501	9
847	502	9
847	513	2
847	514	2
847	522	0,1,2,3
848	0	6,7
848	7	1,2
848	458	7
848	486	7
848	513	2
848	514	2
848	522	0,1,2,3
849	7	1,2|14,16
849	513	16|2
849	514	16|2
849	522	0,1,2,3|11,14,15,16
850	7	1,2
850	492	9
850	493	9
850	501	9
850	502	9
850	513	2
850	514	2
850	522	0,1,2,3
851	7	1,2|16,17|20,21
851	513	17|2|21
851	514	17|2|21
851	522	0,1,2,3|5,19,20,21
852	7	1,2|4,5
852	71	4,5,6
852	443	4,5,6
852	513	2
852	514	2
853	7	1,2|5,7
853	513	2|7
853	514	2|7
854	4	3,4
854	7	1,2
854	489	4
854	492	4
854	506	4
854	507	4
854	513	2
854	514	2
855	7	1,2
855	489	4
855	492	4
855	500	4
855	501	4
855	513	2
855	514	2
856	7	1,2|10,12|6,8
856	489	4
856	492	4
856	500	4
856	501	4
856	513	12|2|8
856	514	12|2|8
857	7	1,2|6,8
857	489	4
857	492	4
857	503	4
857	504	4
857	513	2|8
857	514	2|8
858	7	1,2
858	489	4
858	492	4
858	503	4
858	504	4
858	513	2
858	514	2
859	0	6,7|9,10
859	7	1,2
859	455	10|7
859	456	10|7
859	458	10|7
859	486	10|7
859	513	2
859	514	2
860	0	6,7
860	7	1,2
860	455	7
860	456	7
860	458	7
860	486	7
860	513	2
860	514	2
861	3	8,11,12,13,14
861	7	1,2
861	513	2
861	514	2
862	7	1,2
862	513	2
862	514	2
863	7	1,2
863	513	2
863	514	2
864	7	1,2
864	513	2
864	514	2
865	0	8,9
865	7	1,2
865	455	9
865	456	9
865	458	9
865	486	9
865	513	2
865	514	2
866	7	1,2
866	513	2
866	514	2
874	7	15,16
874	71	15,16,17
874	443	15,16,17
875	7	9,10
875	71	9,10,11
875	443	9,10,11
876	60	4,5,6,7,10,11|4,5,6,7,8,9|6,7,10,11,16,17|6,7,8,9,16,17
877	86	7,8,9,10,11,12
877	474	5,7,8,9,10,11
877	756	11,12,13,17|5,11,12,17|5,7,8,9|5,9,11,12|9,11,12,13
877	757	11,12,13,17|5,11,12,17|5,7,8,9|5,9,11,12|9,11,12,13
878	7	8,9
878	513	9
878	514	9
879	7	9,10
879	513	10
879	514	10
880	7	3,4
880	513	4
880	514	4
881	7	11,12|8,9
881	71	11,12,13|8,9,10
881	443	11,12,13|8,9,10
881	756	1,2,3,4|1,2,3,5
881	757	1,2,3,4|1,2,3,5
882	756	1,2,3,4
882	757	1,2,3,4
883	62	5,7,8,9,10,11|6,7,8,9,10,11
883	756	1,2,3,4
883	757	1,2,3,4
884	756	2,3,4,5|3,4,5,8
884	757	2,3,4,5|3,4,5,8
886	7	17,18|30,31
886	71	30,31,32
886	443	30,31,32
886	513	18
886	514	18
886	756	7,9,10,11|9,10,11,27
886	757	7,9,10,11|9,10,11,27
888	7	16,17
888	513	17
888	514	17
889	7	5,6
889	513	6
889	514	6
890	7	11,12
891	492	20|29|6
891	493	20|29|6
891	501	20|29|6
891	502	20|29|6
891	511	29|6
891	649	13,14,15,16,17,18,19,20,23,24,25,26,27,28,29|6,7,8,9,10,11,12,13,14,15,16,17,18,19,20|6,7,8,9,10,11,12,13,23,24,25,26,27,28,29
892	7	7,8
892	71	7,8,9
892	443	7,8,9
892	756	3,4,5,6|4,5,6,7
892	757	3,4,5,6|4,5,6,7
894	7	7,8
894	513	8
894	514	8
897	7	12,13|8,9
897	71	12,13,14|8,9,10
897	443	12,13,14|8,9,10
899	489	6
899	492	6
899	503	6
899	504	6
899	511	6
900	489	6
900	492	6
900	500	6
900	501	6
900	511	6
901	489	5
901	492	5
901	503	5
901	504	5
901	511	5
903	489	4
903	492	4
903	500	4
903	501	4
903	511	4
905	489	3|7
905	492	3|7
905	503	3|7
905	504	3|7
905	511	3|7
907	489	2
907	492	2
907	503	2
907	504	2
907	511	2
908	489	2
908	492	2
908	503	2
908	504	2
908	511	2
909	7	12,13
909	71	12,13,14
909	443	12,13,14
910	7	3,4|5,6|7,8|9,10
910	513	10|4|6|8
910	514	10|4|6|8
912	756	1,3,5,6
912	757	1,3,5,6
913	7	5,17|7,8
913	52	5,6,7,9,10,11
913	71	7,8,9
913	86	5,6,10,11,12,13
913	96	2,3,4|5,6,17
913	153	2,3,4|5,6,17
913	443	7,8,9
913	513	17
913	514	17
913	756	10,12,13,14|12,13,14,16|4,10,12,13|4,12,13,16|4,5,6,10|4,5,6,7
913	757	10,12,13,14|12,13,14,16|4,10,12,13|4,12,13,16|4,5,6,10|4,5,6,7
914	7	10,11|6,7|8,9
914	513	11|7|9
914	514	11|7|9
915	165	19,20,21,22|31,32,33,34|7,8,9,10
915	524	19,20,21,22,23|31,32,33,34,35|7,8,9,10,11
916	0	11,12
916	72	2,3,4
916	116	3,4
916	134	3,4,5
916	172	2,3,4,5
916	174	2,3,4
916	383	1,2,3,4,5,6,7
916	455	12
916	456	12
916	458	12
916	486	12
917	6	0,1,2,3
917	7	1,2
917	76	0,1,3
917	123	1,2,3
917	495	1,2,3
917	497	1,2,3
918	85	1,2,8,9|5,6,8,9
918	90	1,2,8,9|5,6,8,9
918	340	6,7
918	489	1
918	490	6,7
918	492	1
918	756	2,5,8,9
918	757	2,5,8,9
919	7	4,16
919	85	1,2,3,4
919	90	1,2,3,4
919	96	3,4,16
919	153	3,4,16
919	489	1
919	492	1
919	513	16
919	514	16
919	748	4,5,6,7
919	749	5,6,7,13
919	756	2,3,4,5|3,4,5,15
919	757	2,3,4,5|3,4,5,15
920	98	6,9,10
920	99	6,7,8,9,10
920	489	1
920	492	1
921	489	1
921	492	1
923	489	1
923	492	1
924	91	1,4,5
924	95	0,1,2,4,5|0,1,3,4,5|1,2,3,4,5
924	136	1,4,5
924	489	1
924	492	1
925	492	1
925	493	1
926	7	5,6
926	71	5,6,7
926	443	5,6,7
926	489	1
926	492	1
927	7	5,6
927	489	1|8
927	492	1|8
927	513	6
927	514	6
928	489	1|8
928	492	1|8
929	6	8,11,12,13
929	7	11,12
929	123	11,12,13
929	489	1
929	492	1
929	497	11,12,13
929	499	11,12,13
930	6	9,11,12,13
930	7	11,12
930	123	11,12,13
930	489	1
930	492	1
930	497	11,12,13
930	499	11,12,13
931	489	1
931	492	1
932	489	1
932	492	1
933	489	1|11
933	492	1|11
934	489	1|8
934	492	1|8
934	517	5,6
935	489	1
935	492	1
936	7	11,12
936	489	1
936	492	1
936	511	1
936	513	12
936	514	12
936	522	11,12,13,19|9,11,12,13|9,11,12,19
937	478	10,11,12,13,14,15,16|11,12,13,14,15,16,17|12,13,14,15,16,17,18|13,14,15,16,17,18,19|14,15,16,17,18,19,20|15,16,17,18,19,20,21|16,17,18,19,20,21,22|9,10,11,12,13,14,15
937	489	1|28
937	492	1|28
937	511	1|28
938	489	1
938	492	1
938	511	1
939	72	8,9,10
939	87	2,3,8,9
939	88	2,3,8,9,10
939	91	1,2,3
939	95	0,1,2,3,11
939	116	8,9
939	136	1,2,3
939	174	8,9,10
939	756	2,3,4,7|2,3,7,8
939	757	2,3,4,7|2,3,7,8
940	0	15,20|16,17|24,29|25,26
940	455	17|20|26|29
940	456	17|20|26|29
940	458	17|20|26|29
940	486	17|20|26|29
940	489	1
940	492	1
940	511	1
941	489	1|14
941	492	1|14
941	511	1|14
943	4	13,14|4,5
943	492	14|5
943	493	14|5
943	507	14|5
943	508	14|5
945	0	11,12|12,13
946	0	7,8|8,9
947	0	11,12|12,13
949	10	37,38
949	122	37,38,39
949	166	37,38,39
949	518	37
950	10	37,38
950	122	37,38,39
950	166	37,38,39
950	518	37
951	71	19,20,21|23,24,25|26,27,28|29,30,31
952	71	19,20,21|23,24,25|26,27,28|29,30,31
953	11	8,15,16
953	91	7,8,9
953	95	7,8,9,10,14
953	98	7,8,15
953	136	7,8,9
953	469	7,8,15
953	489	9
953	492	9
953	500	9
953	501	9
953	511	9
953	750	4,7,8,9
954	44	11,12,13,14,15
954	91	1,3,4|3,4,10
954	95	0,1,2,3,4
954	136	1,3,4|3,4,10
954	489	1|10
954	492	1|10
955	91	1,3,4
955	95	0,1,2,3,4
955	136	1,3,4
955	489	1
955	492	1
955	756	4,5,6,7|4,6,7,8
955	757	4,5,6,7|4,6,7,8
956	489	1
956	492	1
956	511	1
956	763	1,2,3,10|1,6,7,8
956	764	1,2,3,10|1,6,7,8
956	765	1,2,3,10|1,6,7,8
956	766	1,2,3,10|1,6,7,8
956	771	1,2|1,7
956	772	1,2|1,7
956	773	1,2,3,10|1,6,7,8
957	91	1,9,10
957	95	0,1,2,9,10
957	136	1,9,10
957	489	1
957	492	1
957	511	1
958	7	10,22
958	489	1
958	492	1
958	511	1
958	513	22
958	514	22
958	522	10,11,17,22|8,10,11,22|8,10,17,22
958	765	10,11,17,22|8,10,11,17|8,10,11,22|8,10,17,22
958	766	10,11,17,22|8,10,11,17|8,10,11,22|8,10,17,22
958	767	8,9,10,17,22
958	768	8,9,10,11,22
959	489	1|13|16
959	492	1|13|16
959	511	1|13|16
960	7	7,16
960	85	4,5,7,8
960	90	4,5,7,8
960	91	4,5,10
960	136	4,5,10
960	489	1|10|8
960	492	1|10|8
960	503	10
960	504	10
960	511	1|10|8
960	513	16
960	514	16
960	756	3,4,5,6|3,4,5,7
960	757	3,4,5,6|3,4,5,7
961	489	1
961	492	1
961	511	1
961	765	5,9,10,13
961	766	5,9,10,13
961	774	5,9,10,13
962	10	7,10
962	49	7,8,10
962	130	3,7,8,10
962	145	7,8,10
962	169	3,7,8,10
962	489	8
962	492	8
962	518	10
963	7	5,8
963	15	4,5,6,7,8
963	78	4,5,6,7,8
963	165	5,6,7,8
963	472	4,5,6,7,8
964	4	5,6
964	7	7,8
964	12	0,1,2,3
964	71	7,8,9
964	443	7,8,9
964	446	7,8,9
964	489	6
964	492	6
964	506	6
964	507	6
965	0	4,5
965	12	0,1,2,3
965	454	5
965	455	5
965	457	5
965	458	5
966	12	0,1,2,3|10,11,12,13
967	519	1
968	7	14,15|5,6
968	71	14,15,16|5,6,7
968	443	14,15,16|5,6,7
968	519	1|9
969	519	1|13|22|9
970	108	1,2,3|2,3,4
970	110	1,2,3,4
970	466	1,2,3,4
971	0	9,14
971	4	4,6
971	7	12,13
971	108	1,2,3
971	116	4,5
971	134	3,4,5|4,5,6
971	135	3,4,5,6
971	455	14
971	456	14
971	458	14
971	486	14
971	513	13
971	515	13
972	0	4,5|4,6|4,7
972	2	1,4,5,6,7
972	7	2,3
972	111	1,2,3
973	0	8,10
973	111	1,2,3
973	458	10
973	486	10
973	705	4,5,6,7,8,9,10
974	11	1,14,15
974	49	1,2,14
974	111	1,2,3
974	145	1,2,14
974	471	0,1,2,14,15
975	0	2,15
975	7	12,14
975	71	12,13,14
975	443	12,13,14
975	454	15
975	455	15
975	457	15
975	458	15
975	747	0,1,2,3
975	749	0,1,2,3
975	756	0,1,2,3
975	757	0,1,2,3
976	7	9,10
976	513	10
976	514	10
976	746	0,1,2,3|2,3,4,5|8,11,12,13
976	748	0,1,2,3|2,3,4,5|8,11,12,13
976	756	0,1,2,3|2,3,4,5|8,11,12,13
976	757	0,1,2,3|2,3,4,5|8,11,12,13
976	758	2,3,4,5|8,11,12,13
976	759	0,1,2,3|2,3,4,5|8,11,12,13
976	765	4,5,6,9|5,8,9,10|7,8,9,11
976	766	4,5,6,9|5,8,9,10|7,8,9,11
976	769	9,10
976	770	9,10
976	774	5,8,9,10|7,8,9,11
977	0	3,15
977	4	12,14|9,11
977	68	2,3,4,5,15
977	454	15
977	455	15
977	457	15
977	458	15
977	489	1
977	492	1
977	765	2,6,7,8
977	766	2,6,7,8
977	774	2,6,7,8
978	489	1|11
978	492	1|11
978	511	11
978	763	2,9,10,11|8,9,10,11|8,9,11,13|9,10,11,13
978	764	2,9,10,11|8,9,10,11|8,9,11,13|9,10,11,13
978	765	2,9,10,11|8,9,10,11|8,9,10,13|8,9,11,13|9,10,11,13
978	766	2,9,10,11|8,9,10,11|8,9,10,13|8,9,11,13|9,10,11,13
978	771	10,11
978	772	10,11
978	773	2,9,10,11
979	0	6,7|6,8
979	489	1
979	492	1
980	53	1,2,7,8
980	56	10,11,12,13,15,16
980	144	1,2,7,8
980	489	1
980	492	1
980	756	10,11,12,15|3,10,11,12
980	757	10,11,12,15|3,10,11,12
981	11	4,12,13
981	85	1,2,4,5
981	90	1,2,4,5
981	98	4,5,12
981	489	1
981	492	1
981	756	2,3,4,5
981	757	2,3,4,5
982	4	8,10
982	53	3,4,5,6
982	108	5,6,7
982	116	8,9
982	134	7,8,9|8,9,10
982	135	7,8,9,10
982	144	3,4,5,6
983	473	1
984	0	1,4
984	4	2,3
984	454	4
984	455	4
984	457	4
984	458	4
984	459	4
984	462	4
984	489	3
984	492	3
985	7	3,23
985	91	0,1,10|2,3,4
985	95	2,3,4,5,9
985	96	2,3,23
985	136	0,1,10|2,3,4
985	153	2,3,23
985	489	6
985	492	6
985	511	6
985	765	4,5,6,17
985	766	4,5,6,17
985	771	4,5|5,6
985	772	4,5|5,6
986	756	1,4,5,6
986	757	1,4,5,6
987	0	9,10
987	454	10
987	455	10
987	457	10
987	458	10
988	4	2,4
988	85	0,1,2,3
988	90	0,1,2,3
989	489	3|5|7|9
989	492	3|5|7|9
989	500	5|7|9
989	501	5|7|9
989	511	3|5|7|9
991	4	13,15
991	340	11,12
991	489	11
991	490	11,12
991	492	11
991	763	3,4,5,11
991	764	3,4,5,11
991	765	3,4,5,11
991	766	3,4,5,11
991	771	4,11
991	772	4,11
991	773	3,4,5,11
993	478	12,13,14,15,16,17,18|13,14,15,16,17,18,19|2,3,4,5,6,7,8|3,4,5,6,7,8,9
994	116	5,6
994	119	3,4,5,6
994	148	4,5,6
994	489	4
994	492	4
995	128	3,7,8
995	489	3
995	492	3
995	500	3
995	501	3
996	4	5,10
996	84	4,5,11,12
996	91	3,4,5|4,5,10
996	95	2,3,4,5,8
996	96	4,5,6
996	136	3,4,5|4,5,10
996	153	4,5,6
996	489	10
996	492	10
996	506	10
996	507	10
997	492	3
997	493	3
997	504	3
997	505	3
998	464	4,5,6,7
998	467	0,1,2,3|8,9,10,11
999	56	4,5,6,7,8,9
999	467	0,1,2,3|10,11,12,13|3,4,6,7|6,7,8,10
999	468	4,5,6,7|6,7,8,9
999	756	4,6,7,8
999	757	4,6,7,8
1000	467	0,1,2,3|11,12,13,14|7,8,9,11
1000	468	7,8,9,10
1000	479	7,8,9,10
1001	467	0,1,2,3|16,17,18,19
1001	478	6,7,8,9,10,11,12|7,8,9,10,11,12,13
1002	467	0,1,2,3
1003	467	0,1,2,3
1003	476	4,5
1004	467	0,1,2,3|6,7,8,9
1005	467	0,1,2,3
1006	467	0,1,2,3|10,11,12,13|14,15,16,17
1007	467	0,1,2,3|8,9,10,11
1008	467	0,1,2,3
1009	91	0,1,2
1009	95	0,1,2,3,7
1009	136	0,1,2
1010	96	0,1,2
1010	97	0,1,2,3,4
1010	153	0,1,2
1010	467	2,3,5,6
1010	468	3,4,5,6
1010	479	3,4,5,6
1011	96	0,1,2
1011	97	0,1,2,3,4
1011	153	0,1,2
1012	489	1
1012	492	1
1012	756	2,3,4,5|2,5,6,7
1012	757	2,3,4,5|2,5,6,7
1013	489	1
1013	492	1
1014	476	6,7
1014	482	6,7
1014	484	6,7
1015	0	4,14
1015	6	0,1,2,3
1015	7	1,2
1015	123	1,2,3
1015	455	14
1015	456	14
1015	458	14
1015	486	14
1015	497	1,2,3
1015	499	1,2,3
1016	4	4,10
1016	6	0,1,2,3
1016	7	1,2
1016	123	1,2,3
1016	492	10
1016	493	10
1016	497	1,2,3
1016	499	1,2,3
1016	507	10
1016	508	10
1017	6	0,1,2,3
1017	7	1,2|6,7
1017	8	9,10,11
1017	123	1,2,3
1017	476	12,13
1017	482	12,13
1017	484	12,13
1017	497	1,2,3
1017	499	1,2,3
1017	513	7
1017	515	7
1018	6	0,1,2,3
1018	7	1,2
1018	8	10,11,12|6,7,8
1018	123	1,2,3
1018	476	13,14
1018	482	13,14
1018	484	13,14
1018	497	1,2,3
1018	499	1,2,3
1019	0	14,15|14,16|14,17|6,7|6,8|6,9
1019	2	10,14,15,16,17|5,6,7,8,9
1019	4	12,13
1019	6	0,1,2,3
1019	7	1,2
1019	123	1,2,3
1019	492	13
1019	493	13
1019	497	1,2,3
1019	499	1,2,3
1019	507	13
1019	508	13
1020	6	0,1,2,3
1020	7	1,2
1020	123	1,2,3
1020	497	1,2,3
1020	499	1,2,3
1021	6	0,1,2,3
1021	7	1,2|4,13
1021	123	1,2,3
1021	476	11,12|6,7
1021	482	11,12|6,7
1021	484	11,12|6,7
1021	497	1,2,3
1021	499	1,2,3
1021	513	13
1021	515	13
1022	6	0,1,2,3
1022	7	1,2
1022	123	1,2,3
1022	497	1,2,3
1022	499	1,2,3
1023	6	0,1,2,3
1023	7	1,2
1023	123	1,2,3
1023	497	1,2,3
1023	499	1,2,3
1024	0	18,19|18,20|18,21|8,10
1024	2	17,18,19,20,21
1024	6	0,1,2,3
1024	7	1,2
1024	50	8,9,10
1024	70	8,9,10
1024	123	1,2,3
1024	444	8,9,10
1024	457	10
1024	497	1,2,3
1024	499	1,2,3
1025	0	5,11|9,10
1025	6	0,1,2,3
1025	7	1,2|6,7
1025	123	1,2,3
1025	455	10|11
1025	456	10|11
1025	458	10|11
1025	460	10|11
1025	462	10|11
1025	486	10|11
1025	497	1,2,3
1025	499	1,2,3
1025	705	0,4,5,6,8,9,11
1026	4	11,12
1026	6	0,1,2,3|5,6,7,8
1026	7	1,2|6,7
1026	123	1,2,3|6,7,8
1026	492	12
1026	493	12
1026	497	1,2,3|6,7,8
1026	499	1,2,3|6,7,8
1026	507	12
1026	508	12
1027	0	11,12
1027	6	0,1,2,3|5,6,7,8
1027	7	1,2|6,7
1027	123	1,2,3|6,7,8
1027	455	12
1027	456	12
1027	458	12
1027	486	12
1027	497	1,2,3|6,7,8
1027	499	1,2,3|6,7,8
1027	705	0,4,5,9,10,11,12
1028	4	12,13
1028	6	0,1,2,3|5,6,7,8
1028	7	1,2|6,7
1028	123	1,2,3|6,7,8
1028	497	1,2,3|6,7,8
1028	499	1,2,3|6,7,8
1029	0	5,12
1029	6	0,1,2,3
1029	7	1,2
1029	123	1,2,3
1029	455	12
1029	456	12
1029	458	12
1029	460	12
1029	462	12
1029	486	12
1029	497	1,2,3
1029	499	1,2,3
1030	0	13,14
1030	4	11,15
1030	6	0,1,2,3
1030	7	1,2
1030	9	6,8,9,10
1030	123	1,2,3
1030	455	14
1030	456	14
1030	458	14
1030	486	14
1030	492	15
1030	493	15
1030	497	1,2,3
1030	499	1,2,3
1030	507	15
1030	508	15
1031	0	6,7
1031	6	0,1,2,3
1031	7	1,2
1031	8	9,10,11
1031	123	1,2,3
1031	455	7
1031	456	7
1031	458	7
1031	460	7
1031	462	7
1031	486	7
1031	497	1,2,3
1031	499	1,2,3
1032	6	0,1,2,3
1032	7	1,2
1032	8	10,11,12|6,7,8
1032	123	1,2,3
1032	497	1,2,3
1032	499	1,2,3
1033	6	0,1,2,3
1033	7	1,2
1033	8	11,12,13
1033	9	6,7,8,9
1033	123	1,2,3
1033	497	1,2,3
1033	499	1,2,3
1034	6	0,1,2,3
1034	7	1,2
1034	9	11,12,13,14|6,7,8,9
1034	123	1,2,3
1034	497	1,2,3
1034	499	1,2,3
1035	6	0,1,2,3
1035	7	1,2
1035	123	1,2,3
1035	497	1,2,3
1035	499	1,2,3
1036	1	9,10,11,12
1036	6	0,1,2,3
1036	7	1,2
1036	123	1,2,3
1036	497	1,2,3
1036	499	1,2,3
1037	6	0,1,2,3
1037	7	1,2
1037	123	1,2,3
1037	497	1,2,3
1037	499	1,2,3
1038	6	0,1,2,3
1038	7	1,2
1038	123	1,2,3
1038	497	1,2,3
1038	499	1,2,3
1039	6	4,5,6,7
1039	7	1,9|5,6
1039	8	10,12,13
1039	123	5,6,7
1039	497	5,6,7
1039	499	5,6,7
1042	0	5,10|5,9
1042	6	5,6,7,8
1042	7	6,8
1042	76	5,6,7
1042	123	6,7,8
1042	125	5,6,7,10|5,6,7,9
1042	495	6,7,8
1042	497	6,7,8
1043	9	15,17,18,19|27,29,30,31
1043	492	10|22
1043	493	10|22
1043	695	0,22|1,10
1044	9	14,17,18,19|24,27,28,29
1044	492	10|20
1044	493	10|20
1044	695	0,20|1,10
1045	0	12,13|12,14|12,15
1045	2	11,12,13,14,15
1045	4	4,5
1045	108	0,7,8|2,3,4
1046	7	3,5
1046	10	2,6
1046	71	3,4,5
1046	98	1,2,6
1046	443	3,4,5
1046	467	1,2,3,5
1046	468	1,2,3,4
1046	469	1,2,6
1046	518	6
1046	748	0,1,2,3
1046	759	0,1,2,3
1047	7	3,5
1047	71	3,4,5
1047	443	3,4,5
1047	467	1,2,3,5
1047	468	1,2,3,4
1047	748	0,1,2,3
1047	759	0,1,2,3
1048	0	16,17
1048	454	17
1048	455	17
1048	457	17
1048	458	17
1048	459	17
1048	462	17
1048	661	0,1,2,3,4,5,6,7,8,9,10,11,12,13,14
1048	748	0,6,14,15
1048	749	0,1,14,15
1048	759	0,6,14,15
1049	4	11,17
1049	7	15,16
1049	8	6,7,8
1049	492	1|17
1049	493	1|17
1049	507	17
1049	508	17
1049	513	16
1049	515	16
1050	7	5,6
1050	111	0,5,6
1051	7	6,7
1051	111	0,6,7
1052	7	4,5
1052	49	0,1,9|0,8,9
1052	111	3,4,5
1052	145	0,1,9|0,8,9
1052	170	0,1,8,9
1052	489	9
1052	492	9
1053	7	1,12|18,20|9,11
1053	71	18,19,20|9,10,11
1053	340	1,2
1053	443	18,19,20|9,10,11
1053	490	1,2
1053	492	2
1053	493	2
1054	4	4,5
1054	6	17,18,19,20
1054	7	18,19
1054	108	0,13,14|1,2,3|2,3,4
1054	110	1,2,3,4
1054	123	18,19,20
1054	497	18,19,20
1054	499	18,19,20
1055	7	10,11
1055	53	0,1,9,10
1055	111	0,10,11
1055	144	0,1,9,10
1055	306	0,1,2,8,9,10
1056	91	0,5,9
1056	95	0,4,5,6,9
1056	136	0,5,9
1056	489	5
1056	492	5
1056	500	5
1056	501	5
1056	511	5
1056	748	0,1,9,10
1057	7	6,7
1057	53	0,1,5,6
1057	111	0,6,7
1057	144	0,1,5,6
1058	49	0,1,6
1058	130	0,1,5,6
1058	145	0,1,6
1058	169	0,1,5,6
1058	492	11|6
1058	493	11|6
1058	501	11
1058	502	11
1059	7	9,16
1059	513	16
1059	514	16
1059	522	8,9,10,16
1061	6	1,2,3,4|10,11,12,13
1061	7	11,12|2,3
1061	8	5,6,7
1061	123	11,12,13|2,3,4
1061	476	14,15
1061	482	14,15
1061	484	14,15
1061	497	11,12,13|2,3,4
1061	499	11,12,13|2,3,4
1062	6	0,13,14,15|1,2,3,4|7,8,9,10
1062	7	13,14|2,3|8,9
1062	123	13,14,15|2,3,4|8,9,10
1062	497	13,14,15|2,3,4|8,9,10
1062	499	13,14,15|2,3,4|8,9,10
1063	4	0,13
1063	6	1,2,3,4|8,9,10,11
1063	7	2,3|9,10
1063	123	2,3,4|9,10,11
1063	492	13
1063	493	13
1063	497	2,3,4|9,10,11
1063	499	2,3,4|9,10,11
1063	507	13
1063	508	13
1064	0	1,2
1064	455	2
1064	456	2
1064	458	2
1064	460	2
1064	462	2
1064	486	2
1065	0	1,2
1065	455	2
1065	456	2
1065	458	2
1065	460	2
1065	462	2
1065	486	2
1065	492	7
1065	493	7
1065	504	7
1065	505	7
1066	6	0,14,15,16|2,3,4,5|7,10,11,12
1066	7	10,11|14,15|3,4
1066	123	10,11,12|14,15,16|3,4,5
1066	497	10,11,12|14,15,16|3,4,5
1066	499	10,11,12|14,15,16|3,4,5
1067	7	1,9|10,11|6,7
1067	513	11|7|9
1067	514	11|7
1067	515	9
1068	4	2,4|9,11
1069	4	5,7
1069	6	1,8,9,10
1069	7	8,9
1069	123	8,9,10
1069	492	11|7
1069	493	11|7
1069	497	8,9,10
1069	499	8,9,10
1069	501	11
1069	502	11
1069	507	7
1069	508	7
1070	6	1,8,9,10
1070	7	11,13|8,9
1070	71	11,12,13
1070	123	8,9,10
1070	445	11,12,13
1070	497	8,9,10
1070	499	8,9,10
1071	4	0,11
1071	492	11
1071	493	11
1071	507	11
1071	508	11
1072	4	0,12
1072	476	9,10
1072	492	12
1072	493	12
1072	507	12
1072	508	12
1073	4	1,8
1073	7	9,11
1073	71	9,10,11
1073	445	9,10,11
1073	492	8
1073	493	8
1073	507	8
1073	508	8
1074	0	2,3
1074	7	1,9
1074	8	5,7,8
1074	455	3
1074	456	3
1074	458	3
1074	460	3
1074	462	3
1074	476	10,11
1074	482	10,11
1074	484	10,11
1074	486	3
1074	513	9
1074	515	9
1075	0	1,7|2,3
1075	455	3|7
1075	456	3|7
1075	458	3|7
1075	460	3|7
1075	462	3|7
1075	486	3|7
1075	492	8
1075	493	8
1075	501	8
1075	502	8
1075	511	8
1076	7	19,21|3,5
1076	71	19,20,21|3,4,5
1076	445	19,20,21|3,4,5
1077	4	10,11
1077	7	1,13
1077	9	3,5,6,7
1077	492	11
1077	493	11
1077	507	11
1077	508	11
1077	513	13
1077	515	13
1078	0	1,8|4,7
1078	4	9,10
1078	455	7|8
1078	456	7|8
1078	458	7|8
1078	460	7|8
1078	462	7|8
1078	486	7|8
1079	9	6,8,9,10
1079	476	11,12
1079	482	11,12
1079	484	11,12
1080	0	0,9|5,7
1080	4	1,8
1080	455	7|9
1080	456	7|9
1080	458	7|9
1080	460	7|9
1080	462	7|9
1080	486	7|9
1080	492	8
1080	493	8
1080	507	8
1080	508	8
1081	7	1,9
1081	476	10,11|7,8
1081	482	10,11|7,8
1081	484	10,11|7,8
1081	513	9
1081	515	9
1082	7	7,8
1082	8	1,9,10
1082	513	8
1082	514	8
1084	7	1,10
1084	513	10
1084	515	10
1085	4	0,19
1085	492	19
1085	493	19
1085	507	19
1085	508	19
1086	7	1,14
1086	72	15,16,17
1086	116	16,17
1086	134	16,17,18
1086	172	15,16,17,18
1086	174	15,16,17
1086	513	14
1086	515	14
1087	0	1,12
1087	56	0,1,2,9,10,11
1087	96	0,1,13
1087	153	0,1,13
1087	182	0,1,2,3,8,9,10,11
1087	311	0,1,2,3,9,11,12
1087	454	12
1087	455	12
1087	457	12
1087	458	12
1087	756	0,1,2,9
1087	757	0,1,2,9
1088	0	2,3
1088	7	1,8|4,7
1088	9	9,11,12,13
1088	455	3
1088	456	3
1088	458	3
1088	486	3
1088	513	7|8
1088	515	7|8
1089	0	1,8|2,3|6,7
1089	4	0,9
1089	455	3|7|8
1089	456	3|7|8
1089	458	3|7|8
1089	486	3|7|8
1089	492	9
1089	493	9
1089	507	9
1089	508	9
1090	0	1,12|2,3
1090	7	13,14|13,15
1090	440	13,14,15
1090	441	13,14,15
1090	458	12|3
1090	486	12|3
1091	0	6,7
1091	4	2,3
1091	8	9,10,11
1091	455	7
1091	456	7
1091	458	7
1091	486	7
1091	492	3
1091	493	3
1091	507	3
1091	508	3
1091	705	0,1,2,4,5,6,7
1092	0	5,7
1092	4	2,3
1092	6	1,8,9,10
1092	7	8,9
1092	123	8,9,10
1092	455	7
1092	456	7
1092	458	7
1092	486	7
1092	492	11|3
1092	493	11|3
1092	497	8,9,10
1092	499	8,9,10
1092	501	11
1092	502	11
1092	507	3
1092	508	3
1092	511	11
1093	0	5,7
1093	4	2,3
1093	6	1,8,9,10
1093	7	8,9
1093	123	8,9,10
1093	455	7
1093	456	7
1093	458	7
1093	486	7
1093	492	11|3
1093	493	11|3
1093	497	8,9,10
1093	499	8,9,10
1093	501	11
1093	502	11
1093	507	3
1093	508	3
1093	511	11
1094	4	2,3
1094	492	10|3|8
1094	493	10|3|8
1094	504	10
1094	505	10
1094	507	3
1094	508	3
1095	7	1,10
1095	8	2,3,4
1095	476	11,12|8,9
1095	482	11,12|8,9
1095	484	11,12|8,9
1095	513	10
1095	515	10
1096	4	6,8
1096	6	1,9,10,11|12,13,14,15
1096	7	13,14|9,10
1096	8	2,3,4
1096	123	13,14,15|9,10,11
1096	137	12,13,15
1096	492	8
1096	493	8
1096	497	9,10,11
1096	499	9,10,11
1096	507	8
1096	508	8
1097	476	11,12
1097	482	11,12
1097	484	11,12
1099	84	0,1,2,3
1099	91	0,1,7
1099	136	0,1,7
1099	756	0,1,2,6|0,1,4,6
1099	757	0,1,2,6|0,1,4,6
1100	0	1,11|4,6
1100	3	0,12,13,14,15|3,7,8,9,10
1100	455	11|6
1100	456	11|6
1100	458	11|6
1100	460	11|6
1100	462	11|6
1100	486	11|6
1101	0	4,6
1101	7	1,9
1101	8	3,7,8
1101	455	6
1101	456	6
1101	458	6
1101	460	6
1101	462	6
1101	476	10,11
1101	482	10,11
1101	484	10,11
1101	486	6
1101	513	9
1101	515	9
1102	0	3,7|4,6
1102	4	1,8
1102	455	6|7
1102	456	6|7
1102	458	6|7
1102	476	9,10
1102	482	9,10
1102	484	9,10
1102	486	6|7
1102	492	8
1102	493	8
1102	507	8
1102	508	8
1103	4	0,9
1103	7	1,8
1103	492	9
1103	493	9
1103	507	9
1103	508	9
1103	513	8
1103	515	8
1104	7	9,10
1104	111	8,9,10
1105	7	10,12
1105	8	3,7,8
1105	71	10,11,12
1105	445	10,11,12
1106	0	1,9|7,8
1106	4	0,10
1106	455	8|9
1106	456	8|9
1106	458	8|9
1106	460	8|9
1106	462	8|9
1106	476	4,5
1106	482	4,5
1106	484	4,5
1106	486	8|9
1106	492	10
1106	493	10
1106	507	10
1106	508	10
1107	0	1,7|3,6
1107	4	8,10
1107	455	6|7
1107	456	6|7
1107	458	6|7
1107	486	6|7
1107	705	0,1,2,3,4,5,6
1108	0	1,7|3,6
1108	9	8,10,11,12
1108	455	6|7
1108	456	6|7
1108	458	6|7
1108	486	6|7
1108	705	0,1,2,3,4,5,6
1109	0	3,6
1109	7	10,12
1109	9	1,7,8,9
1109	71	10,11,12
1109	445	10,11,12
1109	455	6
1109	456	6
1109	458	6
1109	486	6
1109	705	0,1,2,3,4,5,6
1110	7	1,7|3,6|8,10
1110	71	8,9,10
1110	445	8,9,10
1110	513	6|7
1110	515	6|7
1111	7	1,7|3,6
1111	9	8,10,11,12
1111	513	6|7
1111	515	6|7
1112	476	6,7
1112	482	6,7
1112	484	6,7
1113	4	0,15
1113	492	12|15
1113	493	12|15
1113	501	12
1113	502	12
1113	507	15
1113	508	15
1114	0	1,7|4,6
1114	7	8,9
1114	455	6|7
1114	456	6|7
1114	458	6|7
1114	486	6|7
1114	513	9
1114	514	9
1115	7	1,5
1115	8	6,8,9
1115	513	5
1115	515	5
1116	7	8,9
1116	11	1,5,6
1116	111	7,8,9
1117	4	0,8
1117	492	8
1117	493	8
1117	507	8
1117	508	8
1118	0	10,11|10,12|10,13
1118	4	0,21
1118	9	16,18,19,20
1118	492	21
1118	493	21
1118	507	21
1118	508	21
1119	0	10,11|10,12|10,13
1119	2	9,10,11,12,13
1119	4	0,21
1119	9	16,18,19,20
1119	492	21
1119	493	21
1119	507	21
1119	508	21
1120	4	0,8
1120	476	2,3
1120	482	2,3
1120	484	2,3
1120	492	8
1120	493	8
1120	507	8
1120	508	8
1121	0	1,13
1121	9	14,16,17,18
1121	149	5,6,7
1121	340	5,6|6,7
1121	455	13
1121	456	13
1121	458	13
1121	486	13
1121	489	5
1121	490	5,6|6,7
1121	492	5
1121	494	5,6,7
1121	496	5,6,7
1122	0	4,5|6,12
1122	7	1,13
1122	455	12|5
1122	456	12|5
1122	458	12|5
1122	486	12|5
1122	513	13
1122	515	13
1123	0	4,5
1123	7	1,12
1123	458	5
1123	486	5
1123	513	12
1123	515	12
1124	0	0,13|4,5
1124	7	1,12
1124	455	13
1124	456	13
1124	458	13|5
1124	486	13|5
1124	513	12
1124	515	12
1125	0	6,11
1125	7	1,12
1125	458	11
1125	486	11
1125	513	12
1125	515	12
1126	7	1,11
1126	72	12,13,14
1126	116	13,14
1126	134	13,14,15
1126	172	12,13,14,15
1126	174	12,13,14
1126	513	11
1126	515	11
1127	7	1,9
1127	513	9
1127	515	9
1128	7	1,11
1128	72	12,13,14
1128	116	13,14
1128	134	13,14,15
1128	172	12,13,14,15
1128	174	12,13,14
1128	513	11
1128	515	11
1129	0	1,9
1129	455	9
1129	456	9
1129	458	9
1129	476	10,11
1129	482	10,11
1129	484	10,11
1129	486	9
1130	0	1,9|10,11
1130	454	11
1130	455	11|9
1130	456	9
1130	457	11
1130	458	11|9
1130	459	11
1130	462	11
1130	486	9
1131	0	1,9
1131	98	0,1,10
1131	454	9
1131	455	9
1131	457	9
1131	458	9
1131	756	0,1,2,7
1131	757	0,1,2,7
1132	7	1,9|15,17
1132	71	15,16,17
1132	96	0,1,9
1132	153	0,1,9
1132	443	15,16,17
1132	513	9
1132	514	9
1132	756	0,1,2,10|0,1,2,7
1132	757	0,1,2,10|0,1,2,7
1133	0	1,2
1133	7	7,8
1133	455	2
1133	456	2
1133	458	2
1133	486	2
1133	513	8
1133	514	8
1134	0	1,2
1134	7	6,7
1134	455	2
1134	456	2
1134	458	2
1134	476	8,9
1134	482	8,9
1134	484	8,9
1134	486	2
1134	513	7
1134	515	7
1135	0	1,2
1135	4	7,8
1135	455	2
1135	456	2
1135	458	2
1135	486	2
1136	0	1,2
1136	458	2
1136	476	13,14
1136	482	13,14
1136	484	13,14
1136	486	2
1137	9	7,9,10,11
1137	116	13,14
1137	134	12,13,14|13,14,15
1137	135	12,13,14,15
1138	4	1,10
1138	6	0,11,12,13
1138	7	11,12
1138	123	11,12,13
1138	492	10
1138	493	10
1138	497	11,12,13
1138	499	11,12,13
1138	507	10
1138	508	10
1139	4	1,10
1139	7	14,15
1139	492	10
1139	493	10
1139	507	10
1139	508	10
1139	513	15
1139	514	15
1140	4	1,9
1140	6	0,10,11,12
1140	7	10,11
1140	123	10,11,12
1140	492	9
1140	493	9
1140	497	10,11,12
1140	499	10,11,12
1140	507	9
1140	508	9
1141	4	1,9
1141	492	9
1141	493	9
1141	507	9
1141	508	9
1142	492	9
1142	493	9
1142	504	9
1142	505	9
1143	9	12,14,15,16
1143	492	9
1143	493	9
1143	504	9
1143	505	9
1144	4	8,10
1144	492	6
1144	493	6
1144	504	6
1144	505	6
1145	7	11,23|20,22
1145	71	20,21,22
1145	340	8,9
1145	445	20,21,22
1145	490	8,9
1145	492	8|9
1145	493	8|9
1145	513	23
1145	515	23
1146	0	1,15
1146	6	9,10,11,12
1146	7	10,11
1146	123	10,11,12
1146	455	15
1146	456	15
1146	458	15
1146	476	16,17
1146	482	16,17
1146	484	16,17
1146	486	15
1146	497	10,11,12
1146	499	10,11,12
1147	0	1,14
1147	8	9,10,11
1147	455	14
1147	456	14
1147	458	14
1147	476	15,16
1147	482	15,16
1147	484	15,16
1147	486	14
1148	4	1,17
1148	340	18,19
1148	490	18,19
1148	492	17|18|19
1148	493	17|18|19
1148	507	17
1148	508	17
1149	4	1,12
1149	8	18,19,20
1149	492	12
1149	493	12
1149	507	12
1149	508	12
1150	4	1,12|13,15
1150	492	12
1150	493	12
1150	507	12
1150	508	12
1151	4	1,12
1151	492	12
1151	493	12
1151	507	12
1151	508	12
1152	4	1,2|12,13
1152	108	7,8,9|8,9,10
1152	110	7,8,9,10
1152	466	7,8,9,10
1152	492	13|2
1152	493	13|2
1152	507	13|2
1152	508	13|2
1153	4	0,7|1,2
1153	492	2|7
1153	493	2|7
1153	507	2|7
1153	508	2|7
1154	0	1,12|3,4
1154	9	13,15,16,17|7,9,10,11
1154	455	12|4
1154	456	12|4
1154	458	12|4
1154	460	12|4
1154	462	12|4
1154	486	12|4
1154	705	0,1,2,3,4,5,6|0,1,2,3,5,6,12
1155	0	1,8|3,4|6,7
1155	9	11,13,14,15
1155	455	4|7|8
1155	456	4|7|8
1155	458	4|7|8
1155	460	4|7|8
1155	462	4|7|8
1155	486	4|7|8
1155	705	0,1,2,3,4,5,6|0,1,2,3,5,6,8
1156	4	1,8
1156	492	8
1156	493	8
1156	507	8
1156	508	8
1157	7	1,8|9,11
1157	71	9,10,11
1157	445	9,10,11
1157	513	8
1157	515	8
1158	7	1,8
1158	513	8
1158	515	8
1159	0	1,7|3,6
1159	4	10,11
1159	455	6|7
1159	456	6|7
1159	458	6|7
1159	486	6|7
1159	705	0,1,2,3,4,5,6|0,1,2,3,4,5,7
1160	0	1,9|3,4|5,8
1160	7	10,12
1160	71	10,11,12
1160	445	10,11,12
1160	455	4|8|9
1160	456	4|8|9
1160	458	4|8|9
1160	486	4|8|9
1160	705	0,1,2,3,4,5,6|0,1,2,3,5,6,9
1161	3	9,10,11,12,13
1161	4	3,8
1161	6	0,14,15,16
1161	7	14,15
1161	123	14,15,16
1161	492	8|9
1161	493	8|9
1161	497	14,15,16
1161	499	14,15,16
1161	504	9
1161	505	9
1161	507	8
1161	508	8
1162	4	1,9|3,4
1162	6	0,10,11,12
1162	7	10,11
1162	8	6,7,8
1162	123	10,11,12
1162	492	4|9
1162	493	4|9
1162	497	10,11,12
1162	499	10,11,12
1162	507	4|9
1162	508	4|9
1163	0	5,6
1163	4	0,9|1,8
1163	455	6
1163	456	6
1163	458	6
1163	486	6
1163	492	8|9
1163	493	8|9
1163	507	8|9
1163	508	8|9
1164	0	5,6
1164	455	6
1164	456	6
1164	458	6
1164	486	6
1165	0	3,7
1165	4	5,6
1165	6	0,10,11,12
1165	7	10,11
1165	123	10,11,12
1165	455	7
1165	456	7
1165	458	7
1165	486	7
1165	492	6|8
1165	493	6|8
1165	497	10,11,12
1165	499	10,11,12
1165	504	8
1165	505	8
1165	507	6
1165	508	6
1166	4	1,8
1166	6	0,9,10,11
1166	7	9,10
1166	123	9,10,11
1166	492	8
1166	493	8
1166	497	9,10,11
1166	499	9,10,11
1166	507	8
1166	508	8
1167	4	1,8
1167	492	8|9
1167	493	8|9
1167	507	8
1167	508	8
1170	4	1,8|3,7
1170	492	7|8
1170	493	7|8
1170	507	7|8
1170	508	7|8
1171	4	1,8|3,7
1171	492	7|8
1171	493	7|8
1171	507	7|8
1171	508	7|8
1172	4	1,8|3,7
1172	9	10,12,13,14
1172	492	7|8
1172	493	7|8
1172	507	7|8
1172	508	7|8
1173	4	3,7
1173	6	0,10,11,12
1173	7	10,11
1173	123	10,11,12
1173	492	7|8
1173	493	7|8
1173	497	10,11,12
1173	499	10,11,12
1173	504	8
1173	505	8
1173	507	7
1173	508	7
1174	4	3,7
1174	6	0,12,13,14
1174	7	10,11|12,13
1174	123	12,13,14
1174	492	7|8
1174	493	7|8
1174	497	12,13,14
1174	499	12,13,14
1174	504	8
1174	505	8
1174	507	7
1174	508	7
1174	513	11
1174	514	11
1175	7	1,12|3,4
1175	9	13,15,16,17|7,9,10,11
1175	513	12|4
1175	515	12|4
1176	4	3,5|9,10
1176	492	5
1176	493	5
1176	507	5
1176	508	5
1177	4	3,5
1177	8	7,9,10
1177	492	5
1177	493	5
1177	507	5
1177	508	5
1178	4	5,6
1178	9	8,10,11,12
1179	4	1,7
1179	9	8,10,11,12
1179	11	3,5,6
1179	492	7
1179	493	7
1179	507	7
1179	508	7
1180	4	1,10
1180	6	0,11,12,13
1180	7	11,12
1180	8	7,8,9
1180	11	3,4,5
1180	123	11,12,13
1180	492	10
1180	493	10
1180	497	11,12,13
1180	499	11,12,13
1180	507	10
1180	508	10
1181	0	14,17|22,25
1181	458	17|25
1181	486	17|25
1181	492	10|18
1181	493	10|18
1181	504	10|18
1181	505	10|18
1182	0	0,12|1,11|9,10
1182	455	10|11|12
1182	456	10|11|12
1182	458	10|11|12
1182	460	10|11|12
1182	462	10|11|12
1182	486	10|11|12
1182	705	0,1,2,3,8,9,11
1183	0	0,14
1183	4	9,10
1183	9	1,11,12,13
1183	455	14
1183	456	14
1183	458	14
1183	460	14
1183	462	14
1183	486	14
1183	492	10
1183	493	10
1183	507	10
1183	508	10
1184	7	1,9
1184	513	9
1184	515	9
1185	7	1,7|4,6|8,10
1185	71	8,9,10
1185	445	8,9,10
1185	513	6|7
1185	515	6|7
1186	7	4,6
1186	513	6
1186	515	6
1187	8	4,6,7
1188	0	1,6
1188	455	6
1188	456	6
1188	458	6
1188	460	6
1188	462	6
1188	486	6
1188	705	0,1,2,3,4,5,6
1189	0	0,8|1,7|5,6
1189	455	6|7|8
1189	456	6|7|8
1189	458	6|7|8
1189	460	6|7|8
1189	462	6|7|8
1189	486	6|7|8
1189	705	0,1,2,3,4,5,7
1190	0	0,8|1,7|5,6
1190	455	6|7|8
1190	456	6|7|8
1190	458	6|7|8
1190	460	6|7
1190	462	6|7
1190	486	6|7|8
1190	705	0,1,2,3,4,5,7
1191	0	0,8|1,7
1191	4	5,6
1191	455	7|8
1191	456	7|8
1191	458	7|8
1191	460	7
1191	462	7
1191	486	7|8
1191	492	6
1191	493	6
1191	507	6
1191	508	6
1191	705	0,1,2,3,4,5,7
1192	0	0,8
1192	7	1,7|5,6
1192	455	8
1192	456	8
1192	458	8
1192	460	8
1192	462	8
1192	486	8
1192	513	6|7
1192	515	6|7
1193	0	0,8
1193	7	1,7|5,6
1193	455	8
1193	456	8
1193	458	8
1193	486	8
1193	513	6|7
1193	515	6|7
1194	0	0,10
1194	8	1,8,9|5,6,7
1194	455	10
1194	456	10
1194	458	10
1194	486	10
1195	0	0,10|1,9
1195	9	5,6,7,8
1195	455	10|9
1195	456	10|9
1195	458	10|9
1195	460	10|9
1195	462	10|9
1195	486	10|9
1195	705	0,1,2,3,4,5,9
1196	0	0,10|1,9
1196	9	5,6,7,8
1196	455	10|9
1196	456	10|9
1196	458	10|9
1196	460	9
1196	462	9
1196	486	10|9
1196	705	0,1,2,3,4,5,9
1197	0	0,10|1,9
1197	9	5,6,7,8
1197	455	10|9
1197	456	10|9
1197	458	10|9
1197	486	10|9
1197	705	0,1,2,3,4,5,9
1199	4	1,6|7,9
1199	492	6
1199	493	6
1199	507	6
1199	508	6
1200	4	1,6
1200	7	7,9
1200	71	7,8,9
1200	445	7,8,9
1200	492	6
1200	493	6
1200	507	6
1200	508	6
1201	4	1,6
1201	492	6
1201	493	6
1201	507	6
1201	508	6
1202	4	6,7
1203	0	5,6
1203	455	6
1203	456	6
1203	458	6
1203	460	6
1203	462	6
1203	486	6
1204	0	0,8|1,7
1204	455	7|8
1204	456	7|8
1204	458	7|8
1204	460	8
1204	462	8
1204	486	7|8
1205	0	0,9
1205	4	7,8
1205	455	9
1205	456	9
1205	458	9
1205	460	9
1205	462	9
1205	486	9
1206	0	0,9
1206	4	7,8
1206	455	9
1206	456	9
1206	458	9
1206	486	9
1207	0	0,8
1207	7	1,7
1207	455	8
1207	456	8
1207	458	8
1207	486	8
1207	513	7
1207	515	7
1208	0	0,14
1208	4	12,13
1208	455	14
1208	456	14
1208	458	14
1208	486	14
1209	0	1,7|5,6
1209	455	6|7
1209	456	6|7
1209	458	6|7
1209	486	6|7
1210	0	1,7|5,6
1210	4	0,8
1210	455	6|7
1210	456	6|7
1210	458	6|7
1210	486	6|7
1210	492	8
1210	493	8
1210	507	8
1210	508	8
1211	4	0,9|5,6
1211	11	1,7,8
1211	492	6|9
1211	493	6|9
1211	507	6|9
1211	508	6|9
1212	7	5,6
1212	513	6
1212	515	6
1213	7	1,7|5,6
1213	513	6|7
1213	515	6|7
1214	0	1,8
1214	4	0,9
1214	8	5,6,7
1214	455	8
1214	456	8
1214	458	8
1214	486	8
1214	492	9
1214	493	9
1214	507	9
1214	508	9
1215	0	0,10
1215	8	1,8,9|5,6,7
1215	455	10
1215	456	10
1215	458	10
1215	460	10
1215	462	10
1215	486	10
1216	6	0,10,11,12
1216	7	10,11
1216	123	10,11,12
1216	492	7
1216	493	7
1216	497	10,11,12
1216	499	10,11,12
1216	501	7
1216	502	7
1217	4	1,7
1217	492	7
1217	493	7
1217	507	7
1217	508	7
1218	0	1,7|4,6
1218	7	8,10
1218	71	8,9,10
1218	445	8,9,10
1218	455	6|7
1218	456	6|7
1218	458	6|7
1218	486	6|7
1219	0	5,6
1219	4	0,8|1,7
1219	455	6
1219	456	6
1219	458	6
1219	486	6
1219	492	7|8
1219	493	7|8
1219	507	7|8
1219	508	7|8
1220	476	7,8
1220	482	7,8
1220	484	7,8
1221	3	3,4,5,6,7
1221	7	13,14|13,15
1221	440	13,14,15
1221	441	13,14,15
1222	0	14,16|20,23
1222	8	24,26,27|8,10,11
1222	131	2,3,4,5,17,18
1222	455	16|23
1222	456	16|23
1222	458	16|23
1222	464	3,4,17,18
1222	486	16|23
1223	7	12,14|5,6|9,11
1223	71	12,13,14|9,10,11
1223	443	9,10,11
1223	445	12,13,14
1223	513	6
1223	515	6
1224	4	9,10
1224	6	0,11,12,13
1224	7	11,12
1224	123	11,12,13
1224	497	11,12,13
1224	499	11,12,13
1225	6	0,10,11,12
1225	7	10,11
1225	123	10,11,12
1225	492	8
1225	493	8
1225	497	10,11,12
1225	499	10,11,12
1225	504	8
1225	505	8
1226	4	1,8
1226	492	8|9
1226	493	8|9
1226	507	8
1226	508	8
1227	4	1,8
1227	492	8
1227	493	8
1227	507	8
1227	508	8
1228	6	0,10,11,12
1228	7	10,11
1228	123	10,11,12
1228	492	8
1228	493	8
1228	497	10,11,12
1228	499	10,11,12
1228	504	8
1228	505	8
1229	9	11,13,14,15
1229	492	8
1229	493	8
1229	504	8
1229	505	8
1230	8	11,13,14
1230	492	8
1230	493	8
1230	504	8
1230	505	8
1231	492	11|8
1231	493	11|8
1231	504	8
1231	505	8
1233	489	12
1233	492	12
1233	500	12
1233	501	12
1234	4	1,5|6,8
1234	492	5
1234	493	5
1234	507	5
1234	508	5
1236	4	1,6|4,5
1236	6	12,13,14,15
1236	7	13,14
1236	123	13,14,15
1236	340	7,8
1236	490	7,8
1236	492	5|6|7|8
1236	493	5|6|7|8
1236	497	13,14,15
1236	499	13,14,15
1236	507	5|6
1236	508	5|6
1237	4	0,8
1237	8	1,2,3
1237	492	8
1237	493	8
1237	507	8
1237	508	8
1239	7	9,11
1239	71	9,10,11
1239	445	9,10,11
1239	489	6
1239	492	6
1239	500	6
1239	501	6
1240	7	12,14
1240	71	12,13,14
1240	445	12,13,14
1240	489	6
1240	492	6
1240	500	6
1240	501	6
1240	511	6
1241	9	20,23,24,25
1241	96	0,1,2
1241	102	0,1,26,27
1241	153	0,1,2
1241	476	26,27
1241	482	26,27
1241	483	26,27
1242	8	18,19,20|21,24,25
1242	96	0,1,2
1242	102	0,1,26,27
1242	153	0,1,2
1242	476	26,27
1242	482	26,27
1242	483	26,27
1243	4	0,11
1243	492	11
1243	493	11
1243	507	11
1243	508	11
1244	4	4,5
1244	8	0,10,11
1244	489	5
1244	492	5
1244	506	5
1244	507	5
1245	0	0,10|1,9|5,8|6,7
1245	73	1,2,9|2,5,8
1245	89	0,1,5,6,7,8|0,1,5,6,9,10
1245	98	0,1,2|2,5,6
1245	99	0,1,2,3,4|2,3,4,5,6
1245	158	1,2,3,4,9|2,3,4,5,8
1245	454	10|7|8|9
1245	455	10|7|8|9
1245	457	10|7|8|9
1245	458	10|7|8|9
1246	4	12,14|15,17|6,8|9,11
1246	56	0,1,12,13,15,16|3,4,6,7,9,10
1246	98	0,1,2|0,1,5|2,3,4|3,4,5
1246	756	0,1,12,15|3,4,6,9
1246	757	0,1,12,15|3,4,6,9
1247	9	5,7,8,9
1247	11	1,10,11
1248	9	5,7,8,9
1248	11	1,10,11
1248	476	12,13
1248	482	12,13
1248	484	12,13
1249	517	6,7
1250	4	1,9
1250	492	9
1250	493	9
1250	507	9
1250	508	9
1251	9	6,8,9,10
1251	10	1,11
1251	518	11
1252	9	6,8,9,10
1252	11	1,11,12
1253	4	4,5
1253	11	1,8,9
1253	492	5
1253	493	5
1253	507	5
1253	508	5
1254	9	7,9,10,11
1254	11	3,5,6
1254	149	12,13,14
1254	340	12,13|13,14
1254	490	12,13|13,14
1254	492	12
1254	493	12
1254	496	12,13,14
1254	498	12,13,14
1255	4	1,7
1255	9	8,10,11,12
1255	11	3,5,6
1255	492	7
1255	493	7
1255	507	7
1255	508	7
1256	4	8,10
1256	108	5,6,7
1257	0	1,5
1257	7	7,8
1257	111	6,7,8
1257	455	5
1257	456	5
1257	458	5
1257	486	5
1258	4	1,5
1258	492	5
1258	493	5
1258	507	5
1258	508	5
1259	4	1,6
1259	492	6
1259	493	6
1259	507	6
1259	508	6
1260	0	4,5
1260	11	12,14,15
1260	455	5
1260	456	5
1260	458	5
1260	460	5
1260	462	5
1260	486	5
1261	476	9,10
1261	482	9,10
1261	484	9,10
1262	4	1,8|9,11
1262	492	8
1262	493	8
1262	507	8
1262	508	8
1263	4	1,10
1263	9	11,13,14,15
1263	489	7
1263	492	10|7
1263	493	10
1263	500	7
1263	501	7
1263	507	10
1263	508	10
1263	511	7
1264	4	1,10
1264	489	7
1264	492	10|7
1264	493	10
1264	500	7
1264	501	7
1264	507	10
1264	508	10
1264	511	7
1265	0	7,10
1265	7	5,6
1265	458	10
1265	486	10
1265	489	16
1265	492	16
1265	500	16
1265	501	16
1265	513	6
1265	515	6
1266	0	6,7
1266	7	12,14|15,17
1266	71	15,16,17
1266	445	15,16,17
1266	455	7
1266	456	7
1266	458	7
1266	486	7
1267	0	15,17
1267	8	6,7,8
1267	50	15,16,17
1267	70	15,16,17
1267	444	15,16,17
1267	457	17
1268	8	10,15,16|11,13,14
1268	9	2,4,5,6
1268	91	0,1,19
1268	136	0,1,19
1268	489	19
1268	492	19
1268	503	19
1268	504	19
1268	511	19
1268	749	0,1,2,7
1268	750	0,1,2,19
1269	8	3,12,13|4,5,6|7,10,11
1269	91	0,1,18
1269	95	0,1,17,18,19
1269	136	0,1,18
1269	489	18
1269	492	18
1269	500	18
1269	501	18
1269	511	18
1269	748	0,1,2,14
1270	8	3,4,5
1270	91	0,1,14
1270	95	0,1,13,14,15
1270	136	0,1,14
1270	489	14
1270	492	14
1270	500	14
1270	501	14
1270	511	14
1270	748	0,1,2,10
1271	0	3,5
1271	50	3,4,5
1271	70	3,4,5
1271	442	3,4,5
1271	457	5
1271	748	0,1,2,11
1271	749	0,1,2,6
1271	759	0,1,2,11
1272	476	11,12
1273	8	13,15,16
1273	476	11,12
1274	476	10,11
1274	482	10,11
1274	484	10,11
1276	0	9,10
1276	4	0,11
1276	455	10
1276	456	10
1276	458	10
1276	460	10
1276	462	10
1276	486	10
1276	492	11
1276	493	11
1276	507	11
1276	508	11
1277	0	9,10
1277	455	10
1277	456	10
1277	458	10
1277	460	10
1277	462	10
1277	486	10
1277	492	11
1277	493	11
1277	501	11
1277	502	11
1277	511	11
1278	0	9,10
1278	7	0,11
1278	455	10
1278	456	10
1278	458	10
1278	460	10
1278	462	10
1278	486	10
1278	513	11
1278	515	11
1279	0	0,11
1279	4	9,10
1279	455	11
1279	456	11
1279	458	11
1279	460	11
1279	462	11
1279	486	11
1279	492	10
1279	493	10
1279	507	10
1279	508	10
1280	0	0,11
1280	4	9,10
1280	455	11
1280	456	11
1280	458	11
1280	486	11
1280	492	10
1280	493	10
1280	507	10
1280	508	10
1281	7	12,14
1281	71	12,13,14
1281	443	12,13,14
1281	446	12,13,14
1281	492	10
1281	493	10
1281	504	10
1281	505	10
1282	476	10,11
1282	482	10,11
1282	484	10,11
1283	84	0,1,10,11
1283	91	0,1,2|2,3,4
1283	95	0,1,2,3,7|1,2,3,4,7
1283	136	0,1,2|2,3,4
1283	489	2
1283	492	2
1283	500	2
1283	501	2
1283	511	2
1283	756	0,1,6,10|0,1,6,8|1,4,5,6
1283	757	0,1,6,10|0,1,6,8|1,4,5,6
1284	84	0,1,11,12
1284	91	0,1,2|2,3,4
1284	95	0,1,2,3,7|1,2,3,4,7
1284	136	0,1,2|2,3,4
1284	489	2
1284	492	2
1284	500	2
1284	501	2
1284	511	2
1284	756	0,1,6,11|0,1,6,9|1,4,5,6
1284	757	0,1,6,11|0,1,6,9|1,4,5,6
1285	7	8,9
1285	9	11,13,14,15
1285	513	9
1285	515	9
1286	0	9,10
1286	8	12,14,15
1286	455	10
1286	456	10
1286	458	10
1286	486	10
1287	0	0,11|9,10
1287	455	10|11
1287	456	10|11
1287	458	10|11
1287	460	10|11
1287	462	10|11
1287	486	10|11
1288	7	9,11
1288	71	9,10,11
1288	445	9,10,11
1289	0	2,7
1289	4	0,8
1289	7	5,6
1289	455	7
1289	456	7
1289	458	7
1289	460	7
1289	462	7
1289	486	7
1289	492	8
1289	493	8
1289	507	8
1289	508	8
1289	513	6
1289	515	6
1290	7	0,11
1290	96	0,1,11
1290	153	0,1,11
1290	513	11
1290	514	11
1290	756	0,1,2,5|6,7,8,9
1290	757	0,1,2,5|6,7,8,9
1292	7	8,10
1292	71	8,9,10
1292	445	8,9,10
1293	7	3,5|9,11
1293	71	3,4,5|9,10,11
1293	445	3,4,5|9,10,11
1294	3	0,13,14,15,16|2,3,4,5,6
1294	476	11,12
1295	7	12,14
1295	71	12,13,14
1295	445	12,13,14
1296	7	11,13
1296	71	11,12,13
1296	445	11,12,13
1297	7	10,12
1297	71	10,11,12
1297	445	10,11,12
1298	0	2,3
1298	7	9,11
1298	71	9,10,11
1298	443	9,10,11
1298	455	3
1298	456	3
1298	458	3
1298	486	3
1299	4	0,8|2,3|5,7
1299	492	3|7|8
1299	493	3|7|8
1299	507	3|7|8
1299	508	3|7|8
1300	3	0,7,8,9,10
1300	4	2,3
1300	492	3
1300	493	3
1300	507	3
1300	508	3
1301	492	12|3
1301	493	12|3
1301	501	12|3
1301	502	12|3
1301	511	12|3
1302	492	12|3
1302	493	12|3
1302	501	12|3
1302	502	12|3
1302	511	12|3
1305	756	0,1,2,11|0,1,2,7
1305	757	0,1,2,11|0,1,2,7
1306	7	11,13
1306	71	11,12,13
1306	443	11,12,13
1306	446	11,12,13
1306	489	14
1306	492	14
1306	503	14
1306	504	14
1307	489	11
1307	492	1|11
1307	493	1
1307	500	11
1307	501	11
1307	511	11
1308	0	8,9
1308	6	0,12,13,14|2,3,4,5
1308	7	12,13|3,4
1308	8	6,10,11
1308	123	12,13,14|3,4,5
1308	455	9
1308	456	9
1308	458	9
1308	460	9
1308	462	9
1308	486	9
1308	497	12,13,14|3,4,5
1308	499	12,13,14|3,4,5
1309	0	0,9
1309	7	4,5
1309	111	3,4,5
1309	455	9
1309	456	9
1309	458	9
1309	486	9
1311	0	2,7
1311	7	4,6
1311	455	7
1311	456	7
1311	458	7
1311	486	7
1311	492	8
1311	493	8
1311	501	8
1311	502	8
1311	513	6
1311	515	6
1312	0	2,8
1312	8	4,6,7
1312	455	8
1312	456	8
1312	458	8
1312	486	8
1312	492	9
1312	493	9
1312	501	9
1312	502	9
1313	0	2,8
1313	8	4,6,7
1313	455	8
1313	456	8
1313	458	8
1313	486	8
1314	4	2,8
1314	8	4,6,7
1314	492	8|9
1314	493	8|9
1314	501	9
1314	502	9
1314	507	8
1314	508	8
1315	7	2,7
1315	492	8
1315	493	8
1315	501	8
1315	502	8
1315	513	7
1315	515	7
1316	4	0,9
1316	49	0,1,5
1316	91	1,2,3
1316	130	0,1,5,9
1316	136	1,2,3
1316	145	0,1,5
1316	169	0,1,5,9
1316	489	1
1316	492	1
1316	511	1
1316	756	2,3,4,8
1316	757	2,3,4,8
1317	4	10,11|12,13
1317	6	5,6,7,8
1317	7	6,7
1317	123	6,7,8
1317	497	6,7,8
1317	499	6,7,8
1318	3	2,3,4,5,6
1318	476	9,10
1318	482	9,10
1318	484	9,10
1318	492	11
1318	493	11
1318	501	11
1318	502	11
1319	0	12,13
1319	3	2,3,4,5,6
1319	69	10,11,12,13
1319	454	13
1319	455	13
1319	457	13
1319	458	13
1320	0	11,12|11,13
1320	3	2,3,4,5,6
1320	68	10,11,12,13,14
1321	7	0,8
1321	513	8
1321	515	8
1322	0	9,10
1322	73	8,9,10
1322	454	10
1322	455	10
1322	457	10
1322	458	10
1323	492	7
1323	493	7
1323	501	7
1323	502	7
1323	511	7
1324	6	13,14,15,16
1324	7	14,15
1324	123	14,15,16
1324	476	3,4
1324	482	3,4
1324	484	3,4
1324	497	14,15,16
1324	499	14,15,16
1325	0	12,13
1325	455	13
1325	456	13
1325	458	13
1325	476	3,4
1325	482	3,4
1325	484	3,4
1325	486	13
1326	4	2,3
1326	492	3|8
1326	493	3|8
1326	501	8
1326	502	8
1326	507	3
1326	508	3
1327	4	2,3
1327	492	3
1327	493	3
1327	507	3
1327	508	3
1328	0	6,7|6,8|6,9
1328	2	0,6,7,8,9
1328	4	2,3
1328	492	3
1328	493	3
1328	507	3
1328	508	3
1329	0	8,10
1329	455	10
1329	456	10
1329	458	10
1329	486	10
1330	8	8,10,11
1330	492	12
1330	493	12
1330	501	12
1330	502	12
1331	0	6,7|6,8|6,9
1331	49	0,1,5
1331	107	0,1,2,10
1331	145	0,1,5
1332	4	13,14
1332	492	15|3
1332	493	15|3
1332	501	15
1332	502	15
1332	504	3
1332	505	3
1332	511	15
1332	695	11,13
1333	3	0,8,9,10,11
1333	7	2,3|5,7
1333	513	3|7
1333	515	3|7
1334	8	2,3,4|6,8,9
1335	8	2,3,4|6,8,9
1335	492	10
1335	493	10
1335	501	10
1335	502	10
1336	7	8,10
1336	8	2,3,4
1336	71	8,9,10
1336	445	8,9,10
1337	8	13,15,16
1337	476	7,8
1337	482	7,8
1337	484	7,8
1337	492	17
1337	493	17
1337	501	17
1337	502	17
1337	511	17
1338	9	2,3,4,5|7,9,10,11
1339	0	3,4
1339	4	0,7
1339	455	4
1339	456	4
1339	458	4
1339	460	4
1339	462	4
1339	486	4
1339	492	7
1339	493	7
1339	507	7
1339	508	7
1341	8	6,8,9
1342	492	6
1342	493	6
1342	504	6
1342	505	6
1343	0	9,10
1343	69	7,8,9,10
1343	454	10
1343	455	10
1343	457	10
1343	458	10
1344	492	7
1344	493	7
1344	504	7
1344	505	7
1345	0	15,16
1345	69	13,14,15,16
1345	454	16
1345	455	16
1345	457	16
1345	458	16
1346	91	1,2,3
1346	136	1,2,3
1346	489	1
1346	492	1
1346	511	1
1346	756	3,4,5,6
1346	757	3,4,5,6
1347	0	5,6
1347	4	0,7
1347	455	6
1347	456	6
1347	458	6
1347	486	6
1347	492	7
1347	493	7
1347	507	7
1347	508	7
1348	4	0,7|5,6
1348	492	6|7
1348	493	6|7
1348	507	6|7
1348	508	6|7
1349	492	6
1349	493	6
1349	504	6
1349	505	6
1350	8	0,6,7
1351	4	0,10
1351	492	10
1351	493	10
1351	507	10
1351	508	10
1352	7	0,10
1352	513	10
1352	515	10
1353	138	5,6,7,8
1354	7	0,7
1354	513	7
1354	515	7
1355	4	12,14
1355	492	10
1355	493	10
1355	504	10
1355	505	10
1356	4	11,13|9,10
1356	492	10
1356	493	10
1356	507	10
1356	508	10
1357	0	11,12|11,13|11,14
1357	2	0,11,12,13,14
1357	4	9,10
1357	492	10
1357	493	10
1357	507	10
1357	508	10
1358	4	9,10
1358	492	10|11
1358	493	10|11
1358	501	11
1358	502	11
1358	507	10
1358	508	10
1358	511	11
1359	4	11,12
1360	6	5,6,7,8
1360	7	6,7
1360	123	6,7,8
1360	497	6,7,8
1360	499	6,7,8
1361	3	0,9,10,11,12
1363	7	12,14
1363	71	12,13,14
1363	445	12,13,14
1364	4	14,15
1365	4	13,15
1365	465	11,12,13,14,16
1366	476	10,11|12,13
1366	482	10,11|12,13
1366	483	10,11|12,13
1367	7	9,10
1367	49	0,1,4
1367	130	0,1,4,6
1367	145	0,1,4
1367	169	0,1,4,6
1367	489	1
1367	492	1
1367	511	1
1367	513	10
1367	515	10
1368	0	11,14|5,6
1368	49	0,1,4
1368	130	0,1,4,7
1368	145	0,1,4
1368	169	0,1,4,7
1368	454	6
1368	455	14|6
1368	456	14
1368	457	6
1368	458	14|6
1368	486	14
1368	489	1
1368	492	1
1368	511	1
1369	49	0,1,4
1369	130	0,1,4,5
1369	145	0,1,4
1369	169	0,1,4,5
1369	489	1
1369	492	1
1369	511	1
1370	7	12,14
1370	71	12,13,14
1370	445	12,13,14
1371	4	0,7
1371	492	7
1371	493	7
1371	507	7
1371	508	7
1372	4	23,24
1372	8	15,16,17|18,21,22
1373	4	0,8
1373	492	8
1373	493	8
1373	507	8
1373	508	8
1374	0	3,4
1374	455	4
1374	456	4
1374	458	4
1374	486	4
1376	4	0,7|5,6
1376	492	6|7
1376	493	6|7
1376	507	6|7
1376	508	6|7
1377	8	0,6,7
1378	11	0,6,7
1380	4	0,6
1380	492	6
1380	493	6
1380	507	6
1380	508	6
1381	0	6,7
1381	458	7
1381	486	7
1384	60	0,1,2,3,4,5|0,1,4,5,6,7
1385	7	1,2|1,3
1385	8	4,9,10
1385	440	1,2,3
1385	441	1,2,3
1386	7	1,2|1,3|4,5
1386	440	1,2,3
1386	441	1,2,3
1386	513	5
1386	515	5
1387	7	1,2|1,3
1387	8	10,11,12|4,5,6
1387	440	1,2,3
1387	441	1,2,3
1388	0	5,6
1388	7	1,2|1,3
1388	440	1,2,3
1388	441	1,2,3
1388	455	6
1388	456	6
1388	458	6
1388	460	6
1388	462	6
1388	486	6
1389	0	1,2|2,3
1389	7	13,14
1389	71	13,14,15
1389	445	13,14,15
1389	455	2
1389	456	2
1389	458	2
1389	486	2
1390	6	1,2,3,4
1390	7	2,3
1390	8	8,10,11
1390	123	2,3,4
1390	497	2,3,4
1390	499	2,3,4
1391	7	1,2|4,9
1391	71	1,2,3
1391	445	1,2,3
1391	513	9
1391	515	9
1392	7	1,2|4,9
1392	71	1,2,3
1392	445	1,2,3
1392	513	9
1392	515	9
1393	0	4,5
1393	7	1,2
1393	71	1,2,3
1393	445	1,2,3
1393	455	5
1393	456	5
1393	458	5
1393	486	5
1394	6	0,12,13,14
1394	7	12,13
1394	91	2,3,4
1394	95	2,3,4,5,6
1394	102	2,3,7,8
1394	123	12,13,14
1394	136	2,3,4
1394	468	2,3,7,8
1394	476	7,8
1394	482	7,8
1394	483	7,8
1394	489	4
1394	492	4
1394	497	12,13,14
1394	499	12,13,14
1394	500	4
1394	501	4
1394	750	1,2,3,4
1395	6	0,8,9,10
1395	7	2,3|8,9
1395	123	8,9,10
1395	492	6
1395	493	6
1395	497	8,9,10
1395	499	8,9,10
1395	504	6
1395	505	6
1396	4	1,11|6,10|8,9
1396	6	0,12,13,14|2,3,4,5
1396	7	12,13|3,4
1396	123	12,13,14|3,4,5
1396	492	10|11|9
1396	493	10|11|9
1396	497	12,13,14|3,4,5
1396	499	12,13,14|3,4,5
1396	507	10|11|9
1396	508	10|11|9
1397	4	8,9
1397	6	0,11,12,13|2,3,4,5
1397	7	11,12|3,4
1397	123	11,12,13|3,4,5
1397	492	9
1397	493	9
1397	497	11,12,13|3,4,5
1397	499	11,12,13|3,4,5
1397	507	9
1397	508	9
1398	0	0,9|1,8|2,3|6,7
1398	455	3|7|8|9
1398	456	3|7|8|9
1398	458	3|7|8|9
1398	460	3|7|8|9
1398	462	3|7|8|9
1398	486	3|7|8|9
1398	705	0,1,2,4,5,6,7
1399	0	0,11|2,3|6,7
1399	9	1,8,9,10
1399	455	11|3|7
1399	456	11|3|7
1399	458	11|3|7
1399	460	11|3|7
1399	462	11|3|7
1399	486	11|3|7
1399	705	0,1,2,4,5,6,7
1400	0	0,9|2,3
1400	7	1,8|6,7
1400	455	3|9
1400	456	3|9
1400	458	3|9
1400	460	3|9
1400	462	3|9
1400	486	3|9
1400	513	7|8
1400	515	7|8
1401	0	0,8|1,7|2,3|5,6
1401	455	3|6|7|8
1401	456	3|6|7|8
1401	458	3|6|7|8
1401	460	3|6|7|8
1401	462	3|6|7|8
1401	486	3|6|7|8
1402	7	1,9|10,12|3,5
1402	71	10,11,12|3,4,5
1402	445	10,11,12|3,4,5
1402	513	9
1402	515	9
1403	3	2,3,4,5,6|8,11,12,13,14
1403	4	9,10
1403	476	16,17
1403	492	10
1403	493	10
1403	507	10
1403	508	10
1404	7	1,11
1404	513	11
1404	515	11
1405	3	10,11,12,13,14
1406	0	13,19|15,18
1406	455	18|19
1406	456	18|19
1406	458	18|19
1406	486	18|19
1407	9	8,10,11,12
1407	476	6,7
1407	482	6,7
1407	484	6,7
1408	0	9,12
1408	455	12
1408	456	12
1408	458	12
1408	486	12
1408	696	0,18
1409	0	0,11|2,9
1409	7	1,10
1409	9	5,6,7,8
1409	455	11|9
1409	456	11|9
1409	458	11|9
1409	460	11|9
1409	462	11|9
1409	486	11|9
1409	513	10
1409	515	10
1410	7	1,10
1410	8	11,13,14
1410	476	3,4|8,9
1410	482	3,4|8,9
1410	484	3,4|8,9
1410	513	10
1410	515	10
1411	7	13,14|6,10
1411	513	10|14
1411	514	14
1411	515	10
1412	7	2,16
1412	513	16
1412	515	16
1413	7	1,10
1413	513	10
1413	515	10
1414	7	1,12
1414	513	12
1414	515	12
1415	0	0,11|2,3
1415	8	1,9,10|6,7,8
1415	455	11|3
1415	456	11|3
1415	458	11|3
1415	486	11|3
1416	0	1,22|2,3
1416	7	23,24|23,25
1416	440	23,24,25
1416	441	23,24,25
1416	458	22|3
1416	478	13,14,15,16,17,18,19|14,15,16,17,18,19,20
1416	486	22|3
1417	0	1,8|2,3|5,7
1417	7	9,10
1417	71	9,10,11
1417	445	9,10,11
1417	455	3|7|8
1417	456	3|7|8
1417	458	3|7|8
1417	486	3|7|8
1418	0	0,8|1,7|2,3|5,6
1418	455	3|6|7|8
1418	456	3|6|7|8
1418	458	3|6|7|8
1418	486	3|6|7|8
1419	0	15,16|15,17|15,18
1419	2	0,15,16,17,18
1419	4	2,3
1419	492	3
1419	493	3
1419	507	3
1419	508	3
1420	4	11,13|2,3|8,10
1420	11	5,6,7
1420	492	3
1420	493	3
1420	507	3
1420	508	3
1421	0	1,9|5,6
1421	455	6|9
1421	456	6|9
1421	458	6|9
1421	460	6|9
1421	462	6|9
1421	486	6|9
1422	7	2,3
1422	9	10,11,12,13
1422	111	9,10,11
1422	513	3
1422	515	3
1423	7	2,3
1423	513	3
1423	515	3
1424	0	6,7
1424	7	1,8|2,3
1424	455	7
1424	456	7
1424	458	7
1424	460	7
1424	462	7
1424	476	9,10
1424	482	9,10
1424	484	9,10
1424	486	7
1424	513	3|8
1424	515	3|8
1425	0	8,9
1425	7	1,10
1425	9	2,3,4,5
1425	455	9
1425	456	9
1425	458	9
1425	460	9
1425	462	9
1425	476	11,12
1425	482	11,12
1425	484	11,12
1425	486	9
1425	513	10
1425	515	10
1427	7	1,12
1427	9	13,15,16,17
1427	513	12
1427	515	12
1428	7	1,12
1428	9	13,15,16,17
1428	513	12
1428	515	12
1429	7	1,11
1429	9	12,14,15,16
1429	513	11
1429	515	11
1430	0	6,10
1430	7	1,11
1430	9	12,14,15,16
1430	455	10
1430	456	10
1430	458	10
1430	460	10
1430	462	10
1430	486	10
1430	513	11
1430	515	11
1431	7	1,10
1431	9	11,13,14,15
1431	513	10
1431	515	10
1432	7	14,16
1432	9	9,11,12,13
1432	71	14,15,16
1432	445	14,15,16
1433	0	1,8|3,7|4,6
1433	7	9,10
1433	71	9,10,11
1433	445	9,10,11
1433	455	6|7|8
1433	456	6|7|8
1433	458	6|7|8
1433	486	6|7|8
1434	7	1,7
1434	476	8,9
1434	482	8,9
1434	484	8,9
1434	513	7
1434	515	7
1435	7	12,14
1435	71	12,13,14
1435	72	9,10,15
1435	116	9,15
1435	174	9,10,15
1435	443	12,13,14
1436	7	0,9
1436	513	9
1436	515	9
1437	0	3,6
1437	4	1,7
1437	455	6
1437	456	6
1437	458	6
1437	460	6
1437	462	6
1437	486	6
1437	492	7
1437	493	7
1437	507	7
1437	508	7
1437	705	0,1,2,3,4,5,6
1438	4	3,7
1438	7	1,8
1438	9	9,11,12,13
1438	492	7
1438	493	7
1438	507	7
1438	508	7
1438	513	8
1438	515	8
1439	0	1,11|9,10
1439	4	6,7
1439	8	0,12,13
1439	455	10|11
1439	456	10|11
1439	458	10|11
1439	486	10|11
1440	8	0,14,15|1,12,13|4,6,7|9,10,11
1441	0	1,10
1441	7	0,11
1441	8	7,8,9
1441	455	10
1441	456	10
1441	458	10
1441	476	4,5
1441	482	4,5
1441	484	4,5
1441	486	10
1441	513	11
1441	515	11
1442	7	1,8|9,11
1442	71	9,10,11
1442	445	9,10,11
1442	513	8
1442	515	8
1443	7	1,14
1443	340	5,6
1443	476	15,16
1443	482	15,16
1443	484	15,16
1443	490	5,6
1443	492	5|6
1443	493	5|6
1443	513	14
1443	515	14
1444	0	4,6
1444	8	1,7,8
1444	455	6
1444	456	6
1444	458	6
1444	460	6
1444	462	6
1444	476	9,10
1444	482	9,10
1444	484	9,10
1444	486	6
1445	7	1,8
1445	8	0,9,10
1445	476	6,7
1445	482	6,7
1445	484	6,7
1445	513	8
1445	515	8
1446	7	1,8
1446	476	6,7
1446	482	6,7
1446	484	6,7
1446	513	8
1446	515	8
1447	7	0,11
1447	9	1,8,9,10
1447	476	6,7
1447	482	6,7
1447	484	6,7
1447	513	11
1447	515	11
1448	4	1,15|11,14
1448	492	14|15
1448	493	14|15
1448	507	14|15
1448	508	14|15
1448	649	0,1,2,3,4,5,6,7,8,9,11,12,13,14,15
1449	476	7,8
1449	482	7,8
1449	484	7,8
1450	476	9,10
1450	482	9,10
1450	484	9,10
1450	696	0,11
1451	0	0,9
1451	9	1,6,7,8
1451	458	9
1451	486	9
1452	4	0,9
1452	9	1,6,7,8
1452	492	9
1452	493	9
1452	507	9
1452	508	9
1453	0	1,7|5,6
1453	455	6|7
1453	456	6|7
1453	458	6|7
1453	486	6|7
1454	7	5,6
1454	476	7,8
1454	482	7,8
1454	484	7,8
1454	513	6
1454	514	6
1455	102	10,11,12,13
1455	468	10,11,12,13
1455	476	12,13
1455	482	12,13
1455	483	12,13
1455	748	1,10,11,12
1455	759	1,10,11,12
1456	4	3,7|5,6
1456	6	0,11,12,13
1456	7	11,12
1456	123	11,12,13
1456	492	6|7|8
1456	493	6|7|8
1456	497	11,12,13
1456	499	11,12,13
1456	501	8
1456	502	8
1456	507	6|7
1456	508	6|7
1457	0	1,8
1457	455	8
1457	456	8
1457	458	8
1457	486	8
1457	705	0,1,2,3,5,6,8
1458	0	1,9
1458	4	0,10
1458	8	6,7,8
1458	455	9
1458	456	9
1458	458	9
1458	486	9
1458	492	10
1458	493	10
1458	507	10
1458	508	10
1459	0	3,4
1459	4	1,9
1459	6	0,10,11,12
1459	7	10,11
1459	8	6,7,8
1459	123	10,11,12
1459	455	4
1459	456	4
1459	458	4
1459	486	4
1459	492	9
1459	493	9
1459	497	10,11,12
1459	499	10,11,12
1459	507	9
1459	508	9
1460	4	0,11|1,10
1460	10	4,5|8,9
1460	492	10|11
1460	493	10|11
1460	507	10|11
1460	508	10|11
1460	518	5|9
1461	4	1,8
1461	6	0,9,10,11
1461	7	9,10
1461	123	9,10,11
1461	492	8
1461	493	8
1461	497	9,10,11
1461	499	9,10,11
1461	507	8
1461	508	8
1462	4	5,6
1462	492	11|6|8
1462	493	11|6|8
1462	501	8
1462	502	8
1462	507	6
1462	508	6
1463	0	4,6
1463	455	6
1463	456	6
1463	458	6
1463	486	6
1464	0	0,11|1,10
1464	455	10|11
1464	456	10|11
1464	458	10|11
1464	460	10|11
1464	462	10|11
1464	486	10|11
1464	705	0,1,2,3,4,5,10
1465	0	0,13
1465	9	1,10,11,12
1465	455	13
1465	456	13
1465	458	13
1465	460	13
1465	462	13
1465	486	13
1466	0	0,13
1466	9	1,10,11,12
1466	455	13
1466	456	13
1466	458	13
1466	486	13
1467	0	0,8
1467	7	1,7
1467	455	8
1467	456	8
1467	458	8
1467	486	8
1467	513	7
1467	515	7
1468	0	5,6
1468	4	0,8|1,7
1468	455	6
1468	456	6
1468	458	6
1468	486	6
1468	492	7|8
1468	493	7|8
1468	507	7|8
1468	508	7|8
1469	4	0,8|1,7|5,6
1469	492	6|7|8
1469	493	6|7|8
1469	507	6|7|8
1469	508	6|7|8
1470	4	0,9|5,6
1470	492	6|7|9
1470	493	6|7|9
1470	504	7
1470	505	7
1470	507	6|9
1470	508	6|9
1471	4	0,8|5,6
1471	10	1,7
1471	492	6|8
1471	493	6|8
1471	507	6|8
1471	508	6|8
1471	518	7
1472	4	0,8|1,7
1472	7	5,6
1472	492	7|8
1472	493	7|8
1472	507	7|8
1472	508	7|8
1472	513	6
1472	515	6
1473	0	0,9|1,8
1473	8	5,6,7
1473	455	8|9
1473	456	8|9
1473	458	8|9
1473	460	9
1473	462	9
1473	486	8|9
1474	7	12,14
1474	71	12,13,14
1474	445	12,13,14
1475	7	13,15
1475	8	5,6,7
1475	71	13,14,15
1475	445	13,14,15
1476	0	1,13|11,12
1476	8	5,6,7
1476	455	12|13
1476	456	12|13
1476	458	12|13
1476	486	12|13
1476	705	0,1,2,3,10,11,13
1477	0	6,10
1477	7	12,14
1477	71	12,13,14
1477	445	12,13,14
1477	458	10
1477	486	10
1478	0	1,11|9,10
1478	455	10|11
1478	456	10|11
1478	458	10|11
1478	486	10|11
1478	705	0,1,2,3,8,9,11
1479	0	10,13
1479	4	14,15
1479	455	13
1479	456	13
1479	458	13
1479	486	13
1480	0	1,7|5,6
1480	4	0,8
1480	455	6|7
1480	456	6|7
1480	458	6|7
1480	486	6|7
1480	492	8
1480	493	8
1480	507	8
1480	508	8
1481	0	0,8|1,7
1481	4	5,6
1481	455	7|8
1481	456	7|8
1481	458	7|8
1481	486	7|8
1481	492	6
1481	493	6
1481	507	6
1481	508	6
1482	0	0,6
1482	455	6
1482	456	6
1482	458	6
1482	460	6
1482	462	6
1482	486	6
1483	0	17,18
1483	4	4,5
1483	340	13,14
1483	455	18
1483	456	18
1483	458	18
1483	486	18
1483	490	13,14
1483	492	13|14|5
1483	493	13|14|5
1483	507	5
1483	508	5
1484	0	15,16
1484	4	4,5
1484	340	12,13
1484	455	16
1484	456	16
1484	458	16
1484	486	16
1484	490	12,13
1484	492	12|13|5
1484	493	12|13|5
1484	507	5
1484	508	5
1485	4	4,5
1485	8	18,19,20
1485	340	13,14
1485	490	13,14
1485	492	13|14|5
1485	493	13|14|5
1485	507	5
1485	508	5
1486	0	16,17|9,10
1486	4	4,5
1486	340	13,14
1486	455	10|17
1486	456	10|17
1486	458	10|17
1486	486	10|17
1486	490	13,14
1486	492	13|14|5
1486	493	13|14|5
1486	507	5
1486	508	5
1487	0	9,10
1487	4	4,5
1487	340	13,14
1487	455	10
1487	456	10
1487	458	10
1487	486	10
1487	490	13,14
1487	492	13|14|5
1487	493	13|14|5
1487	507	5
1487	508	5
1488	4	4,5
1488	6	16,17,18,19
1488	7	17,18
1488	123	17,18,19
1488	340	12,13
1488	490	12,13
1488	492	12|13|5
1488	493	12|13|5
1488	497	17,18,19
1488	499	17,18,19
1488	507	5
1488	508	5
1489	4	1,5
1489	6	0,6,7,8
1489	7	6,7
1489	123	6,7,8
1489	492	5
1489	493	5
1489	497	6,7,8
1489	499	6,7,8
1489	507	5
1489	508	5
1490	4	1,5|6,9
1490	7	7,8
1490	111	6,7,8
1490	492	5
1490	493	5
1490	507	5
1490	508	5
1491	4	1,5|6,8
1491	492	5
1491	493	5
1491	507	5
1491	508	5
1492	4	1,5
1492	8	13,14,15|16,19,20
1492	492	5
1492	493	5
1492	507	5
1492	508	5
1493	4	1,5
1493	7	6,8
1493	71	6,7,8
1493	445	6,7,8
1493	492	5
1493	493	5
1493	507	5
1493	508	5
1494	4	1,5
1494	492	5
1494	493	5
1494	507	5
1494	508	5
1495	4	0,6|1,5
1495	492	5|6
1495	493	5|6
1495	507	5|6
1495	508	5|6
1496	4	0,7
1496	8	1,5,6
1496	492	7
1496	493	7
1496	507	7
1496	508	7
1497	4	0,8
1497	9	1,5,6,7
1497	492	8
1497	493	8
1497	507	8
1497	508	8
1498	9	7,9,10,11
1498	492	12
1498	493	12
1498	501	12
1498	502	12
1498	511	12
1499	7	11,13
1499	71	11,12,13
1499	445	11,12,13
1501	4	1,3
1502	0	4,5|9,10
1502	4	1,3
1502	455	10|5
1502	456	10|5
1502	458	10|5
1502	486	10|5
1503	0	4,9
1503	4	1,3
1503	455	9
1503	456	9
1503	458	9
1503	460	9
1503	462	9
1503	486	9
1503	705	0,4,5,6,7,8,9
1504	0	4,9
1504	4	1,3
1504	455	9
1504	456	9
1504	458	9
1504	486	9
1504	705	0,4,5,6,7,8,9
1505	4	1,3
1506	4	1,3
1507	4	1,3
1508	4	1,3
1508	7	4,9
1508	513	9
1508	515	9
1509	4	1,3
1510	7	12,13
1510	489	6|9
1510	492	6|9
1510	500	6
1510	501	6
1510	503	9
1510	504	9
1510	511	6|9
1510	513	13
1510	515	13
1511	0	5,6
1511	4	3,4
1511	455	6
1511	456	6
1511	458	6
1511	486	6
1512	4	3,4
1513	4	3,4|5,6
1513	492	6
1513	493	6
1513	507	6
1513	508	6
1514	0	0,10|4,5
1514	7	1,3
1514	71	1,2,3
1514	443	1,2,3
1514	454	10|5
1514	455	10|5
1514	457	10|5
1514	458	10|5
1514	459	10|5
1514	462	10|5
1515	7	1,3
1515	71	1,2,3
1515	445	1,2,3
1516	7	1,3
1516	71	1,2,3
1516	445	1,2,3
1517	0	4,5
1517	7	1,3
1517	71	1,2,3
1517	445	1,2,3
1517	455	5
1517	456	5
1517	458	5
1517	486	5
1518	0	4,9
1518	7	1,3
1518	71	1,2,3
1518	445	1,2,3
1518	455	9
1518	456	9
1518	458	9
1518	460	9
1518	462	9
1518	486	9
1518	705	0,4,5,6,7,8,9
1519	4	4,9
1519	7	1,3
1519	71	1,2,3
1519	445	1,2,3
1519	492	9
1519	493	9
1519	507	9
1519	508	9
1520	7	1,3
1520	71	1,2,3
1520	445	1,2,3
1520	517	5,6
1521	0	5,6
1521	7	1,3
1521	71	1,2,3
1521	445	1,2,3
1521	455	6
1521	456	6
1521	458	6
1521	486	6
1522	7	1,3|5,6
1522	71	1,2,3
1522	445	1,2,3
1522	513	6
1522	515	6
1523	7	1,3
1523	8	6,9,10
1523	71	1,2,3
1523	445	1,2,3
1524	7	1,3|4,9
1524	71	1,2,3
1524	445	1,2,3
1524	513	9
1524	515	9
1525	4	4,9
1525	7	1,3
1525	71	1,2,3
1525	445	1,2,3
1525	492	9
1525	493	9
1525	507	9
1525	508	9
1526	0	4,5|9,10
1526	7	1,3
1526	71	1,2,3
1526	445	1,2,3
1526	455	10|5
1526	456	10|5
1526	458	10|5
1526	460	10|5
1526	462	10|5
1526	486	10|5
1527	0	4,5
1527	7	1,3
1527	71	1,2,3
1527	445	1,2,3
1527	455	5
1527	456	5
1527	458	5
1527	486	5
1528	0	4,5
1528	7	1,3
1528	71	1,2,3
1528	445	1,2,3
1528	455	5
1528	456	5
1528	458	5
1528	486	5
1529	0	5,6
1529	7	1,3
1529	71	1,2,3
1529	445	1,2,3
1529	455	6
1529	456	6
1529	458	6
1529	486	6
1530	7	1,3
1530	71	1,2,3
1530	445	1,2,3
1531	7	1,3|8,9
1531	71	1,2,3
1531	445	1,2,3
1531	513	9
1531	515	9
1532	7	1,3
1532	71	1,2,3
1532	445	1,2,3
1533	7	1,3
1533	71	1,2,3
1533	443	1,2,3
1534	7	1,3
1534	71	1,2,3
1534	445	1,2,3
1535	4	5,10
1535	8	1,3,4
1535	492	10
1535	493	10
1535	507	10
1535	508	10
1536	0	10,11|5,6
1536	8	1,3,4
1536	455	11|6
1536	456	11|6
1536	458	11|6
1536	460	11|6
1536	462	11|6
1536	486	11|6
1537	7	6,11
1537	9	1,3,4,5
1537	513	11
1537	515	11
1538	4	6,7
1538	9	1,3,4,5
1538	489	7
1538	492	7
1538	506	7
1538	507	7
1539	0	1,2|6,7|8,9
1539	454	9
1539	455	2|7|9
1539	456	2|7
1539	457	9
1539	458	2|7|9
1539	460	2|7
1539	462	2|7
1539	486	2|7
1540	0	1,2
1540	455	2
1540	456	2
1540	458	2
1540	460	2
1540	462	2
1540	486	2
1541	0	1,2
1541	4	7,8
1541	455	2
1541	456	2
1541	458	2
1541	460	2
1541	462	2
1541	486	2
1542	0	0,8|1,2|6,7
1542	455	2|7|8
1542	456	2|7|8
1542	458	2|7|8
1542	460	2|7
1542	462	2|7
1542	486	2|7|8
1543	0	1,2|6,7
1543	9	0,8,9,10
1543	455	2|7
1543	456	2|7
1543	458	2|7
1543	460	2|7
1543	462	2|7
1543	486	2|7
1544	0	6,13
1544	4	11,12
1544	7	2,3
1544	71	2,3,4
1544	443	2,3,4
1544	455	13
1544	456	13
1544	458	13
1544	460	13
1544	462	13
1544	464	1,2,4,5
1544	486	13
1544	492	12
1544	493	12
1544	507	12
1544	508	12
1545	7	2,4
1545	71	2,3,4
1545	443	2,3,4
1546	7	7,9
1546	71	7,8,9
1546	96	0,4,5
1546	97	0,2,3,4,5
1546	153	0,4,5
1546	270	0,1,2,3,4,5,6
1546	443	7,8,9
1546	479	1,2,3,6
1547	9	19,21,22,23|3,5,6,7
1547	91	0,9,10|2,8,9
1547	136	0,9,10|2,8,9
1547	489	9
1547	492	9
1547	503	9
1547	504	9
1547	511	9
1547	756	0,1,10,11|0,10,11,19|1,2,8,12|2,3,8,12
1547	757	0,1,10,11|0,10,11,19|1,2,8,12|2,3,8,12
1548	3	16,17,18,19,20
1548	7	2,12
1548	513	12
1548	514	12
1548	522	1,2,3,12
1548	696	0,21
1549	0	12,13|12,14|12,15|2,3|2,4|2,5|7,11
1549	2	0,12,13,14,15|1,2,3,4,5
1549	4	8,10
1549	455	11
1549	456	11
1549	458	11
1549	460	11
1549	462	11
1549	486	11
1549	492	10
1549	493	10
1549	507	10
1549	508	10
1550	3	0,1,2,3,4
1550	476	7,8
1551	0	8,13
1551	3	0,1,2,3,4
1551	454	13
1551	455	13
1551	457	13
1551	458	13
1551	459	13
1551	462	13
1552	7	6,7
1552	8	0,9,10
1552	513	7
1552	514	7
1553	7	0,9|7,8
1553	476	2,3
1553	482	2,3
1553	484	2,3
1553	513	8|9
1553	515	8|9
1554	476	2,3
1554	482	2,3
1554	484	2,3
1555	7	2,3
1555	513	3
1555	514	3
1556	7	15,17
1556	71	15,16,17
1556	445	15,16,17
1557	7	12,14
1557	71	12,13,14
1557	445	12,13,14
1558	7	13,15
1558	8	6,10,11
1558	71	13,14,15
1558	445	13,14,15
1560	9	12,14,15,16
1561	8	11,12,13
1561	44	0,14,15,16,17
1561	756	8,9,10,11
1561	757	8,9,10,11
1562	7	1,7
1562	513	7
1562	514	7
1562	522	0,1,2,7
1563	4	4,5
1563	44	1,8,9,10,11
1563	91	3,4,5
1563	102	3,4,6,7
1563	136	3,4,5
1563	476	6,7
1563	482	6,7
1563	483	6,7
1563	489	5
1563	492	5
1563	506	5
1563	507	5
1563	756	0,2,3,4|0,3,4,6
1563	757	0,2,3,4|0,3,4,6
1564	52	0,1,5,6,9,10
1564	98	0,10,11|0,10,14
1564	167	0,10,11,14
1566	0	0,7|1,2
1566	455	2|7
1566	456	2|7
1566	458	2|7
1566	460	7
1566	462	7
1566	486	2|7
1567	0	1,2
1567	4	0,7
1567	455	2
1567	456	2
1567	458	2
1567	486	2
1567	492	7
1567	493	7
1567	507	7
1567	508	7
1568	0	1,2|6,7
1568	4	0,8
1568	455	2|7
1568	456	2|7
1568	458	2|7
1568	486	2|7
1568	492	8
1568	493	8
1568	507	8
1568	508	8
1569	0	1,2|6,7
1569	7	0,8
1569	455	2|7
1569	456	2|7
1569	458	2|7
1569	486	2|7
1569	513	8
1569	515	8
1570	0	0,17|14,16
1570	455	16|17
1570	456	16|17
1570	458	16|17
1570	476	8,9
1570	482	8,9
1570	484	8,9
1570	486	16|17
1571	0	1,2|1,3|1,4|6,7|6,8|6,9
1571	2	0,1,2,3,4|5,6,7,8,9
1571	4	12,14
1571	492	14
1571	493	14
1571	507	14
1571	508	14
1572	0	1,2
1572	458	2
1572	486	2
1572	489	8
1572	492	8
1572	503	8
1572	504	8
1573	0	0,7|1,2
1573	455	2|7
1573	456	2|7
1573	458	2|7
1573	486	2|7
1574	0	1,2|6,7
1574	9	0,8,9,10
1574	455	2|7
1574	456	2|7
1574	458	2|7
1574	486	2|7
1575	6	0,11,12,13
1575	7	11,12
1575	123	11,12,13
1575	497	11,12,13
1575	499	11,12,13
1576	0	7,8
1576	6	0,12,13,14
1576	7	12,13
1576	123	12,13,14
1576	454	8
1576	455	8
1576	457	8
1576	458	8
1576	459	8
1576	462	8
1576	497	12,13,14
1576	499	12,13,14
1577	7	14,15
1577	492	7
1577	493	7
1577	504	7
1577	505	7
1577	513	15
1577	514	15
1578	9	12,14,15,16
1578	492	7
1578	493	7
1578	504	7
1578	505	7
1579	6	0,12,13,14
1579	7	12,13
1579	123	12,13,14
1579	492	7
1579	493	7
1579	497	12,13,14
1579	499	12,13,14
1579	504	7
1579	505	7
1580	6	0,10,11,12
1580	7	10,11|6,7
1580	123	10,11,12
1580	497	10,11,12
1580	499	10,11,12
1580	513	7
1580	515	7
1581	7	6,7
1581	513	7
1581	515	7
1582	4	4,8|6,7
1582	6	0,10,11,12
1582	7	10,11
1582	123	10,11,12
1582	492	7|8
1582	493	7|8
1582	497	10,11,12
1582	499	10,11,12
1582	507	7|8
1582	508	7|8
1583	6	0,10,11,12
1583	7	10,11
1583	123	10,11,12
1583	497	10,11,12
1583	499	10,11,12
1584	0	0,10|0,11
1584	54	0,1,6,7,9,10|0,1,6,7,9,11
1585	0	6,17|9,11
1585	455	11|17
1585	456	11|17
1585	458	11|17
1585	460	11|17
1585	462	11|17
1585	486	11|17
1586	4	6,7
1586	6	0,9,10,11
1586	7	9,10
1586	123	9,10,11
1586	492	7
1586	493	7
1586	497	9,10,11
1586	499	9,10,11
1586	507	7
1586	508	7
1587	7	11,12
1587	513	12
1587	515	12
1588	0	14,18
1588	102	14,15,16,17
1588	454	18
1588	455	18
1588	457	18
1588	458	18
1588	468	14,15,16,17
1588	476	16,17
1588	482	16,17
1588	483	16,17
1588	748	0,14,15,16
1588	759	0,14,15,16
1589	0	17,20
1589	108	2,9,10
1589	293	0,1,2,9,10,12,13
1589	455	20
1589	456	20
1589	458	20
1589	460	20
1589	462	20
1589	486	20
1590	0	9,10
1590	455	10
1590	456	10
1590	458	10
1590	486	10
1591	0	0,13
1591	7	9,10
1591	455	13
1591	456	13
1591	458	13
1591	486	13
1591	513	10
1591	515	10
1592	7	9,10
1592	513	10
1592	515	10
1593	7	9,10
1593	513	10
1593	515	10
1594	7	11,12
1594	72	20,21,22
1594	116	21,22
1594	134	21,22,23
1594	172	20,21,22,23
1594	174	20,21,22
1594	513	12
1594	515	12
1596	4	1,2
1596	492	2
1596	493	2
1596	507	2
1596	508	2
1597	4	1,2
1597	7	7,8
1597	492	2
1597	493	2
1597	507	2
1597	508	2
1597	513	8
1597	514	8
1598	0	0,7
1598	4	1,2
1598	458	7
1598	486	7
1598	492	2
1598	493	2
1598	507	2
1598	508	2
1599	7	9,10
1599	72	12,13,14
1599	116	13,14
1599	134	13,14,15
1599	172	12,13,14,15
1599	174	12,13,14
1599	513	10
1599	515	10
1600	7	9,10
1600	513	10
1600	515	10
1601	7	9,10
1601	513	10
1601	515	10
1602	7	8,9
1602	9	14,16,17,18
1602	513	9
1602	515	9
1603	4	10,12
1604	4	4,6
1604	7	12,14
1604	71	12,13,14
1604	131	2,3,4,5,6,7
1604	445	12,13,14
1604	464	3,4,5,7
1605	7	6,7
1605	513	7
1605	515	7
1606	0	13,14
1606	7	6,7
1606	455	14
1606	456	14
1606	458	14
1606	486	14
1606	513	7
1606	515	7
1607	7	6,7
1607	513	7
1607	515	7
1608	0	10,12
1608	8	7,13,14
1608	455	12
1608	456	12
1608	458	12
1608	486	12
1609	0	20,22
1609	8	17,23,24
1609	455	22
1609	456	22
1609	458	22
1609	478	4,5,6,7,8,9,10|5,6,7,8,9,10,11|6,7,8,9,10,11,12|7,8,9,10,11,12,13
1609	486	22
1610	8	10,11,12|10,13,14
1610	492	8
1610	493	8
1610	501	8
1610	502	8
1611	0	0,10|0,9
1611	54	0,1,5,6,8,10|0,1,5,6,8,9
1612	0	12,13
1612	52	0,1,5,6,8,9
1612	91	0,9,10
1612	136	0,9,10
1612	454	13
1612	455	13
1612	457	13
1612	458	13
1612	459	13
1612	462	13
1612	489	10
1612	492	10
1612	503	10
1612	504	10
1613	492	2
1613	493	2
1613	504	2
1613	505	2
1615	8	7,9,10
1616	476	7,8
1616	482	7,8
1616	484	7,8
1616	696	1,6
1617	0	12,13
1617	458	13
1617	486	13
1618	0	14,16|4,5
1618	8	11,17,18
1618	455	16|5
1618	456	16|5
1618	458	16|5
1618	486	16|5
1619	0	14,16|6,9
1619	8	11,17,18
1619	455	16|9
1619	456	16|9
1619	458	16|9
1619	460	9
1619	462	9
1619	486	16|9
1620	0	14,16|6,9
1620	8	11,17,18
1620	455	16|9
1620	456	16|9
1620	458	16|9
1620	486	16|9
1621	0	16,18
1621	7	7,9
1621	8	13,19,20
1621	71	7,8,9
1621	445	7,8,9
1621	455	18
1621	456	18
1621	458	18
1621	486	18
1622	696	1,10
1623	0	10,13|16,17
1623	7	4,14
1623	455	13
1623	456	13
1623	458	13|17
1623	486	13|17
1623	492	6
1623	493	6
1623	504	6
1623	505	6
1623	513	14
1623	514	14
1624	0	0,8|5,6
1624	455	6|8
1624	456	6|8
1624	458	6|8
1624	486	6|8
1625	7	14,15|6,7
1625	60	1,2,3,4,12,13
1625	513	15|7
1625	515	15|7
1626	4	1,5|9,11
1626	492	11|5
1626	493	11|5
1626	507	11|5
1626	508	11|5
1627	6	0,14,15,16|7,11,12,13
1627	7	11,13|14,16
1627	123	11,12,13|14,15,16
1627	497	11,12,13|14,15,16
1627	499	11,12,13|14,15,16
1628	7	6,7
1628	72	9,10,11
1628	116	10,11
1628	134	10,11,12
1628	172	9,10,11,12
1628	174	9,10,11
1628	513	7
1628	515	7
1629	96	1,2,6
1629	97	1,2,3,5,6
1629	153	1,2,6
1629	756	8,9,10,11
1629	757	8,9,10,11
1630	8	1,2,3|1,4,5|6,11,12|6,9,10
1630	44	0,13,14,15,16
1631	8	0,12,13|0,14,15|1,2,3|1,4,5
1632	476	15,16
1632	482	15,16
1632	484	15,16
1633	0	0,8
1633	8	4,5,6
1633	96	0,4,5
1633	153	0,4,5
1633	454	8
1633	455	8
1633	457	8
1633	458	8
1633	459	8
1633	462	8
1633	756	0,1,3,4
1633	757	0,1,3,4
1634	476	10,11
1634	482	10,11
1634	484	10,11
1635	0	17,19
1635	8	4,11,12|6,9,10
1635	50	17,18,19
1635	70	17,18,19
1635	444	17,18,19
1635	457	19
1636	765	0,4,5,6|1,2,3,9|3,4,5,7
1636	766	0,4,5,6|1,2,3,9|3,4,5,7
1637	0	13,14|15,16
1637	7	19,20|9,12
1637	454	14|16
1637	455	14|16
1637	457	14|16
1637	458	14|16
1637	513	12|20
1637	515	12|20
1637	765	1,2,3,15|3,4,5,13
1637	766	1,2,3,15|3,4,5,13
1638	0	3,11|6,8
1638	455	11|8
1638	456	11|8
1638	458	11|8
1638	460	11|8
1638	462	11|8
1638	486	11|8
1639	0	3,4
1639	7	8,9
1639	455	4
1639	456	4
1639	458	4
1639	486	4
1639	513	9
1639	515	9
1640	0	7,8
1640	6	0,9,10,11|2,3,4,5
1640	7	3,4|9,10
1640	123	3,4,5|9,10,11
1640	455	8
1640	456	8
1640	458	8
1640	486	8
1640	497	3,4,5|9,10,11
1640	499	3,4,5|9,10,11
1641	7	3,5
1641	71	3,4,5
1641	445	3,4,5
1641	489	10
1641	492	10
1641	500	10
1641	501	10
1641	511	10
1642	4	2,8
1642	7	6,7
1642	492	8
1642	493	8
1642	507	8
1642	508	8
1642	513	7
1642	515	7
1643	492	12
1643	493	12
1643	501	12
1643	502	12
1644	4	9,10
1644	7	2,3|7,8
1644	489	10
1644	492	10
1644	506	10
1644	507	10
1644	513	3|8
1644	514	8
1644	515	3
1644	522	0,7,8,9
1645	0	10,13
1645	455	13
1645	456	13
1645	458	13
1645	460	13
1645	462	13
1645	486	13
1646	62	0,1,8,9,10,12|0,2,8,9,10,12
1647	7	4,8
1647	513	8
1647	514	8
1648	9	7,8,9,10
1648	44	0,11,12,13,14
1649	9	8,9,10,11
1649	44	0,12,13,14,15
1650	4	14,15|7,8
1650	7	2,3|9,10
1650	492	15|8
1650	493	15|8
1650	507	15|8
1650	508	15|8
1651	0	2,3|8,9
1651	455	3|9
1651	456	3|9
1651	458	3|9
1651	460	3|9
1651	462	3|9
1651	486	3|9
1652	0	13,14|3,4
1652	126	10,11,12,13,14,15
1652	454	14
1652	455	14|4
1652	456	4
1652	457	14
1652	458	14|4
1652	486	4
1652	489	11
1652	492	11
1652	500	11
1652	501	11
1653	7	3,4|7,8
1653	62	0,1,9,10,11,12|0,2,9,10,11,12
1653	513	4|8
1653	515	4|8
1654	4	4,7
1654	492	7
1654	493	7
1654	507	7
1654	508	7
1655	6	5,6,7,8
1655	7	6,7
1655	123	6,7,8
1655	476	13,14
1655	482	13,14
1655	484	13,14
1655	497	6,7,8
1655	499	6,7,8
1656	0	5,7
1656	4	13,15
1656	108	10,11,12
1656	116	13,14
1656	134	12,13,14|13,14,15
1656	135	12,13,14,15
1656	455	7
1656	456	7
1656	458	7
1656	486	7
1657	0	5,7
1657	455	7
1657	456	7
1657	458	7
1657	486	7
1657	489	11
1657	492	11
1657	500	11
1657	501	11
1657	511	11
1658	0	5,7
1658	7	12,14
1658	71	12,13,14
1658	445	12,13,14
1658	458	7
1658	486	7
1659	0	13,14|5,7
1659	126	10,11,12,13,14,15
1659	454	14
1659	455	14
1659	457	14
1659	458	14|7
1659	486	7
1659	489	11
1659	492	11
1659	500	11
1659	501	11
1660	0	5,7
1660	7	13,14
1660	455	7
1660	456	7
1660	458	7
1660	486	7
1660	489	11
1660	492	11
1660	500	11
1660	501	11
1660	513	14
1660	514	14
1661	0	0,14|12,13
1661	454	13
1661	455	13|14
1661	456	14
1661	457	13
1661	458	13|14
1661	459	13
1661	460	14
1661	462	13|14
1661	486	14
1662	0	0,14|12,13
1662	454	13
1662	455	13|14
1662	456	14
1662	457	13
1662	458	13|14
1662	459	13
1662	462	13
1662	486	14
1663	0	13,17
1663	7	14,16
1663	71	14,15,16
1663	443	14,15,16
1663	457	17
1663	458	17
1664	4	9,10
1664	84	0,9,11,12
1664	91	0,9,10
1664	136	0,9,10
1664	489	10
1664	492	10
1664	506	10
1664	507	10
1664	756	0,8,9,11
1664	757	0,8,9,11
1665	7	10,12
1665	71	10,11,12
1665	443	10,11,12
1665	446	10,11,12
1665	489	9
1665	492	9
1665	503	9
1665	504	9
1665	511	9
1666	0	0,11|9,10
1666	455	10|11
1666	456	10|11
1666	458	10|11
1666	460	10|11
1666	462	10|11
1666	486	10|11
1667	4	0,11
1667	492	11
1667	493	11
1667	507	11
1667	508	11
1668	0	0,13|11,12
1668	454	12
1668	455	12|13
1668	456	13
1668	457	12
1668	458	12|13
1668	486	13
1669	7	15,17|9,11
1669	71	15,16,17
1669	445	15,16,17
1669	513	11
1669	515	11
1670	302	0,1,2,3,4,5,6,7,8,9,10,11,12,13,14,15,16|0,1,2,3,4,5,6,7,8,9,10,11,12,13,14,15,20
1670	489	18
1670	492	18
1670	503	18
1670	504	18
1670	511	18
1671	0	17,18
1671	302	0,1,2,3,4,5,6,7,8,9,10,11,12,13,14,15,16
1671	454	18
1671	455	18
1671	457	18
1671	458	18
1671	459	18
1671	462	18
1672	13	18,19,20,21,22
1672	78	18,19,20,21,22
1672	165	18,19,20,21
1672	302	0,1,2,3,4,5,6,7,8,9,10,11,12,13,14,15,16
1672	477	17,18,19,20,21,22
1673	7	0,15
1673	489	19
1673	492	19
1673	500	19
1673	501	19
1673	513	15
1673	514	15
1673	522	0,1,15,16|0,1,6,15|0,6,15,16
1674	0	13,15
1674	455	15
1674	456	15
1674	458	15
1674	486	15
1675	489	18
1675	492	18
1675	500	18
1675	501	18
1676	7	13,15
1676	71	13,14,15
1676	443	13,14,15
1678	4	9,12
1678	492	12
1678	493	12
1678	507	12
1678	508	12
1680	7	10,12
1680	71	10,11,12
1680	445	10,11,12
1681	4	0,11
1681	492	11
1681	493	11
1681	507	11
1681	508	11
1682	476	12,13
1682	482	12,13
1682	484	12,13
1683	489	9
1683	492	9
1683	503	9
1683	504	9
1683	511	9
1685	0	4,7
1685	7	10,13
1685	458	7
1685	486	7
1685	513	13
1685	515	13
1686	4	11,12
1686	492	12
1686	493	12
1686	507	12
1686	508	12
1687	4	3,4|8,9
1687	492	4|9
1687	493	4|9
1687	507	4|9
1687	508	4|9
1688	7	0,10|4,7|5,6
1688	513	10|6|7
1688	514	10|6|7
1689	476	10,11|4,5
1689	482	10,11|4,5
1689	484	10,11|4,5
1691	7	2,4
1691	8	5,12,13|8,10,11
1691	71	2,3,4
1691	443	2,3,4
1692	7	2,4
1692	71	2,3,4
1692	443	2,3,4
1692	489	13
1692	492	13
1692	503	13
1692	504	13
1692	511	13
1693	0	11,12|16,17
1693	455	12|17
1693	456	12|17
1693	458	12|17
1693	486	12|17
1694	7	11,13
1694	71	11,12,13
1694	443	11,12,13
1694	478	3,4,5,6,7,8,9
1695	0	5,6
1695	455	6
1695	456	6
1695	458	6
1695	486	6
1695	489	2
1695	492	2
1695	500	2
1695	501	2
1696	0	10,11|15,16
1696	455	11|16
1696	456	11|16
1696	458	11|16
1696	476	6,7
1696	486	11|16
1696	489	2
1696	492	2
1696	500	2
1696	501	2
1696	511	2
1697	0	11,12|16,17
1697	455	17
1697	456	17
1697	458	12|17
1697	476	5,6
1697	482	5,6
1697	484	5,6
1697	486	12|17
1698	0	11,12|16,17
1698	455	17
1698	456	17
1698	458	12|17
1698	476	6,7
1698	482	6,7
1698	484	6,7
1698	486	12|17
1699	0	0,1|7,8
1699	454	8
1699	455	1|8
1699	456	1
1699	457	8
1699	458	1|8
1699	486	1
1700	0	2,10
1700	455	10
1700	456	10
1700	458	10
1700	486	10
1701	10	2,8
1701	518	8
1701	695	4,7
1702	4	5,7
1702	492	7
1702	493	7
1702	507	7
1702	508	7
1702	696	0,9
1704	0	4,5
1704	69	2,3,4,5
1704	454	5
1704	455	5
1704	457	5
1704	458	5
1705	7	0,16
1705	51	0,1,2,3,5,6,16|0,1,2,3,9,15,16
1705	465	9,10,11,12,15
1705	513	16
1705	514	16
1706	3	1,2,3,4,5
1706	7	12,14
1706	71	12,13,14
1706	443	12,13,14
1706	467	10,11,12,14
1706	468	10,11,12,13
1706	696	0,16
1706	748	9,10,11,15
1706	749	9,10,11,12
1706	759	9,10,11,15
1707	3	1,2,3,4,5
1707	7	10,11
1707	513	11
1707	514	11
1707	696	0,12
1708	0	5,7
1708	455	7
1708	456	7
1708	458	7
1708	486	7
1709	7	5,7
1709	513	7
1709	515	7
1710	696	0,7
1712	7	7,8
1712	513	8
1712	514	8
1713	0	2,3
1713	455	3
1713	456	3
1713	458	3
1713	486	3
1714	0	2,3
1714	455	3
1714	456	3
1714	458	3
1714	486	3
1715	492	7
1715	493	7
1716	9	14,16,17,18
1716	492	7
1716	493	7
1717	4	2,3
1717	492	3
1717	493	3
1717	507	3
1717	508	3
1718	4	2,3
1718	492	3
1718	493	3
1718	507	3
1718	508	3
1719	4	2,3
1719	492	3
1719	493	3
1719	507	3
1719	508	3
1720	4	0,12
1720	492	12
1720	493	12
1720	507	12
1720	508	12
1721	4	0,13
1721	476	7,8
1721	492	13
1721	493	13
1721	507	13
1721	508	13
1722	492	3
1722	493	3
1722	504	3
1722	505	3
1723	492	3
1723	493	3
1723	504	3
1723	505	3
1724	492	3
1724	493	3
1724	504	3
1724	505	3
1725	7	5,6
1725	492	3
1725	493	3
1725	504	3
1725	505	3
1725	513	6
1725	514	6
1726	476	5,6
1727	0	7,10|7,8|7,9
1727	2	0,7,8,9,10
1727	4	1,6
1727	10	2,3
1727	518	3
1728	489	8
1728	492	1|8
1728	493	1
1728	501	1
1728	502	1
1728	503	8
1728	504	8
1728	652	0,1,2,3,4,5,6,7,8,16,17
1729	0	6,9
1729	455	9
1729	456	9
1729	458	9
1729	460	9
1729	462	9
1729	486	9
1729	492	1
1729	493	1
1729	501	1
1729	502	1
1730	44	7,8,9,10,11
1730	84	6,7,10,11|6,7,8,9
1732	695	0,7
1733	7	8,10
1733	71	8,9,10
1733	443	8,9,10
1733	467	6,7,8,10
1733	468	6,7,8,9
1733	696	0,17
1733	748	5,6,7,8
1733	759	5,6,7,8
1734	476	6,7
1734	482	6,7
1734	484	6,7
1734	696	0,11
1735	476	6,7
1735	482	6,7
1735	484	6,7
1735	696	0,12
1736	476	6,7
1736	482	6,7
1736	484	6,7
1738	0	6,7
1738	454	7
1738	455	7
1738	457	7
1738	458	7
1739	8	0,9,10
1739	695	4,6
1740	6	5,6,7,8
1740	7	6,7
1740	123	6,7,8
1740	476	15,16
1740	482	15,16
1740	484	15,16
1740	497	6,7,8
1740	499	6,7,8
1740	696	0,17
1741	476	15,16
1741	482	15,16
1741	484	15,16
1741	492	6
1741	493	6
1741	501	6
1741	502	6
1741	696	0,17
1742	4	1,9
1742	7	10,11
1742	513	11
1742	514	11
1743	0	5,6
1743	455	6
1743	456	6
1743	458	6
1743	476	13,14
1743	482	13,14
1743	484	13,14
1743	486	6
1743	696	0,15
1744	0	10,11
1744	454	11
1744	455	11
1744	457	11
1744	458	11
1744	459	11
1744	462	11
1745	492	1
1745	493	1
1745	501	1
1745	502	1
1746	0	5,6
1746	7	12,13
1746	455	6
1746	456	6
1746	458	6
1746	486	6
1747	11	0,7,8
1747	49	0,5,7
1747	130	0,1,5,7
1747	145	0,5,7
1747	169	0,1,5,7
1747	489	5
1747	492	5
1747	511	5
1748	476	5,6
1748	482	5,6
1748	484	5,6
1749	0	4,5
1749	7	8,10
1749	71	8,9,10
1749	445	8,9,10
1749	455	5
1749	456	5
1749	458	5
1749	486	5
1750	476	15,16
1750	482	15,16
1750	484	15,16
1751	4	0,1
1751	8	4,7,8
1751	492	1
1751	493	1
1751	507	1
1751	508	1
1752	0	10,17|12,16|14,15
1752	4	6,7
1752	53	2,3,4,5
1752	108	1,2,3
1752	144	2,3,4,5
1752	455	15|16|17
1752	456	15|16|17
1752	458	15|16|17
1752	486	15|16|17
1753	6	0,12,13,14|2,3,4,5
1753	7	12,13|3,4
1753	9	8,9,10,11
1753	123	12,13,14|3,4,5
1753	497	12,13,14|3,4,5
1753	499	12,13,14|3,4,5
1754	0	0,8
1754	455	8
1754	456	8
1754	458	8
1754	486	8
1755	4	0,8
1755	492	8
1755	493	8
1755	507	8
1755	508	8
1756	6	0,11,12,13
1756	7	11,12
1756	8	7,9,10
1756	123	11,12,13
1756	497	11,12,13
1756	499	11,12,13
1757	4	0,9
1757	492	9
1757	493	9
1757	507	9
1757	508	9
1758	7	11,13
1758	71	11,12,13
1758	443	11,12,13
1759	0	2,12
1759	455	12
1759	456	12
1759	458	12
1759	486	12
1760	0	2,12
1760	455	12
1760	456	12
1760	458	12
1760	460	12
1760	462	12
1760	486	12
1761	0	2,7|5,6
1761	455	7
1761	456	7
1761	458	6|7
1761	460	7
1761	462	7
1761	486	6|7
1761	492	8
1761	493	8
1761	501	8
1761	502	8
1761	511	8
1761	705	0,1,2,3,4,5,7
1762	0	2,7
1762	4	5,6
1762	455	7
1762	456	7
1762	458	7
1762	460	7
1762	462	7
1762	486	7
1762	492	6|8
1762	493	6|8
1762	501	8
1762	502	8
1762	507	6
1762	508	6
1762	511	8
1762	705	0,1,2,3,4,5,7
1763	7	2,12
1763	513	12
1763	515	12
1764	0	0,18
1764	455	18
1764	456	18
1764	458	18
1764	460	18
1764	462	18
1764	486	18
1766	149	7,8,9
1766	340	7,8|8,9
1766	490	7,8|8,9
1766	492	7
1766	493	7
1766	496	7,8,9
1766	498	7,8,9
1767	10	3,4|8,9
1767	518	4|9
1768	4	2,3
1768	7	5,7
1768	492	3
1768	493	3
1768	507	3
1768	508	3
1768	513	7
1768	515	7
1769	0	6,7|6,8|6,9
1769	2	0,6,7,8,9
1769	4	2,3
1769	492	3
1769	493	3
1769	507	3
1769	508	3
1770	4	2,8|4,7|5,6
1770	492	6|7|8|9
1770	493	6|7|8|9
1770	504	9
1770	505	9
1770	507	6|7|8
1770	508	6|7|8
1771	4	2,12
1771	492	12|6
1771	493	12|6
1771	507	12
1771	508	12
1772	4	2,17
1772	492	17|6
1772	493	17|6
1772	507	17
1772	508	17
1773	4	2,10
1773	8	4,8,9
1773	492	10|6
1773	493	10|6
1773	507	10
1773	508	10
1774	0	6,7
1774	4	2,8
1774	454	7
1774	455	7
1774	457	7
1774	458	7
1774	492	8|9
1774	493	8|9
1774	501	9
1774	502	9
1774	507	8
1774	508	8
1774	511	9
1775	4	0,13
1775	492	13
1775	493	13
1775	507	13
1775	508	13
1776	4	2,13
1776	476	7,8
1776	492	13|14
1776	493	13|14
1776	504	14
1776	505	14
1776	507	13
1776	508	13
1777	492	16|6|9
1777	493	16|6|9
1777	504	16|9
1777	505	16|9
1778	7	8,10
1778	71	8,9,10
1778	445	8,9,10
1778	492	3
1778	493	3
1778	504	3
1778	505	3
1779	4	8,10
1779	116	8,9
1779	134	8,9,10
1779	492	3
1779	493	3
1779	504	3
1779	505	3
1780	7	2,3|5,7
1780	513	3|7
1780	515	3|7
1781	8	2,3,4|8,10,11
1782	4	8,10
1782	8	2,3,4
1782	116	8,9
1782	134	8,9,10
1783	8	9,11,12
1783	11	2,3,4
1784	9	9,11,12,13
1784	11	2,3,4
1785	7	9,11
1785	71	9,10,11
1785	445	9,10,11
1786	7	14,16
1786	71	14,15,16
1786	445	14,15,16
1787	4	10,12
1788	476	11,12
1788	482	11,12
1788	484	11,12
1788	492	14
1788	493	14
1788	501	14
1788	502	14
1788	511	14
1789	476	11,12
1789	482	11,12
1789	484	11,12
1789	492	14
1789	493	14
1789	501	14
1789	502	14
1789	511	14
1790	3	0,8,9,10,11
1791	0	3,4|6,7
1791	7	0,8
1791	455	4|7
1791	456	4|7
1791	458	4|7
1791	486	4|7
1792	0	3,4|6,7
1792	7	10,11
1792	71	10,11,12
1792	443	10,11,12
1792	455	4|7
1792	456	4|7
1792	458	4|7
1792	486	4|7
1793	7	3,4|5,7|8,10
1793	71	8,9,10
1793	445	8,9,10
1793	513	4|7
1793	515	4|7
1794	4	0,12
1794	492	12
1794	493	12
1794	507	12
1794	508	12
1795	0	0,10
1795	455	10
1795	456	10
1795	458	10
1795	486	10
1795	705	0,1,2,3,4,5,10
1796	7	0,10
1796	513	10
1796	515	10
1799	0	0,7|5,6
1799	455	6|7
1799	456	6|7
1799	458	6|7
1799	460	6|7
1799	462	6|7
1799	486	6|7
1799	705	0,1,2,3,4,5,7
1800	0	0,7|5,6
1800	455	6|7
1800	456	6|7
1800	458	6|7
1800	460	6
1800	462	6
1800	486	6|7
1800	705	0,1,2,3,4,5,7
1801	0	5,6
1801	4	0,7
1801	455	6
1801	456	6
1801	458	6
1801	460	6
1801	462	6
1801	486	6
1801	492	7
1801	493	7
1801	507	7
1801	508	7
1802	0	0,7|5,6
1802	455	6|7
1802	456	6|7
1802	458	6|7
1802	486	6|7
1802	705	0,1,2,3,4,5,7
1803	0	5,6
1803	7	0,7
1803	455	6
1803	456	6
1803	458	6
1803	486	6
1803	513	7
1803	515	7
1804	0	0,7
1804	7	5,6
1804	455	7
1804	456	7
1804	458	7
1804	460	7
1804	462	7
1804	486	7
1804	513	6
1804	515	6
1804	705	0,1,2,3,4,5,7
1805	7	0,7|5,6
1805	513	6|7
1805	515	6|7
1806	7	5,6
1806	8	0,7,8
1806	513	6
1806	515	6
1807	0	0,8
1807	8	5,6,7
1807	455	8
1807	456	8
1807	458	8
1807	486	8
1807	705	0,1,2,3,4,5,8
1808	4	6,7
1809	7	0,6
1809	513	6
1809	515	6
1810	7	0,6
1811	6	0,14,15,16
1811	7	14,15
1811	123	14,15,16
1811	497	14,15,16
1811	499	14,15,16
1812	1	6,7,8,9
1812	6	0,11,12,13
1812	7	11,12
1812	123	11,12,13
1812	497	11,12,13
1812	499	11,12,13
1813	6	0,13,14,15
1813	7	13,14
1813	123	13,14,15
1813	497	13,14,15
1813	499	13,14,15
1818	10	0,10
1818	518	10
1819	7	7,9
1819	71	7,8,9
1819	445	7,8,9
1820	476	7,8
1820	482	7,8
1820	484	7,8
1821	492	1
1821	493	1
1821	501	1
1821	502	1
1821	511	1
1822	0	8,9
1822	455	9
1822	456	9
1822	458	9
1822	460	9
1822	462	9
1822	486	9
1822	492	1
1822	493	1
1822	501	1
1822	502	1
1822	511	1
1823	492	1
1823	493	1
1823	501	1
1823	502	1
1823	511	1
1824	0	11,12
1824	455	12
1824	456	12
1824	458	12
1824	460	12
1824	462	12
1824	486	12
1824	492	1
1824	493	1
1824	501	1
1824	502	1
1824	511	1
1825	7	5,11|9,10
1825	513	10|11
1825	515	10|11
1826	0	6,11
1826	455	11
1826	456	11
1826	458	11
1826	486	11
1828	116	2,3
1828	134	1,2,3
1829	0	3,4|3,5
1829	68	2,3,4,5,6
1830	116	0,7
1830	134	0,1,7
1831	696	0,7
1833	696	0,6
1835	4	12,18
1835	8	6,9,10
1835	492	18
1835	493	18
1835	507	18
1835	508	18
1836	0	2,3
1836	455	3
1836	456	3
1836	458	3
1836	476	12,13
1836	482	12,13
1836	484	12,13
1836	486	3
1837	492	8
1837	493	8
1837	504	8
1837	505	8
1839	0	4,5
1839	7	6,10
1839	455	5
1839	456	5
1839	458	5
1839	486	5
1839	513	10
1839	515	10
1840	4	12,13
1840	489	13
1840	492	13
1840	506	13
1840	507	13
1841	4	8,9
1841	492	1|9
1841	493	1|9
1841	504	1
1841	505	1
1841	507	9
1841	508	9
1842	7	11,13
1842	71	11,12,13
1842	445	11,12,13
1843	7	8,11
1843	489	1
1843	492	1
1843	503	1
1843	504	1
1843	511	1
1843	513	11
1843	515	11
1845	4	0,7|3,6
1845	492	6|7
1845	493	6|7
1845	507	6|7
1845	508	6|7
1847	96	1,2,3
1847	97	0,1,2,3,18
1847	153	1,2,3
1847	746	7,8,9,10
1847	747	7,8,9,16
1847	748	7,8,9,10
1847	749	7,8,9,16
1847	752	7,8,9,10,16
1847	756	11,12,13,14|11,12,13,15|7,8,9,10|7,8,9,16
1847	757	11,12,13,14|11,12,13,15|7,8,9,10|7,8,9,16
1847	759	7,8,9,10
1848	96	1,2,3
1848	97	0,1,2,3,18
1848	153	1,2,3
1848	756	7,8,9,10|7,8,9,16|8,9,10,13|8,9,13,16
1848	757	7,8,9,10|7,8,9,16|8,9,10,13|8,9,13,16
1849	96	1,2,3
1849	97	0,1,2,3,11
1849	153	1,2,3
1850	62	0,1,2,3,4,10|0,1,2,3,5,10
1851	62	0,1,2,3,4,10|0,1,2,3,5,10
1853	0	9,10
1853	455	10
1853	456	10
1853	458	10
1853	476	3,4
1853	482	3,4
1853	484	3,4
1853	486	10
1854	0	9,10|9,11|9,12
1854	2	8,9,10,11,12
1854	476	3,4
1854	482	3,4
1854	484	3,4
1855	0	12,14
1855	50	12,13,14
1855	70	12,13,14
1855	444	12,13,14
1855	457	14
1856	102	13,14,15,16
1856	468	13,14,15,16
1856	476	15,16
1856	482	15,16
1856	483	15,16
1856	746	10,11,12,13|6,7,8,9|8,9,10,11
1856	747	12,13,14,15
1856	748	0,5,6,7|10,11,12,13|6,7,8,9|8,9,10,11
1856	749	12,13,14,15
1856	756	10,11,12,13|12,13,14,15|6,7,8,9|8,9,10,11
1856	757	10,11,12,13|12,13,14,15|6,7,8,9|8,9,10,11
1856	758	10,11,12,13|6,7,8,9|8,9,10,11
1856	759	0,5,6,7|10,11,12,13|6,7,8,9|8,9,10,11
1857	4	9,10
1857	489	10
1857	492	10
1857	506	10
1857	507	10
1858	489	6
1858	492	6
1858	503	6
1858	504	6
1859	0	11,13
1859	50	11,12,13
1859	70	11,12,13
1859	442	11,12,13
1859	457	13
1859	492	9
1859	493	9
1859	504	9
1859	505	9
1861	4	9,11
1865	4	6,12
1865	8	8,10,11
1865	13	0,1,2,3,4
1865	492	12
1865	493	12
1865	507	12
1865	508	12
1866	0	1,4
1866	14	0,1,2,3,4
1866	175	1,4
1866	451	1,2,3,4
1866	452	1,2,3,4
1868	7	4,5
1868	49	0,1,9|0,8,9
1868	111	3,4,5
1868	145	0,1,9|0,8,9
1868	170	0,1,8,9
1868	489	9
1868	492	9
1869	7	4,5
1869	64	0,1,9|0,8,9
1869	111	3,4,5
1869	171	0,1,8,9
1870	7	4,5
1870	111	3,4,5
1870	489	9
1870	492	9
1870	500	9
1870	501	9
1871	72	0,1,6
1871	98	1,2,3
1871	116	0,6
1871	134	0,5,6
1871	172	0,1,5,6
1871	174	0,1,6
1872	0	13,14|2,3
1872	3	4,6,7,8,9
1872	69	11,12,13,14
1872	454	14
1872	455	14|3
1872	456	3
1872	457	14
1872	458	14|3
1872	460	3
1872	462	3
1872	486	3
1873	0	10,11|2,3
1873	69	8,9,10,11
1873	454	11
1873	455	11|3
1873	456	3
1873	457	11
1873	458	11|3
1873	460	3
1873	462	3
1873	486	3
1874	7	3,5|8,10|8,9
1874	71	3,4,5
1874	440	8,9,10
1874	441	8,9,10
1874	445	3,4,5
1876	4	8,10
1877	7	8,10
1877	71	8,9,10
1877	443	8,9,10
1878	9	8,10,11,12
1879	3	11,12,13,14,15
1879	476	3,4
1879	482	3,4
1879	484	3,4
1879	519	11
1880	7	10,11|10,12|19,20|19,21
1880	440	10,11,12|19,20,21
1880	441	10,11,12|19,20,21
1881	0	0,6|0,7|2,3|2,4
1881	73	0,1,6|0,1,7|0,5,6|0,5,7|1,2,3|1,2,4|2,3,5|2,4,5
1882	0	9,10|9,11|9,12
1882	492	3
1882	493	3
1882	501	3
1882	502	3
1883	4	2,3
1883	6	0,7,8,9
1883	7	7,8
1883	123	7,8,9
1883	492	3
1883	493	3
1883	497	7,8,9
1883	499	7,8,9
1883	507	3
1883	508	3
1884	4	2,3
1884	7	13,14
1884	15	12,13,14,15,16
1884	165	13,14,15,16
1884	340	7,8
1884	490	7,8
1884	492	3|7|8
1884	493	3|7|8
1884	507	3
1884	508	3
1884	524	12,13,14,15,16
1885	4	3,4
1886	0	0,6|0,7|2,4|2,5
1886	73	0,1,6|0,1,7|0,3,6|0,3,7|1,2,4|1,2,5|2,3,4|2,3,5
1887	4	6,7
1887	489	7
1887	492	7
1887	506	7
1887	507	7
1888	0	4,10|5,6|8,9
1888	7	11,12
1888	96	0,11,12
1888	98	0,1,11
1888	153	0,11,12
1888	455	10|6|9
1888	456	10|6|9
1888	458	10|6|9
1888	486	10|6|9
1888	513	12
1888	514	12
1888	756	0,11,13,16
1888	757	0,11,13,16
1890	0	4,5|9,10
1890	7	11,13
1890	71	11,12,13
1890	445	11,12,13
1890	455	10|5
1890	456	10|5
1890	458	10|5
1890	486	10|5
1891	7	12,14
1891	8	5,10,11
1891	71	12,13,14
1891	445	12,13,14
1892	64	0,1,10
1893	9	12,13,14,15
1894	4	8,9
1894	9	10,12,13,14
1894	492	9
1894	493	9
1894	507	9
1894	508	9
1895	64	0,1,9
1896	0	2,3
1896	73	1,2,3
1896	454	3
1896	455	3
1896	457	3
1896	458	3
1897	4	8,10
1897	7	1,11
1897	49	7,8,9
1897	130	7,8,9,10
1897	145	7,8,9
1897	169	7,8,9,10
1897	513	11
1897	514	11
1897	765	0,1,2,11|1,2,3,7
1897	766	0,1,2,11|1,2,3,7
1897	769	1,11
1897	770	1,11
1897	774	0,1,2,11
1898	765	0,1,2,3|4,5,6,7
1898	766	0,1,2,3|4,5,6,7
1898	774	0,1,2,3|4,5,6,7
1899	7	8,11
1899	141	7,8,9,11
1899	489	7
1899	492	7
1899	511	7
1899	513	11
1899	514	11
1899	763	0,1,2,10|1,2,3,7
1899	764	0,1,2,10|1,2,3,7
1899	765	0,1,2,10|1,2,3,7
1899	766	0,1,2,10|1,2,3,7
1899	771	1,10|2,7
1899	772	1,10|2,7
1899	773	0,1,2,10|1,2,3,7
1900	765	0,1,2,8|1,2,3,5
1900	766	0,1,2,8|1,2,3,5
1900	774	0,1,2,8|1,2,3,5
1901	4	3,7
1901	489	7
1901	492	7
1901	756	1,4,5,6
1901	757	1,4,5,6
1901	763	2,3,4,7
1901	764	2,3,4,7
1901	765	0,1,2,6|0,3,4,5|2,3,4,7
1901	766	0,1,2,6|0,3,4,5|2,3,4,7
1901	771	3,7
1901	772	3,7
1901	773	2,3,4,7
1902	474	1,2,3,4,5,6
1902	756	1,2,3,4
1902	757	1,2,3,4
1902	765	0,1,2,8|4,6,7,8
1902	766	0,1,2,8|4,6,7,8
1902	774	0,1,2,8
1905	4	14,16|9,13
1905	7	10,12
1905	71	10,11,12
1905	340	5,6
1905	443	10,11,12
1905	446	10,11,12
1905	489	13
1905	490	5,6
1905	492	13|5
1905	493	5
1905	763	8,9,10,13
1905	764	8,9,10,13
1905	765	8,9,10,13
1905	766	8,9,10,13
1905	771	9,13
1905	772	9,13
1905	773	8,9,10,13
1906	4	3,5
1906	492	5
1906	493	5
1906	507	5
1906	508	5
1908	489	1|3|5
1908	492	1|3|5
1908	500	3|5
1908	501	3|5
1908	511	1|3|5
1909	0	1,9|5,6
1909	4	2,8
1909	455	6|9
1909	456	6|9
1909	458	6|9
1909	460	6|9
1909	462	6|9
1909	486	6|9
1909	492	8
1909	493	8
1909	507	8
1909	508	8
1910	0	1,8|6,7
1910	4	2,3
1910	455	7|8
1910	456	7|8
1910	458	7|8
1910	486	7|8
1910	492	3
1910	493	3
1910	507	3
1910	508	3
1910	705	0,1,2,4,5,6,7
1911	7	1,13
1911	8	4,5,6
1911	513	13
1911	515	13
1912	7	13,15
1912	71	13,14,15
1912	443	13,14,15
1913	4	1,2
1913	492	2
1913	493	2
1913	507	2
1913	508	2
1914	0	1,10
1914	455	10
1914	456	10
1914	458	10
1914	486	10
1914	705	0,1,2,3,4,5,10
1915	0	5,6
1915	4	1,7
1915	455	6
1915	456	6
1915	458	6
1915	460	6
1915	462	6
1915	486	6
1915	492	7
1915	493	7
1915	507	7
1915	508	7
1916	0	5,6
1916	7	1,7
1916	455	6
1916	456	6
1916	458	6
1916	460	6
1916	462	6
1916	486	6
1916	513	7
1916	515	7
1917	0	5,6
1917	9	1,7,8,9
1917	455	6
1917	456	6
1917	458	6
1917	460	6
1917	462	6
1917	486	6
1918	492	6|9
1918	493	6|9
1918	501	6|9
1918	502	6|9
1919	0	1,7
1919	4	5,6
1919	455	7
1919	456	7
1919	458	7
1919	460	7
1919	462	7
1919	486	7
1919	492	6
1919	493	6
1919	507	6
1919	508	6
1919	705	0,1,2,3,4,5,7
1920	4	1,7|5,6
1920	492	6|7
1920	493	6|7
1920	507	6|7
1920	508	6|7
1921	4	5,6
1921	9	1,7,8,9
1921	492	6
1921	493	6
1921	507	6
1921	508	6
1922	0	1,8
1922	4	6,7
1922	455	8
1922	456	8
1922	458	8
1922	460	8
1922	462	8
1922	486	8
1922	705	0,1,2,3,4,5,8
1923	7	1,7|5,6
1923	513	6|7
1923	515	6|7
1924	7	5,6
1924	9	1,7,8,9
1924	513	6
1924	515	6
1925	7	1,8
1925	8	5,6,7
1925	513	8
1925	515	8
1926	8	1,8,9|5,6,7
1927	0	1,9
1927	9	5,6,7,8
1927	455	9
1927	456	9
1927	458	9
1927	486	9
1927	705	0,1,2,3,4,5,9
1928	4	1,9
1928	9	5,6,7,8
1928	492	9
1928	493	9
1928	507	9
1928	508	9
1929	7	1,9
1929	9	5,6,7,8
1929	513	9
1929	515	9
1930	0	5,6
1930	3	1,7,8,9,10
1930	455	6
1930	456	6
1930	458	6
1930	460	6
1930	462	6
1930	486	6
1931	0	5,6
1931	455	6
1931	456	6
1931	458	6
1931	486	6
1932	7	13,14
1932	513	14
1932	515	14
1933	4	4,5
1933	6	1,9,10,11
1933	7	9,11
1933	76	1,9,10|4,6,7
1933	91	0,1,8|0,1,9|3,4,5|3,4,6|3,4,8
1933	92	0,1,9,10,11
1933	94	0,1,9,10,11
1933	98	0,1,2|2,3,4
1933	123	9,10,11
1933	136	0,1,8|0,1,9|3,4,5|3,4,6|3,4,8
1933	489	5|6|8
1933	492	5|6|8
1933	495	9,10,11
1933	497	9,10,11
1933	503	8
1933	504	8
1933	506	5
1933	507	5
1933	511	8
1934	7	6,7
1934	10	2,8
1934	513	7
1934	514	7
1934	518	8
1934	756	0,1,2,4|0,2,3,4|0,3,4,5
1934	757	0,1,2,4|0,2,3,4|0,3,4,5
1934	765	1,2,3,8
1934	766	1,2,3,8
1935	0	4,6
1935	4	8,10
1935	49	7,8,9
1935	130	7,8,9,10
1935	145	7,8,9
1935	169	7,8,9,10
1935	454	6
1935	455	6
1935	457	6
1935	458	6
1935	489	7
1935	492	7
1935	511	7
1935	756	0,1,2,5|0,3,4,5
1935	757	0,1,2,5|0,3,4,5
1935	763	2,3,4,7
1935	764	2,3,4,7
1935	765	1,2,3,9|2,3,4,7
1935	766	1,2,3,9|2,3,4,7
1935	771	3,7
1935	772	3,7
1935	773	2,3,4,7
1936	91	2,3,7|2,3,8|4,5,6|8,9,10
1936	136	2,3,7|2,3,8|4,5,6|8,9,10
1936	489	6|7|8
1936	492	6|7|8
1936	503	8
1936	504	8
1936	511	6|7|8
1936	746	1,2,3,4
1936	748	1,2,3,4
1936	756	0,1,2,10|1,2,3,4
1936	757	0,1,2,10|1,2,3,4
1936	758	1,2,3,4
1937	4	5,10
1937	6	6,7,8,9
1937	7	7,9
1937	76	6,7,8
1937	123	7,8,9
1937	487	4,5,10
1937	489	10
1937	492	10
1937	495	7,8,9
1937	497	7,8,9
1937	756	0,1,2,6
1937	757	0,1,2,6
1937	763	0,5,6,7
1937	764	0,5,6,7
1937	765	0,5,6,7|4,5,6,10
1937	766	0,5,6,7|4,5,6,10
1937	771	4,5|5,10|6,7
1937	772	4,5|5,10|6,7
1937	773	0,5,6,7
1945	489	7
1945	492	7
1949	85	10,11,12,13|6,7,8,9
1949	90	10,11,12,13|6,7,8,9
1949	108	8,9,10|9,10,11
1949	110	8,9,10,11
1949	466	8,9,10,11
1951	489	7|9
1951	492	7|9
1952	492	7
1952	493	7
1953	108	6,7,8|7,8,9
1953	110	6,7,8,9
1953	466	6,7,8,9
1956	340	12,13
1956	490	12,13
1956	492	12|13
1956	493	12|13
1958	492	6
1958	493	6
1959	340	6,7
1959	490	6,7
1959	492	6|7
1959	493	6|7
1961	108	6,7,8
1970	4	12,14|5,11
1970	7	2,15
1970	76	4,9,10|8,9,10
1970	91	0,1,2|12,13,14|2,3,4|3,4,9|5,6,11|7,8,9
1970	136	0,1,2|12,13,14|2,3,4|3,4,9|5,6,11|7,8,9
1970	489	11|14|9
1970	492	11|14|9
1970	506	11|14
1970	507	11|14
1970	511	9
1970	756	0,3,12,13|3,4,5,12|4,5,6,7
1970	757	0,3,12,13|3,4,5,12|4,5,6,7
1973	108	7,8,9
1973	492	1
1973	493	1
1973	511	1
1974	6	0,1,2,3|5,6,7,8
1974	7	1,2|16,18|6,7
1974	71	16,17,18
1974	76	0,1,3|5,6,8
1974	123	1,2,3|6,7,8
1974	443	16,17,18
1974	489	13
1974	492	13
1974	495	1,2,3|6,7,8
1974	497	1,2,3|6,7,8
1974	500	13
1974	501	13
1974	511	13
1974	756	0,9,10,11
1974	757	0,9,10,11
1976	7	1,3|7,9
1976	71	1,2,3|7,8,9
1976	443	1,2,3|7,8,9
1977	0	7,8
1977	7	1,3
1977	71	1,2,3
1977	443	1,2,3
1977	454	8
1977	455	8
1977	457	8
1977	458	8
1977	459	8
1977	462	8
1978	7	1,3
1978	10	5,6
1978	71	1,2,3
1978	443	1,2,3
1978	518	6
1979	62	0,2,3,4,5,6|1,2,3,4,5,6
1980	7	10,12
1980	71	10,11,12
1980	443	10,11,12
1981	0	7,8
1981	7	12,14
1981	68	0,6,7,8,9
1981	71	12,13,14
1981	443	12,13,14
1981	454	8
1981	455	8
1981	457	8
1981	458	8
1981	459	8
1981	462	8
1983	489	14
1983	492	14
1983	511	14
1983	756	1,2,3,4|2,3,4,7
1983	757	1,2,3,4|2,3,4,7
1984	489	9
1984	492	9
1984	511	9
1985	0	1,2|1,3|8,10|8,9
1986	0	6,7
1986	454	7
1986	455	7
1986	457	7
1986	458	7
1988	0	7,8
1988	62	0,1,2,3,4,12|1,2,3,4,5,12
1988	454	8
1988	455	8
1988	457	8
1988	458	8
1988	459	8
1988	462	8
1989	62	0,1,2,3,11,12|1,2,3,4,11,12
1990	7	5,12
1990	513	12
1990	514	12
1990	522	0,5,6,12|4,5,6,12
1991	96	1,2,6
1991	97	1,2,3,5,6
1991	153	1,2,6
1991	489	9
1991	492	9
1991	503	9
1991	504	9
1991	511	9
1992	306	0,12,13,14,15,16
1992	464	12,13,14,16
1994	7	4,6
1994	10	0,14
1994	71	4,5,6
1994	443	4,5,6
1994	518	14
1995	4	14,15|4,5
1995	489	15|5
1995	492	15|5
1995	506	15|5
1995	507	15|5
1996	4	13,14|4,5
1996	489	14|5
1996	492	14|5
1996	506	14|5
1996	507	14|5
1997	4	12,13|3,4
1997	489	13|4
1997	492	13|4
1997	506	13|4
1997	507	13|4
1998	4	0,12|3,4
1998	489	12|4
1998	492	12|4
1998	506	12|4
1998	507	12|4
1999	4	0,11|2,3
1999	489	11|3
1999	492	11|3
1999	506	11|3
1999	507	11|3
